Gene_set,Term,Overlap,P-value,Adjusted P-value,Old P-value,Old Adjusted P-value,Odds Ratio,Combined Score,Genes
GO_Biological_Process_2023,DNA Metabolic Process (GO:0006259),76/288,1.747922605600199e-07,0.0004597381760775,0,0,2.096883317817667,32.62680752749309,TOP2A;MUS81;SMARCAL1;SMARCB1;FBH1;MCM10;TENT4A;HPF1;RUVBL2;TOP1MT;RUVBL1;PCLAF;POLI;POLL;KPNA2;NUDT15;POLH;MEN1;UPF1;RMI2;RFC3;ENDOG;RFC4;PARP1;LIG1;RMI1;KMT5C;RECQL;HUS1;SETMAR;LIG4;LIG3;AXIN2;MSH6;SUPV3L1;NEIL3;MSH3;GRWD1;TERF2IP;MCM5;DNA2;NEIL1;DNASE1L2;ASF1A;MCM2;CHRNA4;RECQL4;PURA;ORC4;NT5E;WRN;TERT;NTHL1;POLD1;POLD2;XRCC6;DUT;RRM1;XRCC5;INTS3;XRCC2;XRCC3;RPA1;FANCC;NOC3L;GTF2H3;GTF2H4;RAD50;RAD51;RPA3;UBE2T;CDK2;APLF;PWWP3A;CDK1;NABP1
GO_Biological_Process_2023,Cholesterol Biosynthetic Process (GO:0006695),15/25,2.508967535760566e-07,0.0004597381760775,0,0,8.694794147669276,132.14543189660895,MVK;HMGCS1;INSIG1;MSMO1;DHCR24;HMGCR;LSS;TM7SF2;ACLY;NSDHL;PMVK;SC5D;MVD;DHCR7;FDFT1
GO_Biological_Process_2023,Cholesterol Metabolic Process (GO:0008203),27/67,3.2112096117177e-07,0.0004597381760775,0,0,3.921779979501196,58.63628926905126,MVK;INSIG1;AKR1D1;MSMO1;HMGCR;GBA2;CYP7A1;TSKU;TM7SF2;NSDHL;PMVK;SULT2A1;FDFT1;HMGCS1;OSBPL5;DHCR24;LSS;NR0B2;CYP27A1;ACLY;SQLE;SOAT2;FDX1;ANGPTL3;MVD;DHCR7;ABCG1
GO_Biological_Process_2023,Secondary Alcohol Biosynthetic Process (GO:1902653),14/24,1.0308273333768165e-06,0.0011068508492133,0,0,8.112380952380953,111.83037889041046,MVK;HMGCS1;INSIG1;DHCR24;MSMO1;HMGCR;LSS;TM7SF2;ACLY;NSDHL;PMVK;MVD;DHCR7;FDFT1
GO_Biological_Process_2023,Sterol Biosynthetic Process (GO:0016126),15/28,1.8478323182910795e-06,0.0013385038899039,0,0,6.687125395869867,88.28006803031091,MVK;HMGCS1;INSIG1;MSMO1;DHCR24;HMGCR;LSS;TM7SF2;ACLY;SQLE;NSDHL;PMVK;MVD;DHCR7;FDFT1
GO_Biological_Process_2023,Regulation Of Mitochondrial Translation (GO:0070129),13/22,2.072875229510953e-06,0.0013385038899039,0,0,8.367562053723223,109.50271930181322,COA3;TRUB2;TSFM;MRPS27;TRMT10C;SHMT2;UQCC2;FASTKD3;RMND1;LRPPRC;NGRN;MTG2;METTL8
GO_Biological_Process_2023,Mitochondrial Translation (GO:0032543),33/98,2.1814964445466666e-06,0.0013385038899039,0,0,2.9514286466700024,38.473346571819015,MRPS15;GFM2;MRPL18;MRPL19;MRPL39;MRPL14;MTIF3;MRPL35;MRPL4;MTRF1;MRPL1;MRPL9;EARS2;RARS2;PTCD3;TSFM;MRPS27;MRPS25;MRPS22;MRPL49;GATC;MRPS2;MRPS21;GATB;MRPL45;MRPS5;TUFM;MRPL22;MRPL44;MRPL50;MRPL51;MTRF1L;DAP3
GO_Biological_Process_2023,DNA Repair (GO:0006281),72/291,4.703169004033784e-06,0.0025250138590406,0,0,1.9195573849971008,23.547736439410457,H2AX;MUS81;SMARCAL1;DCLRE1A;FBH1;CETN2;TENT4A;HPF1;EME2;TNKS1BP1;EXO5;POLI;POLL;POLH;MEN1;UPF1;RMI2;RFC3;RFC4;PARP1;LIG1;DTX3L;KMT5C;RECQL;HUS1;LIG4;SIRT6;LIG3;PARP9;TRAIP;MSH6;NEIL3;MSH3;DNA2;NEIL1;MPND;ASF1A;CHRNA4;FAAP24;RECQL4;ATXN3;WRN;NTHL1;POLD1;MGME1;XRCC6;RRM1;CENPX;XRCC5;ERCC6L2;INTS3;XRCC2;XRCC3;RPA1;APEX2;FANCC;GTF2H3;MLH1;GTF2H4;MLH3;REC8;FANCF;SMUG1;RAD50;RAD51;TDP2;RPA3;UBE2T;APLF;PWWP3A;CDK1;NABP1
GO_Biological_Process_2023,Double-Strand Break Repair (GO:0006302),47/168,6.985570600380934e-06,0.0029616807154342,0,0,2.2614976104984548,26.847739495458224,H2AX;MUS81;DCLRE1A;SMARCAL1;SWSAP1;WDR48;FBH1;ATP23;ZMYND8;TENT4A;RECQL4;HPF1;WRN;PAXX;EME2;MEIOB;TNKS1BP1;POLL;CYREN;XRCC6;RMI2;DTX3L;PARP1;XRCC5;RMI1;INTS3;XRCC2;XRCC3;RECQL;RPA1;HUS1;LIG4;SETMAR;LIG3;SIRT6;PARP9;REC8;SFPQ;RAD50;RAD51;NPC1;TDP2;RPA3;APLF;NABP1;DNA2;MPND
GO_Biological_Process_2023,Mitochondrial Gene Expression (GO:0140053),33/103,7.400237734719089e-06,0.0029616807154342,0,0,2.739805350418154,32.36805611370692,MRPS15;FASTKD1;GFM2;MRPL18;FASTKD3;MRPL19;MRPL39;MRPL14;MRPL35;MRPL4;MRPL1;MRPL9;TEFM;RARS2;PTCD3;MRPS27;MRPS25;MRPS22;MTERF4;TWNK;MRPL49;GATC;MRPS2;MRPS21;GATB;MRPL45;MRPS5;MRPL22;MRPL44;MRPL50;MRPL51;TFAM;DAP3
GO_Biological_Process_2023,Purine Nucleotide Metabolic Process (GO:0006163),16/34,7.585212542439257e-06,0.0029616807154342,0,0,5.151803948264125,60.73621341449655,PRPS2;IDH1;IDH2;AMPD2;FMO2;DNPH1;PFAS;NADK2;PRPSAP2;MTHFD1;NMRK1;PPAT;ME1;GPD1L;NUDT15;GART
GO_Biological_Process_2023,DNA Damage Response (GO:0006974),88/384,1.2226843955308477e-05,0.0043761912323374,0,0,1.7375190962071632,19.654601778779487,H2AX;TOP2A;MUS81;SMARCAL1;WDR48;FBH1;ASH2L;MCM10;ALKBH7;TENT4A;PIDD1;HPF1;PAXX;CCND1;PCLAF;MLST8;CASP2;POLI;FBXO5;TRAPPC13;IKBKE;POLH;MEN1;UPF1;RMI2;SHPRH;RFC3;ARMT1;ENDOG;RFC4;PARP1;LIG1;DTX3L;KMT5C;DDX11;METTL3;RECQL;SIRT4;HUS1;BAZ1B;ZDHHC16;WDR76;HIC1;TRAIP;MSH6;IRF3;MSH3;RBM24;ASF1A;CHRNA4;USP10;BRAT1;XIAP;ZBTB40;RECQL4;WRN;OARD1;RBBP5;POLD1;BID;FNIP2;UBQLN4;MAP2K6;TIGAR;RRM1;CBX5;NEK4;XRCC5;INTS3;XRCC2;XRCC3;CBX1;RPA1;FANCC;GTF2H3;GTF2H4;FANCF;ETAA1;RAD50;RAD51;RPA3;UBE2T;SHLD2;APLF;SHLD1;PWWP3A;CDK1;NABP1
GO_Biological_Process_2023,Lipid Biosynthetic Process (GO:0008610),25/71,1.5033534764143544e-05,0.0049668486009228,0,0,3.1543634123532294,35.02992236955048,ACSS2;MVK;ACSM3;ACSM1;FITM1;ACSM5;HMGCR;ACACB;ACACA;LIPC;FDXR;FADS1;FDFT1;SREBF1;XBP1;HSD3B2;SRD5A2;OXSM;LSS;PRLR;MCAT;ACLY;MLXIPL;FASN;MVD
GO_Biological_Process_2023,Monocarboxylic Acid Biosynthetic Process (GO:0072330),23/65,2.978687143825728e-05,0.0091381866305225,0,0,3.176975191304772,33.1086652881294,GAMT;OSBPL9;XBP1;ACSM3;ACSM1;OXSM;AKR1D1;OSBPL2;ACSM5;BAAT;ACACB;CYP7A1;MCAT;ACACA;ACMSD;CYP27A1;CYP39A1;PER2;ACLY;GATM;LIPC;AMACR;FASN
GO_Biological_Process_2023,Positive Regulation Of Mitochondrial Translation (GO:0070131),9/14,3.262140550641879e-05,0.0093405957766712,0,0,10.415551782682511,107.59829383639688,COA3;TRUB2;NGRN;MRPS27;TRMT10C;UQCC2;FASTKD3;RMND1;METTL8
GO_Biological_Process_2023,Purine-Containing Compound Biosynthetic Process (GO:0072522),10/17,3.482224856050029e-05,0.0093475973479592,0,0,8.268148291925465,84.87464273154251,PRPS2;ADSL;PRPSAP2;MTHFD1;SHMT2;SHMT1;PPAT;PAICS;PFAS;GART
GO_Biological_Process_2023,RNA Methylation (GO:0001510),22/62,4.195282906659658e-05,0.0105992588730019,0,0,3.190075034106412,32.15265362182403,TRMT10C;NSUN4;TYW3;METTL3;BCDIN3D;TFB1M;MTO1;FTSJ1;MRM2;GTPBP3;TARBP1;FBL;METTL14;METTL4;TRMT12;WDR6;SNRPD3;TRMT44;METTL16;METTL8;TRMT61A;TRDMT1
GO_Biological_Process_2023,Purine Nucleotide Biosynthetic Process (GO:0006164),11/21,5.989822997250444e-05,0.0142923832073281,0,0,6.367516139993204,61.91049091897375,PRPS2;ADSL;PRPSAP2;MTHFD1;NMNAT1;HAAO;PPAT;NAMPT;PFAS;GART;NADK
GO_Biological_Process_2023,DNA-templated DNA Replication (GO:0006261),23/69,8.689221378023105e-05,0.0196422135887417,0,0,2.900034118048448,27.117761207960616,GINS2;MGME1;RFC3;RRM1;RFC4;WDR18;TWNK;RECQL;RPA1;MCM10;NOC3L;RECQL4;ORC4;PURA;WRN;RAD51;POLD1;POLD2;MCM5;DNA2;SSBP1;MCM2;TEFM
GO_Biological_Process_2023,Nucleotide Biosynthetic Process (GO:0009165),10/19,0.0001244662070391,0.0267291179616494,0,0,6.430027173913044,57.81543699601487,PRPS2;RRM1;RRM2;PRPSAP2;MTHFD1;NMNAT1;PPAT;ME1;PFAS;GART
GO_Biological_Process_2023,acetyl-CoA Metabolic Process (GO:0006084),9/16,0.0001406299002482,0.0287621629317327,0,0,7.438806694154741,65.97759542742368,ACLY;NUDT7;ACSS2;MVK;HMGCS1;PPCS;PMVK;MVD;ACACB
GO_Biological_Process_2023,Steroid Biosynthetic Process (GO:0006694),18/50,0.0001658512110536,0.0323786796125246,0,0,3.2596645095367847,28.37348728928848,OSBPL9;HSD3B2;SRD5A2;AKR1D1;OSBPL2;MSMO1;HMGCR;BAAT;LSS;PRLR;CYP7A1;CYP27A1;CYP39A1;SQLE;AMACR;PMVK;FDXR;FDFT1
GO_Biological_Process_2023,DNA Unwinding Involved In DNA Replication (GO:0006268),10/20,0.0002160127270177,0.0395482757651963,0,0,5.786684782608695,48.840621996311874,RECQL4;GINS2;PURA;WRN;RAD51;TWNK;RECQL;MCM5;SSBP1;MCM2
GO_Biological_Process_2023,Regulation Of Mitochondrial Gene Expression (GO:0062125),6/8,0.0002209915293049,0.0395482757651963,0,0,17.344640434192673,145.99653679395752,TSFM;MTRES1;SHMT2;MTG2;METTL4;LRPPRC
GO_Biological_Process_2023,Regulation Of Mitotic Cell Cycle Spindle Assembly Checkpoint (GO:0090266),9/17,0.0002596642650601,0.0446103207373332,0,0,6.508573853989813,53.735573598866594,PCID2;CCNB1;XRCC3;CDCA8;BIRC5;LCMT1;AURKB;NDC80;MAD2L1
GO_Biological_Process_2023,Fatty Acid Metabolic Process (GO:0006631),33/122,0.0003043918555134,0.0502831930550075,0,0,2.152491258573137,17.429140785323586,ABCD2;ACSM3;HPGD;ACSM1;ACSM5;MSMO1;ALKBH7;ABCB11;ACACB;ADIPOR2;ACACA;LIPC;NUDT19;CD36;ABCD1;XBP1;OXSM;ACOT11;ACAD9;ACSL3;BAAT;MCAT;PLA2G15;PER2;ACLY;GNPAT;GPAM;FASN;ANGPTL3;PNPLA3;ECHDC3;CYP2E1;ACOT6
GO_Biological_Process_2023,tRNA Methylation (GO:0030488),14/36,0.0003469508196895,0.0549047892293433,0,0,3.684848484848485,29.354709884742352,TRMT10C;TYW3;BCDIN3D;MTO1;FTSJ1;GTPBP3;TARBP1;TRMT5;TRMT12;WDR6;TRMT44;METTL8;TRMT61A;TRDMT1
GO_Biological_Process_2023,"Maturation Of 5.8S rRNA From Tricistronic rRNA Transcript (SSU-rRNA, 5.8S rRNA, LSU-rRNA) (GO:0000466)",10/21,0.000357935762147,0.0549047892293433,0,0,5.260313735177865,41.74141547891911,EXOSC7;ERI1;ERI2;EXOSC8;NOL9;UTP20;URB1;WDR12;EXOSC3;EXOSC2
GO_Biological_Process_2023,Exonucleolytic Catabolism Of Deadenylated mRNA (GO:0043928),7/12,0.0006073134452468,0.0847827956405913,0,0,8.095486935866983,59.95894482510903,EXOSC7;EXOSC5;EXOSC8;CNOT8;EXOSC3;DCPS;EXOSC2
GO_Biological_Process_2023,Phospholipid Homeostasis (GO:0055091),7/12,0.0006073134452468,0.0847827956405913,0,0,8.095486935866983,59.95894482510903,FABP3;LIPG;ANGPTL3;TLCD2;TLCD1;ABCB11;ABCG1
GO_Biological_Process_2023,Sterol Homeostasis (GO:0055092),22/73,0.0006119363596876,0.0847827956405913,0,0,2.5004012519059464,18.50017448635589,ABCA2;ABCG5;XBP1;DGAT2;ACSM3;ACSM1;INSIG1;IL18;PCSK9;TMEM97;ABCB11;CYP7A1;TSKU;CYP39A1;FABP3;LIPC;NPC1;SOAT2;LIPG;ANGPTL3;ABCD1;ABCG1
GO_Biological_Process_2023,Amino Acid Catabolic Process (GO:0009063),14/38,0.0006615851195641,0.0887971277665,0,0,3.3773809523809524,24.725373330474863,MCCC2;CARNMT1;MCCC1;HNMT;THNSL2;DDO;ACMSD;BCKDK;IVD;DBT;SARDH;PRODH;SLC25A44;OTC
GO_Biological_Process_2023,Fatty Acid Biosynthetic Process (GO:0006633),20/65,0.0007953039191929,0.1035100100889037,0,0,2.5753237900477166,18.37953535763473,GSTM4;XBP1;ASAH2;ACSM3;ABHD3;ACSM1;OXSM;ACSM5;ELOVL6;HACD3;LTC4S;ACACB;MCAT;ACACA;ACLY;LIPC;FASN;CYP1A2;CYP2E1;FADS1
GO_Biological_Process_2023,Post-Translational Protein Modification (GO:0043687),16/48,0.0009991843026053,0.1254505162640092,0,0,2.8955071477195373,20.003817606431312,FN3K;PARP1;FN3KRP;PARP16;ESCO2;BAZ1B;PARP9;AURKB;DCAF1;CCNA2;PARP11;SENP8;CDK2;STT3A;UBA3;FAM20C
GO_Biological_Process_2023,IMP Biosynthetic Process (GO:0006188),5/7,0.0011328993747201,0.1254505162640092,0,0,14.448965751102069,98.00697511295962,ATIC;AMPD2;GART;PAICS;PFAS
GO_Biological_Process_2023,U4 snRNA 3'-End Processing (GO:0034475),5/7,0.0011328993747201,0.1254505162640092,0,0,14.448965751102069,98.00697511295962,EXOSC7;EXOSC5;EXOSC4;EXOSC8;EXOSC3
GO_Biological_Process_2023,Glycine Metabolic Process (GO:0006544),5/7,0.0011328993747201,0.1254505162640092,0,0,14.448965751102069,98.00697511295962,GCSH;SHMT2;SHMT1;GLYAT;BAAT
GO_Biological_Process_2023,Mitochondrial DNA Metabolic Process (GO:0032042),7/13,0.0011481970012305,0.1254505162640092,0,0,6.745843230403801,45.66640663451616,MGME1;RRM1;ENDOG;PARP1;TWNK;SSBP1;TEFM
GO_Biological_Process_2023,Positive Regulation Of Chromosome Separation (GO:1905820),7/13,0.0011481970012305,0.1254505162640092,0,0,6.745843230403801,45.66640663451616,NUMA1;CDCA8;NCAPG;BIRC5;NCAPD2;NCAPH;SMC2
GO_Biological_Process_2023,Mitochondrial RNA Metabolic Process (GO:0000959),9/20,0.0011788779630752,0.1254505162640092,0,0,4.732674795493132,31.91333563182269,PNPT1;FASTKD1;MTERF2;FASTKD3;MTERF4;TWNK;TFAM;TFB1M;TEFM
GO_Biological_Process_2023,tRNA Modification (GO:0006400),20/67,0.0012118886894541,0.1254505162640092,0,0,2.465445474191069,16.55688457203039,TRUB1;PUS10;TYW3;TPRKB;BCDIN3D;MTO1;FTSJ1;OSGEP;GTPBP3;TARBP1;DTWD1;CTU1;TRMT12;WDR6;TRMT44;DUS4L;METTL8;PUSL1;TRMT61A;TRDMT1
GO_Biological_Process_2023,Nuclear RNA Surveillance (GO:0071027),6/10,0.0012677661001881,0.1254505162640092,0,0,8.671302578018995,57.84191433908325,EXOSC7;EXOSC5;EXOSC4;WDR82;ZC3H4;EXOSC8
GO_Biological_Process_2023,Base-Excision Repair (GO:0006284),13/36,0.0012696920394143,0.1254505162640092,0,0,3.271572816108097,21.818056612352294,LIG1;RPA1;APEX2;LIG3;SMUG1;WRN;NEIL3;NTHL1;POLD1;RPA3;POLL;DNA2;NEIL1
GO_Biological_Process_2023,Cholesterol Homeostasis (GO:0042632),21/72,0.0012851740897826,0.1254505162640092,0,0,2.3859328934437736,15.882823845012574,ABCA2;ABCG5;XBP1;DGAT2;ACSM3;ACSM1;INSIG1;IL18;PCSK9;TMEM97;ABCB11;CYP7A1;TSKU;CYP39A1;FABP3;LIPC;NPC1;SOAT2;LIPG;ANGPTL3;ABCG1
GO_Biological_Process_2023,Negative Regulation Of Mitotic Metaphase/Anaphase Transition (GO:0045841),11/28,0.0013443718904298,0.128312828208805,0,0,3.744058683616158,24.755073426901824,CDC20;CENPF;NUF2;PLK1;BUB3;FBXO5;HASPIN;BUB1;NDC80;SPC24;MAD2L1
GO_Biological_Process_2023,DNA Biosynthetic Process (GO:0071897),8/17,0.0015600398626276,0.1399205697436688,0,0,5.1405295315682284,33.22346805788957,RFC3;RRM1;WRN;TERT;POLD1;POLD2;POLL;POLH
GO_Biological_Process_2023,"Nuclear-Transcribed mRNA Catabolic Process, Exonucleolytic (GO:0000291)",8/17,0.0015600398626276,0.1399205697436688,0,0,5.1405295315682284,33.22346805788957,EXOSC7;EXOSC5;EXOSC4;EXOSC8;CNOT8;EXOSC3;DCPS;EXOSC2
GO_Biological_Process_2023,DNA Duplex Unwinding (GO:0032508),14/41,0.0015637223161108,0.1399205697436688,0,0,3.0015873015873016,19.392313657058395,GINS2;UPF1;DDX11;TWNK;RECQL;RECQL4;SUPV3L1;PURA;WRN;RAD50;RAD51;MCM5;SSBP1;MCM2
GO_Biological_Process_2023,Replication Fork Processing (GO:0031297),15/46,0.0018275429165203,0.1601897311521422,0,0,2.801314908516173,17.66168228478054,MUS81;SMARCAL1;CENPX;PARP1;FBH1;DDX11;SETMAR;TRAIP;ETAA1;WRN;RAD50;RAD51;EME2;DNA2;ASF1A
GO_Biological_Process_2023,Sterol Metabolic Process (GO:0016125),18/60,0.0019609802495437,0.1645889993624185,0,0,2.482094200077851,15.47414668670964,OSBPL5;MSMO1;HMGCR;GBA2;CYP7A1;NR0B2;TSKU;CYP27A1;CYP39A1;CYP26A1;SQLE;NSDHL;SOAT2;FDX1;PMVK;ANGPTL3;ABCG1;SULT2A1
GO_Biological_Process_2023,Purine Ribonucleotide Metabolic Process (GO:0009150),23/84,0.001969821108737,0.1645889993624185,0,0,2.184981346935808,13.612024212512136,ACSM3;ACSM1;OXSM;ABHD14B;CTNS;ACSM5;AMPD2;AK4;GLYAT;BAAT;ACLY;TPST1;SULT1B1;NT5E;FIGNL1;RAB23;ACOT6;MYH4;PDE9A;NADK;HSPA1B;SULT2A1;MYH7
GO_Biological_Process_2023,Serine Family Amino Acid Metabolic Process (GO:0009069),7/14,0.0020045886716494,0.1645889993624185,0,0,5.781812012215813,35.91844553066565,MTHFD1;SHMT2;SHMT1;GLYAT;BAAT;THNSL2;SEPHS2
GO_Biological_Process_2023,Organic Hydroxy Compound Biosynthetic Process (GO:1901617),14/42,0.0020310167558109,0.1645889993624185,0,0,2.8942176870748297,17.941888541841696,OSBPL9;SRD5A2;AKR1D1;OSBPL2;MSMO1;HMGCR;BAAT;CYP7A1;CYP27A1;CYP39A1;PER2;SQLE;AMACR;PMVK
GO_Biological_Process_2023,Mitochondrial Translational Elongation (GO:0070125),4/5,0.0020950213190473,0.166631788246453,0,0,23.11186440677966,142.55840672717014,TSFM;GFM2;MRPL44;TUFM
GO_Biological_Process_2023,Secondary Alcohol Metabolic Process (GO:1902652),15/47,0.0023230312806111,0.168332182641692,0,0,2.713614324600204,16.457751648228868,OSBPL5;IDH1;IDH2;GBA2;NR0B2;TSKU;CYP27A1;SQLE;NSDHL;SOAT2;FDX1;ANGPTL3;ABCG1;IDH3A;SULT2A1
GO_Biological_Process_2023,Mitochondrial Respiratory Chain Complex Assembly (GO:0033108),24/90,0.0023435615786425,0.168332182641692,0,0,2.1073533974557863,12.762308064379022,COA3;DMAC2;UQCC2;FASTKD3;UQCC1;TIMM21;OMA1;ECSIT;BCS1L;TMEM186;NDUFS8;AIFM1;SCO1;SDHAF2;NDUFAF6;NDUFAF4;CHCHD7;SDHAF1;LYRM7;NDUFAF5;NDUFAF3;SDHAF4;TMEM126B;NDUFAF1
GO_Biological_Process_2023,ATP Metabolic Process (GO:0046034),12/34,0.0024224465365144,0.168332182641692,0,0,3.1562944193807554,19.01028958952465,NT5E;PARP1;NMNAT1;FIGNL1;NUDT2;CTNS;AK4;NUDT5;MYH4;NADK;HSPA1B;MYH7
GO_Biological_Process_2023,Positive Regulation Of Mitotic Cell Cycle Spindle Assembly Checkpoint (GO:0090267),6/11,0.002440966308787,0.168332182641692,0,0,6.93663500678426,41.72636570186483,PCID2;XRCC3;BIRC5;CDCA8;NDC80;MAD2L1
GO_Biological_Process_2023,Positive Regulation Of Spindle Checkpoint (GO:0090232),6/11,0.002440966308787,0.168332182641692,0,0,6.93663500678426,41.72636570186483,PCID2;XRCC3;BIRC5;CDCA8;NDC80;MAD2L1
GO_Biological_Process_2023,Purine Ribonucleoside Monophosphate Biosynthetic Process (GO:0009168),6/11,0.002440966308787,0.168332182641692,0,0,6.93663500678426,41.72636570186483,ATIC;NUDT2;AMPD2;GART;PAICS;PFAS
GO_Biological_Process_2023,NAD Metabolic Process (GO:0019674),9/22,0.0026425856438486,0.168332182641692,0,0,4.004100822776544,23.768332195803907,NADK2;NMNAT1;HAAO;NMRK1;NAMPT;ME1;GPD1L;MDH1B;NUDT12
GO_Biological_Process_2023,AMP Biosynthetic Process (GO:0006167),5/8,0.0026527541525258,0.168332182641692,0,0,9.632078670735842,57.13900171528885,ATIC;NUDT2;GART;PAICS;PFAS
GO_Biological_Process_2023,Exonucleolytic Trimming Involved In rRNA Processing (GO:0000459),5/8,0.0026527541525258,0.168332182641692,0,0,9.632078670735842,57.13900171528885,EXOSC7;ERI2;EXOSC8;EXOSC3;EXOSC2
GO_Biological_Process_2023,"Exonucleolytic Trimming To Generate Mature 3'-End Of 5.8S rRNA From Tricistronic rRNA Transcript (SSU-rRNA, 5.8S rRNA, LSU-rRNA) (GO:0000467)",5/8,0.0026527541525258,0.168332182641692,0,0,9.632078670735842,57.13900171528885,EXOSC7;ERI2;EXOSC8;EXOSC3;EXOSC2
GO_Biological_Process_2023,Tricarboxylic Acid Metabolic Process (GO:0072350),5/8,0.0026527541525258,0.168332182641692,0,0,9.632078670735842,57.13900171528885,GLUD1;IDH1;IDH2;SIRT4;IDH3A
GO_Biological_Process_2023,Mitotic Spindle Assembly Checkpoint Signaling (GO:0007094),10/26,0.0026650962560267,0.168332182641692,0,0,3.615404211956522,21.4303630713855,CDC20;CENPF;NUF2;PLK1;BUB3;HASPIN;BUB1;NDC80;SPC24;MAD2L1
GO_Biological_Process_2023,Mitotic Spindle Checkpoint Signaling (GO:0071174),10/26,0.0026650962560267,0.168332182641692,0,0,3.615404211956522,21.4303630713855,CDC20;CENPF;NUF2;PLK1;BUB3;HASPIN;BUB1;NDC80;SPC24;MAD2L1
GO_Biological_Process_2023,Spindle Assembly Checkpoint Signaling (GO:0071173),10/26,0.0026650962560267,0.168332182641692,0,0,3.615404211956522,21.4303630713855,CDC20;CENPF;NUF2;PLK1;BUB3;HASPIN;BUB1;NDC80;SPC24;MAD2L1
GO_Biological_Process_2023,RNA Catabolic Process (GO:0006401),17/57,0.0027697620287346,0.1724076509190646,0,0,2.460861423220974,14.49199784285667,PNPT1;DIS3L;METTL3;NUDT16L1;LSM2;SUPV3L1;EXOSC7;EXOSC5;EXOSC4;LSM6;EXOSC8;DNA2;METTL16;EXOSC3;EXOSC2;HSPA1B;NUDT12
GO_Biological_Process_2023,mRNA Methylation (GO:0080009),7/15,0.0032822913329473,0.2004365714590819,0,0,5.0587885985748215,28.932292164785466,METTL14;TRMT10C;METTL3;METTL4;METTL16;METTL8;TRMT61A
GO_Biological_Process_2023,Nucleobase-Containing Compound Catabolic Process (GO:0034655),14/44,0.0033133868623037,0.2004365714590819,0,0,2.7009523809523808,15.421855746912568,MUS81;PNPT1;FBH1;DIS3L;SETMAR;EXOSC7;SUPV3L1;EXOSC5;EXOSC4;EXOSC8;EXOSC3;NUDT15;DNASE1L2;EXOSC2
GO_Biological_Process_2023,Telomere Maintenance (GO:0000723),19/68,0.0036540805917901,0.2051748247846922,0,0,2.2455446233007685,12.601796045907168,XRCC6;PARP1;XRCC5;XRCC3;RPA1;HUS1;RECQL4;WRN;RAD50;RAD51;TERT;RUVBL2;RPA3;SHLD2;RUVBL1;SHLD1;TERF2IP;TRAPPC13;DNA2
GO_Biological_Process_2023,mRNA Modification (GO:0016556),10/27,0.0036794617300171,0.2051748247846922,0,0,3.402533567774936,19.071162561176,TRUB1;TRUB2;METTL14;TRMT10C;RPUSD2;METTL3;METTL4;METTL16;METTL8;TRMT61A
GO_Biological_Process_2023,NADP Metabolic Process (GO:0006739),8/19,0.0036843565956541,0.2051748247846922,0,0,4.205394062827871,23.56559584257701,IDH1;IDH2;ME1;FMO1;FMO2;FMO5;NADK;NUDT12
GO_Biological_Process_2023,RNA-templated DNA Biosynthetic Process (GO:0006278),8/19,0.0036843565956541,0.2051748247846922,0,0,4.205394062827871,23.56559584257701,RAD50;TERT;PINX1;RPA1;TERF2IP;TNKS1BP1;TELO2;WRAP53
GO_Biological_Process_2023,Negative Regulation Of Cyclin-Dependent Protein Serine/Threonine Kinase Activity (GO:0045736),8/19,0.0036843565956541,0.2051748247846922,0,0,4.205394062827871,23.56559584257701,HEXIM1;CEBPA;HHEX;TFAP4;PLK1;CDK5RAP1;NR2F2;MEN1
GO_Biological_Process_2023,Telomere Maintenance Via Telomerase (GO:0007004),8/19,0.0036843565956541,0.2051748247846922,0,0,4.205394062827871,23.56559584257701,RAD50;TERT;PINX1;RPA1;TERF2IP;TNKS1BP1;TELO2;WRAP53
GO_Biological_Process_2023,DNA Replication (GO:0006260),20/73,0.0037261085758337,0.2051748247846922,0,0,2.1855667451222494,12.222543505023715,UPF1;RFC3;DUT;RFC4;WDR18;RPA1;RECQL4;WRN;TOP1MT;GRWD1;POLD1;RPA3;POLD2;CDK2;PCLAF;CDK1;POLL;MCM5;DNA2;MCM2
GO_Biological_Process_2023,Protein N-linked Glycosylation Via Asparagine (GO:0018279),9/23,0.003778720139127,0.2054380126272223,0,0,3.717875333495028,20.739683905177696,ALG8;ST6GAL1;DERL3;OSTC;STT3A;MAGT1;MGAT2;UGGT1;DDOST
GO_Biological_Process_2023,Mitochondrial Transcription (GO:0006390),6/12,0.0042746261415171,0.2294939909727016,0,0,5.780189959294437,31.531275136061907,MTERF2;MTERF4;TWNK;TFAM;TFB1M;TEFM
GO_Biological_Process_2023,Dicarboxylic Acid Metabolic Process (GO:0043648),15/50,0.0045139269195752,0.235902270882105,0,0,2.48058134448063,13.396597322205738,SLC46A1;SHMT2;HAAO;SHMT1;ADHFE1;IDH1;IDH2;ACLY;DGLUCY;ME1;D2HGDH;L2HGDH;NAGS;NIT2;MDH1B
GO_Biological_Process_2023,Regulation Of Chromosome Segregation (GO:0051983),10/28,0.0049767371025802,0.235902270882105,0,0,3.213315217391304,17.04014891171157,RMI2;CDCA2;NUMA1;CSNK2A1;NCAPG;NCAPD2;MKI67;BUB1;NCAPH;SMC2
GO_Biological_Process_2023,Recombinational Repair (GO:0000725),24/95,0.0049848705454051,0.235902270882105,0,0,1.9583713887420084,10.382007940890247,SWSAP1;RMI2;XRCC6;WDR48;FBH1;RMI1;XRCC5;ZMYND8;INTS3;XRCC2;XRCC3;RECQL;RPA1;HUS1;LIG3;RECQL4;SFPQ;WRN;RAD51;NPC1;RPA3;MEIOB;NABP1;POLL
GO_Biological_Process_2023,"Alternative mRNA Splicing, Via Spliceosome (GO:0000380)",7/16,0.0050977815034687,0.235902270882105,0,0,4.496437054631829,23.736465639594083,DDX17;HNRNPM;SFPQ;SCNM1;NCBP2;SRSF1;SRSF6
GO_Biological_Process_2023,Mitochondrial DNA Replication (GO:0006264),5/9,0.0052440877522439,0.235902270882105,0,0,7.223635130552729,37.92880854384878,MGME1;RRM1;TWNK;SSBP1;TEFM
GO_Biological_Process_2023,Mitochondrial RNA Processing (GO:0000963),5/9,0.0052440877522439,0.235902270882105,0,0,7.223635130552729,37.92880854384878,SUPV3L1;PNPT1;TRMT10C;FASTKD1;FASTKD3
GO_Biological_Process_2023,Mitochondrial Ribosome Assembly (GO:0061668),5/9,0.0052440877522439,0.235902270882105,0,0,7.223635130552729,37.92880854384878,NGRN;NOA1;MTERF4;MRPS2;MRM2
GO_Biological_Process_2023,Nucleobase-Containing Compound Biosynthetic Process (GO:0034654),5/9,0.0052440877522439,0.235902270882105,0,0,7.223635130552729,37.92880854384878,TERT;POLD1;POLD2;POLL;DCK
GO_Biological_Process_2023,rRNA 3'-End Processing (GO:0031125),5/9,0.0052440877522439,0.235902270882105,0,0,7.223635130552729,37.92880854384878,EXOSC7;ERI2;EXOSC8;EXOSC3;EXOSC2
GO_Biological_Process_2023,Negative Regulation Of Cyclin-Dependent Protein Kinase Activity (GO:1904030),8/20,0.0053546803718212,0.235902270882105,0,0,3.8547182620502376,20.159344911589614,HEXIM1;CEBPA;HHEX;TFAP4;PLK1;CDK5RAP1;NR2F2;MEN1
GO_Biological_Process_2023,Regulation Of G1/S Transition Of Mitotic Cell Cycle (GO:2000045),26/106,0.0054383728905734,0.235902270882105,0,0,1.8831796448087432,9.819417227632735,KANK2;SMARCD2;SMARCB1;CCNH;LSM10;BCL7A;DPF3;ACVR1;RRM1;PLK5;CDKN2C;RRM2;PRMT2;RDX;INHBA;SMARCA2;RBL2;CDK7;MBLAC1;RBL1;TFDP1;CENPJ;PSME1;SASS6;CDK2AP2;PSME2
GO_Biological_Process_2023,'De Novo' AMP Biosynthetic Process (GO:0044208),4/6,0.0055474107937351,0.235902270882105,0,0,11.555254237288135,60.02288974828024,ATIC;GART;PAICS;PFAS
GO_Biological_Process_2023,GMP Biosynthetic Process (GO:0006177),4/6,0.0055474107937351,0.235902270882105,0,0,11.555254237288135,60.02288974828024,ATIC;GART;PAICS;PFAS
GO_Biological_Process_2023,Galactose Metabolic Process (GO:0006012),4/6,0.0055474107937351,0.235902270882105,0,0,11.555254237288135,60.02288974828024,SLC35A2;GALE;GALM;GALK2
GO_Biological_Process_2023,Macrophage Derived Foam Cell Differentiation (GO:0010742),4/6,0.0055474107937351,0.235902270882105,0,0,11.555254237288135,60.02288974828024,SOAT2;STAT1;WNT5A;PPARG
GO_Biological_Process_2023,Nuclear Polyadenylation-Dependent ncRNA Catabolic Process (GO:0071046),4/6,0.0055474107937351,0.235902270882105,0,0,11.555254237288135,60.02288974828024,EXOSC7;EXOSC8;EXOSC3;EXOSC2
GO_Biological_Process_2023,Nuclear Polyadenylation-Dependent rRNA Catabolic Process (GO:0071035),4/6,0.0055474107937351,0.235902270882105,0,0,11.555254237288135,60.02288974828024,EXOSC7;EXOSC8;EXOSC3;EXOSC2
GO_Biological_Process_2023,Nuclear Polyadenylation-Dependent tRNA Catabolic Process (GO:0071038),4/6,0.0055474107937351,0.235902270882105,0,0,11.555254237288135,60.02288974828024,EXOSC7;EXOSC8;EXOSC3;EXOSC2
GO_Biological_Process_2023,Nucleobase Biosynthetic Process (GO:0046112),4/6,0.0055474107937351,0.235902270882105,0,0,11.555254237288135,60.02288974828024,SHMT2;SHMT1;UMPS;PAICS
GO_Biological_Process_2023,Polyadenylation-Dependent snoRNA 3'-End Processing (GO:0071051),4/6,0.0055474107937351,0.235902270882105,0,0,11.555254237288135,60.02288974828024,EXOSC5;EXOSC4;EXOSC3;EXOSC2
GO_Biological_Process_2023,Regulation Of Translational Termination (GO:0006449),4/6,0.0055474107937351,0.235902270882105,0,0,11.555254237288135,60.02288974828024,JMJD4;UPF1;MTRF1;OGFOD1
GO_Biological_Process_2023,DNA Recombination (GO:0006310),13/42,0.0059471475490987,0.2493817280112854,0,0,2.593781144110026,13.29272263883932,RMI2;XRCC6;ENDOG;RMI1;XRCC5;XRCC2;XRCC3;RPA1;LIG4;SUPV3L1;RAD50;RAD51;MSH3
GO_Biological_Process_2023,Positive Regulation Of Chromosome Organization (GO:2001252),11/33,0.0059805164109807,0.2493817280112854,0,0,2.892286782195039,14.806334361764696,RAD50;DDX11;CDK1;NCAPG;LIG4;TERF2IP;SIRT6;NCAPD2;AURKB;NCAPH;SMC2
GO_Biological_Process_2023,Monocarboxylic Acid Metabolic Process (GO:0032787),24/97,0.0065782251285673,0.2702457223794393,0,0,1.904492963672916,9.56815418987158,GAMT;ACSM1;ACOT11;MCCC1;MSMO1;ACSL3;GLYAT;ALKBH7;BAAT;ABCB11;GBA2;PER2;GNPAT;GATM;AMACR;NPC1;GPAM;FASN;CYP1A2;ME1;ANGPTL3;ECHDC3;CD36;ACOT6
GO_Biological_Process_2023,Alpha-Amino Acid Catabolic Process (GO:1901606),10/29,0.006606705669346,0.2702457223794393,0,0,3.0440145881006866,15.279949119099934,MCCC2;HIBADH;IVD;MCCC1;SARDH;PRODH;THNSL2;DDO;ACMSD;OTC
GO_Biological_Process_2023,Steroid Metabolic Process (GO:0008202),23/92,0.0067483941771819,0.2734372923678932,0,0,1.9307403616513128,9.650710516224516,CBR1;HSD3B2;SRD5A2;MSMO1;DHCR24;HSD17B6;BAAT;GBA2;LSS;PRLR;CYP7A1;CYP27A1;CYP39A1;CYP26A1;AMACR;NPC1;CYP2R1;HSD17B2;CYP1A2;FDXR;CYP2E1;SULT2A1;FDFT1
GO_Biological_Process_2023,Positive Regulation Of Double-Strand Break Repair Via Nonhomologous End Joining (GO:2001034),6/13,0.0069544309069481,0.2791521564985276,0,0,4.954157782515991,24.6141200238391,KMT5C;SHLD2;SHLD1;SETMAR;TRAPPC13;WRAP53
GO_Biological_Process_2023,Long-Chain Fatty Acid Biosynthetic Process (GO:0042759),9/25,0.0071634207828892,0.2848786320602727,0,0,3.252758913412564,16.0646204919767,GSTM4;GSTM2;ASAH2;GSTM1;CYP1A2;ELOVL6;CYP2E1;LTC4S;FADS1
GO_Biological_Process_2023,DNA-templated DNA Replication Maintenance Of Fidelity (GO:0045005),13/43,0.0073940734130184,0.2853615820134958,0,0,2.507174430465828,12.302896703537716,MUS81;SMARCAL1;CENPX;FBH1;DDX11;SETMAR;TRAIP;ETAA1;WRN;RAD51;EME2;POLD1;ASF1A
GO_Biological_Process_2023,Positive Regulation Of Smoothened Signaling Pathway (GO:0045880),8/21,0.0075455124927947,0.2853615820134958,0,0,3.557992584469163,17.387206217952325,TTC23;SHH;EVC;IHH;PDCL;TUBD1;CIBAR1;GAS8
GO_Biological_Process_2023,DNA Modification (GO:0006304),7/17,0.0075742072990776,0.2853615820134958,0,0,4.046555819477435,19.75935869304401,SMUG1;EXOSC5;NEIL3;EXOSC4;PARP1;NTHL1;NEIL1
GO_Biological_Process_2023,Branched-Chain Amino Acid Catabolic Process (GO:0009083),7/17,0.0075742072990776,0.2853615820134958,0,0,4.046555819477435,19.75935869304401,MCCC2;BCKDK;HIBADH;IVD;MCCC1;DBT;SLC25A44
GO_Biological_Process_2023,Nicotinamide Nucleotide Metabolic Process (GO:0046496),7/17,0.0075742072990776,0.2853615820134958,0,0,4.046555819477435,19.75935869304401,NADK2;IDH1;NMRK1;IDH2;ME1;FMO2;GPD1L
GO_Biological_Process_2023,Regulation Of Oxidative Phosphorylation (GO:0002082),7/17,0.0075742072990776,0.2853615820134958,0,0,4.046555819477435,19.75935869304401,MLXIPL;ACTN3;SHMT2;UQCC2;PPIF;AK4;COX7A1
GO_Biological_Process_2023,Kinetochore Organization (GO:0051383),5/10,0.0092204221283526,0.3384761798399528,0,0,5.778569006442862,27.080307055571755,CENPF;CENPH;NPC1;MIS12;NUF2
GO_Biological_Process_2023,"Nuclear-Transcribed mRNA Catabolic Process, Exonucleolytic, 3'-5' (GO:0034427)",5/10,0.0092204221283526,0.3384761798399528,0,0,5.778569006442862,27.080307055571755,EXOSC7;EXOSC5;EXOSC4;EXOSC8;EXOSC3
GO_Biological_Process_2023,Regulation Of Mitotic Sister Chromatid Separation (GO:0010965),5/10,0.0092204221283526,0.3384761798399528,0,0,5.778569006442862,27.080307055571755,CCNB1;BIRC5;CDCA8;LCMT1;AURKB
GO_Biological_Process_2023,Telomere Maintenance Via Telomere Lengthening (GO:0010833),9/26,0.0095448916401608,0.3474178779194128,0,0,3.061240387496255,14.240122445153034,RAD50;RAD51;TERT;PINX1;RPA1;TNKS1BP1;TERF2IP;TELO2;WRAP53
GO_Biological_Process_2023,Mitotic Cytokinesis (GO:0000281),16/59,0.0099019543011334,0.3482741473594792,0,0,2.1534028844174964,9.938004135231768,EXOC8;PLK1;CKAP2;CDCA8;KLHDC8B;AURKB;ESPL1;RACGAP1;STMN1;BIRC5;MITD1;KIF20A;STAMBP;CNTROB;ECT2;CEP55
GO_Biological_Process_2023,Protein N-linked Glycosylation (GO:0006487),17/64,0.0099273140344074,0.3482741473594792,0,0,2.0934880722114766,9.656141146617058,ALG8;ST6GAL1;ALG9;DERL3;ALG12;MOGS;MAGT1;ALG11;DDOST;TMEM165;KRTCAP2;OSTC;STT3A;MLEC;MGAT2;B4GALT7;UGGT1
GO_Biological_Process_2023,Double-Strand Break Repair Via Homologous Recombination (GO:0000724),26/111,0.0101592911005718,0.3482741473594792,0,0,1.771882031501125,8.131816237247936,MUS81;SWSAP1;WDR48;FBH1;ZMYND8;RECQL4;WRN;MEIOB;POLL;GINS2;RMI2;RMI1;INTS3;XRCC2;XRCC3;RECQL;RPA1;HUS1;LIG3;SFPQ;RAD51;NPC1;RPA3;NABP1;MCM5;MCM2
GO_Biological_Process_2023,Acylglycerol Biosynthetic Process (GO:0046463),8/22,0.0103471910084232,0.3482741473594792,0,0,3.30365628939967,15.101145693469062,PLA2G15;DGAT2;LPGAT1;GPAM;MOGAT2;AWAT2;PNPLA3;GCK
GO_Biological_Process_2023,rRNA Methylation (GO:0031167),8/22,0.0103471910084232,0.3482741473594792,0,0,3.30365628939967,15.101145693469062,FBL;NSUN4;NOP2;TFB1M;METTL16;MRM1;MRM2;MRM3
GO_Biological_Process_2023,Cell Cycle G2/M Phase Transition (GO:0044839),12/40,0.0105515257108576,0.3482741473594792,0,0,2.4790715742449256,11.283456618961903,CCNA2;KHDRBS1;CCNB1;KDM8;PLK1;CDK2;CDK1;FBXL15;FOXM1;LCMT1;AURKB;AURKA
GO_Biological_Process_2023,Protein Localization To Chromosome (GO:0034502),12/40,0.0105515257108576,0.3482741473594792,0,0,2.4790715742449256,11.283456618961903,PARP1;XRCC5;ZMYND8;PINX1;PLK1;APLF;RPA1;TERF2IP;FAM47E;SIRT6;HASPIN;ESR1
GO_Biological_Process_2023,Resolution Of Meiotic Recombination Intermediates (GO:0000712),6/14,0.01066682217537,0.3482741473594792,0,0,4.334633649932157,19.68191161250118,MUS81;TOP2A;CENPX;RMI1;EME2;MEIOB
GO_Biological_Process_2023,Positive Regulation Of Chromosome Segregation (GO:0051984),7/18,0.0108369971729861,0.3482741473594792,0,0,3.67847117253293,16.64430713024404,CCNB1;NUMA1;CDK1;NCAPG;NCAPD2;NCAPH;SMC2
GO_Biological_Process_2023,acyl-CoA Metabolic Process (GO:0006637),10/31,0.0110760302940251,0.3482741473594792,0,0,2.7537849378881987,12.400216300172696,MCEE;ACSM3;HMGCS1;ACSM1;OXSM;ACSM5;GLYAT;BAAT;ACOT6;ACACB
GO_Biological_Process_2023,Bile Acid Metabolic Process (GO:0008206),10/31,0.0110760302940251,0.3482741473594792,0,0,2.7537849378881987,12.400216300172696,OSBPL9;CYP27A1;CYP39A1;AMACR;NPC1;AKR1D1;OSBPL2;BAAT;CYP7A1;GBA2
GO_Biological_Process_2023,SREBP Signaling Pathway (GO:0032933),4/7,0.0114334469796709,0.3482741473594792,0,0,7.703050847457627,34.44197549343178,SREBF1;INSIG1;ERLIN1;ERLIN2
GO_Biological_Process_2023,Benzene-Containing Compound Metabolic Process (GO:0042537),4/7,0.0114334469796709,0.3482741473594792,0,0,7.703050847457627,34.44197549343178,ACSM1;KYAT3;KYAT1;CYP2E1
GO_Biological_Process_2023,Cellular Biogenic Amine Catabolic Process (GO:0042402),4/7,0.0114334469796709,0.3482741473594792,0,0,7.703050847457627,34.44197549343178,SLC44A1;CHDH;COMT;HNMT
GO_Biological_Process_2023,Diacylglycerol Biosynthetic Process (GO:0006651),4/7,0.0114334469796709,0.3482741473594792,0,0,7.703050847457627,34.44197549343178,PLA2G15;DGAT2;GPAM;MOGAT2
GO_Biological_Process_2023,Foam Cell Differentiation (GO:0090077),4/7,0.0114334469796709,0.3482741473594792,0,0,7.703050847457627,34.44197549343178,SOAT2;STAT1;WNT5A;PPARG
GO_Biological_Process_2023,Positive Regulation Of Neuron Projection Arborization (GO:0150012),4/7,0.0114334469796709,0.3482741473594792,0,0,7.703050847457627,34.44197549343178,FZD4;WNT5A;DVL2;MAP3K13
GO_Biological_Process_2023,Preassembly Of GPI Anchor In ER Membrane (GO:0016254),4/7,0.0114334469796709,0.3482741473594792,0,0,7.703050847457627,34.44197549343178,PIGB;PIGG;PIGW;PIGV
GO_Biological_Process_2023,Regulation Of Protein Localization To Nucleolus (GO:1904749),4/7,0.0114334469796709,0.3482741473594792,0,0,7.703050847457627,34.44197549343178,TERT;NVL;PINX1;GLUL
GO_Biological_Process_2023,tRNA Aminoacylation For Mitochondrial Protein Translation (GO:0070127),4/7,0.0114334469796709,0.3482741473594792,0,0,7.703050847457627,34.44197549343178,DARS2;TARS2;YARS2;EARS2
GO_Biological_Process_2023,tRNA Surveillance (GO:0106354),4/7,0.0114334469796709,0.3482741473594792,0,0,7.703050847457627,34.44197549343178,EXOSC7;EXOSC8;EXOSC3;EXOSC2
GO_Biological_Process_2023,tRNA Transcription By RNA Polymerase III (GO:0042797),4/7,0.0114334469796709,0.3482741473594792,0,0,7.703050847457627,34.44197549343178,GTF3C4;GTF3C5;GTF3C6;POLR2F
GO_Biological_Process_2023,Taurine Metabolic Process (GO:0019530),4/7,0.0114334469796709,0.3482741473594792,0,0,7.703050847457627,34.44197549343178,GHR;FMO1;FMO3;CSAD
GO_Biological_Process_2023,Purine Ribonucleotide Biosynthetic Process (GO:0009152),15/55,0.0116467176860135,0.3522722004325934,0,0,2.1698707043211978,9.66185029585373,ADSL;PANK3;GUCY2D;NPR2;NUDT2;AMPD2;PFAS;PAICS;PAPSS2;PAPSS1;SLC25A16;ATIC;ADCY9;PPCS;GART
GO_Biological_Process_2023,Regulation Of Smoothened Signaling Pathway (GO:0008589),14/51,0.0137052568728082,0.4074478839992127,0,0,2.189060489060489,9.391016536823372,TTC23;INTU;PTCH1;PTCH2;IHH;TUBD1;SHH;EVC;KCTD21;PDCL;GAS1;OTX2;CIBAR1;GAS8
GO_Biological_Process_2023,Hepaticobiliary System Development (GO:0061008),8/23,0.0138503820870512,0.4074478839992127,0,0,3.083231500339444,13.194511794146694,CEBPA;XBP1;CEBPG;COBL;PCSK9;LSR;PROX1;MET
GO_Biological_Process_2023,Protein Alkylation (GO:0008213),8/23,0.0138503820870512,0.4074478839992127,0,0,3.083231500339444,13.194511794146694,METTL22;PRMT2;PRMT3;FAM98B;FAM98A;SNRPD3;METTL21A;LCMT1
GO_Biological_Process_2023,Regulation Of Cholesterol Metabolic Process (GO:0090181),8/23,0.0138503820870512,0.4074478839992127,0,0,3.083231500339444,13.194511794146694,SEC14L2;STARD4;DGKQ;ERLIN1;NR1H4;ERLIN2;FMO5;ABCG1
GO_Biological_Process_2023,AMP Metabolic Process (GO:0046033),5/11,0.01486998292023,0.4269224053765177,0,0,4.815191590369617,20.26430365312186,NT5E;SORD;NUDT2;AK4;AMPD2
GO_Biological_Process_2023,Regulation Of Alcohol Biosynthetic Process (GO:1902930),5/11,0.01486998292023,0.4269224053765177,0,0,4.815191590369617,20.26430365312186,SEC14L2;DGKQ;ERLIN1;ERLIN2;CLCN2
GO_Biological_Process_2023,sno(s)RNA 3'-End Processing (GO:0031126),5/11,0.01486998292023,0.4269224053765177,0,0,4.815191590369617,20.26430365312186,FBL;EXOSC5;EXOSC4;EXOSC3;EXOSC2
GO_Biological_Process_2023,DNA Catabolic Process (GO:0006308),7/19,0.0150093790947274,0.4269224053765177,0,0,3.3717339667458432,14.158180666093989,MUS81;ENDOG;FBH1;SETMAR;DICER1;EXOG;DNASE1L2
GO_Biological_Process_2023,rRNA Catabolic Process (GO:0016075),7/19,0.0150093790947274,0.4269224053765177,0,0,3.3717339667458432,14.158180666093989,EXOSC7;EXOSC5;EXOSC4;DIS3L;EXOSC8;EXOSC3;EXOSC2
GO_Biological_Process_2023,Branched-Chain Amino Acid Metabolic Process (GO:0009081),6/15,0.0155898533354515,0.4319898069404166,0,0,3.8527815468113977,16.031944155510164,MCCC2;BCKDK;IVD;MCCC1;DBT;SLC25A44
GO_Biological_Process_2023,Coenzyme A Metabolic Process (GO:0015936),6/15,0.0155898533354515,0.4319898069404166,0,0,3.8527815468113977,16.031944155510164,SLC25A16;ACLY;NUDT7;PANK3;PPCS;NUDT19
GO_Biological_Process_2023,Mitotic Chromosome Condensation (GO:0007076),6/15,0.0155898533354515,0.4319898069404166,0,0,3.8527815468113977,16.031944155510164,PLK1;NCAPG;NCAPD2;TENT4A;NCAPH;SMC2
GO_Biological_Process_2023,Positive Regulation Of Mitotic Sister Chromatid Separation (GO:1901970),6/15,0.0155898533354515,0.4319898069404166,0,0,3.8527815468113977,16.031944155510164,CDC20;ESPL1;UBE2C;CDCA8;BIRC5;AURKB
GO_Biological_Process_2023,Translational Elongation (GO:0006414),12/42,0.0157628537498507,0.4339836977923645,0,0,2.313528212100612,9.601371432869724,TSFM;EEF2K;MTRES1;MTRFR;GFM2;RNF14;USP10;RNF25;EEF1A2;ANKZF1;MRPL44;TUFM
GO_Biological_Process_2023,Transcription By RNA Polymerase III (GO:0006383),9/28,0.0160306638460645,0.4385458676359698,0,0,2.738682870163524,11.319666177937298,GTF3C4;GTF3C5;GTF3C6;POLR3GL;GTF3A;ZC3H8;POLR2F;POLR3G;POLR3K
GO_Biological_Process_2023,Carboxylic Acid Metabolic Process (GO:0019752),10/33,0.0175218553710314,0.4733104957143397,0,0,2.514030009451796,10.167507402869363,LIPT2;LIPT1;GLUD1;ST6GAL1;CARNMT1;PON1;CYP1A2;SIRT4;GLYAT;GNE
GO_Biological_Process_2023,ncRNA Catabolic Process (GO:0034661),10/33,0.0175218553710314,0.4733104957143397,0,0,2.514030009451796,10.167507402869363,ZCCHC8;EXOSC5;EXOSC4;ZC3H4;WDR82;DIS3L;DICER1;EXOSC3;NUDT16L1;EXOSC2
GO_Biological_Process_2023,G2/M Transition Of Mitotic Cell Cycle (GO:0000086),11/38,0.0184709496860105,0.4958295556338462,0,0,2.3559859553743348,9.40405003708348,CCNA2;KHDRBS1;CCNB1;KDM8;PLK1;CDK2;CDK1;FBXL15;FOXM1;LCMT1;AURKA
GO_Biological_Process_2023,Positive Regulation Of Mitotic Cell Cycle Phase Transition (GO:1901992),16/63,0.0186340885125017,0.4971019264670497,0,0,1.9696710745477457,7.844732408016377,RRM1;RRM2;UBE2C;RDX;CDC20;LSM10;MBLAC1;CCNB1;TFDP1;CCND1;ESPL1;CDK4;CENPJ;CDK1;SASS6;FBXO5
GO_Biological_Process_2023,Positive Regulation Of Double-Strand Break Repair (GO:2000781),20/84,0.0187517953062855,0.497154079262323,0,0,1.808750852079073,7.192435870516787,SMARCD2;SMARCB1;WDR48;PARP1;KMT5C;DDX11;SETMAR;SIRT6;FOXM1;SMARCA2;ZCWPW1;BCL7A;RUVBL2;SHLD2;RUVBL1;SHLD1;DPF3;TRAPPC13;DMAP1;WRAP53
GO_Biological_Process_2023,Cellular Response To Sterol Depletion (GO:0071501),4/8,0.0202141624149955,0.5079984867530217,0,0,5.776949152542373,22.5380265749076,SREBF1;INSIG1;ERLIN1;ERLIN2
GO_Biological_Process_2023,Isoprenoid Biosynthetic Process (GO:0008299),4/8,0.0202141624149955,0.5079984867530217,0,0,5.776949152542373,22.5380265749076,IDI1;MVK;MVD;HMGCR
GO_Biological_Process_2023,Negative Regulation Of Chromosome Organization (GO:2001251),4/8,0.0202141624149955,0.5079984867530217,0,0,5.776949152542373,22.5380265749076,TOP2A;ESPL1;SETMAR;TERF2IP
GO_Biological_Process_2023,Positive Regulation Of Dendritic Cell Cytokine Production (GO:0002732),4/8,0.0202141624149955,0.5079984867530217,0,0,5.776949152542373,22.5380265749076,MAVS;KIT;TICAM1;RIGI
GO_Biological_Process_2023,Regulation Of Mitotic Sister Chromatid Segregation (GO:0033047),4/8,0.0202141624149955,0.5079984867530217,0,0,5.776949152542373,22.5380265749076,CCNB1;CDK1;LCMT1;AURKB
GO_Biological_Process_2023,Semaphorin-Plexin Signaling Pathway Involved In Axon Guidance (GO:1902287),4/8,0.0202141624149955,0.5079984867530217,0,0,5.776949152542373,22.5380265749076,PLXND1;PLXNB2;PLXNB1;PLXNA3
GO_Biological_Process_2023,tRNA Transcription (GO:0009304),4/8,0.0202141624149955,0.5079984867530217,0,0,5.776949152542373,22.5380265749076,GTF3C4;GTF3C5;GTF3C6;POLR2F
GO_Biological_Process_2023,Translational Termination (GO:0006415),4/8,0.0202141624149955,0.5079984867530217,0,0,5.776949152542373,22.5380265749076,MTRF1;GFM2;GSPT2;MTRF1L
GO_Biological_Process_2023,Gland Development (GO:0048732),18/74,0.0202253180988979,0.5079984867530217,0,0,1.8600379525107045,7.255673409887097,CEBPA;XBP1;IGSF3;CEBPG;PCSK9;TCF21;COBL;LSR;PROX1;TBX3;SLC9A3R1;SHH;SALL1;HAND2;FADD;MET;EPHB3;STRA6
GO_Biological_Process_2023,Macromolecule Catabolic Process (GO:0009057),20/85,0.0212158574219498,0.5209280173849641,0,0,1.7808190446227257,6.861507150011338,MUS81;UTP25;PNPT1;FBH1;DIS3L;SETMAR;RNF5;SUPV3L1;EXOSC7;EXOSC5;EXOSC4;CASP3;NEDD4;EXOSC8;TRIM24;CAPN3;DNASE1L2;EXOSC3;EXOSC2;ELANE
GO_Biological_Process_2023,Transport Across Blood-Brain Barrier (GO:0150104),20/85,0.0212158574219498,0.5209280173849641,0,0,1.7808190446227257,6.861507150011338,SLC22A3;SLC13A3;SLC44A1;SLC22A1;SLC1A2;SLC16A12;LRP3;SLC2A4;AVPR1A;SLC5A6;SLC9A3R1;SLC6A6;FABP5;SLCO2B1;SLC16A7;CD36;SLC29A1;SLC38A3;SLC38A5;SLC29A2
GO_Biological_Process_2023,Nuclear Chromosome Segregation (GO:0098813),6/16,0.0218851077720328,0.5209280173849641,0,0,3.4672998643147896,13.25184284649896,TOP2A;CENPF;TRAPPC12;KLHDC8B;CENPQ;NDC80
GO_Biological_Process_2023,Positive Regulation Of ATP-dependent Activity (GO:0032781),11/39,0.022386184777711,0.5209280173849641,0,0,2.2717101111596523,8.630933807931756,DNAJB2;MSH6;UHRF1;MSH3;MYL3;TNNT3;RGN;SETMAR;ATP2A1;DNAJC9;SSBP1
GO_Biological_Process_2023,DNA Strand Elongation (GO:0022616),5/12,0.0224381101783977,0.5209280173849641,0,0,4.127064864603013,15.670442255780038,RAD50;RFC3;RFC4;TERT;POLD2
GO_Biological_Process_2023,Actin-Myosin Filament Sliding (GO:0033275),5/12,0.0224381101783977,0.5209280173849641,0,0,4.127064864603013,15.670442255780038,MYH2;MYL1;MYL6B;MYH4;MYH7
GO_Biological_Process_2023,"Base-Excision Repair, Gap-Filling (GO:0006287)",5/12,0.0224381101783977,0.5209280173849641,0,0,4.127064864603013,15.670442255780038,LIG1;POLD1;LIG3;POLL;NEIL1
GO_Biological_Process_2023,Biogenic Amine Metabolic Process (GO:0006576),5/12,0.0224381101783977,0.5209280173849641,0,0,4.127064864603013,15.670442255780038,SLC22A3;SULT1B1;MAOA;HNMT;SRM
GO_Biological_Process_2023,Organophosphate Catabolic Process (GO:0046434),5/12,0.0224381101783977,0.5209280173849641,0,0,4.127064864603013,15.670442255780038,LIPG;PON1;ANGPTL3;PDXP;NUDT15
GO_Biological_Process_2023,Pseudouridine Synthesis (GO:0001522),5/12,0.0224381101783977,0.5209280173849641,0,0,4.127064864603013,15.670442255780038,TRUB1;TRUB2;PUS10;RPUSD2;PUSL1
GO_Biological_Process_2023,Pyrimidine Deoxyribonucleotide Catabolic Process (GO:0009223),5/12,0.0224381101783977,0.5209280173849641,0,0,4.127064864603013,15.670442255780038,SMUG1;DUT;NTHL1;UPP2;NEIL1
GO_Biological_Process_2023,Quaternary Ammonium Group Transport (GO:0015697),5/12,0.0224381101783977,0.5209280173849641,0,0,4.127064864603013,15.670442255780038,SLC22A3;SLC5A7;SLC44A1;SLC25A19;SLC22A1
GO_Biological_Process_2023,Regulation Of Chromosome Separation (GO:1905818),5/12,0.0224381101783977,0.5209280173849641,0,0,4.127064864603013,15.670442255780038,NUMA1;NCAPG;NCAPD2;NCAPH;SMC2
GO_Biological_Process_2023,"Regulation Of Retrograde Protein Transport, ER To Cytosol (GO:1904152)",5/12,0.0224381101783977,0.5209280173849641,0,0,4.127064864603013,15.670442255780038,DERL3;EDEM1;EDEM2;DERL2;SVIP
GO_Biological_Process_2023,Positive Regulation Of Cytokine-Mediated Signaling Pathway (GO:0001961),12/44,0.0227137853414445,0.5244930539865821,0,0,2.1686777702243374,8.207975310350465,RBM47;MAVS;CSF1;NLRP6;IL7;WNT5A;FADD;AGPAT1;PARP9;GAS6;IKBKE;HSPA1B
GO_Biological_Process_2023,Bile Acid Biosynthetic Process (GO:0006699),8/25,0.0233107365251317,0.5269453335549513,0,0,2.720178906593187,10.224720625647697,OSBPL9;CYP27A1;CYP39A1;AMACR;AKR1D1;OSBPL2;BAAT;CYP7A1
GO_Biological_Process_2023,Purine Nucleoside Bisphosphate Metabolic Process (GO:0034032),8/25,0.0233107365251317,0.5269453335549513,0,0,2.720178906593187,10.224720625647697,ACLY;ACSM3;ACSM1;OXSM;ACSM5;GLYAT;BAAT;ACOT6
GO_Biological_Process_2023,Regulation Of Double-Strand Break Repair Via Nonhomologous End Joining (GO:2001032),8/25,0.0233107365251317,0.5269453335549513,0,0,2.720178906593187,10.224720625647697,KMT5C;SHLD2;SHLD1;SETMAR;TRAPPC13;CYREN;NUDT16L1;WRAP53
GO_Biological_Process_2023,Ribonucleoside Bisphosphate Metabolic Process (GO:0033875),8/25,0.0233107365251317,0.5269453335549513,0,0,2.720178906593187,10.224720625647697,ACLY;ACSM3;ACSM1;OXSM;ACSM5;GLYAT;BAAT;ACOT6
GO_Biological_Process_2023,Nucleic Acid Metabolic Process (GO:0090304),9/30,0.0252641839626805,0.5366093346992795,0,0,2.4775648799417898,9.113394232329467,NT5E;WRN;RAD50;RBFOX2;WDR74;SETMAR;DNA2;KPNA2;DNASE1L2
GO_Biological_Process_2023,5S Class rRNA Transcription By RNA Polymerase III (GO:0042791),3/5,0.0254873816713976,0.5366093346992795,0,0,8.663503896984073,31.79134946572221,GTF3C4;GTF3C5;GTF3C6
GO_Biological_Process_2023,DNA Replication-Dependent Chromatin Assembly (GO:0006335),3/5,0.0254873816713976,0.5366093346992795,0,0,8.663503896984073,31.79134946572221,CHAF1A;RBBP4;ASF1B
GO_Biological_Process_2023,Cholesterol Import (GO:0070508),3/5,0.0254873816713976,0.5366093346992795,0,0,8.663503896984073,31.79134946572221,STARD4;STARD5;CD36
GO_Biological_Process_2023,Maintenance Of DNA Repeat Elements (GO:0043570),3/5,0.0254873816713976,0.5366093346992795,0,0,8.663503896984073,31.79134946572221,MSH6;RMI2;MSH3
GO_Biological_Process_2023,Mitochondrial RNA 3'-End Processing (GO:0000965),3/5,0.0254873816713976,0.5366093346992795,0,0,8.663503896984073,31.79134946572221,SUPV3L1;PNPT1;TRMT10C
GO_Biological_Process_2023,Negative Regulation Of T Cell Differentiation In Thymus (GO:0033085),3/5,0.0254873816713976,0.5366093346992795,0,0,8.663503896984073,31.79134946572221,IHH;FOXJ1;ZC3H8
GO_Biological_Process_2023,Neuroblast Proliferation (GO:0007405),3/5,0.0254873816713976,0.5366093346992795,0,0,8.663503896984073,31.79134946572221,SHH;RACGAP1;PLXNB2
GO_Biological_Process_2023,Notochord Development (GO:0030903),3/5,0.0254873816713976,0.5366093346992795,0,0,8.663503896984073,31.79134946572221,COL27A1;COL2A1;PPP1R35
GO_Biological_Process_2023,Polyamine Transport (GO:0015846),3/5,0.0254873816713976,0.5366093346992795,0,0,8.663503896984073,31.79134946572221,SLC22A3;SLC47A1;SLC22A1
GO_Biological_Process_2023,Positive Regulation Of Mitotic Cytokinesis (GO:1903490),3/5,0.0254873816713976,0.5366093346992795,0,0,8.663503896984073,31.79134946572221,BIRC5;CDCA8;KIF20B
GO_Biological_Process_2023,Purine Nucleobase Biosynthetic Process (GO:0009113),3/5,0.0254873816713976,0.5366093346992795,0,0,8.663503896984073,31.79134946572221,SHMT2;SHMT1;PAICS
GO_Biological_Process_2023,Regulation Of 3'-UTR-mediated mRNA Stabilization (GO:1905868),3/5,0.0254873816713976,0.5366093346992795,0,0,8.663503896984073,31.79134946572221,METTL16;TENT4A;RBM24
GO_Biological_Process_2023,Resolution Of Recombination Intermediates (GO:0071139),3/5,0.0254873816713976,0.5366093346992795,0,0,8.663503896984073,31.79134946572221,RMI2;RMI1;XRCC3
GO_Biological_Process_2023,Liver Development (GO:0001889),10/35,0.0263753702400492,0.5525961716146905,0,0,2.3126358695652174,8.407182182519568,CEBPA;XBP1;CEBPG;PCSK9;COBL;LSR;PROX1;MET;AURKA;E2F8
GO_Biological_Process_2023,Sulfur Compound Transport (GO:0072348),7/21,0.026539360825577,0.5533327900284148,0,0,2.8897183576518493,10.48715298903485,SLC5A6;SLC26A1;RACGAP1;SLC22A1;SLC25A11;SLC26A6;SLC19A2
GO_Biological_Process_2023,Regulation Of Small Molecule Metabolic Process (GO:0062012),11/40,0.026875198441256,0.5561361380916457,0,0,2.19324639413219,7.931988336326898,BCKDK;DGKQ;RORC;NR1H4;FMO5;JMJD8;OGT;PDK2;GCK;ABCG1;PDK1
GO_Biological_Process_2023,Chromosome Organization (GO:0051276),12/45,0.0269327861986175,0.5561361380916457,0,0,2.102836660280576,7.600515781033523,TOP2A;MSH6;HHEX;AIFM1;NUP133;NUP155;CENPH;MSH3;NUF2;CDCA8;LIG4;AXIN2
GO_Biological_Process_2023,Carbohydrate Derivative Transport (GO:1901264),6/17,0.029691065259257,0.583868273702482,0,0,3.151905760453929,11.084966087386231,SLC25A19;CPTP;VLDLR;SLC29A1;SLC15A4;SLC29A2
GO_Biological_Process_2023,Carboxylic Acid Catabolic Process (GO:0046395),6/17,0.029691065259257,0.583868273702482,0,0,3.151905760453929,11.084966087386231,BCKDK;GNPDA1;TST;AMDHD2;PON1;FMO1
GO_Biological_Process_2023,Peroxisomal Membrane Transport (GO:0015919),6/17,0.029691065259257,0.583868273702482,0,0,3.151905760453929,11.084966087386231,PEX7;ABCD2;PEX10;TRIM37;PEX12;PEX26
GO_Biological_Process_2023,Triglyceride Biosynthetic Process (GO:0019432),6/17,0.029691065259257,0.583868273702482,0,0,3.151905760453929,11.084966087386231,DGAT2;LPGAT1;GPAM;MOGAT2;PNPLA3;GCK
GO_Biological_Process_2023,Glutamine Family Amino Acid Metabolic Process (GO:0009064),9/31,0.0310684353372741,0.583868273702482,0,0,2.364809384164223,8.209584561761616,GLUD1;ADSL;DDAH1;DGLUCY;CAD;SIRT4;NAGS;PRODH;NIT2
GO_Biological_Process_2023,Non-Motile Cilium Assembly (GO:1905515),9/31,0.0310684353372741,0.583868273702482,0,0,2.364809384164223,8.209584561761616,BBS1;TTC8;BBS10;GORAB;TMEM216;TMEM107;RPGRIP1L;TMEM80;CEP89
GO_Biological_Process_2023,Organic Cation Transport (GO:0015695),9/31,0.0310684353372741,0.583868273702482,0,0,2.364809384164223,8.209584561761616,SLC22A3;SLC5A7;SLC47A1;SEC14L1;SLC44A1;SLC22A1;SLC6A12;PDZK1;SLC19A2
GO_Biological_Process_2023,Triglyceride Homeostasis (GO:0070328),9/31,0.0310684353372741,0.583868273702482,0,0,2.364809384164223,8.209584561761616,MLXIPL;XBP1;LIPC;DGAT2;ANGPTL8;IL18;NR1H4;ANGPTL3;MTLN
GO_Biological_Process_2023,Interstrand Cross-Link Repair (GO:0036297),10/36,0.0318309181936558,0.583868273702482,0,0,2.2235576923076925,7.665308658548171,DCLRE1A;NEIL3;RAD51;CENPX;ERCC6L2;XRCC3;FAAP24;EXO5;FANCC;FANCF
GO_Biological_Process_2023,Regulation Of Microtubule-Based Process (GO:0032886),11/41,0.0319780431310518,0.583868273702482,0,0,2.1200135915732248,7.298583011143476,MAP10;PHLDB1;TRAF3IP1;ERBB2;CDK2AP2;TPPP;PHLDB2;BICD2;AURKA;KLHL42;MCM2
GO_Biological_Process_2023,Glutamine Metabolic Process (GO:0006541),5/13,0.0321154254195888,0.583868273702482,0,0,3.610969820278061,12.416026594286285,GLUD1;CAD;SIRT4;GLUL;NIT2
GO_Biological_Process_2023,Protein Import Into Peroxisome Matrix (GO:0016558),5/13,0.0321154254195888,0.583868273702482,0,0,3.610969820278061,12.416026594286285,PEX7;PEX10;TRIM37;PEX12;PEX26
GO_Biological_Process_2023,Amine Metabolic Process (GO:0009308),4/9,0.0321902450784611,0.583868273702482,0,0,4.62128813559322,15.879170361515945,SULT1B1;SULT1C2;MAOA;INMT
GO_Biological_Process_2023,Amino Sugar Metabolic Process (GO:0006040),4/9,0.0321902450784611,0.583868273702482,0,0,4.62128813559322,15.879170361515945,FN3K;EXTL2;ST6GAL1;GNE
GO_Biological_Process_2023,Dicarboxylic Acid Biosynthetic Process (GO:0043650),4/9,0.0321902450784611,0.583868273702482,0,0,4.62128813559322,15.879170361515945,GLUD1;GOT1L1;MTHFD1;HAAO
GO_Biological_Process_2023,Error-Prone Translesion Synthesis (GO:0042276),4/9,0.0321902450784611,0.583868273702482,0,0,4.62128813559322,15.879170361515945,POLD2;POLI;TENT4A;POLH
GO_Biological_Process_2023,Glucan Biosynthetic Process (GO:0009250),4/9,0.0321902450784611,0.583868273702482,0,0,4.62128813559322,15.879170361515945,PER2;GYS1;PPP1R3C;NHLRC1
GO_Biological_Process_2023,Glycerolipid Metabolic Process (GO:0046486),4/9,0.0321902450784611,0.583868273702482,0,0,4.62128813559322,15.879170361515945,PLA2G15;DGKQ;PNPLA3;PGPEP1
GO_Biological_Process_2023,Glycogen Biosynthetic Process (GO:0005978),4/9,0.0321902450784611,0.583868273702482,0,0,4.62128813559322,15.879170361515945,PER2;GYS1;PPP1R3C;NHLRC1
GO_Biological_Process_2023,Nuclear mRNA Surveillance (GO:0071028),4/9,0.0321902450784611,0.583868273702482,0,0,4.62128813559322,15.879170361515945,EXOSC7;EXOSC5;EXOSC4;EXOSC8
GO_Biological_Process_2023,Protein K6-linked Ubiquitination (GO:0085020),4/9,0.0321902450784611,0.583868273702482,0,0,4.62128813559322,15.879170361515945,RNF25;UBE2T;RNF6;TRIM21
GO_Biological_Process_2023,Purine Nucleobase Metabolic Process (GO:0006144),4/9,0.0321902450784611,0.583868273702482,0,0,4.62128813559322,15.879170361515945,SLC25A16;SHMT2;SHMT1;PAICS
GO_Biological_Process_2023,Quinone Metabolic Process (GO:1901661),4/9,0.0321902450784611,0.583868273702482,0,0,4.62128813559322,15.879170361515945,CBR1;NQO2;UBIAD1;GGCX
GO_Biological_Process_2023,Regulation Of Attachment Of Spindle Microtubules To Kinetochore (GO:0051988),4/9,0.0321902450784611,0.583868273702482,0,0,4.62128813559322,15.879170361515945,CCNB1;RACGAP1;ECT2;KNSTRN
GO_Biological_Process_2023,Regulation Of Bile Acid Biosynthetic Process (GO:0070857),4/9,0.0321902450784611,0.583868273702482,0,0,4.62128813559322,15.879170361515945,STARD4;NR1H4;PROX1;CYP7A1
GO_Biological_Process_2023,Response To Interleukin-4 (GO:0070670),4/9,0.0321902450784611,0.583868273702482,0,0,4.62128813559322,15.879170361515945,XBP1;SHPK;TCF7;XCL1
GO_Biological_Process_2023,Serine Family Amino Acid Catabolic Process (GO:0009071),4/9,0.0321902450784611,0.583868273702482,0,0,4.62128813559322,15.879170361515945,GCSH;SHMT2;SHMT1;THNSL2
GO_Biological_Process_2023,Smooth Muscle Tissue Development (GO:0048745),4/9,0.0321902450784611,0.583868273702482,0,0,4.62128813559322,15.879170361515945,SHH;PTCH1;PROX1;STRA6
GO_Biological_Process_2023,Mitochondrion Organization (GO:0007005),33/162,0.0322181096315455,0.583868273702482,0,0,1.4815490075873985,5.089456520966729,MTFP1;ATP23;TIMM9;ATP2A1;MIEF2;OMA1;PLD6;COX7A1;TMEM70;HSPD1;PRDX3;TERT;AIFM1;MSTO1;CHCHD7;MFN2;MPV17;BID;MGME1;PNPT1;PTCD2;PARP1;SIRT4;SIRT5;TIMM44;BCS1L;RAB32;SUPV3L1;HAX1;WDR81;NOA1;TOMM5;CEP89
GO_Biological_Process_2023,Regulation Of TOR Signaling (GO:0032006),18/78,0.0333119227187267,0.6011542356173588,0,0,1.7356267029972752,5.904324181000141,EPM2A;DYRK3;ENDOG;HDAC3;NPRL2;UBR2;WDR24;TTI1;DEPTOR;NUAK2;DGKQ;TBC1D7;MLST8;TNFAIP8L1;LAMTOR2;GAS6;TELO2;FBXO9
GO_Biological_Process_2023,Response To Gamma Radiation (GO:0010332),7/22,0.0340957162479889,0.6101712553546361,0,0,2.696912114014252,9.111742838966116,XRCC6;WRN;XRCC5;LIG4;CRYAB;MEN1;TSPYL5
GO_Biological_Process_2023,tRNA Aminoacylation (GO:0043039),7/22,0.0340957162479889,0.6101712553546361,0,0,2.696912114014252,9.111742838966116,RARS2;MARS2;GATC;DARS2;GATB;HARS2;YARS2
GO_Biological_Process_2023,Nitrogen Compound Transport (GO:0071705),33/163,0.0348538389030137,0.6211503655122161,0,0,1.4700655729070655,4.934410330919565,RD3;SLC22A3;RAMP2;SLC26A1;AQP9;SLC22A1;SLC43A1;HIKESHI;RACGAP1;SLC38A3;SLC17A1;CERT1;SLC15A4;ABCD1;RHBG;RILP;SLC38A5;SLC17A3;SLC19A2;NDC1;SLC36A1;SLC13A3;ARRDC3;CMTM6;SLC6A12;SLC16A10;RUFY1;SLC6A6;CENPF;SLC29A1;SLC25A11;SLC26A6;SLC29A2
GO_Biological_Process_2023,DNA Synthesis Involved In DNA Repair (GO:0000731),8/27,0.0365662889562467,0.6489760787895854,0,0,2.433558437846143,8.051740876360842,WRN;RFC3;RRM1;USP10;POLD1;PCLAF;POLI;POLH
GO_Biological_Process_2023,rRNA Processing (GO:0006364),22/101,0.0370047601081559,0.6540553278375716,0,0,1.611523649990502,5.312724074310613,NVL;WDR18;NOP2;WDR74;NOL8;NOL9;TFB1M;MRM1;MRM2;EXOSC7;FBL;EBNA1BP2;EXOSC5;LSM6;EXOSC4;ERI1;NEDD4;C1D;UTP20;RRP12;EXOSC3;EXOSC2
GO_Biological_Process_2023,Regulation Of Cyclin-Dependent Protein Serine/Threonine Kinase Activity (GO:0000079),18/79,0.0373875805432634,0.6562102260535047,0,0,1.707073301469603,5.610154207345919,HEXIM1;CEBPA;CDKN2C;CCNH;PLK1;PROX1;NR2F2;CCNA2;HHEX;CCNB1;CDK7;PSRC1;TFAP4;CCND1;CCNE2;CDK5RAP1;MEN1;CDKN3
GO_Biological_Process_2023,Protein Transmembrane Import Into Intracellular Organelle (GO:0044743),9/32,0.0377378174237987,0.6562102260535047,0,0,2.2618587141064443,7.412320392318317,PEX7;PEX10;TIMM44;TRIM37;TIMM21;PEX12;TOMM40L;HSPD1;PEX26
GO_Biological_Process_2023,Purine Ribonucleoside Triphosphate Metabolic Process (GO:0009205),9/32,0.0377378174237987,0.6562102260535047,0,0,2.2618587141064443,7.412320392318317,NT5E;FIGNL1;RAB23;CTNS;AK4;MYH4;NADK;HSPA1B;MYH7
GO_Biological_Process_2023,Regulation Of Ubiquitin-Protein Transferase Activity (GO:0051438),9/32,0.0377378174237987,0.6562102260535047,0,0,2.2618587141064443,7.412320392318317,CDC20;DTX3L;FEM1A;ARRDC3;PLK1;DCUN1D2;BUB3;FBXO5;MAD2L1
GO_Biological_Process_2023,Telomere Organization (GO:0032200),15/63,0.038321893275619,0.6636795629789662,0,0,1.8073749574685267,5.89517620514361,XRCC6;PARP1;XRCC5;RPA1;HUS1;SIRT6;RECQL4;WRN;RAD50;TERT;RUVBL2;RPA3;RUVBL1;TERF2IP;DNA2
GO_Biological_Process_2023,Regulation Of Cell Cycle Process (GO:0010564),27/130,0.0395518699694909,0.6822300462608974,0,0,1.5173792046596637,4.901350761297813,SMARCD2;SMARCB1;CDCA2;CETN2;CCP110;PDXP;KLHL13;MKI67;AURKB;AURKA;RACGAP1;BCL7A;DPF3;FBXO5;ECT2;BUB1;PLK1;KNSTRN;SMARCA2;MYO19;AICDA;KLHL9;CCDC8;KIF20A;CEP85;KIF20B;MCM2
GO_Biological_Process_2023,Renal System Development (GO:0072001),14/58,0.0399658200297012,0.686612788110268,0,0,1.84004329004329,5.924443850810542,HELLS;MME;TRAF3IP1;STAT1;C1GALT1;PCSK9;TCF21;HNF1B;PROX1;PYGO1;CENPF;SALL1;IFT27;STRA6
GO_Biological_Process_2023,Translesion Synthesis (GO:0019985),7/23,0.0429530595012583,0.6968237226353604,0,0,2.528206650831354,7.957903088792144,USP10;POLD1;POLD2;PCLAF;POLI;TENT4A;POLH
GO_Biological_Process_2023,Regulation Of Mitotic Cell Cycle Phase Transition (GO:1901990),19/86,0.044015618072717,0.6968237226353604,0,0,1.6405248035800557,5.123704705214244,SMARCD2;SMARCB1;CDKN2C;PLK5;CCNH;UBE2C;PLK1;SMARCA2;AURKA;CDK7;CENPF;TFAP4;BCL7A;CDK4;UBD;CDK2;PSME1;DPF3;PSME2
GO_Biological_Process_2023,2-Oxoglutarate Metabolic Process (GO:0006103),5/14,0.0440313316822075,0.6968237226353604,0,0,3.209562563580875,10.022994695481334,ADHFE1;IDH1;IDH2;D2HGDH;L2HGDH
GO_Biological_Process_2023,Centromere Complex Assembly (GO:0034508),5/14,0.0440313316822075,0.6968237226353604,0,0,3.209562563580875,10.022994695481334,CENPF;NPC1;MIS12;HJURP;OIP5
GO_Biological_Process_2023,Establishment Of Chromosome Localization (GO:0051303),5/14,0.0440313316822075,0.6968237226353604,0,0,3.209562563580875,10.022994695481334,CENPF;NDE1;TRAPPC12;CENPQ;NDC80
GO_Biological_Process_2023,Positive Regulation Of Response To Cytokine Stimulus (GO:0060760),5/14,0.0440313316822075,0.6968237226353604,0,0,3.209562563580875,10.022994695481334,MAVS;IL7;WNT5A;GAS6;RIGI
GO_Biological_Process_2023,Regulation Of Carbohydrate Catabolic Process (GO:0043470),5/14,0.0440313316822075,0.6968237226353604,0,0,3.209562563580875,10.022994695481334,TIGAR;PPP1R3B;JMJD8;OGT;GCK
GO_Biological_Process_2023,Regulation Of Neuron Projection Arborization (GO:0150011),5/14,0.0440313316822075,0.6968237226353604,0,0,3.209562563580875,10.022994695481334,MOV10;FZD4;WNT5A;DVL2;MAP3K13
GO_Biological_Process_2023,mRNA Catabolic Process (GO:0006402),11/43,0.0441700754402136,0.6968237226353604,0,0,1.9872791369351,6.199730115815462,SUPV3L1;UPF1;EXOSC4;PNPT1;LSM6;METTL3;METTL16;NUDT16L1;HSPA1B;NUDT12;LSM2
GO_Biological_Process_2023,Determination Of Bilateral Symmetry (GO:0009855),8/28,0.0447805469807837,0.6968237226353604,0,0,2.311744738628649,7.1802362823447226,ODAD3;LEFTY1;MKKS;FOXJ1;BBS7;PIERCE2;DLL1;DNAI1
GO_Biological_Process_2023,Regulation Of Intracellular Transport (GO:0032386),10/38,0.0450185190767686,0.6968237226353604,0,0,2.064489518633541,6.401324124636801,RINT1;NUMA1;CAPN10;MYL1;WWC1;TTC21B;GAS1;TMEM53;NEFH;CRYAB
GO_Biological_Process_2023,Negative Regulation Of Double-Strand Break Repair (GO:2000780),9/33,0.0453188100376098,0.6968237226353604,0,0,2.167487266553481,6.7062773466751215,OTUB2;RMI2;FBH1;SHLD2;SHLD1;TRAPPC13;CYREN;NUDT16L1;UBQLN4
GO_Biological_Process_2023,ATF6-mediated Unfolded Protein Response (GO:0036500),3/6,0.0454273905326893,0.6968237226353604,0,0,5.775330396475771,17.855242698889413,CREBZF;XBP1;ATF6B
GO_Biological_Process_2023,G-quadruplex DNA Unwinding (GO:0044806),3/6,0.0454273905326893,0.6968237226353604,0,0,5.775330396475771,17.855242698889413,WRN;DDX11;DNA2
GO_Biological_Process_2023,L-methionine Salvage (GO:0071267),3/6,0.0454273905326893,0.6968237226353604,0,0,5.775330396475771,17.855242698889413,MTAP;APIP;ENOPH1
GO_Biological_Process_2023,Citrulline Metabolic Process (GO:0000052),3/6,0.0454273905326893,0.6968237226353604,0,0,5.775330396475771,17.855242698889413,DDAH1;CAD;OTC
GO_Biological_Process_2023,Free Ubiquitin Chain Polymerization (GO:0010994),3/6,0.0454273905326893,0.6968237226353604,0,0,5.775330396475771,17.855242698889413,RNF135;UBE2C;TRIM32
GO_Biological_Process_2023,Gamma-Aminobutyric Acid Transport (GO:0015812),3/6,0.0454273905326893,0.6968237226353604,0,0,5.775330396475771,17.855242698889413,SLC6A6;SLC9A3R1;SLC6A12
GO_Biological_Process_2023,Glucan Catabolic Process (GO:0009251),3/6,0.0454273905326893,0.6968237226353604,0,0,5.775330396475771,17.855242698889413,MGAM;STBD1;PYGL
GO_Biological_Process_2023,Histone H2A-K119 Monoubiquitination (GO:0036353),3/6,0.0454273905326893,0.6968237226353604,0,0,5.775330396475771,17.855242698889413,PCGF3;PCGF1;TRIM37
GO_Biological_Process_2023,Intracellular Triglyceride Homeostasis (GO:0035356),3/6,0.0454273905326893,0.6968237226353604,0,0,5.775330396475771,17.855242698889413,XBP1;DGAT2;NR1H4
GO_Biological_Process_2023,Leucine Metabolic Process (GO:0006551),3/6,0.0454273905326893,0.6968237226353604,0,0,5.775330396475771,17.855242698889413,MCCC2;IVD;MCCC1
GO_Biological_Process_2023,Lymphoid Progenitor Cell Differentiation (GO:0002320),3/6,0.0454273905326893,0.6968237226353604,0,0,5.775330396475771,17.855242698889413,SHH;LIG4;SOX4
GO_Biological_Process_2023,Positive Regulation Of Helicase Activity (GO:0051096),3/6,0.0454273905326893,0.6968237226353604,0,0,5.775330396475771,17.855242698889413,MSH6;MSH3;SSBP1
GO_Biological_Process_2023,Positive Regulation Of Spindle Assembly (GO:1905832),3/6,0.0454273905326893,0.6968237226353604,0,0,5.775330396475771,17.855242698889413,GPSM2;NUMA1;SASS6
GO_Biological_Process_2023,Receptor-Mediated Virion Attachment To Host Cell (GO:0046813),3/6,0.0454273905326893,0.6968237226353604,0,0,5.775330396475771,17.855242698889413,DPP4;LRRC15;GAS6
GO_Biological_Process_2023,Regulation Of Ketone Biosynthetic Process (GO:0010566),3/6,0.0454273905326893,0.6968237226353604,0,0,5.775330396475771,17.855242698889413,DGKQ;SIRT5;CLCN2
GO_Biological_Process_2023,Regulation Of Mitotic Cytokinesis (GO:1902412),3/6,0.0454273905326893,0.6968237226353604,0,0,5.775330396475771,17.855242698889413,BIRC5;CDCA8;AURKB
GO_Biological_Process_2023,Short-Chain Fatty Acid Metabolic Process (GO:0046459),3/6,0.0454273905326893,0.6968237226353604,0,0,5.775330396475771,17.855242698889413,MCEE;ACSM1;OXSM
GO_Biological_Process_2023,Transcription-Dependent Tethering Of RNA Polymerase II Gene DNA At Nuclear Periphery (GO:0000972),3/6,0.0454273905326893,0.6968237226353604,0,0,5.775330396475771,17.855242698889413,PCID2;NUP133;NUP155
GO_Biological_Process_2023,Alpha-Amino Acid Biosynthetic Process (GO:1901607),4/10,0.0475034824835059,0.6973917128869417,0,0,3.850847457627119,11.733348345397136,MTHFD1;PAH;CAD;OTC
GO_Biological_Process_2023,Fatty Acid Homeostasis (GO:0055089),4/10,0.0475034824835059,0.6973917128869417,0,0,3.850847457627119,11.733348345397136,MLXIPL;XBP1;DGAT2;POLD1
GO_Biological_Process_2023,Formation Of Extrachromosomal Circular DNA (GO:0001325),4/10,0.0475034824835059,0.6973917128869417,0,0,3.850847457627119,11.733348345397136,SMARCAL1;WRN;XRCC3;DNA2
GO_Biological_Process_2023,Induction Of Positive Chemotaxis (GO:0050930),4/10,0.0475034824835059,0.6973917128869417,0,0,3.850847457627119,11.733348345397136,CXCL12;VEGFB;IL16;MEN1
GO_Biological_Process_2023,Lens Fiber Cell Differentiation (GO:0070306),4/10,0.0475034824835059,0.6973917128869417,0,0,3.850847457627119,11.733348345397136,WNT5B;HSF4;PLAAT1;PLAAT3
GO_Biological_Process_2023,Mitotic Spindle Elongation (GO:0000022),4/10,0.0475034824835059,0.6973917128869417,0,0,3.850847457627119,11.733348345397136,MAP10;RACGAP1;BIRC5;CDCA8
GO_Biological_Process_2023,Mitotic Spindle Midzone Assembly (GO:0051256),4/10,0.0475034824835059,0.6973917128869417,0,0,3.850847457627119,11.733348345397136,MAP10;RACGAP1;BIRC5;CDCA8
GO_Biological_Process_2023,Muscle Filament Sliding (GO:0030049),4/10,0.0475034824835059,0.6973917128869417,0,0,3.850847457627119,11.733348345397136,MYL1;MYL6B;MYH4;MYH7
GO_Biological_Process_2023,Regulation Of Inclusion Body Assembly (GO:0090083),4/10,0.0475034824835059,0.6973917128869417,0,0,3.850847457627119,11.733348345397136,DNAJB2;DNAJA4;HSPA2;HSPA1B
GO_Biological_Process_2023,Response To Sterol (GO:0036314),4/10,0.0475034824835059,0.6973917128869417,0,0,3.850847457627119,11.733348345397136,INSIG1;PMVK;RORC;CCR5
GO_Biological_Process_2023,T-Circle Formation (GO:0090656),4/10,0.0475034824835059,0.6973917128869417,0,0,3.850847457627119,11.733348345397136,SMARCAL1;WRN;XRCC3;DNA2
GO_Biological_Process_2023,Telomere Maintenance Via Telomere Trimming (GO:0090737),4/10,0.0475034824835059,0.6973917128869417,0,0,3.850847457627119,11.733348345397136,SMARCAL1;WRN;XRCC3;DNA2
GO_Biological_Process_2023,Negative Regulation Of Protein Ubiquitination (GO:0031397),13/54,0.0475752670258146,0.6973917128869417,0,0,1.8333319511365804,5.583306587916219,DTX3L;PINX1;PRMT3;CDC20;DNAJA1;PER2;UFL1;FBXO5;BUB3;OGT;SOX4;HSPA1B;MAD2L1
GO_Biological_Process_2023,Regulation Of Mitotic Metaphase/Anaphase Transition (GO:0030071),12/49,0.0495323910543089,0.7236109509464516,0,0,1.875062009664321,5.634802207026769,CDC20;SMARCD2;CCNB1;SMARCB1;BCL7A;ESPL1;UBE2C;PLK1;DPF3;FBXO5;LCMT1;SMARCA2
GO_Biological_Process_2023,Glycogen Metabolic Process (GO:0005977),6/19,0.0502452300732062,0.7266103136849188,0,0,2.6666840622064503,7.975624455176447,PER2;GYS1;PPP1R3C;STBD1;NHLRC1;PYGL
GO_Biological_Process_2023,Regulation Of Nuclear Division (GO:0051783),6/19,0.0502452300732062,0.7266103136849188,0,0,2.6666840622064503,7.975624455176447,CDCA2;CCDC8;PDXP;FBXO5;MKI67;KIF20B
GO_Biological_Process_2023,Xenobiotic Catabolic Process (GO:0042178),6/19,0.0502452300732062,0.7266103136849188,0,0,2.6666840622064503,7.975624455176447,GSTM4;GSTM3;GSTM2;GSTM1;CYP1A2;NUDT15
GO_Biological_Process_2023,Kidney Development (GO:0001822),16/71,0.0521863478260073,0.7496333241227471,0,0,1.6823813354786803,4.967961642400317,KANK2;HELLS;MME;TRAF3IP1;C1GALT1;PCSK9;TCF21;HNF1B;PROX1;PYGO1;SHH;CENPF;SALL1;IFT27;SOX4;STRA6
GO_Biological_Process_2023,Regulation Of Double-Strand Break Repair Via Homologous Recombination (GO:0010569),16/71,0.0521863478260073,0.7496333241227471,0,0,1.6823813354786803,4.967961642400317,RMI2;WDR48;PARP1;FBH1;SIRT6;RAD51;RUVBL2;FIGNL1;SHLD2;RUVBL1;SHLD1;TERF2IP;TRAPPC13;DMAP1;UBQLN4;WRAP53
GO_Biological_Process_2023,Positive Regulation Of Cell Cycle G2/M Phase Transition (GO:1902751),7/24,0.05316873267568,0.7595883403996976,0,0,2.379348889199385,6.981687248725466,DYRK3;RRM1;CCNB1;CCND1;CDK4;CDK1;FBXO5
GO_Biological_Process_2023,Establishment Of Mitotic Spindle Localization (GO:0040001),9/34,0.0538497710367647,0.7595883403996976,0,0,2.080665534804754,6.078783222651908,GPSM2;HDAC3;NUMA1;UBXN2B;ESPL1;NDE1;PLK1;NDC80;MAD2L1
GO_Biological_Process_2023,Negative Regulation Of Mitotic Cell Cycle (GO:0045930),9/34,0.0538497710367647,0.7595883403996976,0,0,2.080665534804754,6.078783222651908,BTG4;TOM1L1;SLC9A3R1;NME6;GAS1;NABP1;CHFR;MAD2L1;PTPN3
GO_Biological_Process_2023,Sister Chromatid Segregation (GO:0000819),9/34,0.0538497710367647,0.7595883403996976,0,0,2.080665534804754,6.078783222651908,TOP2A;DSN1;KIF18B;ESPL1;MIS12;PLK1;KNSTRN;NSL1;NDC80
GO_Biological_Process_2023,Establishment Of Mitotic Spindle Orientation (GO:0000132),8/29,0.0541173532391868,0.7595883403996976,0,0,2.201532344098536,6.420990076412565,GPSM2;HDAC3;NUMA1;UBXN2B;NDE1;PLK1;NDC80;MAD2L1
GO_Biological_Process_2023,Organic Cyclic Compound Biosynthetic Process (GO:1901362),8/29,0.0541173532391868,0.7595883403996976,0,0,2.201532344098536,6.420990076412565,MOCS2;HSD3B2;SRD5A2;FDXR;PYCR2;LSS;PRLR;FDFT1
GO_Biological_Process_2023,Positive Regulation Of Viral Genome Replication (GO:0045070),8/29,0.0541173532391868,0.7595883403996976,0,0,2.201532344098536,6.420990076412565,TOP2A;GBP7;NR5A2;STAU1;PPIH;TMEM39A;HACD3;PPID
GO_Biological_Process_2023,Vascular Transport (GO:0010232),18/83,0.057346190705089,0.7843031612765418,0,0,1.6016453573674283,4.5785416741529135,SLC22A3;SLC13A3;SLC44A1;SLC22A1;SLC1A2;SLC16A12;LRP3;SLC2A4;AVPR1A;SLC5A6;SLC9A3R1;SLC6A6;SLCO2B1;SLC16A7;SLC29A1;SLC38A3;SLC38A5;SLC29A2
GO_Biological_Process_2023,ncRNA Processing (GO:0034470),21/100,0.0575481075709135,0.7843031612765418,0,0,1.5377481042868797,4.39047693838228,ZCCHC8;INTS11;NVL;INTS3;WDR18;INTS10;WDR74;NOL8;TSEN54;MRM2;BYSL;EXOSC7;FBL;EBNA1BP2;EXOSC5;EXOSC4;INTS5;UTP20;RRP12;EXOSC3;EXOSC2
GO_Biological_Process_2023,3'-Phosphoadenosine 5'-Phosphosulfate Metabolic Process (GO:0050427),5/15,0.0582520857851494,0.7843031612765418,0,0,2.8884367582231265,8.211754589469114,SULT1B1;TPST1;PAPSS2;PAPSS1;SULT2A1
GO_Biological_Process_2023,Cellular Response To Sterol (GO:0036315),5/15,0.0582520857851494,0.7843031612765418,0,0,2.8884367582231265,8.211754589469114,MYL1;INSIG1;PTCH1;RORC;CYP7A1
GO_Biological_Process_2023,Melanosome Transport (GO:0032402),5/15,0.0582520857851494,0.7843031612765418,0,0,2.8884367582231265,8.211754589469114,BLOC1S5;MKKS;BLOC1S6;BBS7;RAB17
GO_Biological_Process_2023,Pigment Granule Transport (GO:0051904),5/15,0.0582520857851494,0.7843031612765418,0,0,2.8884367582231265,8.211754589469114,BLOC1S5;MKKS;BLOC1S6;BBS7;RAB17
GO_Biological_Process_2023,Positive Regulation Of Immunoglobulin Mediated Immune Response (GO:0002891),5/15,0.0582520857851494,0.7843031612765418,0,0,2.8884367582231265,8.211754589469114,KMT5C;SHLD2;SHLD1;XCL1;TRAPPC13
GO_Biological_Process_2023,Regulation Of Cholesterol Biosynthetic Process (GO:0045540),5/15,0.0582520857851494,0.7843031612765418,0,0,2.8884367582231265,8.211754589469114,SEC14L2;SREBF1;ERLIN1;ERLIN2;ABCG1
GO_Biological_Process_2023,Regulation Of Intrinsic Apoptotic Signaling Pathway In Response To DNA Damage (GO:1902229),5/15,0.0582520857851494,0.7843031612765418,0,0,2.8884367582231265,8.211754589469114,CXCL12;DDIAS;FBH1;SNAI2;TRIM32
GO_Biological_Process_2023,Regulation Of Isotype Switching (GO:0045191),5/15,0.0582520857851494,0.7843031612765418,0,0,2.8884367582231265,8.211754589469114,KMT5C;SHLD2;SHLD1;TRAPPC13;SLC15A4
GO_Biological_Process_2023,Stem Cell Development (GO:0048864),5/15,0.0582520857851494,0.7843031612765418,0,0,2.8884367582231265,8.211754589469114,SHH;PEF1;SNAI2;KBTBD8;TAPT1
GO_Biological_Process_2023,tRNA Wobble Base Modification (GO:0002097),5/15,0.0582520857851494,0.7843031612765418,0,0,2.8884367582231265,8.211754589469114,CTU1;ELP2;ELP6;MTO1;GTPBP3
GO_Biological_Process_2023,tRNA Wobble Uridine Modification (GO:0002098),5/15,0.0582520857851494,0.7843031612765418,0,0,2.8884367582231265,8.211754589469114,CTU1;ELP2;ELP6;MTO1;GTPBP3
GO_Biological_Process_2023,Mitotic Nuclear Division (GO:0140014),11/45,0.0592128680838296,0.7947477138126513,0,0,1.8701605004896964,5.286226330903139,DSN1;KIF18B;ESPL1;UBE2C;NDE1;MIS12;PLK1;KLHDC8B;KNSTRN;NSL1;NDC80
GO_Biological_Process_2023,Nucleotide-Excision Repair (GO:0006289),13/56,0.0614176830186212,0.8174060145186617,0,0,1.7478551038643717,4.8766162209062704,CETN2;RPA1;HUS1;LIG4;FANCC;TENT4A;GTF2H3;GTF2H4;NTHL1;POLD1;RPA3;POLL;POLR2I
GO_Biological_Process_2023,Positive Regulation Of Cell Cycle Process (GO:0090068),24/118,0.0614625378218815,0.8174060145186617,0,0,1.4771911988962312,4.120369931734446,MAP10;GPSM2;PCID2;RRM1;UBXN2B;NUMA1;DDX11;XRCC3;CDCA8;NCAPG;NCAPH;NDC80;AURKB;SMC2;AURKA;RACGAP1;CENPJ;SASS6;BIRC5;NCAPD2;KIF20B;ECT2;E2F8;MAD2L1
GO_Biological_Process_2023,Water-Soluble Vitamin Metabolic Process (GO:0006767),10/40,0.0614719773433126,0.8174060145186617,0,0,1.9266304347826089,5.373707248435832,SLC46A1;MMAA;SHMT2;FLAD1;MMAB;SLC25A19;SHMT1;MCCC1;ABCD1;SLC19A2
GO_Biological_Process_2023,Cilium Assembly (GO:0060271),45/243,0.0618262737059839,0.8195797702691391,0,0,1.3162911340979406,3.663800103482363,INTU;TRAF3IP1;GORAB;IFT172;CEP19;CCDC28B;TBC1D31;TTC21B;RAB23;TMEM107;CCDC96;POC1A;BBS7;PIERCE2;SNAP29;CFAP20;RILP;BBS1;MKKS;IFT140;CEP131;FOXJ1;IFT80;CPLANE2;RPGRIP1L;DYNLL1;TMEM80;WDR54;TTC8;BBS10;FAM161A;TMEM138;CENPJ;TMEM216;HYLS1;IFT27;CEP162;B9D1;CEP41;ZMYND10;RAB17;CIBAR1;GAS8;CEP89;TTLL8
GO_Biological_Process_2023,Negative Regulation Of Stem Cell Population Maintenance (GO:1902455),6/20,0.063118309157382,0.8259287107007665,0,0,2.476061252180655,6.84072433512217,HDAC2;RBBP4;BRMS1L;WNT9B;OGT;SAP30
GO_Biological_Process_2023,Protein Deacylation (GO:0035601),6/20,0.063118309157382,0.8259287107007665,0,0,2.476061252180655,6.84072433512217,HDAC3;SIRT5;SIRT6;NOTUM;LYPLAL1;SIRT3
GO_Biological_Process_2023,Regulation Of Spindle Organization (GO:0090224),6/20,0.063118309157382,0.8259287107007665,0,0,2.476061252180655,6.84072433512217,GPSM2;TPX2;PSRC1;NUMA1;CENPJ;SASS6
GO_Biological_Process_2023,Protein Methylation (GO:0006479),9/35,0.063360147168006,0.8259287107007665,0,0,2.000522397805929,5.519281671366377,METTL22;PRMT2;PRMT3;FAM98B;SNRPD3;FAM98A;METTL21A;EEF1AKMT3;LCMT1
GO_Biological_Process_2023,Regulation Of G2/M Transition Of Mitotic Cell Cycle (GO:0010389),9/35,0.063360147168006,0.8259287107007665,0,0,2.000522397805929,5.519281671366377,CCNB1;RRM1;CENPF;CCND1;CDK4;PINX1;CDK2;CDK1;FBXO5
GO_Biological_Process_2023,Cholesterol Transport (GO:0030301),12/51,0.0646421120282792,0.8259287107007665,0,0,1.7786958113266746,4.8716507327837215,ABCG5;STARD4;LIPC;STARD5;NPC1;OSBPL5;SOAT2;LIPG;OSBPL2;CD36;TSKU;ABCG1
GO_Biological_Process_2023,Mismatch Repair (GO:0006298),7/25,0.0647801847254637,0.8259287107007665,0,0,2.2470308788598574,6.1495741470869145,MSH6;LIG1;MSH3;RPA3;RPA1;MLH1;MLH3
GO_Biological_Process_2023,Regulation Of Glycogen Biosynthetic Process (GO:0005979),7/25,0.0647801847254637,0.8259287107007665,0,0,2.2470308788598574,6.1495741470869145,EPM2AIP1;PPP1R3C;IRS1;PPP1R3B;PPP1R3E;PASK;GCK
GO_Biological_Process_2023,"RNA Splicing, Via Endonucleolytic Cleavage And Ligation (GO:0000394)",4/11,0.0661512168756842,0.8259287107007665,0,0,3.300532687651332,8.96362625604373,HEXIM1;FAM98B;FAM98A;TSEN54
GO_Biological_Process_2023,"Base-Excision Repair, AP Site Formation (GO:0006285)",4/11,0.0661512168756842,0.8259287107007665,0,0,3.300532687651332,8.96362625604373,SMUG1;NEIL3;NTHL1;NEIL1
GO_Biological_Process_2023,Double-Strand Break Repair Via Break-Induced Replication (GO:0000727),4/11,0.0661512168756842,0.8259287107007665,0,0,3.300532687651332,8.96362625604373,MUS81;GINS2;MCM5;MCM2
GO_Biological_Process_2023,Glutamine Family Amino Acid Biosynthetic Process (GO:0009084),4/11,0.0661512168756842,0.8259287107007665,0,0,3.300532687651332,8.96362625604373,GLUD1;PYCR2;NAGS;GLUL
GO_Biological_Process_2023,Glycerol Metabolic Process (GO:0006071),4/11,0.0661512168756842,0.8259287107007665,0,0,3.300532687651332,8.96362625604373,SHPK;PGPEP1;GALK2;GCK
GO_Biological_Process_2023,Isotype Switching (GO:0045190),4/11,0.0661512168756842,0.8259287107007665,0,0,3.300532687651332,8.96362625604373,MSH6;LIG4;EXOSC3;HSPD1
GO_Biological_Process_2023,Nucleoside Phosphate Biosynthetic Process (GO:1901293),4/11,0.0661512168756842,0.8259287107007665,0,0,3.300532687651332,8.96362625604373,NMNAT1;ME1;AK4;DCK
GO_Biological_Process_2023,Purine Ribonucleoside Monophosphate Metabolic Process (GO:0009167),4/11,0.0661512168756842,0.8259287107007665,0,0,3.300532687651332,8.96362625604373,AK4;AMPD2;GART;PFAS
GO_Biological_Process_2023,Regulation Of Lipid Kinase Activity (GO:0043550),4/11,0.0661512168756842,0.8259287107007665,0,0,3.300532687651332,8.96362625604373,RBL2;RBL1;WDR81;EEF1A2
GO_Biological_Process_2023,Retinoic Acid Receptor Signaling Pathway (GO:0048384),4/11,0.0661512168756842,0.8259287107007665,0,0,3.300532687651332,8.96362625604373,THRB;RARB;PPARG;RXRG
GO_Biological_Process_2023,"tRNA Splicing, Via Endonucleolytic Cleavage And Ligation (GO:0006388)",4/11,0.0661512168756842,0.8259287107007665,0,0,3.300532687651332,8.96362625604373,HEXIM1;FAM98B;FAM98A;TSEN54
GO_Biological_Process_2023,Telomere Maintenance In Response To DNA Damage (GO:0043247),4/11,0.0661512168756842,0.8259287107007665,0,0,3.300532687651332,8.96362625604373,SHLD2;SHLD1;TERF2IP;TRAPPC13
GO_Biological_Process_2023,Intracellular Protein Transmembrane Transport (GO:0065002),11/46,0.0678618156622731,0.8399050610908205,0,0,1.816620552400369,4.887221144198204,PEX7;PEX10;TIMM44;HYOU1;TRIM37;SEC61B;TIMM21;PEX12;TOMM40L;HSPD1;PEX26
GO_Biological_Process_2023,DNA Ligation (GO:0006266),3/7,0.0709228806412498,0.8399050610908205,0,0,4.33124364622162,11.461173130825143,TOP2A;XRCC6;LIG4
GO_Biological_Process_2023,L-alanine Transport (GO:0015808),3/7,0.0709228806412498,0.8399050610908205,0,0,4.33124364622162,11.461173130825143,SLC36A1;SLC38A3;SLC38A5
GO_Biological_Process_2023,NADH Metabolic Process (GO:0006734),3/7,0.0709228806412498,0.8399050610908205,0,0,4.33124364622162,11.461173130825143,ME1;MDH1B;NUDT12
GO_Biological_Process_2023,Alditol Metabolic Process (GO:0019400),3/7,0.0709228806412498,0.8399050610908205,0,0,4.33124364622162,11.461173130825143,SHPK;GALK2;GCK
GO_Biological_Process_2023,Collecting Duct Development (GO:0072044),3/7,0.0709228806412498,0.8399050610908205,0,0,4.33124364622162,11.461173130825143,SHH;PTCH1;DACT2
GO_Biological_Process_2023,Depyrimidination (GO:0045008),3/7,0.0709228806412498,0.8399050610908205,0,0,4.33124364622162,11.461173130825143,SMUG1;NTHL1;NEIL1
GO_Biological_Process_2023,Lymphatic Endothelial Cell Differentiation (GO:0060836),3/7,0.0709228806412498,0.8399050610908205,0,0,4.33124364622162,11.461173130825143,SOX18;NR2F2;PROX1
GO_Biological_Process_2023,Mitochondrial tRNA Modification (GO:0070900),3/7,0.0709228806412498,0.8399050610908205,0,0,4.33124364622162,11.461173130825143,TRMT10C;TRMT5;METTL8
GO_Biological_Process_2023,Negative Regulation Of Glial Cell Apoptotic Process (GO:0034351),3/7,0.0709228806412498,0.8399050610908205,0,0,4.33124364622162,11.461173130825143,PRKCI;GAS6;DLL1
GO_Biological_Process_2023,Positive Regulation Of Chromosome Condensation (GO:1905821),3/7,0.0709228806412498,0.8399050610908205,0,0,4.33124364622162,11.461173130825143,NCAPG;NCAPH;SMC2
GO_Biological_Process_2023,Protein Localization To Nucleolus (GO:1902570),3/7,0.0709228806412498,0.8399050610908205,0,0,4.33124364622162,11.461173130825143,UTP25;WRN;PINX1
GO_Biological_Process_2023,Regulation Of Chromosome Condensation (GO:0060623),3/7,0.0709228806412498,0.8399050610908205,0,0,4.33124364622162,11.461173130825143,NCAPG;NCAPH;SMC2
GO_Biological_Process_2023,Regulation Of Establishment Of Protein Localization To Mitochondrion (GO:1903747),3/7,0.0709228806412498,0.8399050610908205,0,0,4.33124364622162,11.461173130825143,DNAJA1;SREBF1;HAX1
GO_Biological_Process_2023,Regulation Of Protein Localization To Cell Cortex (GO:1904776),3/7,0.0709228806412498,0.8399050610908205,0,0,4.33124364622162,11.461173130825143,GPSM2;NUMA1;PLK1
GO_Biological_Process_2023,Response To UV-C (GO:0010225),3/7,0.0709228806412498,0.8399050610908205,0,0,4.33124364622162,11.461173130825143,WRN;MAP3K4;POLH
GO_Biological_Process_2023,Somatic Hypermutation Of Immunoglobulin Genes (GO:0016446),3/7,0.0709228806412498,0.8399050610908205,0,0,4.33124364622162,11.461173130825143,MSH6;POLL;MLH1
GO_Biological_Process_2023,Spleen Development (GO:0048536),3/7,0.0709228806412498,0.8399050610908205,0,0,4.33124364622162,11.461173130825143,PCID2;TCF21;FADD
GO_Biological_Process_2023,Double-Strand Break Repair Via Nonhomologous End Joining (GO:0006303),10/41,0.0709861553378272,0.8399050610908205,0,0,1.8643714936886395,4.931766757055077,DCLRE1A;SMARCAL1;XRCC6;PAXX;ATP23;XRCC5;LIG4;SETMAR;POLL;CYREN
GO_Biological_Process_2023,Cellular Response To Gamma Radiation (GO:0071480),5/16,0.074782544206153,0.8704363885241938,0,0,2.625697462930423,6.808881957588831,XRCC6;WRN;XRCC5;CRYAB;TSPYL5
GO_Biological_Process_2023,Establishment Of Melanosome Localization (GO:0032401),5/16,0.074782544206153,0.8704363885241938,0,0,2.625697462930423,6.808881957588831,BLOC1S5;MKKS;BLOC1S6;BBS7;RAB17
GO_Biological_Process_2023,Maturation Of 5.8S rRNA (GO:0000460),5/16,0.074782544206153,0.8704363885241938,0,0,2.625697462930423,6.808881957588831,EXOSC4;NEDD4;NOL9;URB1;WDR12
GO_Biological_Process_2023,Positive Regulation Of Myeloid Leukocyte Cytokine Production Involved In Immune Response (GO:0061081),5/16,0.074782544206153,0.8704363885241938,0,0,2.625697462930423,6.808881957588831,MAVS;WNT5A;KIT;TICAM1;RIGI
GO_Biological_Process_2023,Protein Targeting To Peroxisome (GO:0006625),5/16,0.074782544206153,0.8704363885241938,0,0,2.625697462930423,6.808881957588831,PEX7;PEX10;TRIM37;PEX12;PEX26
GO_Biological_Process_2023,Sulfation (GO:0051923),5/16,0.074782544206153,0.8704363885241938,0,0,2.625697462930423,6.808881957588831,SULT1B1;SULT1C2;HS3ST6;SULT4A1;SULT2A1
GO_Biological_Process_2023,Positive Regulation Of G1/S Transition Of Mitotic Cell Cycle (GO:1900087),8/31,0.0762758600532743,0.8854184295373329,0,0,2.009858614480947,5.172167691911746,LSM10;RRM1;MBLAC1;RRM2;TFDP1;CENPJ;RDX;SASS6
GO_Biological_Process_2023,DNA Replication Initiation (GO:0006270),6/21,0.0777498990767437,0.8857713966435392,0,0,2.3108548168249663,5.902519462731108,ORC4;PURA;MCM10;MCM5;NOC3L;MCM2
GO_Biological_Process_2023,Negative Regulation Of Double-Strand Break Repair Via Homologous Recombination (GO:2000042),6/21,0.0777498990767437,0.8857713966435392,0,0,2.3108548168249663,5.902519462731108,RMI2;FBH1;SHLD2;SHLD1;TRAPPC13;UBQLN4
GO_Biological_Process_2023,Positive Regulation Of G2/M Transition Of Mitotic Cell Cycle (GO:0010971),6/21,0.0777498990767437,0.8857713966435392,0,0,2.3108548168249663,5.902519462731108,RRM1;CCNB1;CCND1;CDK4;CDK1;FBXO5
GO_Biological_Process_2023,Regulation Of Steroid Metabolic Process (GO:0019218),6/21,0.0777498990767437,0.8857713966435392,0,0,2.3108548168249663,5.902519462731108,DGKQ;NR1H4;RORC;ABCB11;FMO5;ABCG1
GO_Biological_Process_2023,Regulation Of Transferase Activity (GO:0051338),6/21,0.0777498990767437,0.8857713966435392,0,0,2.3108548168249663,5.902519462731108,HPF1;FEM1A;PINX1;EMP2;JMJD8;PUM3
GO_Biological_Process_2023,Skin Epidermis Development (GO:0098773),6/21,0.0777498990767437,0.8857713966435392,0,0,2.3108548168249663,5.902519462731108,STMN1;IL18;LSR;CLDN1;DLL1;MET
GO_Biological_Process_2023,snRNA Metabolic Process (GO:0016073),6/21,0.0777498990767437,0.8857713966435392,0,0,2.3108548168249663,5.902519462731108,INTS11;ZCCHC8;USPL1;INTS3;INTS10;INTS5
GO_Biological_Process_2023,NADH Dehydrogenase Complex Assembly (GO:0010257),12/53,0.0824923719949136,0.9348409966178214,0,0,1.6917311933146524,4.220952984415479,NDUFS8;NDUFAF6;DMAC2;NDUFAF4;NDUFAF5;NDUFAF3;TIMM21;TMEM126B;NDUFAF1;ECSIT;BCS1L;TMEM186
GO_Biological_Process_2023,Mitochondrial Respiratory Chain Complex I Assembly (GO:0032981),12/53,0.0824923719949136,0.9348409966178214,0,0,1.6917311933146524,4.220952984415479,NDUFS8;NDUFAF6;DMAC2;NDUFAF4;NDUFAF5;NDUFAF3;TIMM21;TMEM126B;NDUFAF1;ECSIT;BCS1L;TMEM186
GO_Biological_Process_2023,Negative Regulation Of Transferase Activity (GO:0051348),9/37,0.0853891261076401,0.9625887050716914,0,0,1.857409653165171,4.57022427538142,CDC20;PRDX3;DTX3L;NPRL2;PINX1;BUB3;FBXO5;MEN1;MAD2L1
GO_Biological_Process_2023,Regulation Of Sodium Ion Transmembrane Transporter Activity (GO:2000649),9/37,0.0853891261076401,0.9625887050716914,0,0,1.857409653165171,4.57022427538142,NEDD4;PCSK9;FXYD7;RANGRF;GPD1L;SCN4B;FGF11;PTPN3;SCN2B
GO_Biological_Process_2023,DNA Strand Elongation Involved In DNA Replication (GO:0006271),4/12,0.0880077881462398,0.9667351664657294,0,0,2.887796610169492,7.018298639597533,RFC3;RFC4;POLD2;LIG3
GO_Biological_Process_2023,V(D)J Recombination (GO:0033151),4/12,0.0880077881462398,0.9667351664657294,0,0,2.887796610169492,7.018298639597533,DCAF1;LIG1;LIG4;LIG3
GO_Biological_Process_2023,acetyl-CoA Biosynthetic Process (GO:0006085),4/12,0.0880077881462398,0.9667351664657294,0,0,2.887796610169492,7.018298639597533,ACLY;ACSS2;PPCS;DLAT
GO_Biological_Process_2023,Adipose Tissue Development (GO:0060612),4/12,0.0880077881462398,0.9667351664657294,0,0,2.887796610169492,7.018298639597533,XBP1;DGAT2;NAMPT;RORC
GO_Biological_Process_2023,Nucleotide Metabolic Process (GO:0009117),4/12,0.0880077881462398,0.9667351664657294,0,0,2.887796610169492,7.018298639597533,NMNAT1;ME1;NUDT5;DCK
GO_Biological_Process_2023,Oligosaccharide-Lipid Intermediate Biosynthetic Process (GO:0006490),4/12,0.0880077881462398,0.9667351664657294,0,0,2.887796610169492,7.018298639597533,ALG8;ALG9;ALG12;ALG11
GO_Biological_Process_2023,Positive Regulation Of Fatty Acid Oxidation (GO:0046321),4/12,0.0880077881462398,0.9667351664657294,0,0,2.887796610169492,7.018298639597533,ABCD2;KLHL25;IRS1;MTLN
GO_Biological_Process_2023,Positive Regulation Of mRNA Metabolic Process (GO:1903313),4/12,0.0880077881462398,0.9667351664657294,0,0,2.887796610169492,7.018298639597533,MOV10;UPF1;PNPT1;CNOT8
GO_Biological_Process_2023,Regulation Of T Cell Differentiation In Thymus (GO:0033081),4/12,0.0880077881462398,0.9667351664657294,0,0,2.887796610169492,7.018298639597533,SHH;IHH;FOXJ1;ZC3H8
GO_Biological_Process_2023,Semaphorin-Plexin Signaling Pathway Involved In Neuron Projection Guidance (GO:1902285),4/12,0.0880077881462398,0.9667351664657294,0,0,2.887796610169492,7.018298639597533,PLXND1;PLXNB2;PLXNB1;PLXNA3
GO_Biological_Process_2023,Chromosome Condensation (GO:0030261),8/32,0.0891218811206044,0.973803693383386,0,0,1.926001357773252,4.65659054410311,TOP2A;AIFM1;PLK1;NCAPG;NCAPD2;TENT4A;NCAPH;SMC2
GO_Biological_Process_2023,Left/Right Pattern Formation (GO:0060972),8/32,0.0891218811206044,0.973803693383386,0,0,1.926001357773252,4.65659054410311,ODAD3;LEFTY1;MKKS;FOXJ1;BBS7;PIERCE2;DLL1;DNAI1
GO_Biological_Process_2023,Regulation Of Double-Strand Break Repair (GO:2000779),18/88,0.0913574362026943,0.973803693383386,0,0,1.4868042039704166,3.557886176203023,OTUB2;SMARCD2;SMARCB1;DDX11;SIRT6;FOXM1;SMARCA2;ZCWPW1;RAD51;BCL7A;RUVBL2;FIGNL1;SHLD2;RUVBL1;DPF3;TERF2IP;DMAP1;WRAP53
GO_Biological_Process_2023,GPI Anchor Metabolic Process (GO:0006505),7/27,0.0922376817124775,0.973803693383386,0,0,2.0220902612826603,4.819422704429346,PIGB;SLC30A5;PIGP;PIGW;PIGG;PIGV;PIGH
GO_Biological_Process_2023,Peptidyl-Proline Modification (GO:0018208),7/27,0.0922376817124775,0.973803693383386,0,0,2.0220902612826603,4.819422704429346,PPIL1;OGFOD1;PPIF;PPIH;PPIB;PPIL3;PPID
GO_Biological_Process_2023,Protein Quality Control For Misfolded Or Incompletely Synthesized Proteins (GO:0006515),7/27,0.0922376817124775,0.973803693383386,0,0,2.0220902612826603,4.819422704429346,ATXN3;PEX10;OMA1;PEX12;RNF5;UGGT1;ANKZF1
GO_Biological_Process_2023,Negative Regulation Of TOR Signaling (GO:0032007),12/54,0.0924686918360631,0.973803693383386,0,0,1.6513547635233563,3.931686047715453,EPM2A;RNF167;DEPTOR;ENDOG;NUAK2;NPC1;NPRL2;TBC1D7;TNFAIP8L1;UBR2;RNF152;WDR24
GO_Biological_Process_2023,NAD Biosynthetic Process (GO:0009435),5/17,0.0935706728827959,0.973803693383386,0,0,2.406748050186504,5.701678233521241,NMNAT1;NAMPT;PARP16;PARP9;NUDT12
GO_Biological_Process_2023,Embryonic Digit Morphogenesis (GO:0042733),5/17,0.0935706728827959,0.973803693383386,0,0,2.406748050186504,5.701678233521241,HDAC2;SHH;SALL1;INTU;TBX3
GO_Biological_Process_2023,Negative Regulation Of Rho Protein Signal Transduction (GO:0035024),5/17,0.0935706728827959,0.973803693383386,0,0,2.406748050186504,5.701678233521241,KANK1;STMN1;KCTD13;DYNLL1;MET
GO_Biological_Process_2023,Negative Regulation Of Ubiquitin-Protein Transferase Activity (GO:0051444),5/17,0.0935706728827959,0.973803693383386,0,0,2.406748050186504,5.701678233521241,CDC20;DTX3L;BUB3;FBXO5;MAD2L1
GO_Biological_Process_2023,rRNA Modification (GO:0000154),5/17,0.0935706728827959,0.973803693383386,0,0,2.406748050186504,5.701678233521241,FBL;NSUN4;TFB1M;MRM1;MRM2
GO_Biological_Process_2023,Regulation Of Aerobic Respiration (GO:1903715),5/17,0.0935706728827959,0.973803693383386,0,0,2.406748050186504,5.701678233521241,ACTN3;SHMT2;UQCC2;AK4;COX7A1
GO_Biological_Process_2023,Regulation Of Ubiquitin Protein Ligase Activity (GO:1904666),5/17,0.0935706728827959,0.973803693383386,0,0,2.406748050186504,5.701678233521241,CDC20;UBE2C;PLK1;FBXO5;MAD2L1
GO_Biological_Process_2023,Protein Peptidyl-Prolyl Isomerization (GO:0000413),6/22,0.0941202272891249,0.973803693383386,0,0,2.166299185888738,5.119359893115094,PPIL1;PPIF;PPIH;PPIB;PPIL3;PPID
GO_Biological_Process_2023,Regulation Of Intracellular Steroid Hormone Receptor Signaling Pathway (GO:0033143),6/22,0.0941202272891249,0.973803693383386,0,0,2.166299185888738,5.119359893115094,UFL1;PRMT2;RNF14;UBA5;TRIM68;RNF6
GO_Biological_Process_2023,snRNA 3'-End Processing (GO:0034472),6/22,0.0941202272891249,0.973803693383386,0,0,2.166299185888738,5.119359893115094,EXOSC7;EXOSC5;EXOSC4;EXOSC8;INTS5;EXOSC3
GO_Biological_Process_2023,Import Into Cell (GO:0098657),9/38,0.097917940823447,0.973803693383386,0,0,1.7932556641882793,4.166854570698177,SLC36A1;SLC5A6;NEURL1B;SLC6A6;SLC46A1;SLC47A1;SLC29A1;SLC38A5;SLC29A2
GO_Biological_Process_2023,Erythrocyte Differentiation (GO:0030218),11/49,0.0984724287544132,0.973803693383386,0,0,1.6729080601605952,3.8777652189080607,UFL1;MFHAS1;DYRK3;ALAS1;RACGAP1;CASP3;UBA5;KIT;CEBPG;INHBA;KLF1
GO_Biological_Process_2023,Organic Anion Transport (GO:0015711),18/89,0.0994429427828523,0.973803693383386,0,0,1.465776950531527,3.3832641995151733,SLC35A2;SLC22A3;SLC35A1;SLC35B4;ABCC6;SLC2A2;SLC2A4;SLC9A3R1;SLC25A17;SLC25A19;SLCO2B1;CPTP;CYB5RL;SLC17A1;SLC25A23;SLC22A7;SLC17A3;SLC26A6
GO_Biological_Process_2023,GMP Metabolic Process (GO:0046037),3/8,0.1013481375884455,0.973803693383386,0,0,3.464791596069129,7.931579378658981,GART;PAICS;PFAS
GO_Biological_Process_2023,RISC Complex Assembly (GO:0070922),3/8,0.1013481375884455,0.973803693383386,0,0,3.464791596069129,7.931579378658981,HEXIM1;AGO1;DICER1
GO_Biological_Process_2023,Acid Secretion (GO:0046717),3/8,0.1013481375884455,0.973803693383386,0,0,3.464791596069129,7.931579378658981,SLC9A3R1;SLC51B;SLC26A6
GO_Biological_Process_2023,Actin Filament Network Formation (GO:0051639),3/8,0.1013481375884455,0.973803693383386,0,0,3.464791596069129,7.931579378658981,COBL;PLS3;PLS1
GO_Biological_Process_2023,Alcohol Catabolic Process (GO:0046164),3/8,0.1013481375884455,0.973803693383386,0,0,3.464791596069129,7.931579378658981,CYP27A1;AKR1D1;CYP7A1
GO_Biological_Process_2023,Androgen Biosynthetic Process (GO:0006702),3/8,0.1013481375884455,0.973803693383386,0,0,3.464791596069129,7.931579378658981,HSD3B2;SRD5A2;HSD17B6
GO_Biological_Process_2023,Apoptotic DNA Fragmentation (GO:0006309),3/8,0.1013481375884455,0.973803693383386,0,0,3.464791596069129,7.931579378658981,ENDOG;DICER1;EXOG
GO_Biological_Process_2023,Box C/D snoRNP Assembly (GO:0000492),3/8,0.1013481375884455,0.973803693383386,0,0,3.464791596069129,7.931579378658981,RUVBL2;ZNHIT6;RUVBL1
GO_Biological_Process_2023,Endosome To Melanosome Transport (GO:0035646),3/8,0.1013481375884455,0.973803693383386,0,0,3.464791596069129,7.931579378658981,RAB32;BLOC1S5;BLOC1S6
GO_Biological_Process_2023,Endosome To Pigment Granule Transport (GO:0043485),3/8,0.1013481375884455,0.973803693383386,0,0,3.464791596069129,7.931579378658981,RAB32;BLOC1S5;BLOC1S6
GO_Biological_Process_2023,Glycerol Transmembrane Transport (GO:0015793),3/8,0.1013481375884455,0.973803693383386,0,0,3.464791596069129,7.931579378658981,AQP9;AQP11;AQP7
GO_Biological_Process_2023,Isoprenoid Metabolic Process (GO:0006720),3/8,0.1013481375884455,0.973803693383386,0,0,3.464791596069129,7.931579378658981,MVK;MVD;HMGCR
GO_Biological_Process_2023,Kynurenine Metabolic Process (GO:0070189),3/8,0.1013481375884455,0.973803693383386,0,0,3.464791596069129,7.931579378658981,KYAT3;KYAT1;IDO2
GO_Biological_Process_2023,mRNA Pseudouridine Synthesis (GO:1990481),3/8,0.1013481375884455,0.973803693383386,0,0,3.464791596069129,7.931579378658981,TRUB1;TRUB2;RPUSD2
GO_Biological_Process_2023,Maintenance Of Apical/Basal Cell Polarity (GO:0035090),3/8,0.1013481375884455,0.973803693383386,0,0,3.464791596069129,7.931579378658981,SLC9A3R1;PDZD11;LIN7A
GO_Biological_Process_2023,Maintenance Of Epithelial Cell Apical/Basal Polarity (GO:0045199),3/8,0.1013481375884455,0.973803693383386,0,0,3.464791596069129,7.931579378658981,SLC9A3R1;PDZD11;LIN7A
GO_Biological_Process_2023,Negative Regulation Of Mitotic Nuclear Division (GO:0045839),3/8,0.1013481375884455,0.973803693383386,0,0,3.464791596069129,7.931579378658981,TOM1L1;NME6;FBXO5
GO_Biological_Process_2023,Negative Regulation Of Protein Import Into Nucleus (GO:0042308),3/8,0.1013481375884455,0.973803693383386,0,0,3.464791596069129,7.931579378658981,S100G;RAB23;SIRT6
GO_Biological_Process_2023,Negative Regulation Of Protein-Containing Complex Disassembly (GO:0043242),3/8,0.1013481375884455,0.973803693383386,0,0,3.464791596069129,7.931579378658981,RUBCN;TMEM39A;UBQLN4
GO_Biological_Process_2023,Nicotinamide Nucleotide Biosynthetic Process (GO:0019359),3/8,0.1013481375884455,0.973803693383386,0,0,3.464791596069129,7.931579378658981,NMNAT1;NAMPT;NADK
GO_Biological_Process_2023,Nucleoside Diphosphate Metabolic Process (GO:0009132),3/8,0.1013481375884455,0.973803693383386,0,0,3.464791596069129,7.931579378658981,RRM1;RRM2;ENTPD8
GO_Biological_Process_2023,Positive Regulation Of Chromatin Binding (GO:0035563),3/8,0.1013481375884455,0.973803693383386,0,0,3.464791596069129,7.931579378658981,DTX3L;DDX11;PARP9
GO_Biological_Process_2023,Positive Regulation Of Fatty Acid Beta-Oxidation (GO:0032000),3/8,0.1013481375884455,0.973803693383386,0,0,3.464791596069129,7.931579378658981,ABCD2;IRS1;MTLN
GO_Biological_Process_2023,Positive Regulation Of Ubiquitin Protein Ligase Activity (GO:1904668),3/8,0.1013481375884455,0.973803693383386,0,0,3.464791596069129,7.931579378658981,CDC20;UBE2C;PLK1
GO_Biological_Process_2023,Protein K29-linked Ubiquitination (GO:0035519),3/8,0.1013481375884455,0.973803693383386,0,0,3.464791596069129,7.931579378658981,RNF167;UBE2T;RNF186
GO_Biological_Process_2023,Pyrimidine-Containing Compound Metabolic Process (GO:0072527),3/8,0.1013481375884455,0.973803693383386,0,0,3.464791596069129,7.931579378658981,SLC25A19;DCK;SLC19A2
GO_Biological_Process_2023,Regulation Of Generation Of Precursor Metabolites And Energy (GO:0043467),3/8,0.1013481375884455,0.973803693383386,0,0,3.464791596069129,7.931579378658981,TIGAR;PNPT1;NOA1
GO_Biological_Process_2023,Regulation Of Glucan Biosynthetic Process (GO:0010962),3/8,0.1013481375884455,0.973803693383386,0,0,3.464791596069129,7.931579378658981,PPP1R3C;PPP1R3B;PPP1R3E
GO_Biological_Process_2023,Regulation Of Helicase Activity (GO:0051095),3/8,0.1013481375884455,0.973803693383386,0,0,3.464791596069129,7.931579378658981,MSH6;MSH3;SSBP1
GO_Biological_Process_2023,Regulation Of Sister Chromatid Cohesion (GO:0007063),3/8,0.1013481375884455,0.973803693383386,0,0,3.464791596069129,7.931579378658981,ESPL1;DDX11;BUB1
GO_Biological_Process_2023,Regulation Of Sterol Biosynthetic Process (GO:0106118),3/8,0.1013481375884455,0.973803693383386,0,0,3.464791596069129,7.931579378658981,SEC14L2;ERLIN1;ERLIN2
GO_Biological_Process_2023,Selenocysteine Incorporation (GO:0001514),3/8,0.1013481375884455,0.973803693383386,0,0,3.464791596069129,7.931579378658981,SEPSECS;SECISBP2L;DIO2
GO_Biological_Process_2023,Somatic Recombination Of Immunoglobulin Gene Segments (GO:0016447),3/8,0.1013481375884455,0.973803693383386,0,0,3.464791596069129,7.931579378658981,MSH6;MSH3;LIG4
GO_Biological_Process_2023,Somite Development (GO:0061053),3/8,0.1013481375884455,0.973803693383386,0,0,3.464791596069129,7.931579378658981,SHH;MTHFD1;PTCH1
GO_Biological_Process_2023,Translational Readthrough (GO:0006451),3/8,0.1013481375884455,0.973803693383386,0,0,3.464791596069129,7.931579378658981,SEPSECS;SECISBP2L;DIO2
GO_Biological_Process_2023,Vitamin K Metabolic Process (GO:0042373),3/8,0.1013481375884455,0.973803693383386,0,0,3.464791596069129,7.931579378658981,CBR1;UBIAD1;GGCX
GO_Biological_Process_2023,Cilium Organization (GO:0044782),41/228,0.1021640045115892,0.979451784324276,0,0,1.2689180531308113,2.8946252432971016,INTU;TRAF3IP1;IFT172;CEP19;CCP110;CCDC28B;AURKA;SLC9A3R1;TBC1D31;TTC21B;RAB23;TMEM107;CCDC96;POC1A;BBS7;SNAP29;CFAP20;RILP;BBS1;MKKS;IFT140;CEP131;FOXJ1;IFT80;CPLANE2;WDR54;TTC8;FAM161A;TMEM138;CENPJ;TMEM216;HYLS1;IFT27;CEP162;B9D1;CEP41;FAM161B;RAB17;CIBAR1;CEP89;TTLL8
GO_Biological_Process_2023,Regulation Of Type I Interferon-Mediated Signaling Pathway (GO:0060338),8/33,0.1031388701622669,0.9865956511067628,0,0,1.8488526816021724,4.19999970888484,RBM47;MAVS;STAT2;METTL3;WNT5A;FADD;TTLL12;IKBKE
GO_Biological_Process_2023,Regulation Of Mitotic Cell Cycle (GO:0007346),24/125,0.10399523886817,0.992576779863978,0,0,1.3742439090325416,3.110477627399989,FOXA1;BTG4;CDCA2;ASAH2;ANGEL2;USP2;PLK1;PDXP;MKI67;THAP1;CKS1B;AURKA;CDC20;SLC9A3R1;CCNB1;TFAP4;UBD;CCDC8;GAS1;FBXO5;TTLL12;KIF20B;MAD2L1;PTPN3
GO_Biological_Process_2023,Positive Regulation Of Nucleocytoplasmic Transport (GO:0046824),10/44,0.1048095363679779,0.9959224750010298,0,0,1.6995684143222507,3.8335643869146,KHDRBS1;MAVS;HDAC3;NCBP2;NEDD4;CHP2;SIRT6;DMAP1;ECT2;GAS6
GO_Biological_Process_2023,Regulation Of DNA Recombination (GO:0000018),10/44,0.1048095363679779,0.9959224750010298,0,0,1.6995684143222507,3.8335643869146,MSH6;ZCWPW1;RAD50;RAD51;MSH3;FIGNL1;SHLD2;TERF2IP;SIRT6;KPNA2
GO_Biological_Process_2023,Diterpenoid Metabolic Process (GO:0016101),7/28,0.1080567338346404,0.9999960968655396,0,0,1.9256871394638613,4.28484429051718,ALDH3A2;PECR;ADH4;AWAT2;RDH11;RDH10;LRAT
GO_Biological_Process_2023,Primary Neural Tube Formation (GO:0014020),7/28,0.1080567338346404,0.9999960968655396,0,0,1.9256871394638613,4.28484429051718,CSRP3;MTHFD1;DVL2;COBL;PLXNB2;CELSR1;DYNLL1
GO_Biological_Process_2023,Regulation Of Glucose Metabolic Process (GO:0010906),7/28,0.1080567338346404,0.9999960968655396,0,0,1.9256871394638613,4.28484429051718,BCKDK;IRS1;DGKQ;RORC;OGT;PDK2;PDK1
GO_Biological_Process_2023,Regulation Of Lipid Biosynthetic Process (GO:0046890),7/28,0.1080567338346404,0.9999960968655396,0,0,1.9256871394638613,4.28484429051718,C3;MLXIPL;MID1IP1;MLST8;SIRT4;CREBL2;THRSP
GO_Biological_Process_2023,Nuclear Transport (GO:0051169),9/39,0.1114464947449121,0.9999960968655396,0,0,1.7333786078098472,3.803397838163721,NDC1;XPO1;NUP133;NUP155;NUP210;NUP85;NUP35;NUP43;NUP37
GO_Biological_Process_2023,"Nuclear-Transcribed mRNA Catabolic Process, Deadenylation-Dependent Decay (GO:0000288)",9/39,0.1114464947449121,0.9999960968655396,0,0,1.7333786078098472,3.803397838163721,EXOSC7;EXOSC5;NLRP6;EXOSC8;TNKS1BP1;EXOSC3;CNOT8;DCPS;EXOSC2
GO_Biological_Process_2023,Positive Regulation Of Lipid Biosynthetic Process (GO:0046889),9/39,0.1114464947449121,0.9999960968655396,0,0,1.7333786078098472,3.803397838163721,SREBF1;MLXIPL;FABP3;LPGAT1;MID1IP1;MLST8;SIRT4;CREBL2;CGA
GO_Biological_Process_2023,Histone mRNA Metabolic Process (GO:0008334),6/23,0.1121792362305491,0.9999960968655396,0,0,2.038750099768537,4.460086667795515,LSM10;UPF1;MBLAC1;EXOSC4;NCBP2;ERI1
GO_Biological_Process_2023,Long-Chain Fatty Acid Transport (GO:0015909),6/23,0.1121792362305491,0.9999960968655396,0,0,2.038750099768537,4.460086667795515,ABCD2;FABP3;FABP5;PPARG;ACSL3;CD36
GO_Biological_Process_2023,Microtubule Nucleation (GO:0007020),6/23,0.1121792362305491,0.9999960968655396,0,0,2.038750099768537,4.460086667795515,NEDD1;TPX2;NDE1;SSNA1;CENPJ;TPPP
GO_Biological_Process_2023,Regulation Of Cell Junction Assembly (GO:1901888),6/23,0.1121792362305491,0.9999960968655396,0,0,2.038750099768537,4.460086667795515,RAP2A;CLDN3;SNAI2;RAB17;PDLIM5;CRB3
GO_Biological_Process_2023,Rescue Of Stalled Ribosome (GO:0072344),6/23,0.1121792362305491,0.9999960968655396,0,0,2.038750099768537,4.460086667795515,MTRES1;MTRFR;RNF14;RNF25;USP10;ANKZF1
GO_Biological_Process_2023,T Cell Differentiation In Thymus (GO:0033077),4/13,0.1128488532702377,0.9999960968655396,0,0,2.566779661016949,5.599958426207186,SHH;LIG4;FADD;MR1
GO_Biological_Process_2023,acyl-CoA Biosynthetic Process (GO:0071616),4/13,0.1128488532702377,0.9999960968655396,0,0,2.566779661016949,5.599958426207186,SLC25A1;ACLY;ACSS2;PPCS
GO_Biological_Process_2023,Branching Involved In Blood Vessel Morphogenesis (GO:0001569),4/13,0.1128488532702377,0.9999960968655396,0,0,2.566779661016949,5.599958426207186,DLL4;SHH;GDF2;NRARP
GO_Biological_Process_2023,Cellular Response To Interleukin-4 (GO:0071353),4/13,0.1128488532702377,0.9999960968655396,0,0,2.566779661016949,5.599958426207186,XBP1;SHPK;TCF7;XCL1
GO_Biological_Process_2023,Endoplasmic Reticulum Mannose Trimming (GO:1904380),4/13,0.1128488532702377,0.9999960968655396,0,0,2.566779661016949,5.599958426207186,EDEM1;EDEM2;RNF5;UGGT1
GO_Biological_Process_2023,Ether Lipid Metabolic Process (GO:0046485),4/13,0.1128488532702377,0.9999960968655396,0,0,2.566779661016949,5.599958426207186,GNPAT;PEX7;TMEM86B;PLAAT3
GO_Biological_Process_2023,Negative Regulation Of Myoblast Differentiation (GO:0045662),4/13,0.1128488532702377,0.9999960968655396,0,0,2.566779661016949,5.599958426207186,DLL1;TBX3;EID2B;SOX4
GO_Biological_Process_2023,Positive Regulation Of Fatty Acid Biosynthetic Process (GO:0045723),4/13,0.1128488532702377,0.9999960968655396,0,0,2.566779661016949,5.599958426207186,MLXIPL;ABCD2;LPGAT1;MID1IP1
GO_Biological_Process_2023,Positive Regulation Of Glycogen Biosynthetic Process (GO:0045725),4/13,0.1128488532702377,0.9999960968655396,0,0,2.566779661016949,5.599958426207186,EPM2AIP1;IRS1;PPP1R3E;GCK
GO_Biological_Process_2023,Protein Hydroxylation (GO:0018126),4/13,0.1128488532702377,0.9999960968655396,0,0,2.566779661016949,5.599958426207186,JMJD4;EGLN3;OGFOD1;VIPAS39
GO_Biological_Process_2023,Regulation Of Cellular Ketone Metabolic Process (GO:0010565),4/13,0.1128488532702377,0.9999960968655396,0,0,2.566779661016949,5.599958426207186,NR1H4;SIRT5;CYP7A1;PDK2
GO_Biological_Process_2023,Regulation Of Fatty Acid Beta-Oxidation (GO:0031998),4/13,0.1128488532702377,0.9999960968655396,0,0,2.566779661016949,5.599958426207186,ABCD2;IRS1;MTLN;ABCD1
GO_Biological_Process_2023,Regulation Of Gastrulation (GO:0010470),4/13,0.1128488532702377,0.9999960968655396,0,0,2.566779661016949,5.599958426207186,PHLDB1;OTX2;PHLDB2;FOXA2
GO_Biological_Process_2023,Response To UV-A (GO:0070141),4/13,0.1128488532702377,0.9999960968655396,0,0,2.566779661016949,5.599958426207186,OPN1SW;MME;CCND1;PPID
GO_Biological_Process_2023,Thymus Development (GO:0048538),4/13,0.1128488532702377,0.9999960968655396,0,0,2.566779661016949,5.599958426207186,SHH;HAND2;FADD;EPHB3
GO_Biological_Process_2023,fatty-acyl-CoA Metabolic Process (GO:0035337),5/18,0.1145139765918755,0.9999960968655396,0,0,2.221483162480111,4.814083741341515,SLC25A1;NUDT7;DGAT2;NUDT19;ACSL3
GO_Biological_Process_2023,Melanosome Localization (GO:0032400),5/18,0.1145139765918755,0.9999960968655396,0,0,2.221483162480111,4.814083741341515,BLOC1S5;MKKS;BLOC1S6;BBS7;RAB17
GO_Biological_Process_2023,"Negative Regulation Of DNA-templated Transcription, Elongation (GO:0032785)",5/18,0.1145139765918755,0.9999960968655396,0,0,2.221483162480111,4.814083741341515,HEXIM1;PARP1;ZC3H4;WDR82;SIRT6
GO_Biological_Process_2023,Neuron Fate Commitment (GO:0048663),5/18,0.1145139765918755,0.9999960968655396,0,0,2.221483162480111,4.814083741341515,DLL4;SHH;BHLHA15;DLL1;POU3F2
GO_Biological_Process_2023,Regulation Of DNA Damage Checkpoint (GO:2000001),5/18,0.1145139765918755,0.9999960968655396,0,0,2.221483162480111,4.814083741341515,ETAA1;RAD51;WDR76;TELO2;TTI1
GO_Biological_Process_2023,Regulation Of Cell Cycle G2/M Phase Transition (GO:1902749),5/18,0.1145139765918755,0.9999960968655396,0,0,2.221483162480111,4.814083741341515,DYRK3;CENPF;CDK4;CDK2;AURKA
GO_Biological_Process_2023,Regulation Of Histone Modification (GO:0031056),5/18,0.1145139765918755,0.9999960968655396,0,0,2.221483162480111,4.814083741341515,HPF1;NFYA;NFYB;TADA3;KAT14
GO_Biological_Process_2023,Response To Cholesterol (GO:0070723),5/18,0.1145139765918755,0.9999960968655396,0,0,2.221483162480111,4.814083741341515,MYL1;PTCH1;PMVK;CCR5;CYP7A1
GO_Biological_Process_2023,Positive Regulation Of Protein Localization (GO:1903829),17/85,0.1157689308933835,0.9999960968655396,0,0,1.4451821586653046,3.116042589659838,CARD10;NUMA1;DTX3L;WNT5A;PLK1;SIRT6;PDZK1;TYK2;PARP9;PTP4A3;CENPJ;TRAPPC12;CDK1;RANGRF;GPD1L;CENPQ;GAS8
GO_Biological_Process_2023,Regulation Of Cellular Metabolic Process (GO:0031323),10/45,0.1178371601991765,0.9999960968655396,0,0,1.6509122670807452,3.5303959887440044,PNPT1;NEK4;ANGPTL8;BCO2;MPV17;FOXM1;JMJD8;OGT;PDK2;GCK
GO_Biological_Process_2023,Triglyceride Metabolic Process (GO:0006641),10/45,0.1178371601991765,0.9999960968655396,0,0,1.6509122670807452,3.5303959887440044,LPGAT1;LIPC;DGAT2;GPAM;MOGAT2;PNPLA3;PLAAT3;PNPLA5;GCK;GALK2
GO_Biological_Process_2023,Negative Regulation Of Ras Protein Signal Transduction (GO:0046580),8/34,0.1183047524622105,0.9999960968655396,0,0,1.7776385189827144,3.7943540170167567,KANK1;STMN1;KCTD13;MFN2;STAMBP;DYNLL1;LZTR1;MET
GO_Biological_Process_2023,Negative Regulation Of Cell Cycle Process (GO:0010948),8/34,0.1183047524622105,0.9999960968655396,0,0,1.7776385189827144,3.7943540170167567,TOM1L1;ESPL1;NME6;CCP110;FBXO5;BAZ1B;AURKB;E2F8
GO_Biological_Process_2023,Semaphorin-Plexin Signaling Pathway (GO:0071526),8/34,0.1183047524622105,0.9999960968655396,0,0,1.7776385189827144,3.7943540170167567,SEMA4A;SEMA6C;PLXND1;PLXNB2;PLXNB1;SEMA4G;MET;PLXNA3
GO_Biological_Process_2023,Smoothened Signaling Pathway (GO:0007224),8/34,0.1183047524622105,0.9999960968655396,0,0,1.7776385189827144,3.7943540170167567,EVC2;SHH;PTCH1;IHH;IFT27;PKD2L1;B9D1;DISP1
GO_Biological_Process_2023,"Negative Regulation Of Gene Expression, Epigenetic (GO:0045814)",11/51,0.122779227623273,0.9999960968655396,0,0,1.5890757730207272,3.332875776078705,CREBZF;SUV39H2;HELLS;DNMT1;UHRF1;TASOR;SIRT6;UBR2;TRIM37;LMNB2;PHF19
GO_Biological_Process_2023,Positive Regulation Of DNA Recombination (GO:0045911),11/51,0.122779227623273,0.9999960968655396,0,0,1.5890757730207272,3.332875776078705,ZCWPW1;WDR48;PARP1;KMT5C;RUVBL2;SHLD2;RUVBL1;SHLD1;TRAPPC13;DMAP1;WRAP53
GO_Biological_Process_2023,Sarcomere Organization (GO:0045214),7/29,0.1252192703295129,0.9999960968655396,0,0,1.838047937810408,3.818891827079603,CSRP3;TNNT3;CAPN3;CASQ1;MYOZ2;LMOD2;MYH7
GO_Biological_Process_2023,Tube Closure (GO:0060606),7/29,0.1252192703295129,0.9999960968655396,0,0,1.838047937810408,3.818891827079603,CSRP3;MTHFD1;DVL2;COBL;PLXNB2;CELSR1;DYNLL1
GO_Biological_Process_2023,Positive Regulation Of Stem Cell Population Maintenance (GO:1902459),9/40,0.1259552302010603,0.9999960968655396,0,0,1.6773645873267975,3.475212177991447,HDAC2;SMARCB1;BCL7A;RBBP4;BRMS1L;SIRT6;SMARCA2;OGT;SAP30
GO_Biological_Process_2023,Protein Deacetylation (GO:0006476),9/40,0.1259552302010603,0.9999960968655396,0,0,1.6773645873267975,3.475212177991447,HDAC2;HDAC3;RBBP4;BRMS1L;HDAC11;SIRT4;SIRT5;SIRT6;SIRT3
GO_Biological_Process_2023,Myeloid Cell Differentiation (GO:0030099),12/57,0.1266046330697808,0.9999960968655396,0,0,1.5409925220938137,3.184747939361854,PRDX3;UFL1;CEBPA;MFHAS1;DYRK3;RACGAP1;CASP3;UBA5;KIT;INHBA;TIRAP;KLF1
GO_Biological_Process_2023,Acylglycerol Homeostasis (GO:0055090),6/24,0.1318494113694187,0.9999960968655396,0,0,1.9253731343283584,3.900988554416797,MLXIPL;LIPC;ANGPTL8;IL18;ANGPTL3;MTLN
GO_Biological_Process_2023,Positive Regulation Of Lipid Metabolic Process (GO:0045834),6/24,0.1318494113694187,0.9999960968655396,0,0,1.9253731343283584,3.900988554416797,MLXIPL;EEF1A2;SIRT4;ANGPTL3;MLST8;CREBL2
GO_Biological_Process_2023,Regulation Of Viral Life Cycle (GO:1903900),6/24,0.1318494113694187,0.9999960968655396,0,0,1.9253731343283584,3.900988554416797,LAMP3;KPNA6;TRIM68;HS3ST6;KPNA2;TRIM21
GO_Biological_Process_2023,Establishment Of Spindle Orientation (GO:0051294),8/35,0.1345846404399871,0.9999960968655396,0,0,1.7116994795202534,3.432919398874324,GPSM2;HDAC3;NUMA1;UBXN2B;NDE1;PLK1;NDC80;MAD2L1
GO_Biological_Process_2023,Skeletal Muscle Organ Development (GO:0060538),8/35,0.1345846404399871,0.9999960968655396,0,0,1.7116994795202534,3.432919398874324,CSRP3;DES;TCF21;MYL6B;MSC;MYOZ2;STRA6;DISP1
GO_Biological_Process_2023,tRNA Aminoacylation For Protein Translation (GO:0006418),8/35,0.1345846404399871,0.9999960968655396,0,0,1.7116994795202534,3.432919398874324,RARS2;PARS2;MARS2;NARS2;DARS2;TARS2;HARS2;EARS2
GO_Biological_Process_2023,NAD Biosynthesis Via Nicotinamide Riboside Salvage Pathway (GO:0034356),3/9,0.1359271031994899,0.9999960968655396,0,0,2.8871568959674687,5.761715806489872,PARP16;PARP9;NUDT12
GO_Biological_Process_2023,Cell Differentiation Involved In Metanephros Development (GO:0072202),3/9,0.1359271031994899,0.9999960968655396,0,0,2.8871568959674687,5.761715806489872,SALL1;STAT1;TCF21
GO_Biological_Process_2023,Intestinal Cholesterol Absorption (GO:0030299),3/9,0.1359271031994899,0.9999960968655396,0,0,2.8871568959674687,5.761715806489872,NPC1;SOAT2;CD36
GO_Biological_Process_2023,Kinetochore Assembly (GO:0051382),3/9,0.1359271031994899,0.9999960968655396,0,0,2.8871568959674687,5.761715806489872,CENPF;NPC1;MIS12
GO_Biological_Process_2023,Lipid Import Into Cell (GO:0140354),3/9,0.1359271031994899,0.9999960968655396,0,0,2.8871568959674687,5.761715806489872,ACSL3;CD36;STRA6
GO_Biological_Process_2023,Negative Regulation Of Protein Exit From Endoplasmic Reticulum (GO:0070862),3/9,0.1359271031994899,0.9999960968655396,0,0,2.8871568959674687,5.761715806489872,DERL3;INSIG1;SVIP
GO_Biological_Process_2023,Nucleoside Metabolic Process (GO:0009116),3/9,0.1359271031994899,0.9999960968655396,0,0,2.8871568959674687,5.761715806489872,OARD1;NME4;UPP2
GO_Biological_Process_2023,Ornithine Metabolic Process (GO:0006591),3/9,0.1359271031994899,0.9999960968655396,0,0,2.8871568959674687,5.761715806489872,AZIN2;AZIN1;OTC
GO_Biological_Process_2023,Protein Localization To Nuclear Envelope (GO:0090435),3/9,0.1359271031994899,0.9999960968655396,0,0,2.8871568959674687,5.761715806489872,NUP155;PLK1;LMNB2
GO_Biological_Process_2023,Regulation Of Endoplasmic Reticulum Unfolded Protein Response (GO:1900101),3/9,0.1359271031994899,0.9999960968655396,0,0,2.8871568959674687,5.761715806489872,XBP1;FICD;PIGBOS1
GO_Biological_Process_2023,Somatic Recombination Of Immunoglobulin Genes Involved In Immune Response (GO:0002204),3/9,0.1359271031994899,0.9999960968655396,0,0,2.8871568959674687,5.761715806489872,MSH6;LIG4;EXOSC3
GO_Biological_Process_2023,Telomere Maintenance Via Recombination (GO:0000722),3/9,0.1359271031994899,0.9999960968655396,0,0,2.8871568959674687,5.761715806489872,RAD50;RAD51;XRCC3
GO_Biological_Process_2023,Telomeric Loop Disassembly (GO:0090657),3/9,0.1359271031994899,0.9999960968655396,0,0,2.8871568959674687,5.761715806489872,RECQL4;WRN;XRCC3
GO_Biological_Process_2023,Tetrapyrrole Metabolic Process (GO:0033013),3/9,0.1359271031994899,0.9999960968655396,0,0,2.8871568959674687,5.761715806489872,MMAA;MMAB;ABCD1
GO_Biological_Process_2023,Toxin Transport (GO:1901998),3/9,0.1359271031994899,0.9999960968655396,0,0,2.8871568959674687,5.761715806489872,SLC22A3;RAB40B;SLC22A1
GO_Biological_Process_2023,Cellular Response To Ionizing Radiation (GO:0071479),11/52,0.1360759171768579,0.9999960968655396,0,0,1.5502266643461542,3.0919927100380376,WRN;XRCC6;RAD51;XRCC5;FIGNL1;TNKS1BP1;HUS1;LIG4;ECT2;CRYAB;TSPYL5
GO_Biological_Process_2023,Regulation Of Protein Localization To Nucleus (GO:1900180),11/52,0.1360759171768579,0.9999960968655396,0,0,1.5502266643461542,3.0919927100380376,CARD10;MFHAS1;SHH;DTX3L;NVL;PLK1;CDK1;TYK2;PARP9;GLUL;BYSL
GO_Biological_Process_2023,Mitotic Sister Chromatid Segregation (GO:0000070),21/111,0.1363496349767785,0.9999960968655396,0,0,1.348926014319809,2.6877793914335952,PLK1;PINX1;MIS12;CDCA8;NCAPG;TENT4A;KNSTRN;NCAPH;NDC80;NSL1;SMC2;TPX2;WRAP73;CCNB1;DSN1;KIF18B;PSRC1;ESPL1;NCAPD2;CEP55;CCDC61
GO_Biological_Process_2023,Dopaminergic Neuron Differentiation (GO:0071542),5/19,0.1374671092097177,0.9999960968655396,0,0,2.062684687303202,4.093130842793356,FOXA1;SHH;WNT9B;OTX2;FOXA2
GO_Biological_Process_2023,Embryonic Digestive Tract Development (GO:0048566),5/19,0.1374671092097177,0.9999960968655396,0,0,2.062684687303202,4.093130842793356,PKDCC;SALL1;TCF21;RARB;STRA6
GO_Biological_Process_2023,Establishment Of Skin Barrier (GO:0061436),5/19,0.1374671092097177,0.9999960968655396,0,0,2.062684687303202,4.093130842793356,STMN1;IL18;LSR;CLDN1;MET
GO_Biological_Process_2023,Heme Biosynthetic Process (GO:0006783),5/19,0.1374671092097177,0.9999960968655396,0,0,2.062684687303202,4.093130842793356,ALAD;ALAS1;COX15;UROS;CPOX
GO_Biological_Process_2023,Skeletal Muscle Contraction (GO:0003009),5/19,0.1374671092097177,0.9999960968655396,0,0,2.062684687303202,4.093130842793356,TNNC1;TNNC2;TNNT3;TNNI2;MYH7
GO_Biological_Process_2023,COPII-coated Vesicle Cargo Loading (GO:0090110),4/14,0.1403758737678243,0.9999960968655396,0,0,2.309966101694916,4.535460534668463,SEC23B;SEC24C;SEC31B;SEC31A
GO_Biological_Process_2023,Establishment Of Apical/Basal Cell Polarity (GO:0035089),4/14,0.1403758737678243,0.9999960968655396,0,0,2.309966101694916,4.535460534668463,SLC9A3R1;RAP2A;FOXJ1;SYNE4
GO_Biological_Process_2023,Ethanol Metabolic Process (GO:0006067),4/14,0.1403758737678243,0.9999960968655396,0,0,2.309966101694916,4.535460534668463,ADH4;SULT1B1;ACSS2;SULT2A1
GO_Biological_Process_2023,Genitalia Development (GO:0048806),4/14,0.1403758737678243,0.9999960968655396,0,0,2.309966101694916,4.535460534668463,SHH;WNT5A;TBX3;STRA6
GO_Biological_Process_2023,Histone H2A Monoubiquitination (GO:0035518),4/14,0.1403758737678243,0.9999960968655396,0,0,2.309966101694916,4.535460534668463,RAD51;PCGF3;PCGF1;TRIM37
GO_Biological_Process_2023,"Maturation Of LSU-rRNA From Tricistronic rRNA Transcript (SSU-rRNA, 5.8S rRNA, LSU-rRNA) (GO:0000463)",4/14,0.1403758737678243,0.9999960968655396,0,0,2.309966101694916,4.535460534668463,ZNHIT6;NOL9;URB1;WDR12
GO_Biological_Process_2023,Mitotic Recombination (GO:0006312),4/14,0.1403758737678243,0.9999960968655396,0,0,2.309966101694916,4.535460534668463,RAD50;RAD51;MSH3;XRCC3
GO_Biological_Process_2023,Positive Regulation Of Glycogen Metabolic Process (GO:0070875),4/14,0.1403758737678243,0.9999960968655396,0,0,2.309966101694916,4.535460534668463,EPM2AIP1;IRS1;PPP1R3E;GCK
GO_Biological_Process_2023,Positive Regulation Of Type I Interferon-Mediated Signaling Pathway (GO:0060340),4/14,0.1403758737678243,0.9999960968655396,0,0,2.309966101694916,4.535460534668463,RBM47;MAVS;WNT5A;IKBKE
GO_Biological_Process_2023,Regulation Of MHC Class II Biosynthetic Process (GO:0045346),4/14,0.1403758737678243,0.9999960968655396,0,0,2.309966101694916,4.535460534668463,CIITA;HDAC2;XBP1;RFX5
GO_Biological_Process_2023,tRNA 5'-End Processing (GO:0099116),4/14,0.1403758737678243,0.9999960968655396,0,0,2.309966101694916,4.535460534668463,TRMT10C;RPP14;RPP25L;RPP38
GO_Biological_Process_2023,Negative Regulation Of DNA Recombination (GO:0045910),9/41,0.14141528648401,0.9999960968655396,0,0,1.624851443123939,3.1782978524830074,MSH6;RMI2;FBH1;MSH3;SHLD2;SHLD1;TERF2IP;TRAPPC13;UBQLN4
GO_Biological_Process_2023,Positive Regulation Of Viral Process (GO:0048524),9/41,0.14141528648401,0.9999960968655396,0,0,1.624851443123939,3.1782978524830074,GBP7;NR5A2;STAU1;KPNA6;PPIH;TMEM39A;HACD3;KPNA2;PPID
GO_Biological_Process_2023,DNA Geometric Change (GO:0032392),7/30,0.1436657511075,0.9999960968655396,0,0,1.7580295363007332,3.411044673223357,RECQL4;SUPV3L1;UPF1;WRN;RAD50;DDX11;DNA2
GO_Biological_Process_2023,GPI Anchor Biosynthetic Process (GO:0006506),7/30,0.1436657511075,0.9999960968655396,0,0,1.7580295363007332,3.411044673223357,PIGB;SLC30A5;PIGP;PIGW;PIGG;PIGV;PIGH
GO_Biological_Process_2023,Response To UV (GO:0009411),19/100,0.1463287695098406,0.9999960968655396,0,0,1.3558584137800491,2.605823394538173,PARP1;METTL3;SIRT6;TENT4A;AURKB;MSH6;WRN;CCND1;RUVBL2;POLD1;NEDD4;CAT;PCLAF;TRIM32;MAP3K4;ELANE;POLH;MAP4K3;MEN1
GO_Biological_Process_2023,Modification-Dependent Protein Catabolic Process (GO:0019941),34/192,0.1469795553514224,0.9999960968655396,0,0,1.2445638980405758,2.386403708651844,RNF13;RNF14;UHRF1;UBE2D1;RNF6;FBXO21;FBXO22;RNF5;ATXN3;KCTD21;UBD;RNF150;UBQLN4;RNF43;XBP1;KLHL25;DTX3L;FEM1A;UBE2C;RNF25;UBE4A;CHFR;RNF144B;RNF167;SPSB2;WDR81;NEDD4;MKRN2;PCYOX1L;ASB2;FBXL4;TRIM32;PCYOX1;SPSB4
GO_Biological_Process_2023,Ribosome Biogenesis (GO:0042254),28/155,0.1478595474924817,0.9999960968655396,0,0,1.2748370568511471,2.4368414209256466,NVL;NOL8;MRM2;EXOSC7;FBL;EXOSC5;XPO1;EXOSC4;BMS1;DHX37;UTP20;RRP12;EXOSC3;GLUL;EXOSC2;METTL17;UTP6;KRR1;UTP3;WDR18;GTF3A;WDR74;WDR12;MRPL22;BYSL;EBNA1BP2;GRWD1;DHX29
GO_Biological_Process_2023,Carboxylic Acid Transport (GO:0046942),11/53,0.1501097056723033,0.9999960968655396,0,0,1.5132275132275133,2.869667830596821,SLC36A1;SLC6A6;SLC13A3;SLC43A1;SLC16A12;SLC16A7;SLC6A12;SLC16A11;SLC16A10;SLC38A3;SLC38A5
GO_Biological_Process_2023,Protein Homotetramerization (GO:0051289),11/53,0.1501097056723033,0.9999960968655396,0,0,1.5132275132275133,2.869667830596821,SHMT2;SHMT1;OSBPL2;APIP;CBY1;ME1;ACOT13;PKD2L1;TK1;SSBP1;ACACB
GO_Biological_Process_2023,Tight Junction Assembly (GO:0120192),11/53,0.1501097056723033,0.9999960968655396,0,0,1.5132275132275133,2.869667830596821,RAMP2;OCLN;CLDN3;MARVELD2;SLC39A9;CLDN8;CLDN12;LSR;CLDN2;ECT2;CLDN1
GO_Biological_Process_2023,Microtubule Cytoskeleton Organization Involved In Mitosis (GO:1902850),12/59,0.1527763182210819,0.9999960968655396,0,0,1.475244803795363,2.771661022167366,GPSM2;CCNB1;ESPL1;CENPH;NUF2;STMN1;PLK1;CDK1;BIRC5;CDCA8;AURKB;NDC80
GO_Biological_Process_2023,Mitotic Cell Cycle Checkpoint Signaling (GO:0007093),6/25,0.1530291730599575,0.9999960968655396,0,0,1.8239305863029351,3.423748806455842,RAD50;INTS3;SETMAR;NABP1;AURKB;CHFR
GO_Biological_Process_2023,Negative Regulation Of TORC1 Signaling (GO:1904262),6/25,0.1530291730599575,0.9999960968655396,0,0,1.8239305863029351,3.423748806455842,RNF167;DEPTOR;NPC1;NPRL2;WDR24;RNF152
GO_Biological_Process_2023,Negative Regulation Of Intracellular Protein Transport (GO:0090317),6/25,0.1530291730599575,0.9999960968655396,0,0,1.8239305863029351,3.423748806455842,LMAN1;S100G;KCNE1;INSIG1;RAB23;SIRT6
GO_Biological_Process_2023,Purine Ribonucleotide Catabolic Process (GO:0009154),6/25,0.1530291730599575,0.9999960968655396,0,0,1.8239305863029351,3.423748806455842,NUDT11;NT5E;NUDT7;NUDT19;SORD;PDE9A
GO_Biological_Process_2023,Ventricular Cardiac Muscle Tissue Development (GO:0003229),6/25,0.1530291730599575,0.9999960968655396,0,0,1.8239305863029351,3.423748806455842,TNNC1;MYL2;MYL3;DSG2;PROX1;MYH7
GO_Biological_Process_2023,Regulation Of Transcription Elongation By RNA Polymerase II (GO:0034243),15/77,0.1567278021690131,0.9999960968655396,0,0,1.3981055658606725,2.591031761364886,INTS11;HEXIM1;PARP1;NCBP2;ZMYND8;INTS3;INTS10;MED19;SIRT6;MED18;MED11;MED22;MED21;LEO1;INTS5
GO_Biological_Process_2023,Regulation Of Cell Division (GO:0051302),16/83,0.1571267394438331,0.9999960968655396,0,0,1.380083923473172,2.554124824913123,CETN2;PLK1;CCP110;PDXP;KLHL13;DLL1;MYO19;AURKB;AURKA;KLHL9;SHH;KIF18B;TADA3;CDK2AP2;KIF20A;KAT14
GO_Biological_Process_2023,RNA Decapping (GO:0110154),2/5,0.160548800692231,0.9999960968655396,0,0,3.848915989159892,7.040272888237027,DCPS;NUDT12
GO_Biological_Process_2023,"Anterior/Posterior Axis Specification, Embryo (GO:0008595)",2/5,0.160548800692231,0.9999960968655396,0,0,3.848915989159892,7.040272888237027,TASOR;TBX3
GO_Biological_Process_2023,Aspartate Metabolic Process (GO:0006531),2/5,0.160548800692231,0.9999960968655396,0,0,3.848915989159892,7.040272888237027,GOT1L1;DDO
GO_Biological_Process_2023,Bundle Of His cell-Purkinje Myocyte Adhesion Involved In Cell Communication (GO:0086073),2/5,0.160548800692231,0.9999960968655396,0,0,3.848915989159892,7.040272888237027,DSG2;DSC2
GO_Biological_Process_2023,Cellular Lipid Biosynthetic Process (GO:0097384),2/5,0.160548800692231,0.9999960968655396,0,0,3.848915989159892,7.040272888237027,GNPAT;PEX7
GO_Biological_Process_2023,Choline Metabolic Process (GO:0019695),2/5,0.160548800692231,0.9999960968655396,0,0,3.848915989159892,7.040272888237027,SLC44A1;CHDH
GO_Biological_Process_2023,Double-Strand Break Repair Via Classical Nonhomologous End Joining (GO:0097680),2/5,0.160548800692231,0.9999960968655396,0,0,3.848915989159892,7.040272888237027,XRCC6;LIG4
GO_Biological_Process_2023,Double-Strand Break Repair Via Synthesis-Dependent Strand Annealing (GO:0045003),2/5,0.160548800692231,0.9999960968655396,0,0,3.848915989159892,7.040272888237027,RAD51;XRCC3
GO_Biological_Process_2023,fatty-acyl-CoA Catabolic Process (GO:0036115),2/5,0.160548800692231,0.9999960968655396,0,0,3.848915989159892,7.040272888237027,NUDT7;NUDT19
GO_Biological_Process_2023,Glomerular Epithelial Cell Differentiation (GO:0072311),2/5,0.160548800692231,0.9999960968655396,0,0,3.848915989159892,7.040272888237027,PROM1;KLF15
GO_Biological_Process_2023,Glutamate Catabolic Process (GO:0006538),2/5,0.160548800692231,0.9999960968655396,0,0,3.848915989159892,7.040272888237027,GLUD1;GLUL
GO_Biological_Process_2023,Glycerol Ether Biosynthetic Process (GO:0046504),2/5,0.160548800692231,0.9999960968655396,0,0,3.848915989159892,7.040272888237027,GNPAT;PEX7
GO_Biological_Process_2023,Glycosyl Compound Biosynthetic Process (GO:1901659),2/5,0.160548800692231,0.9999960968655396,0,0,3.848915989159892,7.040272888237027,TYW3;TRMT12
GO_Biological_Process_2023,Hepatocyte Differentiation (GO:0070365),2/5,0.160548800692231,0.9999960968655396,0,0,3.848915989159892,7.040272888237027,PROX1;E2F8
GO_Biological_Process_2023,Histamine Metabolic Process (GO:0001692),2/5,0.160548800692231,0.9999960968655396,0,0,3.848915989159892,7.040272888237027,SLC22A3;HNMT
GO_Biological_Process_2023,Inclusion Body Assembly (GO:0070841),2/5,0.160548800692231,0.9999960968655396,0,0,3.848915989159892,7.040272888237027,UBD;TRIM37
GO_Biological_Process_2023,Medium-Chain Fatty Acid Biosynthetic Process (GO:0051792),2/5,0.160548800692231,0.9999960968655396,0,0,3.848915989159892,7.040272888237027,ABHD3;OXSM
GO_Biological_Process_2023,Medium-Chain fatty-acyl-CoA Metabolic Process (GO:0036112),2/5,0.160548800692231,0.9999960968655396,0,0,3.848915989159892,7.040272888237027,NUDT7;NUDT19
GO_Biological_Process_2023,Mesenchymal Cell Differentiation Involved In Kidney Development (GO:0072161),2/5,0.160548800692231,0.9999960968655396,0,0,3.848915989159892,7.040272888237027,STAT1;TCF21
GO_Biological_Process_2023,Metanephric Collecting Duct Development (GO:0072205),2/5,0.160548800692231,0.9999960968655396,0,0,3.848915989159892,7.040272888237027,SHH;PTCH1
GO_Biological_Process_2023,Negative Regulation Of Cell Size (GO:0045792),2/5,0.160548800692231,0.9999960968655396,0,0,3.848915989159892,7.040272888237027,DEPTOR;RDX
GO_Biological_Process_2023,Negative Regulation Of Gene Expression Via CpG Island Methylation (GO:0044027),2/5,0.160548800692231,0.9999960968655396,0,0,3.848915989159892,7.040272888237027,HELLS;UHRF1
GO_Biological_Process_2023,Negative Regulation Of Lamellipodium Organization (GO:1902744),2/5,0.160548800692231,0.9999960968655396,0,0,3.848915989159892,7.040272888237027,KANK1;ARPIN
GO_Biological_Process_2023,Negative Regulation Of Vitamin Metabolic Process (GO:0046137),2/5,0.160548800692231,0.9999960968655396,0,0,3.848915989159892,7.040272888237027,PRMT3;SNAI2
GO_Biological_Process_2023,Nephron Tubule Development (GO:0072080),2/5,0.160548800692231,0.9999960968655396,0,0,3.848915989159892,7.040272888237027,HNF1B;MTSS1
GO_Biological_Process_2023,Nucleobase Transport (GO:0015851),2/5,0.160548800692231,0.9999960968655396,0,0,3.848915989159892,7.040272888237027,SLC29A1;SLC29A2
GO_Biological_Process_2023,Nucleoside Transport (GO:0015858),2/5,0.160548800692231,0.9999960968655396,0,0,3.848915989159892,7.040272888237027,SLC29A1;SLC29A2
GO_Biological_Process_2023,"Nucleotide-Excision Repair, DNA Gap Filling (GO:0006297)",2/5,0.160548800692231,0.9999960968655396,0,0,3.848915989159892,7.040272888237027,POLD1;TENT4A
GO_Biological_Process_2023,"Pentose-Phosphate Shunt, Non-Oxidative Branch (GO:0009052)",2/5,0.160548800692231,0.9999960968655396,0,0,3.848915989159892,7.040272888237027,RPE;SHPK
GO_Biological_Process_2023,Podocyte Cell Migration (GO:0090521),2/5,0.160548800692231,0.9999960968655396,0,0,3.848915989159892,7.040272888237027,KANK2;KANK1
GO_Biological_Process_2023,Positive Regulation Of NK T Cell Proliferation (GO:0051142),2/5,0.160548800692231,0.9999960968655396,0,0,3.848915989159892,7.040272888237027,IL18;TYK2
GO_Biological_Process_2023,Positive Regulation Of T Cell Differentiation In Thymus (GO:0033089),2/5,0.160548800692231,0.9999960968655396,0,0,3.848915989159892,7.040272888237027,SHH;IHH
GO_Biological_Process_2023,Positive Regulation Of T Cell Mediated Immune Response To Tumor Cell (GO:0002842),2/5,0.160548800692231,0.9999960968655396,0,0,3.848915989159892,7.040272888237027,MR1;HSPD1
GO_Biological_Process_2023,Positive Regulation Of Toll-Like Receptor 2 Signaling Pathway (GO:0034137),2/5,0.160548800692231,0.9999960968655396,0,0,3.848915989159892,7.040272888237027,MFHAS1;TIRAP
GO_Biological_Process_2023,Proline Metabolic Process (GO:0006560),2/5,0.160548800692231,0.9999960968655396,0,0,3.848915989159892,7.040272888237027,PYCR2;PRODH
GO_Biological_Process_2023,Protein Repair (GO:0030091),2/5,0.160548800692231,0.9999960968655396,0,0,3.848915989159892,7.040272888237027,MSRB2;MSRB1
GO_Biological_Process_2023,Protein Sulfation (GO:0006477),2/5,0.160548800692231,0.9999960968655396,0,0,3.848915989159892,7.040272888237027,TPST1;HS3ST6
GO_Biological_Process_2023,Protein Ufmylation (GO:0071569),2/5,0.160548800692231,0.9999960968655396,0,0,3.848915989159892,7.040272888237027,UFL1;UBA5
GO_Biological_Process_2023,Purine Nucleobase Transmembrane Transport (GO:1904823),2/5,0.160548800692231,0.9999960968655396,0,0,3.848915989159892,7.040272888237027,SLC29A1;SLC29A2
GO_Biological_Process_2023,Purine Ribonucleoside Catabolic Process (GO:0046130),2/5,0.160548800692231,0.9999960968655396,0,0,3.848915989159892,7.040272888237027,ADAL;SORD
GO_Biological_Process_2023,Purine-Containing Compound Catabolic Process (GO:0072523),2/5,0.160548800692231,0.9999960968655396,0,0,3.848915989159892,7.040272888237027,URAD;NUDT15
GO_Biological_Process_2023,Pyrimidine Nucleoside Transport (GO:0015864),2/5,0.160548800692231,0.9999960968655396,0,0,3.848915989159892,7.040272888237027,SLC29A1;SLC29A2
GO_Biological_Process_2023,Radial Glial Cell Differentiation (GO:0060019),2/5,0.160548800692231,0.9999960968655396,0,0,3.848915989159892,7.040272888237027,METTL14;METTL3
GO_Biological_Process_2023,"Regulation Of Circadian Sleep/Wake Cycle, Sleep (GO:0045187)",2/5,0.160548800692231,0.9999960968655396,0,0,3.848915989159892,7.040272888237027,PARP1;PTGDS
GO_Biological_Process_2023,Regulation Of Fat Cell Proliferation (GO:0070344),2/5,0.160548800692231,0.9999960968655396,0,0,3.848915989159892,7.040272888237027,PER2;TFDP1
GO_Biological_Process_2023,Regulation Of Guanylate Cyclase Activity (GO:0031282),2/5,0.160548800692231,0.9999960968655396,0,0,3.848915989159892,7.040272888237027,RD3;GUCA1B
GO_Biological_Process_2023,Regulation Of Immature T Cell Proliferation In Thymus (GO:0033084),2/5,0.160548800692231,0.9999960968655396,0,0,3.848915989159892,7.040272888237027,SHH;IHH
GO_Biological_Process_2023,Regulation Of Mitotic Spindle Checkpoint (GO:1903504),2/5,0.160548800692231,0.9999960968655396,0,0,3.848915989159892,7.040272888237027,CCNB1;LCMT1
GO_Biological_Process_2023,Regulation Of Plasma Membrane Repair (GO:1905684),2/5,0.160548800692231,0.9999960968655396,0,0,3.848915989159892,7.040272888237027,RAB3A;SYTL4
GO_Biological_Process_2023,Regulation Of Protein Targeting (GO:1903533),2/5,0.160548800692231,0.9999960968655396,0,0,3.848915989159892,7.040272888237027,SREBF1;HAX1
GO_Biological_Process_2023,Regulation Of Stress Granule Assembly (GO:0062028),2/5,0.160548800692231,0.9999960968655396,0,0,3.848915989159892,7.040272888237027,USP10;G3BP1
GO_Biological_Process_2023,Regulation Of Tetrapyrrole Biosynthetic Process (GO:1901463),2/5,0.160548800692231,0.9999960968655396,0,0,3.848915989159892,7.040272888237027,TMEM14A;TMEM14C
GO_Biological_Process_2023,Renal Filtration Cell Differentiation (GO:0061318),2/5,0.160548800692231,0.9999960968655396,0,0,3.848915989159892,7.040272888237027,PROM1;KLF15
GO_Biological_Process_2023,Reproductive System Development (GO:0061458),2/5,0.160548800692231,0.9999960968655396,0,0,3.848915989159892,7.040272888237027,SHH;TBX3
GO_Biological_Process_2023,Response To DNA Damage Checkpoint Signaling (GO:0072423),2/5,0.160548800692231,0.9999960968655396,0,0,3.848915989159892,7.040272888237027,MUS81;FBH1
GO_Biological_Process_2023,Response To Bile Acid (GO:1903412),2/5,0.160548800692231,0.9999960968655396,0,0,3.848915989159892,7.040272888237027,ALAS1;NR1H4
GO_Biological_Process_2023,snRNA Modification (GO:0040031),2/5,0.160548800692231,0.9999960968655396,0,0,3.848915989159892,7.040272888237027,METTL4;METTL16
GO_Biological_Process_2023,Succinate Transport (GO:0015744),2/5,0.160548800692231,0.9999960968655396,0,0,3.848915989159892,7.040272888237027,SLC13A3;SLC25A11
GO_Biological_Process_2023,tRNA Pseudouridine Synthesis (GO:0031119),2/5,0.160548800692231,0.9999960968655396,0,0,3.848915989159892,7.040272888237027,PUS10;PUSL1
GO_Biological_Process_2023,Thiamine Transmembrane Transport (GO:0071934),2/5,0.160548800692231,0.9999960968655396,0,0,3.848915989159892,7.040272888237027,SLC25A19;SLC22A1
GO_Biological_Process_2023,Thiamine-Containing Compound Metabolic Process (GO:0042723),2/5,0.160548800692231,0.9999960968655396,0,0,3.848915989159892,7.040272888237027,SLC25A19;SLC19A2
GO_Biological_Process_2023,Tripartite Regional Subdivision (GO:0007351),2/5,0.160548800692231,0.9999960968655396,0,0,3.848915989159892,7.040272888237027,TASOR;TBX3
GO_Biological_Process_2023,Urea Cycle (GO:0000050),2/5,0.160548800692231,0.9999960968655396,0,0,3.848915989159892,7.040272888237027,NAGS;OTC
GO_Biological_Process_2023,Uridine Transport (GO:0015862),2/5,0.160548800692231,0.9999960968655396,0,0,3.848915989159892,7.040272888237027,SLC29A1;SLC29A2
GO_Biological_Process_2023,Wybutosine Biosynthetic Process (GO:0031591),2/5,0.160548800692231,0.9999960968655396,0,0,3.848915989159892,7.040272888237027,TYW3;TRMT12
GO_Biological_Process_2023,Wybutosine Metabolic Process (GO:0031590),2/5,0.160548800692231,0.9999960968655396,0,0,3.848915989159892,7.040272888237027,TYW3;TRMT12
GO_Biological_Process_2023,Endothelial Cell Development (GO:0001885),5/20,0.1622500493845622,0.9999960968655396,0,0,1.9250593421498807,3.500944912242568,GSTM3;MARVELD2;SOX18;RDX;MET
GO_Biological_Process_2023,Glutamate Metabolic Process (GO:0006536),5/20,0.1622500493845622,0.9999960968655396,0,0,1.9250593421498807,3.500944912242568,GLUD1;DGLUCY;NAGS;PRODH;GLUL
GO_Biological_Process_2023,Maturation Of LSU-rRNA (GO:0000470),5/20,0.1622500493845622,0.9999960968655396,0,0,1.9250593421498807,3.500944912242568,NEDD4;ZNHIT6;NOP2;URB1;WDR12
GO_Biological_Process_2023,Positive Regulation Of Lipid Catabolic Process (GO:0050996),5/20,0.1622500493845622,0.9999960968655396,0,0,1.9250593421498807,3.500944912242568,ABCD2;IRS1;ANGPTL3;MTLN;ABCD1
GO_Biological_Process_2023,Response To ATP (GO:0033198),5/20,0.1622500493845622,0.9999960968655396,0,0,1.9250593421498807,3.500944912242568,NT5E;DGKQ;P2RY1;CIB2;PDXP
GO_Biological_Process_2023,Protein Localization To Chromatin (GO:0071168),7/31,0.1633211402674044,0.9999960968655396,0,0,1.6846793349168645,3.052701002883193,PARP1;ZMYND8;RUVBL2;TASOR;PLK1;FAM47E;ESR1
GO_Biological_Process_2023,Organonitrogen Compound Catabolic Process (GO:1901565),15/78,0.1690962663412074,0.9999960968655396,0,0,1.3758324016915375,2.445249183294937,UTP25;ENPEP;ERAP1;FMO1;RNF5;PLA2G15;BCKDK;LIPC;GNPDA1;TST;CASP3;AMDHD2;TRIM24;CAPN3;ELANE
GO_Biological_Process_2023,3'-UTR-mediated mRNA Destabilization (GO:0061158),4/15,0.1702390779683822,0.9999960968655396,0,0,2.0998459167950694,3.7178853144687807,UPF1;MOV10;TARDBP;RBM24
GO_Biological_Process_2023,Digestive Tract Morphogenesis (GO:0048546),4/15,0.1702390779683822,0.9999960968655396,0,0,2.0998459167950694,3.7178853144687807,TCF21;BBS7;EPHB3;STRA6
GO_Biological_Process_2023,Dolichol-Linked Oligosaccharide Biosynthetic Process (GO:0006488),4/15,0.1702390779683822,0.9999960968655396,0,0,2.0998459167950694,3.7178853144687807,ALG8;ALG9;ALG12;DOLK
GO_Biological_Process_2023,Glutamine Family Amino Acid Catabolic Process (GO:0009065),4/15,0.1702390779683822,0.9999960968655396,0,0,2.0998459167950694,3.7178853144687807,GLUD1;DDAH1;PRODH;GLUL
GO_Biological_Process_2023,Intracellular Sterol Transport (GO:0032366),4/15,0.1702390779683822,0.9999960968655396,0,0,2.0998459167950694,3.7178853144687807,STARD4;NPC1;OSBPL2;ABCG1
GO_Biological_Process_2023,Negative Regulation Of Telomere Maintenance (GO:0032205),4/15,0.1702390779683822,0.9999960968655396,0,0,2.0998459167950694,3.7178853144687807,RAD50;PARP1;PINX1;TERF2IP
GO_Biological_Process_2023,Positive Regulation Of Isotype Switching (GO:0045830),4/15,0.1702390779683822,0.9999960968655396,0,0,2.0998459167950694,3.7178853144687807,KMT5C;SHLD2;SHLD1;TRAPPC13
GO_Biological_Process_2023,Positive Regulation Of Transmembrane Transport (GO:0034764),4/15,0.1702390779683822,0.9999960968655396,0,0,2.0998459167950694,3.7178853144687807,C3;AZIN2;AZIN1;SLC26A6
GO_Biological_Process_2023,"Protein Localization To Chromosome, Telomeric Region (GO:0070198)",4/15,0.1702390779683822,0.9999960968655396,0,0,2.0998459167950694,3.7178853144687807,TERT;XRCC5;PINX1;TERF2IP
GO_Biological_Process_2023,Regulation Of Carbohydrate Metabolic Process (GO:0006109),4/15,0.1702390779683822,0.9999960968655396,0,0,2.0998459167950694,3.7178853144687807,BCKDK;RORC;PDK2;PDK1
GO_Biological_Process_2023,Muscle Tissue Development (GO:0060537),8/37,0.1702882935490935,0.9999960968655396,0,0,1.5934639604841163,2.8208493889324138,SRPK3;CSRP3;SHH;PTCH1;MYL6B;MSC;MYOZ2;STRA6
GO_Biological_Process_2023,Negative Regulation Of Endothelial Cell Proliferation (GO:0001937),8/37,0.1702882935490935,0.9999960968655396,0,0,1.5934639604841163,2.8208493889324138,DLL4;STAT1;COL4A3;GDF2;SORD;PPARG;NR2F2;MEN1
GO_Biological_Process_2023,N-acetylneuraminate Metabolic Process (GO:0006054),3/10,0.173822953532909,0.9999960968655396,0,0,2.47456068160914,4.329783382076463,ST6GAL1;GNPDA1;GNE
GO_Biological_Process_2023,Cellular Response To UV-A (GO:0071492),3/10,0.173822953532909,0.9999960968655396,0,0,2.47456068160914,4.329783382076463,OPN1SW;MME;PPID
GO_Biological_Process_2023,Cellular Response To Cholesterol (GO:0071397),3/10,0.173822953532909,0.9999960968655396,0,0,2.47456068160914,4.329783382076463,MYL1;PTCH1;CYP7A1
GO_Biological_Process_2023,Coenzyme A Biosynthetic Process (GO:0015937),3/10,0.173822953532909,0.9999960968655396,0,0,2.47456068160914,4.329783382076463,SLC25A16;PANK3;PPCS
GO_Biological_Process_2023,Establishment Of Epithelial Cell Apical/Basal Polarity (GO:0045198),3/10,0.173822953532909,0.9999960968655396,0,0,2.47456068160914,4.329783382076463,SLC9A3R1;RAP2A;SYNE4
GO_Biological_Process_2023,"Heparan Sulfate Proteoglycan Biosynthetic Process, Enzymatic Modification (GO:0015015)",3/10,0.173822953532909,0.9999960968655396,0,0,2.47456068160914,4.329783382076463,HS3ST3B1;NDST1;HS3ST6
GO_Biological_Process_2023,Metanephric Mesenchyme Development (GO:0072075),3/10,0.173822953532909,0.9999960968655396,0,0,2.47456068160914,4.329783382076463,SHH;STAT1;TCF21
GO_Biological_Process_2023,Mitotic DNA Replication (GO:1902969),3/10,0.173822953532909,0.9999960968655396,0,0,2.47456068160914,4.329783382076463,LIG1;TK1;MCM2
GO_Biological_Process_2023,Negative Regulation Of Inclusion Body Assembly (GO:0090084),3/10,0.173822953532909,0.9999960968655396,0,0,2.47456068160914,4.329783382076463,DNAJB2;HSPA2;HSPA1B
GO_Biological_Process_2023,Negative Regulation Of Mitochondrial Outer Membrane Permeabilization Involved In Apoptotic Signaling Pathway (GO:1901029),3/10,0.173822953532909,0.9999960968655396,0,0,2.47456068160914,4.329783382076463,MPV17L;SLC25A31;TMEM14A
GO_Biological_Process_2023,Negative Regulation Of Nuclear Division (GO:0051784),3/10,0.173822953532909,0.9999960968655396,0,0,2.47456068160914,4.329783382076463,TOM1L1;NME6;FBXO5
GO_Biological_Process_2023,Positive Regulation Of DNA-templated DNA Replication (GO:2000105),3/10,0.173822953532909,0.9999960968655396,0,0,2.47456068160914,4.329783382076463,ENDOG;SSBP1;E2F8
GO_Biological_Process_2023,Positive Regulation Of MHC Class II Biosynthetic Process (GO:0045348),3/10,0.173822953532909,0.9999960968655396,0,0,2.47456068160914,4.329783382076463,CIITA;XBP1;RFX5
GO_Biological_Process_2023,Positive Regulation Of Attachment Of Spindle Microtubules To Kinetochore (GO:0051987),3/10,0.173822953532909,0.9999960968655396,0,0,2.47456068160914,4.329783382076463,CCNB1;BIRC5;CDCA8
GO_Biological_Process_2023,Purine Nucleoside Bisphosphate Biosynthetic Process (GO:0034033),3/10,0.173822953532909,0.9999960968655396,0,0,2.47456068160914,4.329783382076463,SLC25A16;PANK3;PPCS
GO_Biological_Process_2023,Regulation Of Biosynthetic Process (GO:0009889),3/10,0.173822953532909,0.9999960968655396,0,0,2.47456068160914,4.329783382076463,MID1IP1;CCN6;THRSP
GO_Biological_Process_2023,Regulation Of Chromatin Binding (GO:0035561),3/10,0.173822953532909,0.9999960968655396,0,0,2.47456068160914,4.329783382076463,DTX3L;DDX11;PARP9
GO_Biological_Process_2023,Regulation Of Low-Density Lipoprotein Particle Clearance (GO:0010988),3/10,0.173822953532909,0.9999960968655396,0,0,2.47456068160914,4.329783382076463,NR1H4;PCSK9;CNPY2
GO_Biological_Process_2023,Regulation Of Microtubule Nucleation (GO:0010968),3/10,0.173822953532909,0.9999960968655396,0,0,2.47456068160914,4.329783382076463,PDE4DIP;RANGRF;HSPA1B
GO_Biological_Process_2023,Regulation Of Peptidyl-Lysine Acetylation (GO:2000756),3/10,0.173822953532909,0.9999960968655396,0,0,2.47456068160914,4.329783382076463,NFYA;NFYB;KLF15
GO_Biological_Process_2023,Ribonucleoside Bisphosphate Biosynthetic Process (GO:0034030),3/10,0.173822953532909,0.9999960968655396,0,0,2.47456068160914,4.329783382076463,SLC25A16;PANK3;PPCS
GO_Biological_Process_2023,Small Nucleolar Ribonucleoprotein Complex Assembly (GO:0000491),3/10,0.173822953532909,0.9999960968655396,0,0,2.47456068160914,4.329783382076463,RUVBL2;ZNHIT6;RUVBL1
GO_Biological_Process_2023,tRNA Threonylcarbamoyladenosine Metabolic Process (GO:0070525),3/10,0.173822953532909,0.9999960968655396,0,0,2.47456068160914,4.329783382076463,TPRKB;METTL8;OSGEP
GO_Biological_Process_2023,SCF-dependent Proteasomal Ubiquitin-Dependent Protein Catabolic Process (GO:0031146),9/43,0.1750308741552882,0.9999960968655396,0,0,1.5290921801657844,2.664890990259972,FBXL8;DMAC2;FBXO3;FBXL18;FBXL15;SKP2;FBXL4;FBXO9;FBXL6
GO_Biological_Process_2023,Regulation Of Chromosome Organization (GO:0033044),9/43,0.1750308741552882,0.9999960968655396,0,0,1.5290921801657844,2.664890990259972,UPF1;RMI2;XRCC5;RUVBL2;RUVBL1;LIG4;SETMAR;TERF2IP;BUB1
GO_Biological_Process_2023,Histone H3-K4 Methylation (GO:0051568),6/26,0.1755966239028474,0.9999960968655396,0,0,1.7326322930800542,3.014027922655796,NFYA;RBBP5;NFYB;WDR82;WDR5B;MEN1
GO_Biological_Process_2023,Regulation Of Fatty Acid Biosynthetic Process (GO:0042304),6/26,0.1755966239028474,0.9999960968655396,0,0,1.7326322930800542,3.014027922655796,MLXIPL;LPGAT1;KLHL25;MID1IP1;ERLIN1;ERLIN2
GO_Biological_Process_2023,Respiratory Chain Complex IV Assembly (GO:0008535),6/26,0.1755966239028474,0.9999960968655396,0,0,1.7326322930800542,3.014027922655796,COA3;SCO1;COX15;FASTKD3;TIMM21;COA6
GO_Biological_Process_2023,Negative Regulation Of Developmental Process (GO:0051093),20/109,0.1771349492322027,0.9999960968655396,0,0,1.298759985600821,2.247950164672284,KANK1;HDAC2;ARHGEF15;PARP1;WNT9B;FOXJ1;OMA1;SMARCA2;DLL1;ELAPOR2;SAP30;SHH;BCL7A;HEY1;RBBP4;BRMS1L;PPARG;GAS6;OGT;ARPIN
GO_Biological_Process_2023,Fatty Acid Beta-Oxidation (GO:0006635),10/49,0.1782183317264028,0.9999960968655396,0,0,1.4812395484949832,2.5547618346229086,ABCD2;SLC25A17;AMACR;IVD;ECHDC1;ACOX3;ACAD10;MTLN;MCAT;ACAT2
GO_Biological_Process_2023,rRNA Metabolic Process (GO:0016072),17/91,0.1805669008230918,0.9999960968655396,0,0,1.3275359118055747,2.2722820582694863,NVL;WDR18;DIS3L;GTF3A;WDR74;NOL8;MRM2;BYSL;EXOSC7;FBL;EBNA1BP2;EXOSC5;EXOSC4;UTP20;RRP12;EXOSC3;EXOSC2
GO_Biological_Process_2023,mRNA Metabolic Process (GO:0016071),16/85,0.1813760561402229,0.9999960968655396,0,0,1.3399236392695415,2.287494516350827,SF3A3;PNPT1;NCBP2;METTL3;SRSF1;NUDT16L1;PRPF8;LSM3;LSM2;MBLAC1;SFPQ;LSM6;PRPF3;METTL16;HSPA1B;NUDT12
GO_Biological_Process_2023,Negative Regulation Of Cell Cycle (GO:0045786),16/85,0.1813760561402229,0.9999960968655396,0,0,1.3399236392695415,2.287494516350827,BTG4;HEXIM1;CEBPA;HPGD;ANGEL2;PLK1;NR2F2;RNF167;SLC9A3R1;HHEX;TFAP4;CDK5RAP1;GAS1;MEN1;MAD2L1;PTPN3
GO_Biological_Process_2023,Fatty Acid Catabolic Process (GO:0009062),12/61,0.1815104813790444,0.9999960968655396,0,0,1.4148642461743366,2.414383601780891,PLA2G15;ABCD2;MCEE;NUDT7;SLC25A17;ABHD3;NUDT19;ECHDC1;ACAD10;MTLN;MCAT;ACAT2
GO_Biological_Process_2023,Amide Transport (GO:0042886),7/32,0.1840969359827099,0.9999960968655396,0,0,1.6171971496437054,2.7367711476758707,SLC5A6;SLC46A1;CPTP;AQP11;CERT1;SLC38A5;DISP1
GO_Biological_Process_2023,miRNA Processing (GO:0035196),7/32,0.1840969359827099,0.9999960968655396,0,0,1.6171971496437054,2.7367711476758707,PUS10;NCBP2;AGO1;METTL3;BCDIN3D;DICER1;SPOUT1
GO_Biological_Process_2023,Neural Tube Closure (GO:0001843),7/32,0.1840969359827099,0.9999960968655396,0,0,1.6171971496437054,2.7367711476758707,CSRP3;MTHFD1;DVL2;COBL;PLXNB2;CELSR1;DYNLL1
GO_Biological_Process_2023,Regulation Of Metaphase/Anaphase Transition Of Cell Cycle (GO:1902099),7/32,0.1840969359827099,0.9999960968655396,0,0,1.6171971496437054,2.7367711476758707,SMARCD2;SMARCB1;BCL7A;UBE2C;PLK1;DPF3;SMARCA2
GO_Biological_Process_2023,Chaperone-Mediated Protein Complex Assembly (GO:0051131),5/21,0.1886563511086877,0.9999960968655396,0,0,1.8046371651407256,3.00982469531653,MKKS;BBS10;PSMG1;NDUFAF1;HSPD1
GO_Biological_Process_2023,Lipid Catabolic Process (GO:0016042),5/21,0.1886563511086877,0.9999960968655396,0,0,1.8046371651407256,3.00982469531653,LIPC;CYP1A2;LIPG;PLAAT3;PLA1A
GO_Biological_Process_2023,Porphyrin-Containing Compound Biosynthetic Process (GO:0006779),5/21,0.1886563511086877,0.9999960968655396,0,0,1.8046371651407256,3.00982469531653,ALAD;ALAS1;COX15;UROS;CPOX
GO_Biological_Process_2023,Positive Regulation Of Interferon-Alpha Production (GO:0032727),5/21,0.1886563511086877,0.9999960968655396,0,0,1.8046371651407256,3.00982469531653,MAVS;IRF3;STAT1;HSPD1;RIGI
GO_Biological_Process_2023,Establishment Of Protein Localization To Plasma Membrane (GO:0061951),8/38,0.1895870566570492,0.9999960968655396,0,0,1.5402579769178548,2.5613057070367944,GGA2;BBS1;PREPL;RDX;GOLGA7;NECTIN3;PHAF1;VAMP5
GO_Biological_Process_2023,Fatty Acid Transport (GO:0015908),8/38,0.1895870566570492,0.9999960968655396,0,0,1.5402579769178548,2.5613057070367944,FABP3;SLC25A17;FABP5;FABP7;SLC22A1;PPARG;CD36;SLC22A7
GO_Biological_Process_2023,Regulation Of Protein Import Into Nucleus (GO:0042306),8/38,0.1895870566570492,0.9999960968655396,0,0,1.5402579769178548,2.5613057070367944,S100G;MAVS;HDAC3;RAB23;CHP2;SIRT6;DMAP1;ECT2
GO_Biological_Process_2023,Regulation Of DNA-templated Transcription Elongation (GO:0032784),9/44,0.1930877914528963,0.9999960968655396,0,0,1.4853165170991995,2.4427668658166524,INTS11;TSFM;PARP1;ZC3H4;WDR82;INTS3;INTS10;INTS5;HMGN1
GO_Biological_Process_2023,Epithelium Development (GO:0060429),27/154,0.1939465052913321,0.9999960968655396,0,0,1.2288871731826143,2.015587443360979,KANK2;INTU;IHH;KRT23;TCF21;DNPH1;DLL1;SLC9A3R1;SHH;SALL1;DMBT1;PTER;SOX18;FN3K;CBR1;STAT1;PTCH1;ANXA4;FOXJ1;PROX1;SULT1B1;MTHFD1;TST;CDK1;SNAI2;ALDOC;PPARG
GO_Biological_Process_2023,tRNA Processing (GO:0008033),10/50,0.1952129545082067,0.9999960968655396,0,0,1.444123641304348,2.359213153676697,TRUB1;HEXIM1;DTWD1;TRMT10C;FAM98B;FAM98A;FTSJ1;TSEN54;OSGEP;TRDMT1
GO_Biological_Process_2023,Regulation Of Cytokinesis (GO:0032465),15/80,0.1952603688172205,0.9999960968655396,0,0,1.3333420577381108,2.177909432408684,MAP10;CETN2;PLK1;CCP110;PDXP;KLHL13;MYO19;AURKB;AURKA;KLHL9;RACGAP1;KIF20A;KIF20B;ECT2;E2F8
GO_Biological_Process_2023,Regulation Of Mitotic Nuclear Division (GO:0007088),11/56,0.1963540451695887,0.9999960968655396,0,0,1.4120965001698946,2.298661372071179,TOM1L1;CCNB1;CDCA2;NME6;CCDC8;PDXP;FBXO5;MKI67;KIF20B;LCMT1;AURKA
GO_Biological_Process_2023,Regulation Of Stem Cell Population Maintenance (GO:2000036),11/56,0.1963540451695887,0.9999960968655396,0,0,1.4120965001698946,2.298661372071179,HDAC2;SMARCB1;BCL7A;RBBP4;BRMS1L;WNT9B;SIRT6;SMARCA2;OGT;NODAL;SAP30
GO_Biological_Process_2023,Glycerophospholipid Metabolic Process (GO:0006650),12/62,0.1967724802330882,0.9999960968655396,0,0,1.386485384092454,2.25401918891828,PLA2G15;PIGB;ABHD3;PON1;PLAAT1;PNPLA3;PNPLA6;PIGW;PGPEP1;PIGG;PIGV;PLA1A
GO_Biological_Process_2023,Amino Acid Import Across Plasma Membrane (GO:0089718),6/27,0.1994134674804042,0.9999960968655396,0,0,1.6500290754022098,2.6604654385747666,SLC36A1;SLC6A6;SLC47A1;SLC1A2;SLC38A3;SLC38A5
GO_Biological_Process_2023,Regulation Of Androgen Receptor Signaling Pathway (GO:0060765),6/27,0.1994134674804042,0.9999960968655396,0,0,1.6500290754022098,2.6604654385747666,PRMT2;RNF14;TRIM68;TCF21;RNF6;NODAL
GO_Biological_Process_2023,Apoptotic Nuclear Changes (GO:0030262),4/16,0.2020579278635715,0.9999960968655396,0,0,1.9247457627118645,3.078055061861088,TOP2A;ENDOG;DICER1;EXOG
GO_Biological_Process_2023,Dicarboxylic Acid Catabolic Process (GO:0043649),4/16,0.2020579278635715,0.9999960968655396,0,0,1.9247457627118645,3.078055061861088,GLUD1;ALDH1L1;GLUL;DDO
GO_Biological_Process_2023,Intracellular Cholesterol Transport (GO:0032367),4/16,0.2020579278635715,0.9999960968655396,0,0,1.9247457627118645,3.078055061861088,STARD4;NPC1;OSBPL2;ABCG1
GO_Biological_Process_2023,Intraciliary Anterograde Transport (GO:0035720),4/16,0.2020579278635715,0.9999960968655396,0,0,1.9247457627118645,3.078055061861088,TRAF3IP1;IFT172;IFT27;IFT80
GO_Biological_Process_2023,Positive Regulation Of Positive Chemotaxis (GO:0050927),4/16,0.2020579278635715,0.9999960968655396,0,0,1.9247457627118645,3.078055061861088,CXCL12;VEGFB;IL16;MEN1
GO_Biological_Process_2023,Prostanoid Metabolic Process (GO:0006692),4/16,0.2020579278635715,0.9999960968655396,0,0,1.9247457627118645,3.078055061861088,GSTM1;HPGD;PTGR1;PTGR2
GO_Biological_Process_2023,Protein O-linked Mannosylation (GO:0035269),4/16,0.2020579278635715,0.9999960968655396,0,0,1.9247457627118645,3.078055061861088,POMT2;POMT1;LARGE2;TMTC4
GO_Biological_Process_2023,"Protein Alpha-1,2-Demannosylation (GO:0036508)",4/16,0.2020579278635715,0.9999960968655396,0,0,1.9247457627118645,3.078055061861088,EDEM1;EDEM2;RNF5;UGGT1
GO_Biological_Process_2023,Regulation Of Fatty Acid Oxidation (GO:0046320),4/16,0.2020579278635715,0.9999960968655396,0,0,1.9247457627118645,3.078055061861088,FABP3;KLHL25;SIRT4;ABCD1
GO_Biological_Process_2023,Regulation Of Response To Cytokine Stimulus (GO:0060759),4/16,0.2020579278635715,0.9999960968655396,0,0,1.9247457627118645,3.078055061861088,MAVS;WNT5A;PARP9;RIGI
GO_Biological_Process_2023,Regulation Of Steroid Biosynthetic Process (GO:0050810),4/16,0.2020579278635715,0.9999960968655396,0,0,1.9247457627118645,3.078055061861088,DGKQ;NR1H4;CGA;CYP7A1
GO_Biological_Process_2023,Retinal Metabolic Process (GO:0042574),4/16,0.2020579278635715,0.9999960968655396,0,0,1.9247457627118645,3.078055061861088,RDH11;RDH10;BCO2;ALDH8A1
GO_Biological_Process_2023,Cardiac Muscle Contraction (GO:0060048),7/33,0.2058933403243761,0.9999960968655396,0,0,1.5549059016992508,2.4573686374026105,CSRP3;TNNC1;MYL2;MYL3;SCN4B;MYH7;SCN2B
GO_Biological_Process_2023,Macromolecule Modification (GO:0043412),15/81,0.2090173588840217,0.9999960968655396,0,0,1.313062575396703,2.055386710988048,LIPT1;SLC35A1;ST6GAL1;ST6GAL2;PARP1;FBXO22;RABGGTA;TGM1;DUSP12;GGCX;MMP15;UBA3;B4GALT7;LCMT1;PIGH
GO_Biological_Process_2023,Digestive Tract Development (GO:0048565),8/39,0.2097523644046301,0.9999960968655396,0,0,1.490484637452642,2.327880135380691,PKDCC;SALL1;KIT;COBL;RARB;BBS7;EPHB3;STRA6
GO_Biological_Process_2023,Regulation Of Mitotic Spindle Organization (GO:0060236),8/39,0.2097523644046301,0.9999960968655396,0,0,1.490484637452642,2.327880135380691,GPSM2;TPX2;PSRC1;NUMA1;CENPJ;PLK1;SASS6;HSPA1B
GO_Biological_Process_2023,Vitamin Transport (GO:0051180),8/39,0.2097523644046301,0.9999960968655396,0,0,1.490484637452642,2.327880135380691,SLC5A6;SLC46A1;SLC22A1;AFM;SLC2A2;SLC2A4;ABCD1;SLC19A2
GO_Biological_Process_2023,Establishment Of Protein Localization To Membrane (GO:0090150),13/69,0.2117020623282114,0.9999960968655396,0,0,1.3410768931850197,2.0821229390711053,ATG3;PRKCI;RTP3;RDX;ZDHHC24;YIF1B;GRIN3B;NPC1;ZDHHC9;AQP11;BID;GOLGA7;NECTIN3
GO_Biological_Process_2023,Determination Of Left/Right Symmetry (GO:0007368),9/45,0.2119004503792461,0.9999960968655396,0,0,1.4439728353140917,2.2405241160946283,ODAD3;SHH;LEFTY1;MKKS;FOXJ1;BBS7;PIERCE2;DLL1;DNAI1
GO_Biological_Process_2023,Hexose Metabolic Process (GO:0019318),9/45,0.2119004503792461,0.9999960968655396,0,0,1.4439728353140917,2.2405241160946283,SLC35A2;BRAT1;SORD;ALDOC;GALM;OMA1;GCK;GALK2;GDPGP1
GO_Biological_Process_2023,Positive Regulation Of Innate Immune Response (GO:0045089),9/45,0.2119004503792461,0.9999960968655396,0,0,1.4439728353140917,2.2405241160946283,RBM47;MAVS;WNT5A;POLR3G;IFI35;FADD;IKBKE;SLC15A4;TIRAP
GO_Biological_Process_2023,RNA Modification (GO:0009451),10/51,0.2128797180598551,0.9999960968655396,0,0,1.408818266171792,2.179481271885276,TRUB1;DTWD1;METTL3;BCDIN3D;TFB1M;FTSJ1;MRM1;MRM2;OSGEP;TRDMT1
GO_Biological_Process_2023,Striated Muscle Contraction (GO:0006941),11/57,0.2130332531587493,0.9999960968655396,0,0,1.3813174961958368,2.1359409237312907,CSRP3;SMPX;TNNC1;MYL2;TNNC2;MYL3;TNNT3;TNNI2;SCN4B;MYH7;SCN2B
GO_Biological_Process_2023,Aspartate Family Amino Acid Catabolic Process (GO:0009068),3/11,0.2141998616243803,0.9999960968655396,0,0,2.165113520840393,3.3361060036180694,PIPOX;CRYM;DDO
GO_Biological_Process_2023,cGMP Metabolic Process (GO:0046068),3/11,0.2141998616243803,0.9999960968655396,0,0,2.165113520840393,3.3361060036180694,GUCY2D;NPR2;PDE9A
GO_Biological_Process_2023,Desensitization Of G Protein-Coupled Receptor Signaling Pathway (GO:0002029),3/11,0.2141998616243803,0.9999960968655396,0,0,2.165113520840393,3.3361060036180694,ADRB3;DMBT1;LY6G6E
GO_Biological_Process_2023,Intestinal Absorption (GO:0050892),3/11,0.2141998616243803,0.9999960968655396,0,0,2.165113520840393,3.3361060036180694,SLC46A1;CD36;SLC26A6
GO_Biological_Process_2023,Intestinal Lipid Absorption (GO:0098856),3/11,0.2141998616243803,0.9999960968655396,0,0,2.165113520840393,3.3361060036180694,NPC1;SOAT2;CD36
GO_Biological_Process_2023,Methylguanosine-Cap Decapping (GO:0110156),3/11,0.2141998616243803,0.9999960968655396,0,0,2.165113520840393,3.3361060036180694,DCPS;NUDT12;PNRC2
GO_Biological_Process_2023,Mitochondrial Genome Maintenance (GO:0000002),3/11,0.2141998616243803,0.9999960968655396,0,0,2.165113520840393,3.3361060036180694,MGME1;PARP1;MPV17
GO_Biological_Process_2023,Mitochondrial Respiratory Chain Complex III Assembly (GO:0034551),3/11,0.2141998616243803,0.9999960968655396,0,0,2.165113520840393,3.3361060036180694,UQCC2;UQCC1;LYRM7
GO_Biological_Process_2023,Negative Regulation Of Cyclase Activity (GO:0031280),3/11,0.2141998616243803,0.9999960968655396,0,0,2.165113520840393,3.3361060036180694,RD3;GABBR2;AKAP5
GO_Biological_Process_2023,Negative Regulation Of Myotube Differentiation (GO:0010832),3/11,0.2141998616243803,0.9999960968655396,0,0,2.165113520840393,3.3361060036180694,XBP1;HDAC3;BHLHA15
GO_Biological_Process_2023,Negative Regulation Of Reactive Oxygen Species Biosynthetic Process (GO:1903427),3/11,0.2141998616243803,0.9999960968655396,0,0,2.165113520840393,3.3361060036180694,ABCD2;MPV17L;ABCD1
GO_Biological_Process_2023,Neurotransmitter Uptake (GO:0001504),3/11,0.2141998616243803,0.9999960968655396,0,0,2.165113520840393,3.3361060036180694,SLC22A3;SLC29A1;SLC29A2
GO_Biological_Process_2023,Positive Regulation Of Metaphase/Anaphase Transition Of Cell Cycle (GO:1902101),3/11,0.2141998616243803,0.9999960968655396,0,0,2.165113520840393,3.3361060036180694,CDC20;ESPL1;UBE2C
GO_Biological_Process_2023,Positive Regulation Of Mitotic Metaphase/Anaphase Transition (GO:0045842),3/11,0.2141998616243803,0.9999960968655396,0,0,2.165113520840393,3.3361060036180694,CDC20;ESPL1;UBE2C
GO_Biological_Process_2023,Positive Regulation Of Protein Exit From Endoplasmic Reticulum (GO:0070863),3/11,0.2141998616243803,0.9999960968655396,0,0,2.165113520840393,3.3361060036180694,EDEM1;EDEM2;SLC51B
GO_Biological_Process_2023,Post-Transcriptional Gene Silencing (GO:0016441),3/11,0.2141998616243803,0.9999960968655396,0,0,2.165113520840393,3.3361060036180694,HEXIM1;MOV10;DICER1
GO_Biological_Process_2023,pre-mRNA Cleavage Required For Polyadenylation (GO:0098789),3/11,0.2141998616243803,0.9999960968655396,0,0,2.165113520840393,3.3361060036180694,NCBP2;CSTF2;CSTF2T
GO_Biological_Process_2023,Pyrimidine Nucleobase Metabolic Process (GO:0006206),3/11,0.2141998616243803,0.9999960968655396,0,0,2.165113520840393,3.3361060036180694,DPYSL4;DPYS;UMPS
GO_Biological_Process_2023,Regulation Of Adipose Tissue Development (GO:1904177),3/11,0.2141998616243803,0.9999960968655396,0,0,2.165113520840393,3.3361060036180694,PARP1;PLAAT3;PPARG
GO_Biological_Process_2023,Regulation Of Cell Cycle Checkpoint (GO:1901976),3/11,0.2141998616243803,0.9999960968655396,0,0,2.165113520840393,3.3361060036180694,ETAA1;RAD51;WDR76
GO_Biological_Process_2023,Regulation Of Glycogen Metabolic Process (GO:0070873),3/11,0.2141998616243803,0.9999960968655396,0,0,2.165113520840393,3.3361060036180694,PPP1R3C;PPP1R3B;PPP1R3E
GO_Biological_Process_2023,Regulation Of Stress-Activated Protein Kinase Signaling Cascade (GO:0070302),3/11,0.2141998616243803,0.9999960968655396,0,0,2.165113520840393,3.3361060036180694,RNF13;NBR1;TIRAP
GO_Biological_Process_2023,Respiratory Chain Complex III Assembly (GO:0017062),3/11,0.2141998616243803,0.9999960968655396,0,0,2.165113520840393,3.3361060036180694,UQCC2;UQCC1;LYRM7
GO_Biological_Process_2023,Self Proteolysis (GO:0097264),3/11,0.2141998616243803,0.9999960968655396,0,0,2.165113520840393,3.3361060036180694,SHH;IHH;CAPN3
GO_Biological_Process_2023,Sulfate Transport (GO:0008272),3/11,0.2141998616243803,0.9999960968655396,0,0,2.165113520840393,3.3361060036180694,SLC26A1;SLC25A11;SLC26A6
GO_Biological_Process_2023,Tetrahydrofolate Metabolic Process (GO:0046653),3/11,0.2141998616243803,0.9999960968655396,0,0,2.165113520840393,3.3361060036180694,MTHFD1;SHMT2;SHMT1
GO_Biological_Process_2023,Oxoacid Metabolic Process (GO:0043436),5/22,0.216461096004382,0.9999960968655396,0,0,1.6983823030738237,2.599109919287037,LIPT2;LIPT1;SULT1B1;TPST1;SULT2A1
GO_Biological_Process_2023,Peptidyl-Glutamic Acid Modification (GO:0018200),5/22,0.216461096004382,0.9999960968655396,0,0,1.6983823030738237,2.599109919287037,GGCX;TTLL1;CEP41;CFAP20;TTLL8
GO_Biological_Process_2023,Positive Regulation Of Cilium Assembly (GO:0045724),5/22,0.216461096004382,0.9999960968655396,0,0,1.6983823030738237,2.599109919287037,WRAP73;PPP1R35;CCP110;ZMYND10;TAPT1
GO_Biological_Process_2023,CENP-A Containing Chromatin Assembly (GO:0034080),2/6,0.2181095194062704,0.9999960968655396,0,0,2.886517615176152,4.395467674460467,HJURP;OIP5
GO_Biological_Process_2023,IRE1-mediated Unfolded Protein Response (GO:0036498),2/6,0.2181095194062704,0.9999960968655396,0,0,2.886517615176152,4.395467674460467,XBP1;PARP16
GO_Biological_Process_2023,RIG-I Signaling Pathway (GO:0039529),2/6,0.2181095194062704,0.9999960968655396,0,0,2.886517615176152,4.395467674460467,RNF135;RIGI
GO_Biological_Process_2023,Autophagosome Membrane Docking (GO:0016240),2/6,0.2181095194062704,0.9999960968655396,0,0,2.886517615176152,4.395467674460467,STX17;SNAP29
GO_Biological_Process_2023,Cardiac Muscle Cell-Cardiac Muscle Cell Adhesion (GO:0086042),2/6,0.2181095194062704,0.9999960968655396,0,0,2.886517615176152,4.395467674460467,DSG2;DSC2
GO_Biological_Process_2023,Catecholamine Uptake (GO:0090493),2/6,0.2181095194062704,0.9999960968655396,0,0,2.886517615176152,4.395467674460467,SLC22A3;SLC22A1
GO_Biological_Process_2023,Cellular Response To Bacterial Lipopeptide (GO:0071221),2/6,0.2181095194062704,0.9999960968655396,0,0,2.886517615176152,4.395467674460467,CD36;TIRAP
GO_Biological_Process_2023,Cholesterol Catabolic Process (GO:0006707),2/6,0.2181095194062704,0.9999960968655396,0,0,2.886517615176152,4.395467674460467,CYP27A1;CYP7A1
GO_Biological_Process_2023,Choline Transport (GO:0015871),2/6,0.2181095194062704,0.9999960968655396,0,0,2.886517615176152,4.395467674460467,SLC5A7;SLC44A1
GO_Biological_Process_2023,Chromatin Remodeling At Centromere (GO:0031055),2/6,0.2181095194062704,0.9999960968655396,0,0,2.886517615176152,4.395467674460467,HJURP;OIP5
GO_Biological_Process_2023,Copper Ion Import (GO:0015677),2/6,0.2181095194062704,0.9999960968655396,0,0,2.886517615176152,4.395467674460467,ATP7B;SLC31A1
GO_Biological_Process_2023,Development Of Primary Female Sexual Characteristics (GO:0046545),2/6,0.2181095194062704,0.9999960968655396,0,0,2.886517615176152,4.395467674460467,LHFPL2;NR2F2
GO_Biological_Process_2023,Dorsal Aorta Development (GO:0035907),2/6,0.2181095194062704,0.9999960968655396,0,0,2.886517615176152,4.395467674460467,DLL4;HEY1
GO_Biological_Process_2023,Dorsal Aorta Morphogenesis (GO:0035912),2/6,0.2181095194062704,0.9999960968655396,0,0,2.886517615176152,4.395467674460467,DLL4;HEY1
GO_Biological_Process_2023,Epithelial Cell Differentiation Involved In Kidney Development (GO:0035850),2/6,0.2181095194062704,0.9999960968655396,0,0,2.886517615176152,4.395467674460467,SALL1;MTSS1
GO_Biological_Process_2023,Ethanol Catabolic Process (GO:0006068),2/6,0.2181095194062704,0.9999960968655396,0,0,2.886517615176152,4.395467674460467,SULT1B1;SULT2A1
GO_Biological_Process_2023,Forebrain Neuron Development (GO:0021884),2/6,0.2181095194062704,0.9999960968655396,0,0,2.886517615176152,4.395467674460467,LHX6;PLXNA3
GO_Biological_Process_2023,Glycerol-3-Phosphate Metabolic Process (GO:0006072),2/6,0.2181095194062704,0.9999960968655396,0,0,2.886517615176152,4.395467674460467,GPAM;GCK
GO_Biological_Process_2023,Glycogen Catabolic Process (GO:0005980),2/6,0.2181095194062704,0.9999960968655396,0,0,2.886517615176152,4.395467674460467,STBD1;PYGL
GO_Biological_Process_2023,Histidine Catabolic Process (GO:0006548),2/6,0.2181095194062704,0.9999960968655396,0,0,2.886517615176152,4.395467674460467,CARNMT1;HNMT
GO_Biological_Process_2023,Histidine Metabolic Process (GO:0006547),2/6,0.2181095194062704,0.9999960968655396,0,0,2.886517615176152,4.395467674460467,CARNMT1;HNMT
GO_Biological_Process_2023,Membrane Biogenesis (GO:0044091),2/6,0.2181095194062704,0.9999960968655396,0,0,2.886517615176152,4.395467674460467,TLCD2;TLCD1
GO_Biological_Process_2023,Mitochondrial tRNA Processing (GO:0090646),2/6,0.2181095194062704,0.9999960968655396,0,0,2.886517615176152,4.395467674460467,TRMT10C;METTL8
GO_Biological_Process_2023,Monoacylglycerol Biosynthetic Process (GO:0006640),2/6,0.2181095194062704,0.9999960968655396,0,0,2.886517615176152,4.395467674460467,DGAT2;MOGAT2
GO_Biological_Process_2023,Negative Regulation Of Dendritic Cell Apoptotic Process (GO:2000669),2/6,0.2181095194062704,0.9999960968655396,0,0,2.886517615176152,4.395467674460467,CXCL12;GAS6
GO_Biological_Process_2023,Negative Regulation Of Digestive System Process (GO:0060457),2/6,0.2181095194062704,0.9999960968655396,0,0,2.886517615176152,4.395467674460467,TFF2;HAMP
GO_Biological_Process_2023,Negative Regulation Of Double-Strand Break Repair Via Nonhomologous End Joining (GO:2001033),2/6,0.2181095194062704,0.9999960968655396,0,0,2.886517615176152,4.395467674460467,CYREN;NUDT16L1
GO_Biological_Process_2023,Negative Regulation Of Establishment Of Protein Localization To Mitochondrion (GO:1903748),2/6,0.2181095194062704,0.9999960968655396,0,0,2.886517615176152,4.395467674460467,DNAJA1;LMAN1
GO_Biological_Process_2023,Negative Regulation Of Hematopoietic Progenitor Cell Differentiation (GO:1901533),2/6,0.2181095194062704,0.9999960968655396,0,0,2.886517615176152,4.395467674460467,METTL14;PCID2
GO_Biological_Process_2023,Noradrenergic Neuron Differentiation (GO:0003357),2/6,0.2181095194062704,0.9999960968655396,0,0,2.886517615176152,4.395467674460467,HAND2;SOX4
GO_Biological_Process_2023,Nose Development (GO:0043584),2/6,0.2181095194062704,0.9999960968655396,0,0,2.886517615176152,4.395467674460467,PROX1;STRA6
GO_Biological_Process_2023,Nucleobase Catabolic Process (GO:0046113),2/6,0.2181095194062704,0.9999960968655396,0,0,2.886517615176152,4.395467674460467,DPYSL4;DPYS
GO_Biological_Process_2023,Nucleoside Diphosphate Catabolic Process (GO:0009134),2/6,0.2181095194062704,0.9999960968655396,0,0,2.886517615176152,4.395467674460467,ENTPD8;NUDT5
GO_Biological_Process_2023,Nucleotide Catabolic Process (GO:0009166),2/6,0.2181095194062704,0.9999960968655396,0,0,2.886517615176152,4.395467674460467,NUDT15;DNPH1
GO_Biological_Process_2023,Nucleotide Transport (GO:0006862),2/6,0.2181095194062704,0.9999960968655396,0,0,2.886517615176152,4.395467674460467,SLC25A19;EPG5
GO_Biological_Process_2023,Polyamine Biosynthetic Process (GO:0006596),2/6,0.2181095194062704,0.9999960968655396,0,0,2.886517615176152,4.395467674460467,PAOX;SRM
GO_Biological_Process_2023,Positive Regulation Of Chemokine (C-X-C Motif) Ligand 2 Production (GO:2000343),2/6,0.2181095194062704,0.9999960968655396,0,0,2.886517615176152,4.395467674460467,TIRAP;MBL2
GO_Biological_Process_2023,Positive Regulation Of Multicellular Organism Growth (GO:0040018),2/6,0.2181095194062704,0.9999960968655396,0,0,2.886517615176152,4.395467674460467,GHR;PPIB
GO_Biological_Process_2023,Positive Regulation Of Phospholipid Biosynthetic Process (GO:0071073),2/6,0.2181095194062704,0.9999960968655396,0,0,2.886517615176152,4.395467674460467,FABP3;NR1H4
GO_Biological_Process_2023,Positive Regulation Of Receptor Catabolic Process (GO:2000646),2/6,0.2181095194062704,0.9999960968655396,0,0,2.886517615176152,4.395467674460467,DTX3L;PCSK9
GO_Biological_Process_2023,Positive Regulation Of Steroid Metabolic Process (GO:0045940),2/6,0.2181095194062704,0.9999960968655396,0,0,2.886517615176152,4.395467674460467,STARD4;CGA
GO_Biological_Process_2023,"Protein Import Into Peroxisome Matrix, Receptor Recycling (GO:0016562)",2/6,0.2181095194062704,0.9999960968655396,0,0,2.886517615176152,4.395467674460467,PEX10;PEX12
GO_Biological_Process_2023,Protein Localization To Basolateral Plasma Membrane (GO:1903361),2/6,0.2181095194062704,0.9999960968655396,0,0,2.886517615176152,4.395467674460467,PDZD11;LIN7A
GO_Biological_Process_2023,Pyrimidine Nucleotide-Sugar Transmembrane Transport (GO:0090481),2/6,0.2181095194062704,0.9999960968655396,0,0,2.886517615176152,4.395467674460467,SLC35A2;SLC35B4
GO_Biological_Process_2023,Pyrimidine Ribonucleotide Biosynthetic Process (GO:0009220),2/6,0.2181095194062704,0.9999960968655396,0,0,2.886517615176152,4.395467674460467,CAD;UMPS
GO_Biological_Process_2023,Regulation Of NK T Cell Proliferation (GO:0051140),2/6,0.2181095194062704,0.9999960968655396,0,0,2.886517615176152,4.395467674460467,IL18;TYK2
GO_Biological_Process_2023,Regulation Of Adiponectin Secretion (GO:0070163),2/6,0.2181095194062704,0.9999960968655396,0,0,2.886517615176152,4.395467674460467,RAB11FIP1;PPARG
GO_Biological_Process_2023,Regulation Of Bile Acid Metabolic Process (GO:1904251),2/6,0.2181095194062704,0.9999960968655396,0,0,2.886517615176152,4.395467674460467,NR1H4;CYP7A1
GO_Biological_Process_2023,Regulation Of Cellular Response To Insulin Stimulus (GO:1900076),2/6,0.2181095194062704,0.9999960968655396,0,0,2.886517615176152,4.395467674460467,ECHDC3;PPARG
GO_Biological_Process_2023,Regulation Of Centriole Elongation (GO:1903722),2/6,0.2181095194062704,0.9999960968655396,0,0,2.886517615176152,4.395467674460467,CENPJ;PPP1R35
GO_Biological_Process_2023,Regulation Of Glial Cell Apoptotic Process (GO:0034350),2/6,0.2181095194062704,0.9999960968655396,0,0,2.886517615176152,4.395467674460467,PRKCI;DLL1
GO_Biological_Process_2023,Regulation Of Mitochondrial mRNA Stability (GO:0044528),2/6,0.2181095194062704,0.9999960968655396,0,0,2.886517615176152,4.395467674460467,FASTKD1;FASTKD3
GO_Biological_Process_2023,Regulation Of Nucleotide-Binding Oligomerization Domain Containing 2 Signaling Pathway (GO:0070432),2/6,0.2181095194062704,0.9999960968655396,0,0,2.886517615176152,4.395467674460467,SLC15A4;HSPA1B
GO_Biological_Process_2023,Regulation Of Respiratory Gaseous Exchange (GO:0043576),2/6,0.2181095194062704,0.9999960968655396,0,0,2.886517615176152,4.395467674460467,MTG2;PASK
GO_Biological_Process_2023,Regulation Of Vascular Associated Smooth Muscle Cell Apoptotic Process (GO:1905459),2/6,0.2181095194062704,0.9999960968655396,0,0,2.886517615176152,4.395467674460467,MFN2;PPARG
GO_Biological_Process_2023,Regulation Of Vitamin D Receptor Signaling Pathway (GO:0070562),2/6,0.2181095194062704,0.9999960968655396,0,0,2.886517615176152,4.395467674460467,KANK2;SNAI2
GO_Biological_Process_2023,Ribose Phosphate Biosynthetic Process (GO:0046390),2/6,0.2181095194062704,0.9999960968655396,0,0,2.886517615176152,4.395467674460467,PRPS2;PRPSAP2
GO_Biological_Process_2023,Sterol Catabolic Process (GO:0016127),2/6,0.2181095194062704,0.9999960968655396,0,0,2.886517615176152,4.395467674460467,CYP27A1;CYP7A1
GO_Biological_Process_2023,Sulfur Amino Acid Catabolic Process (GO:0000098),2/6,0.2181095194062704,0.9999960968655396,0,0,2.886517615176152,4.395467674460467,TST;FMO1
GO_Biological_Process_2023,Transepithelial Chloride Transport (GO:0030321),2/6,0.2181095194062704,0.9999960968655396,0,0,2.886517615176152,4.395467674460467,CLCNKA;SLC26A6
GO_Biological_Process_2023,White Fat Cell Differentiation (GO:0050872),2/6,0.2181095194062704,0.9999960968655396,0,0,2.886517615176152,4.395467674460467,PER2;PPARG
GO_Biological_Process_2023,Positive Regulation Of Developmental Process (GO:0051094),39/233,0.2212424647453774,0.9999960968655396,0,0,1.1621863450690526,1.7531535147614838,UTP25;PHLDB1;HDAC2;SMARCD2;SMARCB1;NUMA1;MIEF2;VLDLR;PLD6;AURKA;CDC20;SHH;BCL7A;RBBP4;DVL2;DPF3;OTX2;FBXO5;TRAPPC13;TAPT1;ACVR1;XBP1;FZD4;KMT5C;WNT5A;COBL;SIRT6;SMARCA2;ELAPOR2;SAP30;SLC6A6;BRMS1L;SHLD2;SHLD1;PPARG;MAP3K13;PHLDB2;OGT;FOXA2
GO_Biological_Process_2023,Golgi To Plasma Membrane Protein Transport (GO:0043001),6/28,0.2243289417147144,0.9999960968655396,0,0,1.5749352411496238,2.3539640665613,GGA2;BBS1;PREPL;GOLGA7;PHAF1;VAMP5
GO_Biological_Process_2023,Negative Regulation Of G2/M Transition Of Mitotic Cell Cycle (GO:0010972),6/28,0.2243289417147144,0.9999960968655396,0,0,1.5749352411496238,2.3539640665613,RAD50;INTS3;PINX1;NABP1;AURKB;CHFR
GO_Biological_Process_2023,Regulation Of Sodium Ion Transmembrane Transport (GO:1902305),6/28,0.2243289417147144,0.9999960968655396,0,0,1.5749352411496238,2.3539640665613,FXYD7;RANGRF;GPD1L;SCN4B;PTPN3;SCN2B
GO_Biological_Process_2023,Protein K48-linked Ubiquitination (GO:0070936),13/70,0.2272350177081617,0.9999960968655396,0,0,1.31747167987974,1.9521906392328248,DTX3L;UBE2C;UBE2D1;RNF6;RNF5;UBE2T;SKP2;KBTBD7;RNF152;TRIM21;TRIM32;FBXO9;TRIM45
GO_Biological_Process_2023,Organophosphate Biosynthetic Process (GO:0090407),7/34,0.2286014935536597,0.9999960968655396,0,0,1.4972288202692003,2.209572853492247,IPPK;MOCS2;FITM1;DCK;FADS1;GCK;GALK2
GO_Biological_Process_2023,Establishment Or Maintenance Of Epithelial Cell Apical/Basal Polarity (GO:0045197),8/40,0.2307016484617354,0.9999960968655396,0,0,1.4438221317040054,2.11755280732426,SLC9A3R1;PRKCI;RAP2A;DLG3;PDZD11;LIN7A;SYNE4;CRB3
GO_Biological_Process_2023,Negative Regulation Of Mitotic Cell Cycle Phase Transition (GO:1901991),8/40,0.2307016484617354,0.9999960968655396,0,0,1.4438221317040054,2.11755280732426,KANK2;RBL2;RBL1;PRMT2;PINX1;CDK2AP2;FBXO5;INHBA
GO_Biological_Process_2023,Positive Regulation Of Catalytic Activity (GO:0043085),8/40,0.2307016484617354,0.9999960968655396,0,0,1.4438221317040054,2.11755280732426,MSH6;WRN;XRCC5;MSH3;MID1IP1;FDX1;AZIN2;SSBP1
GO_Biological_Process_2023,Positive Regulation Of Cell Cycle G1/S Phase Transition (GO:1902808),8/40,0.2307016484617354,0.9999960968655396,0,0,1.4438221317040054,2.11755280732426,LSM10;RRM1;MBLAC1;RRM2;TFDP1;CENPJ;RDX;SASS6
GO_Biological_Process_2023,Regulation Of Glycolytic Process (GO:0006110),8/40,0.2307016484617354,0.9999960968655396,0,0,1.4438221317040054,2.11755280732426,MLXIPL;TIGAR;MLST8;GAPDHS;SIRT6;JMJD8;OGT;GCK
GO_Biological_Process_2023,Regulation Of Microtubule Cytoskeleton Organization (GO:0070507),8/40,0.2307016484617354,0.9999960968655396,0,0,1.4438221317040054,2.11755280732426,PHLDB1;TRAF3IP1;STMN1;CDK2AP2;TPPP;PHLDB2;BICD2;SKA1
GO_Biological_Process_2023,Fatty Acid Oxidation (GO:0019395),10/52,0.2311663375289448,0.9999960968655396,0,0,1.375194099378882,2.0141336899940154,ADH4;ABCD2;SLC25A17;ACSM1;ECHDC1;ACAD10;ADIPOR2;MTLN;MCAT;ACAT2
GO_Biological_Process_2023,Cellular Component Disassembly (GO:0022411),9/46,0.2314039970785344,0.9999960968655396,0,0,1.4048639471389897,2.056145092598847,MMP11;DYRK3;MMP13;EXOC8;MMP15;PLAAT1;MMP19;PLAAT3;ELANE
GO_Biological_Process_2023,Epithelial Cell Migration (GO:0010631),9/46,0.2314039970785344,0.9999960968655396,0,0,1.4048639471389897,2.056145092598847,KANK2;DPP4;KANK1;PTP4A3;PLXND1;PKN3;STAT1;KIT;MEN1
GO_Biological_Process_2023,Myofibril Assembly (GO:0030239),9/46,0.2314039970785344,0.9999960968655396,0,0,1.4048639471389897,2.056145092598847,CSRP3;TMOD4;MYL2;TNNT3;CAPN3;CASQ1;MYOZ2;LMOD2;MYH7
GO_Biological_Process_2023,Negative Regulation Of Cellular Metabolic Process (GO:0031324),9/46,0.2314039970785344,0.9999960968655396,0,0,1.4048639471389897,2.056145092598847,BCKDK;SREBF1;TIGAR;RBL1;TERT;ACTN3;SIRT5;SIRT6;FBXO5
GO_Biological_Process_2023,Positive Regulation Of DNA Repair (GO:0045739),16/89,0.2349282150752486,0.9999960968655396,0,0,1.266204761416302,1.834066295402517,H2AX;SMARCD2;TIGAR;SMARCB1;PARP1;DDX11;CEBPG;SIRT6;FOXM1;SMARCA2;ZCWPW1;BCL7A;RUVBL2;RUVBL1;DPF3;WRAP53
GO_Biological_Process_2023,Carboxylic Acid Biosynthetic Process (GO:0046394),4/17,0.2354386238015375,0.9999960968655396,0,0,1.7765840938722297,2.5694824939408645,UROS;PAH;RGN;FADS1
GO_Biological_Process_2023,Intracellular Estrogen Receptor Signaling Pathway (GO:0030520),4/17,0.2354386238015375,0.9999960968655396,0,0,1.7765840938722297,2.5694824939408645,DDX17;RBFOX2;TADA3;ESR1
GO_Biological_Process_2023,"mRNA Cis Splicing, Via Spliceosome (GO:0045292)",4/17,0.2354386238015375,0.9999960968655396,0,0,1.7765840938722297,2.5694824939408645,NCBP2;SRSF1;SNRNP200;DCPS
GO_Biological_Process_2023,Negative Regulation Of Cellular Senescence (GO:2000773),4/17,0.2354386238015375,0.9999960968655396,0,0,1.7765840938722297,2.5694824939408645,RBL1;TERT;SIRT6;FBXO5
GO_Biological_Process_2023,Negative Regulation Of Striated Muscle Cell Differentiation (GO:0051154),4/17,0.2354386238015375,0.9999960968655396,0,0,1.7765840938722297,2.5694824939408645,XBP1;HDAC3;FZD7;BHLHA15
GO_Biological_Process_2023,Neural Tube Development (GO:0021915),4/17,0.2354386238015375,0.9999960968655396,0,0,1.7765840938722297,2.5694824939408645,INTU;PTCH1;PROX1;SLC39A12
GO_Biological_Process_2023,Positive Regulation By Host Of Viral Process (GO:0044794),4/17,0.2354386238015375,0.9999960968655396,0,0,1.7765840938722297,2.5694824939408645,ZDHHC9;PPIB;ZFYVE1;IGF2R
GO_Biological_Process_2023,Positive Regulation Of Fatty Acid Metabolic Process (GO:0045923),4/17,0.2354386238015375,0.9999960968655396,0,0,1.7765840938722297,2.5694824939408645,MLXIPL;LPGAT1;KLHL25;MID1IP1
GO_Biological_Process_2023,rRNA Transcription (GO:0009303),4/17,0.2354386238015375,0.9999960968655396,0,0,1.7765840938722297,2.5694824939408645,GTF3C4;GTF3C5;GTF3C6;GTF3A
GO_Biological_Process_2023,Receptor Recycling (GO:0001881),4/17,0.2354386238015375,0.9999960968655396,0,0,1.7765840938722297,2.5694824939408645,PEX10;PEX12;PHETA1;PLEKHJ1
GO_Biological_Process_2023,Regulation Of Viral Transcription (GO:0046782),4/17,0.2354386238015375,0.9999960968655396,0,0,1.7765840938722297,2.5694824939408645,HEXIM1;TRIM14;TRIM21;TRIM32
GO_Biological_Process_2023,Response To Interferon-Alpha (GO:0035455),4/17,0.2354386238015375,0.9999960968655396,0,0,1.7765840938722297,2.5694824939408645,BST2;LAMP3;GAS6;KLHL20
GO_Biological_Process_2023,Toll-Like Receptor 4 Signaling Pathway (GO:0034142),4/17,0.2354386238015375,0.9999960968655396,0,0,1.7765840938722297,2.5694824939408645,TRIL;NR1H4;RAB11FIP2;TIRAP
GO_Biological_Process_2023,Transepithelial Transport (GO:0070633),4/17,0.2354386238015375,0.9999960968655396,0,0,1.7765840938722297,2.5694824939408645,SLC1A2;CLCNKA;RHBG;SLC26A6
GO_Biological_Process_2023,Positive Regulation Of Translation (GO:0045727),19/108,0.2390073017239765,0.9999960968655396,0,0,1.2334016040426468,1.7653198307399052,JMJD4;KHDRBS1;COA3;TRUB2;MRPS27;TRMT10C;UQCC2;FASTKD3;METTL3;RMND1;PASK;NGRN;METTL14;ERBB2;PRR16;PLXNB2;METTL8;OGT;SOX4
GO_Biological_Process_2023,Positive Regulation Of Cellular Catabolic Process (GO:0031331),25/146,0.2414564962225691,0.9999960968655396,0,0,1.1938889813746263,1.696594993816584,ABCD2;IRS1;NPRL2;MTLN;UFL1;MLST8;TRIM68;PACSIN3;TRIM21;ABCD1;RNF152;UPF1;ENDOG;PNPT1;DTX3L;TFEB;TICAM1;SVIP;TPCN1;SUPV3L1;MLXIPL;MOV10;GAPDHS;CNOT8;TRIM32
GO_Biological_Process_2023,Regulation Of Cilium Assembly (GO:1902017),13/71,0.2432153090165986,0.9999960968655396,0,0,1.2946804394470566,1.830429799158264,ATG3;ODAD3;INTU;IFT140;PPP1R35;CCP110;TCHP;TBC1D2;TBC1D7;TBC1D24;TBC1D13;TAPT1;TBC1D16
GO_Biological_Process_2023,Cholesterol Efflux (GO:0033344),5/23,0.2454282797873782,0.9999960968655396,0,0,1.603933536792133,2.2531264598897907,ABCG5;NPC1;SOAT2;TSKU;ABCG1
GO_Biological_Process_2023,Cytosolic Pattern Recognition Receptor Signaling Pathway (GO:0002753),5/23,0.2454282797873782,0.9999960968655396,0,0,1.603933536792133,2.2531264598897907,RNF135;MAVS;IRF3;MAP2K6;RIGI
GO_Biological_Process_2023,Diacylglycerol Metabolic Process (GO:0046339),5/23,0.2454282797873782,0.9999960968655396,0,0,1.603933536792133,2.2531264598897907,PLA2G15;DGAT2;GPAM;MOGAT2;DGKQ
GO_Biological_Process_2023,Regulation Of Lipid Catabolic Process (GO:0050994),5/23,0.2454282797873782,0.9999960968655396,0,0,1.603933536792133,2.2531264598897907,HPGD;PDE3B;ANGPTL3;SIRT6;ABCD1
GO_Biological_Process_2023,Regulation Of Myotube Differentiation (GO:0010830),5/23,0.2454282797873782,0.9999960968655396,0,0,1.603933536792133,2.2531264598897907,XBP1;HDAC3;BHLHA15;FBXO22;RBM24
GO_Biological_Process_2023,Positive Regulation Of Cell Cycle (GO:0045787),12/65,0.245736201027328,0.9999960968655396,0,0,1.3077742005823274,1.8354567382181644,FOXA1;TGM1;CCNB1;PSRC1;CCND1;USP2;PTK6;PROX1;TRIM21;TRIM32;TBX3;AURKA
GO_Biological_Process_2023,Carbohydrate Derivative Biosynthetic Process (GO:1901137),6/29,0.250183638473277,0.9999960968655396,0,0,1.5063713055276975,2.087167941895957,ALG8;RRM1;RRM2;ALG11;GCK;GALK2
GO_Biological_Process_2023,Maintenance Of Blood-Brain Barrier (GO:0035633),6/29,0.250183638473277,0.9999960968655396,0,0,1.5063713055276975,2.087167941895957,OCLN;CLDN3;CLDN12;LSR;CLDN1;MBL2
GO_Biological_Process_2023,Phosphatidic Acid Biosynthetic Process (GO:0006654),6/29,0.250183638473277,0.9999960968655396,0,0,1.5063713055276975,2.087167941895957,GNPAT;LIPC;GPAM;DGKQ;PNPLA3;AGPAT1
GO_Biological_Process_2023,Positive Regulation Of Microtubule Polymerization (GO:0031116),6/29,0.250183638473277,0.9999960968655396,0,0,1.5063713055276975,2.087167941895957,OCLN;PSRC1;NUMA1;PDE4DIP;MET;HSPA1B
GO_Biological_Process_2023,Regulation Of Spindle Assembly (GO:0090169),6/29,0.250183638473277,0.9999960968655396,0,0,1.5063713055276975,2.087167941895957,GPSM2;NUMA1;CENPJ;PLK1;SASS6;HSPA1B
GO_Biological_Process_2023,Golgi To Plasma Membrane Transport (GO:0006893),9/47,0.2515290336571512,0.9999960968655396,0,0,1.367813421499419,1.8878517813882527,GGA2;BBS1;PREPL;EXOC8;OSBPL5;GOPC;GOLGA7;PHAF1;VAMP5
GO_Biological_Process_2023,Bicellular Tight Junction Assembly (GO:0070830),9/47,0.2515290336571512,0.9999960968655396,0,0,1.367813421499419,1.8878517813882527,RAMP2;OCLN;CLDN3;MARVELD2;SLC39A9;CLDN8;CLDN2;ECT2;CLDN1
GO_Biological_Process_2023,Protein Monoubiquitination (GO:0006513),9/47,0.2515290336571512,0.9999960968655396,0,0,1.367813421499419,1.8878517813882527,UHRF1;ZC4H2;UBE2T;FANCC;TRIM37;PEX12;TRIM21;KBTBD8;FANCF
GO_Biological_Process_2023,Heart Contraction (GO:0060047),8/41,0.2523468266454436,0.9999960968655396,0,0,1.3999876566068012,1.927714181834992,CSRP3;TNNC1;MYL2;MYL3;RANGRF;SCN4B;MYH7;SCN2B
GO_Biological_Process_2023,Protein Glycosylation (GO:0006486),25/147,0.2526883160034883,0.9999960968655396,0,0,1.18403304434457,1.6287540824591489,POMT1;MAGT1;TMEM165;KRTCAP2;B3GALT1;MLEC;MGAT2;LARGE2;B3GALNT2;ALG8;ALG9;ALG12;MOGS;ALG11;POMGNT1;DDOST;B3GNT9;NPC1;OSTC;EOGT;STT3A;POMK;AQP11;OGT;B4GALT7
GO_Biological_Process_2023,DNA Conformation Change (GO:0071103),3/12,0.2562638875189185,0.9999960968655396,0,0,1.9244323957980345,2.620206222881042,TOP2A;HHEX;TOP1MT
GO_Biological_Process_2023,DNA Deamination (GO:0045006),3/12,0.2562638875189185,0.9999960968655396,0,0,1.9244323957980345,2.620206222881042,EXOSC5;EXOSC4;EXOSC3
GO_Biological_Process_2023,Alanine Transport (GO:0032328),3/12,0.2562638875189185,0.9999960968655396,0,0,1.9244323957980345,2.620206222881042,SLC36A1;SLC6A6;SLC38A3
GO_Biological_Process_2023,Attachment Of Mitotic Spindle Microtubules To Kinetochore (GO:0051315),3/12,0.2562638875189185,0.9999960968655396,0,0,1.9244323957980345,2.620206222881042,MIS12;NUF2;NDC80
GO_Biological_Process_2023,Epithelial Cell Morphogenesis (GO:0003382),3/12,0.2562638875189185,0.9999960968655396,0,0,1.9244323957980345,2.620206222881042,CLDN3;DACT2;MET
GO_Biological_Process_2023,Folic Acid Metabolic Process (GO:0046655),3/12,0.2562638875189185,0.9999960968655396,0,0,1.9244323957980345,2.620206222881042,SLC46A1;SHMT2;SHMT1
GO_Biological_Process_2023,Lipid Droplet Formation (GO:0140042),3/12,0.2562638875189185,0.9999960968655396,0,0,1.9244323957980345,2.620206222881042,SQLE;FITM1;ZFYVE1
GO_Biological_Process_2023,mRNA Cleavage Involved In mRNA Processing (GO:0098787),3/12,0.2562638875189185,0.9999960968655396,0,0,1.9244323957980345,2.620206222881042,NCBP2;CSTF2;CSTF2T
GO_Biological_Process_2023,Morphogenesis Of A Polarized Epithelium (GO:0001738),3/12,0.2562638875189185,0.9999960968655396,0,0,1.9244323957980345,2.620206222881042,INTU;TRAF3IP1;CELSR1
GO_Biological_Process_2023,Negative Regulation Of Macrophage Derived Foam Cell Differentiation (GO:0010745),3/12,0.2562638875189185,0.9999960968655396,0,0,1.9244323957980345,2.620206222881042,CRP;PPARG;ABCG1
GO_Biological_Process_2023,Negative Regulation Of Mitochondrial Membrane Permeability (GO:0035795),3/12,0.2562638875189185,0.9999960968655396,0,0,1.9244323957980345,2.620206222881042,MPV17L;SLC25A31;TMEM14A
GO_Biological_Process_2023,Nuclear Body Organization (GO:0030575),3/12,0.2562638875189185,0.9999960968655396,0,0,1.9244323957980345,2.620206222881042,DYRK3;USPL1;WRAP53
GO_Biological_Process_2023,Positive Regulation Of DNA-directed DNA Polymerase Activity (GO:1900264),3/12,0.2562638875189185,0.9999960968655396,0,0,1.9244323957980345,2.620206222881042,GINS2;RFC3;RFC4
GO_Biological_Process_2023,Positive Regulation Of Myeloid Leukocyte Mediated Immunity (GO:0002888),3/12,0.2562638875189185,0.9999960968655396,0,0,1.9244323957980345,2.620206222881042,MAVS;TICAM1;RIGI
GO_Biological_Process_2023,Positive Regulation Of Sodium Ion Transport (GO:0010765),3/12,0.2562638875189185,0.9999960968655396,0,0,1.9244323957980345,2.620206222881042,GPD1L;PRSS8;SCN4B
GO_Biological_Process_2023,pre-miRNA Processing (GO:0031054),3/12,0.2562638875189185,0.9999960968655396,0,0,1.9244323957980345,2.620206222881042,AGO1;BCDIN3D;DICER1
GO_Biological_Process_2023,Primary miRNA Processing (GO:0031053),3/12,0.2562638875189185,0.9999960968655396,0,0,1.9244323957980345,2.620206222881042,PUS10;NCBP2;METTL3
GO_Biological_Process_2023,Quinone Biosynthetic Process (GO:1901663),3/12,0.2562638875189185,0.9999960968655396,0,0,1.9244323957980345,2.620206222881042,COQ4;UBIAD1;FDXR
GO_Biological_Process_2023,Regulation Of DNA-directed DNA Polymerase Activity (GO:1900262),3/12,0.2562638875189185,0.9999960968655396,0,0,1.9244323957980345,2.620206222881042,GINS2;RFC3;RFC4
GO_Biological_Process_2023,Regulation Of Actin Filament Organization (GO:0110053),3/12,0.2562638875189185,0.9999960968655396,0,0,1.9244323957980345,2.620206222881042,CXCL12;HAX1;RDX
GO_Biological_Process_2023,tRNA 5'-Leader Removal (GO:0001682),3/12,0.2562638875189185,0.9999960968655396,0,0,1.9244323957980345,2.620206222881042,RPP14;RPP25L;RPP38
GO_Biological_Process_2023,Triglyceride Catabolic Process (GO:0019433),3/12,0.2562638875189185,0.9999960968655396,0,0,1.9244323957980345,2.620206222881042,LIPC;PNPLA3;PNPLA5
GO_Biological_Process_2023,Protein Localization To Nucleus (GO:0034504),21/122,0.2570160173214575,0.9999960968655396,0,0,1.2012334885039817,1.6320160844778877,RPAIN;UTP25;NUP155;NUP133;PLK1;RANBP17;PINX1;NOL8;HIKESHI;RANBP6;SUPT7L;LMNB2;HHEX;WRN;NUAK2;NUP85;KPNA6;RANGRF;KPNA2;BANP;SPRN
GO_Biological_Process_2023,Positive Regulation Of Protein Localization To Nucleus (GO:1900182),13/72,0.2596079075615828,0.9999960968655396,0,0,1.2726617834358198,1.7162898346997746,CARD10;HDAC3;DTX3L;PINX1;PLK1;TYK2;PARP9;MAVS;TERT;CHP2;CDK1;DMAP1;ECT2
GO_Biological_Process_2023,Protein Homooligomerization (GO:0051260),22/129,0.2652754500019798,0.9999960968655396,0,0,1.1878530173018322,1.5762649878651234,PNPT1;SHMT2;SHMT1;OSBPL2;SIGMAR1;SLC1A2;APIP;CBY1;ACOT13;PKD2L1;FOXM1;ACACB;TMEM70;ALAD;RNF135;NLRP6;ME1;BEND3;AQP11;TK1;SSBP1;ECT2
GO_Biological_Process_2023,Regulation Of Kinase Activity (GO:0043549),15/85,0.2679993335117965,0.9999960968655396,0,0,1.2377387838429008,1.629818270484535,VAC14;NPRL2;EMP2;CAMKK2;RBL2;PRDX3;SLC9A3R1;CSRP3;RAD50;RBL1;ERBB3;ERBB2;EPHA1;ECT2;MET
GO_Biological_Process_2023,Negative Regulation Of Protein Catabolic Process (GO:0042177),10/54,0.2693716320324136,0.9999960968655396,0,0,1.3125308794466404,1.7215986123789204,ALAD;LAMP3;AZIN2;HMGCR;RILP;AZIN1;BANP;MAD2L1;PSME3IP1;PTPN3
GO_Biological_Process_2023,Negative Regulation Of Protein Modification By Small Protein Conjugation Or Removal (GO:1903321),10/54,0.2693716320324136,0.9999960968655396,0,0,1.3125308794466404,1.7215986123789204,DNAJA1;PER2;UFL1;PINX1;PRMT3;CAPN3;TRIM21;OGT;SOX4;HSPA1B
GO_Biological_Process_2023,Regulation Of Lipid Metabolic Process (GO:0019216),10/54,0.2693716320324136,0.9999960968655396,0,0,1.3125308794466404,1.7215986123789204,C1QTNF2;ADGRF1;OPA3;MID1IP1;ANGPTL8;RORC;TNFAIP8L3;SIRT6;PPARG;THRSP
GO_Biological_Process_2023,Regulation Of Myoblast Differentiation (GO:0045661),10/54,0.2693716320324136,0.9999960968655396,0,0,1.3125308794466404,1.7215986123789204,XKR8;SMARCD2;SMARCB1;DPF3;RBM24;DLL1;SMARCA2;EID2B;SOX4;TBX3
GO_Biological_Process_2023,Organonitrogen Compound Biosynthetic Process (GO:1901566),21/123,0.2697138093434206,0.9999960968655396,0,0,1.1893864944545838,1.5585647446793869,MOCS2;SLC44A3;GSTM1;ALAS1;SLC44A1;ABHD3;TYW3;SPNS2;FMO1;ELOVL6;INHBA;FMO3;HACD3;CSAD;SLC5A7;PRKD3;PAH;TRMT12;KDSR;NAGS;OTC
GO_Biological_Process_2023,Adrenergic Receptor Signaling Pathway (GO:0071875),4/18,0.2699885220564896,0.9999960968655396,0,0,1.649588377723971,2.159931154192232,LMBRD2;ADRB3;ADRA1B;ADRA2B
GO_Biological_Process_2023,Mitotic Cytokinetic Process (GO:1902410),4/18,0.2699885220564896,0.9999960968655396,0,0,1.649588377723971,2.159931154192232,KLHDC8B;MITD1;CNTROB;KIF20A
GO_Biological_Process_2023,ncRNA-mediated Post-Transcriptional Gene Silencing (GO:0035194),4/18,0.2699885220564896,0.9999960968655396,0,0,1.649588377723971,2.159931154192232,MOV10;NCBP2;CNOT8;AJUBA
GO_Biological_Process_2023,Neural Crest Cell Differentiation (GO:0014033),4/18,0.2699885220564896,0.9999960968655396,0,0,1.649588377723971,2.159931154192232,PEF1;SNAI2;KBTBD8;TAPT1
GO_Biological_Process_2023,Nucleosome Disassembly (GO:0006337),4/18,0.2699885220564896,0.9999960968655396,0,0,1.649588377723971,2.159931154192232,NFE2;SMARCD2;SMARCB1;GRWD1
GO_Biological_Process_2023,Positive Regulation Of Natural Killer Cell Activation (GO:0032816),4/18,0.2699885220564896,0.9999960968655396,0,0,1.649588377723971,2.159931154192232,IL18;TYK2;TICAM1;GAS6
GO_Biological_Process_2023,Regulation Of Mitochondrial Outer Membrane Permeabilization Involved In Apoptotic Signaling Pathway (GO:1901028),4/18,0.2699885220564896,0.9999960968655396,0,0,1.649588377723971,2.159931154192232,TMEM102;MPV17L;SLC25A31;TMEM14A
GO_Biological_Process_2023,Regulation Of Vascular Endothelial Cell Proliferation (GO:1905562),4/18,0.2699885220564896,0.9999960968655396,0,0,1.649588377723971,2.159931154192232,SLC39A9;COL4A3;SIRT6;PPARG
GO_Biological_Process_2023,Response To Organophosphorus (GO:0046683),4/18,0.2699885220564896,0.9999960968655396,0,0,1.649588377723971,2.159931154192232,RFC3;NT5E;STAT1;DGKQ
GO_Biological_Process_2023,Negative Regulation Of Cellular Component Organization (GO:0051129),14/79,0.2721591757319237,0.9999960968655396,0,0,1.244029304029304,1.6189401499512368,RUBCN;TRAF3IP1;XRCC5;PON1;RDX;NR1H4;HSPA2;SVIP;DNAJB2;DNAJA4;PACSIN3;CRYAB;LCMT1;HSPA1B
GO_Biological_Process_2023,Cardiac Ventricle Morphogenesis (GO:0003208),8/42,0.2745957120941033,0.9999960968655396,0,0,1.3587316800447269,1.7561000982044377,DLL4;HEY1;TNNC1;MYL2;MYL3;PROX1;SOX4;MYH7
GO_Biological_Process_2023,"RNA Splicing, Via Transesterification Reactions (GO:0000375)",5/24,0.2753174541620034,0.9999960968655396,0,0,1.519426745908515,1.9598029112644928,SF3A3;DBR1;PRPF3;WDR83;PRPF8
GO_Biological_Process_2023,Fat-Soluble Vitamin Metabolic Process (GO:0006775),5/24,0.2753174541620034,0.9999960968655396,0,0,1.519426745908515,1.9598029112644928,CBR1;UBIAD1;GGCX;CYP2R1;LRAT
GO_Biological_Process_2023,Peroxisome Organization (GO:0007031),5/24,0.2753174541620034,0.9999960968655396,0,0,1.519426745908515,1.9598029112644928,PEX7;ABCD2;PEX10;PLAAT3;PEX12
GO_Biological_Process_2023,Protein Exit From Endoplasmic Reticulum (GO:0032527),5/24,0.2753174541620034,0.9999960968655396,0,0,1.519426745908515,1.9598029112644928,LMAN1;TMEM129;DERL2;RANGRF;SEC61B
GO_Biological_Process_2023,COPII-coated Vesicle Budding (GO:0090114),7/36,0.276285634047159,0.9999960968655396,0,0,1.393807846670489,1.7928829684865917,TRAPPC2;PEF1;TRAPPC12;SEC23B;SEC24C;SEC31B;SEC31A
GO_Biological_Process_2023,Histone Deacetylation (GO:0016575),7/36,0.276285634047159,0.9999960968655396,0,0,1.393807846670489,1.7928829684865917,HDAC2;HDAC3;RBBP4;BRMS1L;HDAC11;SIRT4;SIRT6
GO_Biological_Process_2023,Ubiquitin-Dependent ERAD Pathway (GO:0030433),13/73,0.2763759377944096,0.9999960968655396,0,0,1.2513770826249575,1.6092624772241904,DERL3;EDEM1;EDEM2;ERLIN1;UBE4A;DERL2;ERLIN2;RNF5;DNAJB2;FOXRED2;TMEM129;SEC61B;ANKZF1
GO_Biological_Process_2023,"Maturation Of SSU-rRNA From Tricistronic rRNA Transcript (SSU-rRNA, 5.8S rRNA, LSU-rRNA) (GO:0000462)",6/30,0.2768131086874802,0.9999960968655396,0,0,1.4435210312075983,1.8540767428688127,UTP25;UTP6;UTP3;BMS1;DHX37;UTP20
GO_Biological_Process_2023,Regulation Of Macrophage Derived Foam Cell Differentiation (GO:0010743),6/30,0.2768131086874802,0.9999960968655396,0,0,1.4435210312075983,1.8540767428688127,CRP;CSF1;IL18;PPARG;CD36;ABCG1
GO_Biological_Process_2023,N-terminal Peptidyl-Methionine Acetylation (GO:0017196),2/7,0.2769841757789619,0.9999960968655396,0,0,2.309078590785908,2.964383322194735,NAA35;NAA16
GO_Biological_Process_2023,TRIF-dependent Toll-Like Receptor Signaling Pathway (GO:0035666),2/7,0.2769841757789619,0.9999960968655396,0,0,2.309078590785908,2.964383322194735,IRF3;TICAM1
GO_Biological_Process_2023,Amine Transport (GO:0015837),2/7,0.2769841757789619,0.9999960968655396,0,0,2.309078590785908,2.964383322194735,SLC44A1;AQP9
GO_Biological_Process_2023,Amino Sugar Catabolic Process (GO:0046348),2/7,0.2769841757789619,0.9999960968655396,0,0,2.309078590785908,2.964383322194735,GNPDA1;AMDHD2
GO_Biological_Process_2023,Aromatic Amino Acid Transport (GO:0015801),2/7,0.2769841757789619,0.9999960968655396,0,0,2.309078590785908,2.964383322194735,SLC38A3;SLC38A5
GO_Biological_Process_2023,Aromatic Compound Catabolic Process (GO:0019439),2/7,0.2769841757789619,0.9999960968655396,0,0,2.309078590785908,2.964383322194735,PON1;PDXP
GO_Biological_Process_2023,Aspartate Family Amino Acid Biosynthetic Process (GO:0009067),2/7,0.2769841757789619,0.9999960968655396,0,0,2.309078590785908,2.964383322194735,GOT1L1;MTHFD1
GO_Biological_Process_2023,Catecholamine Catabolic Process (GO:0042424),2/7,0.2769841757789619,0.9999960968655396,0,0,2.309078590785908,2.964383322194735,MAOB;MAOA
GO_Biological_Process_2023,Catecholamine Transport (GO:0051937),2/7,0.2769841757789619,0.9999960968655396,0,0,2.309078590785908,2.964383322194735,SLC22A3;SLC22A1
GO_Biological_Process_2023,Cellular Modified Amino Acid Biosynthetic Process (GO:0042398),2/7,0.2769841757789619,0.9999960968655396,0,0,2.309078590785908,2.964383322194735,PTDSS2;GATM
GO_Biological_Process_2023,Cobalamin Metabolic Process (GO:0009235),2/7,0.2769841757789619,0.9999960968655396,0,0,2.309078590785908,2.964383322194735,MMAA;MMAB
GO_Biological_Process_2023,Dopamine Catabolic Process (GO:0042420),2/7,0.2769841757789619,0.9999960968655396,0,0,2.309078590785908,2.964383322194735,MAOB;MAOA
GO_Biological_Process_2023,Dopamine Uptake (GO:0090494),2/7,0.2769841757789619,0.9999960968655396,0,0,2.309078590785908,2.964383322194735,SLC22A3;SLC22A1
GO_Biological_Process_2023,Establishment Of Planar Polarity (GO:0001736),2/7,0.2769841757789619,0.9999960968655396,0,0,2.309078590785908,2.964383322194735,INTU;CELSR1
GO_Biological_Process_2023,Ethanol Oxidation (GO:0006069),2/7,0.2769841757789619,0.9999960968655396,0,0,2.309078590785908,2.964383322194735,ADH4;ACSS2
GO_Biological_Process_2023,Fructose Metabolic Process (GO:0006000),2/7,0.2769841757789619,0.9999960968655396,0,0,2.309078590785908,2.964383322194735,SORD;ALDOC
GO_Biological_Process_2023,Fructose Transmembrane Transport (GO:0015755),2/7,0.2769841757789619,0.9999960968655396,0,0,2.309078590785908,2.964383322194735,SLC2A9;SLC2A2
GO_Biological_Process_2023,Hepoxilin Biosynthetic Process (GO:0051122),2/7,0.2769841757789619,0.9999960968655396,0,0,2.309078590785908,2.964383322194735,GSTM2;GSTM1
GO_Biological_Process_2023,Hepoxilin Metabolic Process (GO:0051121),2/7,0.2769841757789619,0.9999960968655396,0,0,2.309078590785908,2.964383322194735,GSTM2;GSTM1
GO_Biological_Process_2023,Kidney Epithelium Development (GO:0072073),2/7,0.2769841757789619,0.9999960968655396,0,0,2.309078590785908,2.964383322194735,KANK2;SALL1
GO_Biological_Process_2023,Lens Fiber Cell Development (GO:0070307),2/7,0.2769841757789619,0.9999960968655396,0,0,2.309078590785908,2.964383322194735,WNT5B;PROX1
GO_Biological_Process_2023,Malate Metabolic Process (GO:0006108),2/7,0.2769841757789619,0.9999960968655396,0,0,2.309078590785908,2.964383322194735,ME1;MDH1B
GO_Biological_Process_2023,Mitral Valve Development (GO:0003174),2/7,0.2769841757789619,0.9999960968655396,0,0,2.309078590785908,2.964383322194735,AXIN2;SOX4
GO_Biological_Process_2023,Negative Regulation Of DNA-templated DNA Replication (GO:2000104),2/7,0.2769841757789619,0.9999960968655396,0,0,2.309078590785908,2.964383322194735,LIG3;FBXO5
GO_Biological_Process_2023,Negative Regulation Of T Cell Apoptotic Process (GO:0070233),2/7,0.2769841757789619,0.9999960968655396,0,0,2.309078590785908,2.964383322194735,TSC22D3;FADD
GO_Biological_Process_2023,Negative Regulation Of Circadian Rhythm (GO:0042754),2/7,0.2769841757789619,0.9999960968655396,0,0,2.309078590785908,2.964383322194735,PER2;SFPQ
GO_Biological_Process_2023,Negative Regulation Of Intracellular Transport (GO:0032387),2/7,0.2769841757789619,0.9999960968655396,0,0,2.309078590785908,2.964383322194735,INSIG1;CRYAB
GO_Biological_Process_2023,Negative Regulation Of Lipid Kinase Activity (GO:0090219),2/7,0.2769841757789619,0.9999960968655396,0,0,2.309078590785908,2.964383322194735,RUBCN;PIP4K2B
GO_Biological_Process_2023,Negative Regulation Of Phospholipase Activity (GO:0010519),2/7,0.2769841757789619,0.9999960968655396,0,0,2.309078590785908,2.964383322194735,ANGPTL3;ANXA8
GO_Biological_Process_2023,Neuron Fate Specification (GO:0048665),2/7,0.2769841757789619,0.9999960968655396,0,0,2.309078590785908,2.964383322194735,DLL1;POU3F2
GO_Biological_Process_2023,Nucleobase-Containing Small Molecule Interconversion (GO:0015949),2/7,0.2769841757789619,0.9999960968655396,0,0,2.309078590785908,2.964383322194735,AK2;AK4
GO_Biological_Process_2023,Nucleolar Chromatin Organization (GO:1990700),2/7,0.2769841757789619,0.9999960968655396,0,0,2.309078590785908,2.964383322194735,DDX11;BEND3
GO_Biological_Process_2023,Peptidyl-Lysine Deacetylation (GO:0034983),2/7,0.2769841757789619,0.9999960968655396,0,0,2.309078590785908,2.964383322194735,SIRT4;SIRT3
GO_Biological_Process_2023,Peroxisome Proliferator Activated Receptor Signaling Pathway (GO:0035357),2/7,0.2769841757789619,0.9999960968655396,0,0,2.309078590785908,2.964383322194735,FAM120B;PPARG
GO_Biological_Process_2023,Phosphatidylserine Acyl-Chain Remodeling (GO:0036150),2/7,0.2769841757789619,0.9999960968655396,0,0,2.309078590785908,2.964383322194735,OSBPL5;PLA1A
GO_Biological_Process_2023,Positive Regulation By Host Of Viral Genome Replication (GO:0044829),2/7,0.2769841757789619,0.9999960968655396,0,0,2.309078590785908,2.964383322194735,PPIB;ZFYVE1
GO_Biological_Process_2023,Positive Regulation Of Attachment Of Mitotic Spindle Microtubules To Kinetochore (GO:1902425),2/7,0.2769841757789619,0.9999960968655396,0,0,2.309078590785908,2.964383322194735,BIRC5;CDCA8
GO_Biological_Process_2023,Positive Regulation Of Isomerase Activity (GO:0010912),2/7,0.2769841757789619,0.9999960968655396,0,0,2.309078590785908,2.964383322194735,UHRF1;SETMAR
GO_Biological_Process_2023,Positive Regulation Of Leukocyte Differentiation (GO:1902107),2/7,0.2769841757789619,0.9999960968655396,0,0,2.309078590785908,2.964383322194735,XRCC6;LGALS1
GO_Biological_Process_2023,Positive Regulation Of Microtubule Nucleation (GO:0090063),2/7,0.2769841757789619,0.9999960968655396,0,0,2.309078590785908,2.964383322194735,PDE4DIP;HSPA1B
GO_Biological_Process_2023,Positive Regulation Of Natural Killer Cell Proliferation (GO:0032819),2/7,0.2769841757789619,0.9999960968655396,0,0,2.309078590785908,2.964383322194735,IL18;TYK2
GO_Biological_Process_2023,Positive Regulation Of Steroid Biosynthetic Process (GO:0010893),2/7,0.2769841757789619,0.9999960968655396,0,0,2.309078590785908,2.964383322194735,STARD4;CGA
GO_Biological_Process_2023,"Post-Translational Protein Targeting To Membrane, Translocation (GO:0031204)",2/7,0.2769841757789619,0.9999960968655396,0,0,2.309078590785908,2.964383322194735,HYOU1;SEC61B
GO_Biological_Process_2023,Protein K27-linked Ubiquitination (GO:0044314),2/7,0.2769841757789619,0.9999960968655396,0,0,2.309078590785908,2.964383322194735,UBE2T;RNF6
GO_Biological_Process_2023,Purine Nucleotide Catabolic Process (GO:0006195),2/7,0.2769841757789619,0.9999960968655396,0,0,2.309078590785908,2.964383322194735,NUDT15;NUDT12
GO_Biological_Process_2023,Purine Ribonucleoside Monophosphate Catabolic Process (GO:0009169),2/7,0.2769841757789619,0.9999960968655396,0,0,2.309078590785908,2.964383322194735,NT5E;SORD
GO_Biological_Process_2023,Pyrimidine Nucleobase Catabolic Process (GO:0006208),2/7,0.2769841757789619,0.9999960968655396,0,0,2.309078590785908,2.964383322194735,DPYSL4;DPYS
GO_Biological_Process_2023,rRNA Pseudouridine Synthesis (GO:0031118),2/7,0.2769841757789619,0.9999960968655396,0,0,2.309078590785908,2.964383322194735,RPUSD1;RPUSD2
GO_Biological_Process_2023,Regulation Of Golgi To Plasma Membrane Protein Transport (GO:0042996),2/7,0.2769841757789619,0.9999960968655396,0,0,2.309078590785908,2.964383322194735,PKDCC;CSK
GO_Biological_Process_2023,Regulation Of Alpha-Beta T Cell Differentiation (GO:0046637),2/7,0.2769841757789619,0.9999960968655396,0,0,2.309078590785908,2.964383322194735,SHH;IHH
GO_Biological_Process_2023,Regulation Of Attachment Of Mitotic Spindle Microtubules To Kinetochore (GO:1902423),2/7,0.2769841757789619,0.9999960968655396,0,0,2.309078590785908,2.964383322194735,BIRC5;CDCA8
GO_Biological_Process_2023,Regulation Of Carbohydrate Biosynthetic Process (GO:0043255),2/7,0.2769841757789619,0.9999960968655396,0,0,2.309078590785908,2.964383322194735,OGT;PDK2
GO_Biological_Process_2023,Regulation Of Protein Localization To Cilium (GO:1903564),2/7,0.2769841757789619,0.9999960968655396,0,0,2.309078590785908,2.964383322194735,GAS8;LZTFL1
GO_Biological_Process_2023,Regulation Of Response To Wounding (GO:1903034),2/7,0.2769841757789619,0.9999960968655396,0,0,2.309078590785908,2.964383322194735,PLAU;SRSF6
GO_Biological_Process_2023,siRNA Processing (GO:0030422),2/7,0.2769841757789619,0.9999960968655396,0,0,2.309078590785908,2.964383322194735,TERT;DICER1
GO_Biological_Process_2023,Sialylation (GO:0097503),2/7,0.2769841757789619,0.9999960968655396,0,0,2.309078590785908,2.964383322194735,ST6GAL1;ST6GAL2
GO_Biological_Process_2023,Spermidine Metabolic Process (GO:0008216),2/7,0.2769841757789619,0.9999960968655396,0,0,2.309078590785908,2.964383322194735,PAOX;SRM
GO_Biological_Process_2023,Telomeric D-loop Disassembly (GO:0061820),2/7,0.2769841757789619,0.9999960968655396,0,0,2.309078590785908,2.964383322194735,RECQL4;WRN
GO_Biological_Process_2023,Terpenoid Metabolic Process (GO:0006721),2/7,0.2769841757789619,0.9999960968655396,0,0,2.309078590785908,2.964383322194735,CYP2E1;FDFT1
GO_Biological_Process_2023,Thyroid Hormone Transport (GO:0070327),2/7,0.2769841757789619,0.9999960968655396,0,0,2.309078590785908,2.964383322194735,SLC16A10;SERPINA7
GO_Biological_Process_2023,Tryptophan Metabolic Process (GO:0006568),2/7,0.2769841757789619,0.9999960968655396,0,0,2.309078590785908,2.964383322194735,HAAO;IDO2
GO_Biological_Process_2023,Activation Of Cysteine-Type Endopeptidase Activity Involved In Apoptotic Process (GO:0006919),12/67,0.2806345877287717,0.9999960968655396,0,0,1.2600704530004323,1.6011738626169765,PIDD1;EGLN3;DAP;AIFM1;COL4A3;SORD;CASP2;PPARG;PDCD2;DYNLL1;BID;HSPD1
GO_Biological_Process_2023,Phosphatidylcholine Metabolic Process (GO:0046470),10/55,0.2891694235769807,0.9999960968655396,0,0,1.283288043478261,1.592230043377638,PLA2G15;SLC44A3;LPGAT1;LIPC;TMEM86B;SLC44A1;ABHD3;PON1;PLAAT1;PLAAT3
GO_Biological_Process_2023,mRNA Destabilization (GO:0061157),8/43,0.2973533869446659,0.9999960968655396,0,0,1.3198331878576277,1.600738554615034,UPF1;MOV10;METTL14;METTL3;METTL16;TARDBP;DCPS;RBM24
GO_Biological_Process_2023,Positive Regulation Of Transcription Elongation By RNA Polymerase II (GO:0032968),8/43,0.2973533869446659,0.9999960968655396,0,0,1.3198331878576277,1.600738554615034,MED11;MED22;NCBP2;ZMYND8;MED21;LEO1;MED19;MED18
GO_Biological_Process_2023,N-terminal Protein Amino Acid Modification (GO:0031365),3/13,0.2992883942629413,0.9999960968655396,0,0,1.7318874957641477,2.0892583952409294,METAP1D;NAA35;NAA16
GO_Biological_Process_2023,Acute-Phase Response (GO:0006953),3/13,0.2992883942629413,0.9999960968655396,0,0,1.7318874957641477,2.0892583952409294,CRP;SIGIRR;MBL2
GO_Biological_Process_2023,Cardiocyte Differentiation (GO:0035051),3/13,0.2992883942629413,0.9999960968655396,0,0,1.7318874957641477,2.0892583952409294,CBY1;SIRT6;ASB2
GO_Biological_Process_2023,Cellular Modified Amino Acid Catabolic Process (GO:0042219),3/13,0.2992883942629413,0.9999960968655396,0,0,1.7318874957641477,2.0892583952409294,SARDH;PRODH;PCYOX1
GO_Biological_Process_2023,Cotranslational Protein Targeting To Membrane (GO:0006613),3/13,0.2992883942629413,0.9999960968655396,0,0,1.7318874957641477,2.0892583952409294,TRAM1;SSR2;SSR1
GO_Biological_Process_2023,"Endonucleolytic Cleavage Of Tricistronic rRNA Transcript (SSU-rRNA, 5.8S rRNA, LSU-rRNA) (GO:0000479)",3/13,0.2992883942629413,0.9999960968655396,0,0,1.7318874957641477,2.0892583952409294,BMS1;NOL9;UTP20
GO_Biological_Process_2023,Heparan Sulfate Proteoglycan Metabolic Process (GO:0030201),3/13,0.2992883942629413,0.9999960968655396,0,0,1.7318874957641477,2.0892583952409294,HS3ST3B1;NDST1;HS3ST6
GO_Biological_Process_2023,Intraciliary Retrograde Transport (GO:0035721),3/13,0.2992883942629413,0.9999960968655396,0,0,1.7318874957641477,2.0892583952409294,IFT140;TTC21B;DYNLL1
GO_Biological_Process_2023,Monoacylglycerol Metabolic Process (GO:0046462),3/13,0.2992883942629413,0.9999960968655396,0,0,1.7318874957641477,2.0892583952409294,DGAT2;MOGAT2;AWAT2
GO_Biological_Process_2023,Negative Regulation Of T Cell Differentiation (GO:0045581),3/13,0.2992883942629413,0.9999960968655396,0,0,1.7318874957641477,2.0892583952409294,IHH;FOXJ1;ZC3H8
GO_Biological_Process_2023,Negative Regulation Of Endoplasmic Reticulum Unfolded Protein Response (GO:1900102),3/13,0.2992883942629413,0.9999960968655396,0,0,1.7318874957641477,2.0892583952409294,PPP1R15B;UFL1;ATF6B
GO_Biological_Process_2023,Negative Regulation Of Lyase Activity (GO:0051350),3/13,0.2992883942629413,0.9999960968655396,0,0,1.7318874957641477,2.0892583952409294,RD3;GABBR2;AKAP5
GO_Biological_Process_2023,Negative Regulation Of Viral Transcription (GO:0032897),3/13,0.2992883942629413,0.9999960968655396,0,0,1.7318874957641477,2.0892583952409294,TRIM14;TRIM21;TRIM32
GO_Biological_Process_2023,Peptidyl-Methionine Modification (GO:0018206),3/13,0.2992883942629413,0.9999960968655396,0,0,1.7318874957641477,2.0892583952409294,METAP1D;NAA35;NAA16
GO_Biological_Process_2023,Positive Regulation Of Heterochromatin Formation (GO:0031453),3/13,0.2992883942629413,0.9999960968655396,0,0,1.7318874957641477,2.0892583952409294,SETDB1;CDK2;TASOR
GO_Biological_Process_2023,Purine Ribonucleoside Bisphosphate Metabolic Process (GO:0034035),3/13,0.2992883942629413,0.9999960968655396,0,0,1.7318874957641477,2.0892583952409294,SULT1B1;TPST1;SULT2A1
GO_Biological_Process_2023,Regulation Of Oxidoreductase Activity (GO:0051341),3/13,0.2992883942629413,0.9999960968655396,0,0,1.7318874957641477,2.0892583952409294,FDX1;SIRT4;ECSIT
GO_Biological_Process_2023,Regulation Of Vasculogenesis (GO:2001212),3/13,0.2992883942629413,0.9999960968655396,0,0,1.7318874957641477,2.0892583952409294,HEY1;SORD;EMP2
GO_Biological_Process_2023,Spliceosomal tri-snRNP Complex Assembly (GO:0000244),3/13,0.2992883942629413,0.9999960968655396,0,0,1.7318874957641477,2.0892583952409294,PRPF3;PRPF8;LSM2
GO_Biological_Process_2023,Ubiquinone Biosynthetic Process (GO:0006744),3/13,0.2992883942629413,0.9999960968655396,0,0,1.7318874957641477,2.0892583952409294,COQ4;UBIAD1;FDXR
GO_Biological_Process_2023,Regulation Of Cellular Component Biogenesis (GO:0044087),7/37,0.3010183440605328,0.9999960968655396,0,0,1.3472684085510689,1.6175089925103958,BBS10;FAM110C;RDX;HJURP;CD36;NF2;ANKRA2
GO_Biological_Process_2023,Fat Cell Differentiation (GO:0045444),11/62,0.3039218613189948,0.9999960968655396,0,0,1.2455277727808758,1.4834044532372086,PER2;CEBPA;MKKS;WNT5B;FAM120B;ERAP1;CBY1;PPARG;BBS7;TRIM32;PSMB8
GO_Biological_Process_2023,Regulation Of Embryonic Development (GO:0045995),11/62,0.3039218613189948,0.9999960968655396,0,0,1.2455277727808758,1.4834044532372086,UTP25;PHLDB1;RACGAP1;RUVBL2;RUVBL1;TADA3;CDK1;OTX2;PHLDB2;KAT14;FOXA2
GO_Biological_Process_2023,Negative Regulation Of Microtubule Polymerization Or Depolymerization (GO:0031111),6/31,0.3040511779544309,0.9999960968655396,0,0,1.3856987788331072,1.6497564894454346,APC2;TPX2;MID1IP1;STMN1;CKAP2;FKBP4
GO_Biological_Process_2023,Positive Regulation Of Glucose Transmembrane Transport (GO:0010828),6/31,0.3040511779544309,0.9999960968655396,0,0,1.3856987788331072,1.6497564894454346,C3;PRKCI;OCLN;IRS1;CAPN10;CREBL2
GO_Biological_Process_2023,Regulation Of Gluconeogenesis (GO:0006111),6/31,0.3040511779544309,0.9999960968655396,0,0,1.3856987788331072,1.6497564894454346,DGKQ;SIRT6;PGPEP1;OGT;PDK2;GCK
GO_Biological_Process_2023,Regulation Of Response To Biotic Stimulus (GO:0002831),6/31,0.3040511779544309,0.9999960968655396,0,0,1.3856987788331072,1.6497564894454346,RNF135;ERAP1;XIAP;CD36;TIRAP;ZMPSTE24
GO_Biological_Process_2023,Cytoskeleton-Dependent Cytokinesis (GO:0061640),14/81,0.3050733026982598,0.9999960968655396,0,0,1.2067519545131489,1.4326597754098012,EXOC8;PLK1;CKAP2;CDCA8;AURKB;ESPL1;RACGAP1;STMN1;BIRC5;MITD1;KIF20A;STAMBP;ECT2;CEP55
GO_Biological_Process_2023,Histone Modification (GO:0016570),14/81,0.3050733026982598,0.9999960968655396,0,0,1.2067519545131489,1.4326597754098012,HDAC2;HDAC3;TAF12;HDAC11;SIRT4;SIRT6;AURKB;RBBP4;RUVBL2;BRMS1L;RUVBL1;TADA3;DMAP1;KAT14
GO_Biological_Process_2023,RNA Destabilization (GO:0050779),4/19,0.3053275616704283,0.9999960968655396,0,0,1.5395254237288136,1.82644694010942,METTL14;METTL3;METTL16;RBM24
GO_Biological_Process_2023,Cardiac Ventricle Development (GO:0003231),4/19,0.3053275616704283,0.9999960968655396,0,0,1.5395254237288136,1.82644694010942,DLL4;SALL1;HEY1;STRA6
GO_Biological_Process_2023,Fluid Transport (GO:0042044),4/19,0.3053275616704283,0.9999960968655396,0,0,1.5395254237288136,1.82644694010942,AQP9;AQP7;AQP11;SLC26A6
GO_Biological_Process_2023,Negative Regulation Of Fatty Acid Metabolic Process (GO:0045922),4/19,0.3053275616704283,0.9999960968655396,0,0,1.5395254237288136,1.82644694010942,KLHL25;ERLIN1;SIRT4;ERLIN2
GO_Biological_Process_2023,Oligodendrocyte Differentiation (GO:0048709),4/19,0.3053275616704283,0.9999960968655396,0,0,1.5395254237288136,1.82644694010942,EIF2B4;SHH;TPPP;EIF2B1
GO_Biological_Process_2023,Phosphate Ion Transport (GO:0006817),4/19,0.3053275616704283,0.9999960968655396,0,0,1.5395254237288136,1.82644694010942,SLC17A1;SLC25A11;SLC17A3;SLC17A4
GO_Biological_Process_2023,Protein Insertion Into Membrane (GO:0051205),4/19,0.3053275616704283,0.9999960968655396,0,0,1.5395254237288136,1.82644694010942,TRAM1;GRIN3B;RTP3;GET1
GO_Biological_Process_2023,snRNA Processing (GO:0016180),4/19,0.3053275616704283,0.9999960968655396,0,0,1.5395254237288136,1.82644694010942,INTS11;INTS3;INTS10;INTS5
GO_Biological_Process_2023,Steroid Hormone Biosynthetic Process (GO:0120178),4/19,0.3053275616704283,0.9999960968655396,0,0,1.5395254237288136,1.82644694010942,HSD3B2;SRD5A2;HSD17B2;HSD17B6
GO_Biological_Process_2023,Cellular Response To Hexose Stimulus (GO:0071331),5/25,0.3058895208775097,0.9999960968655396,0,0,1.4433706341132588,1.709717672109553,XBP1;GAS6;CYP7A1;SOX4;SLC26A6
GO_Biological_Process_2023,Negative Regulation Of Stress Fiber Assembly (GO:0051497),5/25,0.3058895208775097,0.9999960968655396,0,0,1.4433706341132588,1.709717672109553,STMN1;DYNLL1;MET;PHLDB2;CGNL1
GO_Biological_Process_2023,Organophosphate Ester Transport (GO:0015748),5/25,0.3058895208775097,0.9999960968655396,0,0,1.4433706341132588,1.709717672109553,OSBPL5;SLC25A19;OSBPL2;EPG5;TNFAIP8L3
GO_Biological_Process_2023,Phosphatidylethanolamine Metabolic Process (GO:0046337),5/25,0.3058895208775097,0.9999960968655396,0,0,1.4433706341132588,1.709717672109553,PLA2G15;PLAAT1;PLAAT3;CEPT1;SELENOI
GO_Biological_Process_2023,Positive Regulation Of Glucose Import (GO:0046326),5/25,0.3058895208775097,0.9999960968655396,0,0,1.4433706341132588,1.709717672109553,PRKCI;OCLN;IRS1;CAPN10;CREBL2
GO_Biological_Process_2023,Regulation Of Biomineral Tissue Development (GO:0070167),5/25,0.3058895208775097,0.9999960968655396,0,0,1.4433706341132588,1.709717672109553,HEY1;NBR1;FBXO5;NOTUM;GAS6
GO_Biological_Process_2023,Regulation Of Cell Size (GO:0008361),5/25,0.3058895208775097,0.9999960968655396,0,0,1.4433706341132588,1.709717672109553,SLC9A3R1;DEPTOR;RDX;PRR16;VAV2
GO_Biological_Process_2023,Regulation Of Neutrophil Chemotaxis (GO:0090022),5/25,0.3058895208775097,0.9999960968655396,0,0,1.4433706341132588,1.709717672109553,DPP4;MPP1;MOSPD2;XCL1;TIRAP
GO_Biological_Process_2023,Regulation Of Synapse Organization (GO:0050807),5/25,0.3058895208775097,0.9999960968655396,0,0,1.4433706341132588,1.709717672109553,RAP2A;NEDD4;WNT5A;RAB17;PDLIM5
GO_Biological_Process_2023,Sterol Transport (GO:0015918),5/25,0.3058895208775097,0.9999960968655396,0,0,1.4433706341132588,1.709717672109553,ABCG5;OSBPL5;NPC1;OSBPL2;CD36
GO_Biological_Process_2023,"Positive Regulation Of DNA-templated Transcription, Elongation (GO:0032786)",10/56,0.3093466772639902,0.9999960968655396,0,0,1.2553166351606806,1.472853841821904,MED11;MED22;PARP1;NCBP2;ZMYND8;MED21;LEO1;MED19;MED18;HMGN1
GO_Biological_Process_2023,Muscle Contraction (GO:0006936),16/94,0.3095751118830943,0.9999960968655396,0,0,1.1846886945593549,1.389112093635572,GAMT;SMPX;TMOD4;MYL6B;LMOD2;CKMT2;MYH1;MYH2;DES;MYL1;MYOT;MYH13;HRC;MYH4;CRYAB;MYH7
GO_Biological_Process_2023,Negative Regulation Of Phosphorylation (GO:0042326),13/75,0.3108834107031656,0.9999960968655396,0,0,1.210867490759123,1.414701681800012,PPP1R15B;CDKN2C;TRAF3IP1;NPRL2;SORD;INHBA;DYNLL1;KLHL31;PRDX3;OCLN;TERF2IP;TARDBP;MEN1
GO_Biological_Process_2023,Nucleocytoplasmic Transport (GO:0006913),9/50,0.3148910986779172,0.9999960968655396,0,0,1.2675059008654603,1.4646390889571206,NDC1;XPO1;NUP133;NUP210;NUP155;NUP85;NUP35;NUP43;NUP37
GO_Biological_Process_2023,Regulation Of TORC1 Signaling (GO:1903432),9/50,0.3148910986779172,0.9999960968655396,0,0,1.2675059008654603,1.4646390889571206,RNF167;DYRK3;DEPTOR;NPC1;DGKQ;NPRL2;RNF152;WDR24;TELO2
GO_Biological_Process_2023,Ribosome Assembly (GO:0042255),9/50,0.3148910986779172,0.9999960968655396,0,0,1.2675059008654603,1.4646390889571206,NGRN;NOA1;NOP2;MTERF4;DHX37;MRPS2;ERAL1;DHX29;MRPL22
GO_Biological_Process_2023,"mRNA Splicing, Via Spliceosome (GO:0000398)",34/211,0.3180549531257438,0.9999960968655396,0,0,1.1097167401903878,1.2712150409197172,ZCCHC8;DBR1;SRSF1;WDR83;PRPF8;METTL14;SNRPD3;SNRNP35;DCPS;RBM10;DDX17;SF3A3;SRPK3;PPIL1;NCBP2;METTL3;CRNKL1;LSM3;LSM2;HNRNPM;LSM7;SFPQ;SCNM1;LSM6;HNRNPF;PRPF3;CWF19L1;FRG1;RSRP1;GEMIN6;PPIH;SNRNP200;SRSF6;PPIL3
GO_Biological_Process_2023,Mitotic Spindle Assembly (GO:0090307),8/44,0.3205235159009038,0.9999960968655396,0,0,1.2830957230142566,1.4599058424509457,MAP10;TPX2;WRAP73;RACGAP1;CDCA8;BIRC5;AURKB;CCDC61
GO_Biological_Process_2023,Neural Crest Cell Development (GO:0014032),8/44,0.3205235159009038,0.9999960968655396,0,0,1.2830957230142566,1.4599058424509457,SEMA4A;SEMA6C;SHH;PEF1;SNAI2;SEMA4G;KBTBD8;TAPT1
GO_Biological_Process_2023,RNA 3'-End Processing (GO:0031123),7/38,0.3261802437758217,0.9999960968655396,0,0,1.30373151482645,1.460577137301496,HEXIM1;SUPV3L1;MBLAC1;PNPT1;NCBP2;INTS5;TENT4A
GO_Biological_Process_2023,Heart Looping (GO:0001947),7/38,0.3261802437758217,0.9999960968655396,0,0,1.30373151482645,1.460577137301496,SHH;MKKS;SOX18;IHH;DVL2;BBS7;DLL1
GO_Biological_Process_2023,Positive Regulation Of Myoblast Differentiation (GO:0045663),7/38,0.3261802437758217,0.9999960968655396,0,0,1.30373151482645,1.460577137301496,XKR8;SMARCD2;SMARCB1;DPF3;SMARCA2;RBM24;SOX4
GO_Biological_Process_2023,DNA-templated Transcription (GO:0006351),32/199,0.329234751950917,0.9999960968655396,0,0,1.1068786451737185,1.229724742438692,GCM1;THRB;GTF3C4;GTF3C5;CCNH;GTF3C6;CREBL2;GTF2E1;POLR2B;TRIM24;POLR2F;POLR2H;POLR2I;TEFM;XBP1;PARP1;NFYA;TAF12;POLR3GL;MTERF4;TWNK;GTF3A;GTF2H3;GTF2H4;THAP1;CDK7;TFDP1;TCEA3;MKRN2;TFAM;POLR3G;POLR3K
GO_Biological_Process_2023,Histone Lysine Methylation (GO:0034968),6/32,0.3317329215229245,0.9999960968655396,0,0,1.3323243920258845,1.470120158257994,SUV39H2;SETDB1;RBBP5;WDR82;WDR5B;MEN1
GO_Biological_Process_2023,Negative Regulation Of G1/S Transition Of Mitotic Cell Cycle (GO:2000134),6/32,0.3317329215229245,0.9999960968655396,0,0,1.3323243920258845,1.470120158257994,KANK2;RBL2;RBL1;PRMT2;CDK2AP2;INHBA
GO_Biological_Process_2023,Respiratory System Development (GO:0060541),6/32,0.3317329215229245,0.9999960968655396,0,0,1.3323243920258845,1.470120158257994,CEBPA;SHH;TCF21;PROX1;STRA6;DISP1
GO_Biological_Process_2023,ERAD Pathway (GO:0036503),15/89,0.3319741277895947,0.9999960968655396,0,0,1.1705581048895102,1.290772363772978,XBP1;DERL3;EDEM1;ERLIN1;UBE4A;DERL2;ERLIN2;RNF5;DNAJB2;ATXN3;FOXRED2;TMEM129;SEC61B;UGGT1;ANKZF1
GO_Biological_Process_2023,Activation Of GTPase Activity (GO:0090630),17/102,0.3341783558022747,0.9999960968655396,0,0,1.1549880830779706,1.2659598337336415,APC2;ARHGEF15;GRTP1;ARHGEF19;ARHGAP29;FOXJ1;MTSS2;SYDE2;SGSM1;ARHGAP42;TBC1D2;TBC1D7;TBC1D13;EPHA1;ECT2;NGEF;TBC1D16
GO_Biological_Process_2023,DNA Topological Change (GO:0006265),2/8,0.3355295130521744,0.9999960968655396,0,0,1.924119241192412,2.101225487642763,TOP2A;TOP1MT
GO_Biological_Process_2023,MyD88-independent Toll-Like Receptor Signaling Pathway (GO:0002756),2/8,0.3355295130521744,0.9999960968655396,0,0,1.924119241192412,2.101225487642763,IRF3;TICAM1
GO_Biological_Process_2023,N-acylphosphatidylethanolamine Metabolic Process (GO:0070292),2/8,0.3355295130521744,0.9999960968655396,0,0,1.924119241192412,2.101225487642763,PLAAT1;PLAAT3
GO_Biological_Process_2023,Adult Heart Development (GO:0007512),2/8,0.3355295130521744,0.9999960968655396,0,0,1.924119241192412,2.101225487642763,HAND2;MYH7
GO_Biological_Process_2023,Astral Microtubule Organization (GO:0030953),2/8,0.3355295130521744,0.9999960968655396,0,0,1.924119241192412,2.101225487642763,NUMA1;TPPP
GO_Biological_Process_2023,Bundle Of His Cell To Purkinje Myocyte Communication (GO:0086069),2/8,0.3355295130521744,0.9999960968655396,0,0,1.924119241192412,2.101225487642763,DSG2;DSC2
GO_Biological_Process_2023,Constitutive Heterochromatin Formation (GO:0140719),2/8,0.3355295130521744,0.9999960968655396,0,0,1.924119241192412,2.101225487642763,HELLS;SIRT6
GO_Biological_Process_2023,Cyclooxygenase Pathway (GO:0019371),2/8,0.3355295130521744,0.9999960968655396,0,0,1.924119241192412,2.101225487642763,CBR1;PTGDS
GO_Biological_Process_2023,Dehydroascorbic Acid Transport (GO:0070837),2/8,0.3355295130521744,0.9999960968655396,0,0,1.924119241192412,2.101225487642763,SLC2A2;SLC2A4
GO_Biological_Process_2023,Detection Of Mechanical Stimulus Involved In Sensory Perception Of Sound (GO:0050910),2/8,0.3355295130521744,0.9999960968655396,0,0,1.924119241192412,2.101225487642763,MKKS;KIT
GO_Biological_Process_2023,"Fructose 1,6-Bisphosphate Metabolic Process (GO:0030388)",2/8,0.3355295130521744,0.9999960968655396,0,0,1.924119241192412,2.101225487642763,TIGAR;ALDOC
GO_Biological_Process_2023,Glucan Metabolic Process (GO:0044042),2/8,0.3355295130521744,0.9999960968655396,0,0,1.924119241192412,2.101225487642763,PPP1R3C;PYGL
GO_Biological_Process_2023,Glutamine Transport (GO:0006868),2/8,0.3355295130521744,0.9999960968655396,0,0,1.924119241192412,2.101225487642763,SLC38A3;SLC38A5
GO_Biological_Process_2023,Integrin Activation (GO:0033622),2/8,0.3355295130521744,0.9999960968655396,0,0,1.924119241192412,2.101225487642763,CXCL12;FN1
GO_Biological_Process_2023,Intermembrane Lipid Transfer (GO:0120009),2/8,0.3355295130521744,0.9999960968655396,0,0,1.924119241192412,2.101225487642763,CPTP;CERT1
GO_Biological_Process_2023,ncRNA Export From Nucleus (GO:0097064),2/8,0.3355295130521744,0.9999960968655396,0,0,1.924119241192412,2.101225487642763,XPOT;NCBP2
GO_Biological_Process_2023,Negative Regulation Of Cholesterol Storage (GO:0010887),2/8,0.3355295130521744,0.9999960968655396,0,0,1.924119241192412,2.101225487642763,PPARG;ABCG1
GO_Biological_Process_2023,Negative Regulation Of Cytoplasmic Translation (GO:2000766),2/8,0.3355295130521744,0.9999960968655396,0,0,1.924119241192412,2.101225487642763,PARP16;RBM24
GO_Biological_Process_2023,"Negative Regulation Of Retrograde Protein Transport, ER To Cytosol (GO:1904153)",2/8,0.3355295130521744,0.9999960968655396,0,0,1.924119241192412,2.101225487642763,DERL3;SVIP
GO_Biological_Process_2023,Negative Regulation Of Ubiquitin Protein Ligase Activity (GO:1904667),2/8,0.3355295130521744,0.9999960968655396,0,0,1.924119241192412,2.101225487642763,FBXO5;MAD2L1
GO_Biological_Process_2023,Neurotransmitter Reuptake (GO:0098810),2/8,0.3355295130521744,0.9999960968655396,0,0,1.924119241192412,2.101225487642763,SLC22A3;SLC22A1
GO_Biological_Process_2023,Plasminogen Activation (GO:0031639),2/8,0.3355295130521744,0.9999960968655396,0,0,1.924119241192412,2.101225487642763,PLAU;F11
GO_Biological_Process_2023,Positive Regulation Of NK T Cell Activation (GO:0051135),2/8,0.3355295130521744,0.9999960968655396,0,0,1.924119241192412,2.101225487642763,IL18;TYK2
GO_Biological_Process_2023,Positive Regulation Of Blood Pressure (GO:0045777),2/8,0.3355295130521744,0.9999960968655396,0,0,1.924119241192412,2.101225487642763,GLP1R;TBXA2R
GO_Biological_Process_2023,Positive Regulation Of Cell-Cell Adhesion Mediated By Cadherin (GO:2000049),2/8,0.3355295130521744,0.9999960968655396,0,0,1.924119241192412,2.101225487642763,FOXA1;FOXA2
GO_Biological_Process_2023,Positive Regulation Of Centriole Replication (GO:0046601),2/8,0.3355295130521744,0.9999960968655396,0,0,1.924119241192412,2.101225487642763,PPP1R35;SASS6
GO_Biological_Process_2023,Positive Regulation Of Early Endosome To Late Endosome Transport (GO:2000643),2/8,0.3355295130521744,0.9999960968655396,0,0,1.924119241192412,2.101225487642763,RDX;NF2
GO_Biological_Process_2023,Positive Regulation Of Extracellular Matrix Assembly (GO:1901203),2/8,0.3355295130521744,0.9999960968655396,0,0,1.924119241192412,2.101225487642763,PHLDB1;PHLDB2
GO_Biological_Process_2023,Positive Regulation Of Protein Localization To Early Endosome (GO:1902966),2/8,0.3355295130521744,0.9999960968655396,0,0,1.924119241192412,2.101225487642763,RDX;NF2
GO_Biological_Process_2023,Positive Regulation Of Protein Localization To Endosome (GO:1905668),2/8,0.3355295130521744,0.9999960968655396,0,0,1.924119241192412,2.101225487642763,RDX;NF2
GO_Biological_Process_2023,Positive Regulation Of Smooth Muscle Cell Apoptotic Process (GO:0034393),2/8,0.3355295130521744,0.9999960968655396,0,0,1.924119241192412,2.101225487642763,MFN2;PPARG
GO_Biological_Process_2023,Proteasome Assembly (GO:0043248),2/8,0.3355295130521744,0.9999960968655396,0,0,1.924119241192412,2.101225487642763,OTUD6B;PSMG1
GO_Biological_Process_2023,Purine Nucleobase Transport (GO:0006863),2/8,0.3355295130521744,0.9999960968655396,0,0,1.924119241192412,2.101225487642763,SLC29A1;SLC29A2
GO_Biological_Process_2023,Purine Nucleoside Bisphosphate Catabolic Process (GO:0034034),2/8,0.3355295130521744,0.9999960968655396,0,0,1.924119241192412,2.101225487642763,NUDT7;NUDT19
GO_Biological_Process_2023,Pyrimidine-Containing Compound Catabolic Process (GO:0072529),2/8,0.3355295130521744,0.9999960968655396,0,0,1.924119241192412,2.101225487642763,DPYSL4;DPYS
GO_Biological_Process_2023,Regulation Of Heme Biosynthetic Process (GO:0070453),2/8,0.3355295130521744,0.9999960968655396,0,0,1.924119241192412,2.101225487642763,TMEM14A;TMEM14C
GO_Biological_Process_2023,Regulation Of Macrophage Migration (GO:1905521),2/8,0.3355295130521744,0.9999960968655396,0,0,1.924119241192412,2.101225487642763,CSF1;MTUS1
GO_Biological_Process_2023,Regulation Of Protein ADP-ribosylation (GO:0010835),2/8,0.3355295130521744,0.9999960968655396,0,0,1.924119241192412,2.101225487642763,HPF1;PUM3
GO_Biological_Process_2023,Regulation Of Protein Localization To Early Endosome (GO:1902965),2/8,0.3355295130521744,0.9999960968655396,0,0,1.924119241192412,2.101225487642763,RDX;NF2
GO_Biological_Process_2023,Regulation Of Skeletal Muscle Cell Differentiation (GO:2001014),2/8,0.3355295130521744,0.9999960968655396,0,0,1.924119241192412,2.101225487642763,DDX17;UQCC2
GO_Biological_Process_2023,Regulation Of Vesicle Fusion (GO:0031338),2/8,0.3355295130521744,0.9999960968655396,0,0,1.924119241192412,2.101225487642763,RAB3A;CPLANE2
GO_Biological_Process_2023,Ribonucleoside Bisphosphate Catabolic Process (GO:0034031),2/8,0.3355295130521744,0.9999960968655396,0,0,1.924119241192412,2.101225487642763,NUDT7;NUDT19
GO_Biological_Process_2023,Sensory Organ Morphogenesis (GO:0090596),2/8,0.3355295130521744,0.9999960968655396,0,0,1.924119241192412,2.101225487642763,INTU;STRA6
GO_Biological_Process_2023,Serotonin Uptake (GO:0051610),2/8,0.3355295130521744,0.9999960968655396,0,0,1.924119241192412,2.101225487642763,SLC22A3;SLC22A1
GO_Biological_Process_2023,succinyl-CoA Metabolic Process (GO:0006104),2/8,0.3355295130521744,0.9999960968655396,0,0,1.924119241192412,2.101225487642763,NUDT7;NUDT19
GO_Biological_Process_2023,Tetrahydrofolate Interconversion (GO:0035999),2/8,0.3355295130521744,0.9999960968655396,0,0,1.924119241192412,2.101225487642763,SHMT2;SHMT1
GO_Biological_Process_2023,Metaphase Plate Congression (GO:0051310),9/51,0.3367506765412499,0.9999960968655396,0,0,1.237254426388552,1.3466431272676094,CCNB1;CENPF;PSRC1;PINX1;TRAPPC12;CDCA8;CENPQ;CEP55;NDC80
GO_Biological_Process_2023,"Wnt Signaling Pathway, Planar Cell Polarity Pathway (GO:0060071)",5/26,0.3369116337746087,0.9999960968655396,0,0,1.3745579615365984,1.4954291623946787,DAAM1;FZD7;WNT5A;DVL2;CELSR1
GO_Biological_Process_2023,Acute Inflammatory Response (GO:0002526),5/26,0.3369116337746087,0.9999960968655396,0,0,1.3745579615365984,1.4954291623946787,CRP;SIGIRR;NLRP6;ELANE;MBL2
GO_Biological_Process_2023,Nucleic Acid Phosphodiester Bond Hydrolysis (GO:0090305),5/26,0.3369116337746087,0.9999960968655396,0,0,1.3745579615365984,1.4954291623946787,RAD50;SETMAR;DICER1;DNA2;PNRC2
GO_Biological_Process_2023,Regulation Of Interferon-Alpha Production (GO:0032647),5/26,0.3369116337746087,0.9999960968655396,0,0,1.3745579615365984,1.4954291623946787,MAVS;IRF3;STAT1;HSPD1;RIGI
GO_Biological_Process_2023,Regulation Of Nucleotide-Excision Repair (GO:2000819),5/26,0.3369116337746087,0.9999960968655396,0,0,1.3745579615365984,1.4954291623946787,SMARCD2;SMARCB1;BCL7A;DPF3;SMARCA2
GO_Biological_Process_2023,Limb Morphogenesis (GO:0035108),4/20,0.3410969332258147,0.9999960968655396,0,0,1.443220338983051,1.5523113156602992,SHH;PTCH1;IQCE;TBX3
GO_Biological_Process_2023,Negative Regulation Of Microtubule Depolymerization (GO:0007026),4/20,0.3410969332258147,0.9999960968655396,0,0,1.443220338983051,1.5523113156602992,APC2;TPX2;MID1IP1;CKAP2
GO_Biological_Process_2023,Negative Regulation Of Small GTPase Mediated Signal Transduction (GO:0051058),4/20,0.3410969332258147,0.9999960968655396,0,0,1.443220338983051,1.5523113156602992,MFN2;STAMBP;LZTR1;CGNL1
GO_Biological_Process_2023,Phosphatidylserine Metabolic Process (GO:0006658),4/20,0.3410969332258147,0.9999960968655396,0,0,1.443220338983051,1.5523113156602992,PLA2G15;PTDSS2;OSBPL5;PLA1A
GO_Biological_Process_2023,protein-DNA Complex Disassembly (GO:0032986),4/20,0.3410969332258147,0.9999960968655396,0,0,1.443220338983051,1.5523113156602992,NFE2;SMARCD2;SMARCB1;GRWD1
GO_Biological_Process_2023,Regulation Of Membrane Depolarization (GO:0003254),4/20,0.3410969332258147,0.9999960968655396,0,0,1.443220338983051,1.5523113156602992,RANGRF;GPD1L;PTPN3;SCN2B
GO_Biological_Process_2023,Regulation Of Toll-Like Receptor Signaling Pathway (GO:0034121),4/20,0.3410969332258147,0.9999960968655396,0,0,1.443220338983051,1.5523113156602992,LRRC14;CD36;TLR5;LGR4
GO_Biological_Process_2023,Striated Muscle Cell Differentiation (GO:0051146),4/20,0.3410969332258147,0.9999960968655396,0,0,1.443220338983051,1.5523113156602992,CBY1;SIRT6;ASB2;MTLN
GO_Biological_Process_2023,Sulfur Compound Catabolic Process (GO:0044273),4/20,0.3410969332258147,0.9999960968655396,0,0,1.443220338983051,1.5523113156602992,NUDT7;TST;NUDT19;FMO1
GO_Biological_Process_2023,Xenobiotic Transport (GO:0042908),4/20,0.3410969332258147,0.9999960968655396,0,0,1.443220338983051,1.5523113156602992,SLC22A3;SLC47A1;SLC31A1;SLC22A1
GO_Biological_Process_2023,Ceramide Transport (GO:0035627),3/14,0.3426281647706943,0.9999960968655396,0,0,1.574350759372786,1.6863020351217894,ABCA2;CPTP;CERT1
GO_Biological_Process_2023,Copper Ion Homeostasis (GO:0055070),3/14,0.3426281647706943,0.9999960968655396,0,0,1.574350759372786,1.6863020351217894,ANKRD9;ATP7B;XIAP
GO_Biological_Process_2023,Dolichol Metabolic Process (GO:0019348),3/14,0.3426281647706943,0.9999960968655396,0,0,1.574350759372786,1.6863020351217894,ALG8;ALG9;ALG12
GO_Biological_Process_2023,Histone mRNA Catabolic Process (GO:0071044),3/14,0.3426281647706943,0.9999960968655396,0,0,1.574350759372786,1.6863020351217894,UPF1;EXOSC4;ERI1
GO_Biological_Process_2023,Icosanoid Transport (GO:0071715),3/14,0.3426281647706943,0.9999960968655396,0,0,1.574350759372786,1.6863020351217894,ABCC6;SLC22A1;SLC22A7
GO_Biological_Process_2023,Medium-Chain Fatty Acid Metabolic Process (GO:0051791),3/14,0.3426281647706943,0.9999960968655396,0,0,1.574350759372786,1.6863020351217894,ABHD3;OXSM;ACAD9
GO_Biological_Process_2023,Mitotic intra-S DNA Damage Checkpoint Signaling (GO:0031573),3/14,0.3426281647706943,0.9999960968655396,0,0,1.574350759372786,1.6863020351217894,MUS81;EME2;HUS1
GO_Biological_Process_2023,Negative Regulation Of Fatty Acid Biosynthetic Process (GO:0045717),3/14,0.3426281647706943,0.9999960968655396,0,0,1.574350759372786,1.6863020351217894,KLHL25;ERLIN1;ERLIN2
GO_Biological_Process_2023,Negative Regulation Of Nucleocytoplasmic Transport (GO:0046823),3/14,0.3426281647706943,0.9999960968655396,0,0,1.574350759372786,1.6863020351217894,S100G;RAB23;SIRT6
GO_Biological_Process_2023,Negative Regulation Of Receptor Signaling Pathway Via STAT (GO:1904893),3/14,0.3426281647706943,0.9999960968655396,0,0,1.574350759372786,1.6863020351217894,GBP7;PPARG;NF2
GO_Biological_Process_2023,Negative Regulation Of Transcription Elongation By RNA Polymerase II (GO:0034244),3/14,0.3426281647706943,0.9999960968655396,0,0,1.574350759372786,1.6863020351217894,HEXIM1;PARP1;SIRT6
GO_Biological_Process_2023,Nuclear Pore Organization (GO:0006999),3/14,0.3426281647706943,0.9999960968655396,0,0,1.574350759372786,1.6863020351217894,NDC1;NUP133;NUP35
GO_Biological_Process_2023,Pancreas Development (GO:0031016),3/14,0.3426281647706943,0.9999960968655396,0,0,1.574350759372786,1.6863020351217894,ILDR2;PROX1;MET
GO_Biological_Process_2023,Polarized Epithelial Cell Differentiation (GO:0030859),3/14,0.3426281647706943,0.9999960968655396,0,0,1.574350759372786,1.6863020351217894,SLC9A3R1;RAP2A;SYNE4
GO_Biological_Process_2023,Positive Regulation Of Transporter Activity (GO:0032411),3/14,0.3426281647706943,0.9999960968655396,0,0,1.574350759372786,1.6863020351217894,PON1;PDZK1;KCTD7
GO_Biological_Process_2023,Protein Homotrimerization (GO:0070207),3/14,0.3426281647706943,0.9999960968655396,0,0,1.574350759372786,1.6863020351217894,PNPT1;SIGMAR1;SLC1A2
GO_Biological_Process_2023,Protein Trimerization (GO:0070206),3/14,0.3426281647706943,0.9999960968655396,0,0,1.574350759372786,1.6863020351217894,PNPT1;SIGMAR1;SLC1A2
GO_Biological_Process_2023,Regulation Of Macrophage Differentiation (GO:0045649),3/14,0.3426281647706943,0.9999960968655396,0,0,1.574350759372786,1.6863020351217894,CSF1;INHBA;FADD
GO_Biological_Process_2023,Ubiquinone Metabolic Process (GO:0006743),3/14,0.3426281647706943,0.9999960968655396,0,0,1.574350759372786,1.6863020351217894,COQ4;UBIAD1;FDXR
GO_Biological_Process_2023,Positive Regulation Of Type I Interferon Production (GO:0032481),11/64,0.3428181497361543,0.9999960968655396,0,0,1.1983856801236064,1.282937959272081,RNF135;MAVS;IRF3;STAT1;G3BP1;XIAP;POLR3G;TICAM1;IKBKE;HSPD1;RIGI
GO_Biological_Process_2023,Positive Regulation Of mRNA Catabolic Process (GO:0061014),8/45,0.3440095798287564,0.9999960968655396,0,0,1.248344067081338,1.3320901946117258,UPF1;MOV10;METTL14;PNPT1;METTL3;METTL16;CNOT8;RBM24
GO_Biological_Process_2023,Embryonic Organ Development (GO:0048568),13/77,0.3464175582572333,0.9999960968655396,0,0,1.172889748384903,1.2433926388113714,UTP25;PPIL1;COL27A1;PKDCC;TFEB;COBL;SALL1;COL2A1;HEY1;SOX18;KIT;RARB;STRA6
GO_Biological_Process_2023,Carboxylic Acid Transmembrane Transport (GO:1905039),7/39,0.3516488373270291,0.9999960968655396,0,0,1.26291567695962,1.3199012392216982,SLC5A6;SLC46A1;SLC13A3;SLC16A12;SLC16A7;SLC38A3;SLC25A11
GO_Biological_Process_2023,Positive Regulation Of Intracellular Transport (GO:0032388),7/39,0.3516488373270291,0.9999960968655396,0,0,1.26291567695962,1.3199012392216982,NUMA1;CAPN10;MYL1;NEDD4;CEP131;ATP2A1;KIF20B
GO_Biological_Process_2023,Positive Regulation Of Lymphocyte Differentiation (GO:0045621),7/39,0.3516488373270291,0.9999960968655396,0,0,1.26291567695962,1.3199012392216982,SMARCD2;XBP1;XRCC6;SMARCB1;IL7;GAS6;SMARCA2
GO_Biological_Process_2023,Translation (GO:0006412),37/234,0.3528656832013686,0.9999960968655396,0,0,1.084858757258779,1.1300624298895956,MRPS15;GFM2;MRPL18;MRPL19;MRPL39;MRPL14;GSPT2;MRPL35;YARS2;MRPL4;EEF2K;MRPL1;EIF4EBP2;MRPL9;RARS2;PTCD3;TSFM;MRPS27;MRPS25;MRPS22;MARS2;MRPL49;GATC;MRPS2;MRPS21;GATB;MRPL45;HARS2;FTSJ1;MRPS5;MRPL22;MRPL44;TUFM;MRPL50;MRPL51;EEF1A2;DAP3
GO_Biological_Process_2023,Regulation Of Proteolysis (GO:0030162),9/52,0.3588497196925871,0.9999960968655396,0,0,1.208409997236151,1.238440902487684,SHH;HDAC2;PLK1;RHOBTB3;CAPN3;GSAP;FADD;OGT;TRIM32
GO_Biological_Process_2023,Lung Development (GO:0030324),6/33,0.3596972668990283,0.9999960968655396,0,0,1.2829036635006783,1.311759408262411,CEBPA;SHH;TCF21;FOXJ1;PROX1;STRA6
GO_Biological_Process_2023,Negative Regulation Of Small Molecule Metabolic Process (GO:0062014),6/33,0.3596972668990283,0.9999960968655396,0,0,1.2829036635006783,1.311759408262411,BCKDK;TIGAR;ACTN3;SIRT6;PGPEP1;GCK
GO_Biological_Process_2023,Phosphatidic Acid Metabolic Process (GO:0046473),6/33,0.3596972668990283,0.9999960968655396,0,0,1.2829036635006783,1.311759408262411,GNPAT;LIPC;GPAM;DGKQ;PNPLA3;AGPAT1
GO_Biological_Process_2023,Positive Regulation Of Release Of Sequestered Calcium Ion Into Cytosol (GO:0051281),6/33,0.3596972668990283,0.9999960968655396,0,0,1.2829036635006783,1.311759408262411,CXCL9;GSTM2;CXCL11;CAPN3;XCL1;CASQ1
GO_Biological_Process_2023,Regulation Of G0 To G1 Transition (GO:0070316),6/33,0.3596972668990283,0.9999960968655396,0,0,1.2829036635006783,1.311759408262411,SMARCD2;RRM1;SMARCB1;BCL7A;DPF3;SMARCA2
GO_Biological_Process_2023,Ventricular Cardiac Muscle Tissue Morphogenesis (GO:0055010),6/33,0.3596972668990283,0.9999960968655396,0,0,1.2829036635006783,1.311759408262411,DLL4;TNNC1;MYL2;MYL3;PROX1;MYH7
GO_Biological_Process_2023,T Cell Differentiation (GO:0030217),8/46,0.3677160130680429,0.9999960968655396,0,0,1.2154214456712045,1.2159615088916071,DLL4;SHH;TCF7;KIT;LIG4;FADD;MR1;SOX4
GO_Biological_Process_2023,Amino Acid Transport (GO:0006865),8/46,0.3677160130680429,0.9999960968655396,0,0,1.2154214456712045,1.2159615088916071,SLC36A1;SLC6A6;SLC43A1;SLC6A12;SLC16A10;SLC38A3;SLC25A44;SLC38A5
GO_Biological_Process_2023,Mitotic G2/M Transition Checkpoint (GO:0044818),8/46,0.3677160130680429,0.9999960968655396,0,0,1.2154214456712045,1.2159615088916071,RINT1;RAD50;INTS3;PLK1;CDK1;HUS1;NABP1;CHFR
GO_Biological_Process_2023,Monoubiquitinated Histone H2A Deubiquitination (GO:0035522),5/27,0.36816120978409,0.9999960968655396,0,0,1.312000986466907,1.3109964747858525,TADA2B;TAF12;TMEM98;TADA3;SUPT7L
GO_Biological_Process_2023,Monoubiquitinated Histone Deubiquitination (GO:0035521),5/27,0.36816120978409,0.9999960968655396,0,0,1.312000986466907,1.3109964747858525,TADA2B;TAF12;TMEM98;TADA3;SUPT7L
GO_Biological_Process_2023,Negative Regulation Of Notch Signaling Pathway (GO:0045746),5/27,0.36816120978409,0.9999960968655396,0,0,1.312000986466907,1.3109964747858525,DLL4;TSPAN15;HEY1;METTL3;NRARP
GO_Biological_Process_2023,Phospholipid Biosynthetic Process (GO:0008654),5/27,0.36816120978409,0.9999960968655396,0,0,1.312000986466907,1.3109964747858525,IDI1;FDPS;FITM1;DOLK;FADS1
GO_Biological_Process_2023,Respiratory Tube Development (GO:0030323),5/27,0.36816120978409,0.9999960968655396,0,0,1.312000986466907,1.3109964747858525,CEBPA;SHH;TCF21;PROX1;STRA6
GO_Biological_Process_2023,protein-DNA Complex Assembly (GO:0065004),10/59,0.3715085771271508,0.9999960968655396,0,0,1.1782525510204085,1.1666860313283374,H2AX;CHAF1A;RAD51;RBBP4;H2BC21;GRWD1;NAP1L3;DNAJC9;ASF1A;ASF1B
GO_Biological_Process_2023,Regulation Of Type I Interferon Production (GO:0032479),10/59,0.3715085771271508,0.9999960968655396,0,0,1.1782525510204085,1.1666860313283374,MAVS;GBP7;IRF3;TRAF3IP1;G3BP1;XIAP;TICAM1;IKBKE;TRIM21;TIRAP
GO_Biological_Process_2023,Mitotic Spindle Organization (GO:0007052),14/85,0.3736703173266296,0.9999960968655396,0,0,1.1384976525821595,1.120715884450164,GPSM2;PLK1;CDCA8;AURKB;NDC80;AURKA;WRAP73;TPX2;CCNB1;CENPH;NUF2;STMN1;BIRC5;CCDC61
GO_Biological_Process_2023,Protein Mannosylation (GO:0035268),4/21,0.3769652965259991,0.9999960968655396,0,0,1.358245264207378,1.32510699649234,POMT2;POMT1;LARGE2;TMTC4
GO_Biological_Process_2023,Regulation Of Lipid Storage (GO:0010883),4/21,0.3769652965259991,0.9999960968655396,0,0,1.358245264207378,1.32510699649234,CRP;C3;PPARG;IKBKE
GO_Biological_Process_2023,Zinc Ion Transmembrane Transport (GO:0071577),4/21,0.3769652965259991,0.9999960968655396,0,0,1.358245264207378,1.32510699649234,SLC39A9;SLC30A5;SLC39A5;SLC39A12
GO_Biological_Process_2023,Endothelial Cell Migration (GO:0043542),7/40,0.3773042954915946,0.9999960968655396,0,0,1.224573526236234,1.1935958170217074,DPP4;PTP4A3;PLXND1;SOX18;STAT1;EMP2;MEN1
GO_Biological_Process_2023,mRNA 3'-End Processing (GO:0031124),7/40,0.3773042954915946,0.9999960968655396,0,0,1.224573526236234,1.1935958170217074,LSM10;HEXIM1;MBLAC1;NCBP2;CSTF2;LEO1;CSTF2T
GO_Biological_Process_2023,Retinoid Metabolic Process (GO:0001523),7/40,0.3773042954915946,0.9999960968655396,0,0,1.224573526236234,1.1935958170217074,ADH4;AWAT2;RDH11;RDH10;LRAT;BCO2;ALDH8A1
GO_Biological_Process_2023,Response To Insulin (GO:0032868),13/79,0.3826484108380474,0.9999960968655396,0,0,1.1372136873666965,1.092451476864427,PRKCI;XBP1;PARP1;PKLR;IRS1;INSIG1;PDE3B;PCSK9;SLC2A4;GCK;CAPN10;PPARG;OGT
GO_Biological_Process_2023,Phosphate-Containing Compound Metabolic Process (GO:0006796),29/184,0.382733379980275,0.9999960968655396,0,0,1.080427901847257,1.0376609655477294,IPPK;PFKFB1;SLC22A3;PANK3;INPP1;PDXP;HNMT;NUDT5;AGPAT1;INPP5B;DUSP12;IMPA1;MLST8;TNFAIP8L3;XYLB;NADK;LHPP;SLC17A4;TIGAR;PLAAT3;ACYP1;THNSL2;GCK;PLA2G15;BCKDK;SHPK;ANGPTL3;ALDOC;GALK2
GO_Biological_Process_2023,DNA Double-Strand Break Processing (GO:0000729),3/15,0.3857254248908185,0.9999960968655396,0,0,1.4430701457133177,1.3747111872132167,RAD50;SETMAR;DNA2
GO_Biological_Process_2023,N-acetylglucosamine Metabolic Process (GO:0006044),3/15,0.3857254248908185,0.9999960968655396,0,0,1.4430701457133177,1.3747111872132167,EXTL2;CHST7;GNPDA1
GO_Biological_Process_2023,Adenylate Cyclase-Activating Adrenergic Receptor Signaling Pathway (GO:0071880),3/15,0.3857254248908185,0.9999960968655396,0,0,1.4430701457133177,1.3747111872132167,ADRB3;ADRA1B;ADRA2B
GO_Biological_Process_2023,Anterograde Synaptic Vesicle Transport (GO:0048490),3/15,0.3857254248908185,0.9999960968655396,0,0,1.4430701457133177,1.3747111872132167,AP3M1;BLOC1S5;BLOC1S6
GO_Biological_Process_2023,Cardiac Myofibril Assembly (GO:0055003),3/15,0.3857254248908185,0.9999960968655396,0,0,1.4430701457133177,1.3747111872132167,CSRP3;MYL2;PROX1
GO_Biological_Process_2023,Endoplasmic Reticulum To Cytosol Transport (GO:1903513),3/15,0.3857254248908185,0.9999960968655396,0,0,1.4430701457133177,1.3747111872132167,TMEM129;DERL2;SEC61B
GO_Biological_Process_2023,Folic Acid-Containing Compound Metabolic Process (GO:0006760),3/15,0.3857254248908185,0.9999960968655396,0,0,1.4430701457133177,1.3747111872132167,SLC46A1;SHMT2;SHMT1
GO_Biological_Process_2023,High-Density Lipoprotein Particle Remodeling (GO:0034375),3/15,0.3857254248908185,0.9999960968655396,0,0,1.4430701457133177,1.3747111872132167,LIPC;LIPG;ABCG1
GO_Biological_Process_2023,Negative Regulation Of Gluconeogenesis (GO:0045721),3/15,0.3857254248908185,0.9999960968655396,0,0,1.4430701457133177,1.3747111872132167,SIRT6;PGPEP1;GCK
GO_Biological_Process_2023,Negative Regulation Of Type I Interferon-Mediated Signaling Pathway (GO:0060339),3/15,0.3857254248908185,0.9999960968655396,0,0,1.4430701457133177,1.3747111872132167,STAT2;METTL3;TTLL12
GO_Biological_Process_2023,Peptidyl-Lysine Trimethylation (GO:0018023),3/15,0.3857254248908185,0.9999960968655396,0,0,1.4430701457133177,1.3747111872132167,SETD4;NFYA;NFYB
GO_Biological_Process_2023,Polyol Biosynthetic Process (GO:0046173),3/15,0.3857254248908185,0.9999960968655396,0,0,1.4430701457133177,1.3747111872132167,IPPK;CYP27A1;CYP2R1
GO_Biological_Process_2023,Positive Regulation Of Cyclin-Dependent Protein Serine/Threonine Kinase Activity (GO:0045737),3/15,0.3857254248908185,0.9999960968655396,0,0,1.4430701457133177,1.3747111872132167,PSRC1;CCND1;PROX1
GO_Biological_Process_2023,Receptor Catabolic Process (GO:0032801),3/15,0.3857254248908185,0.9999960968655396,0,0,1.4430701457133177,1.3747111872132167,RNF43;NEDD4;PCSK9
GO_Biological_Process_2023,Regulation Of Multicellular Organism Growth (GO:0040014),3/15,0.3857254248908185,0.9999960968655396,0,0,1.4430701457133177,1.3747111872132167,GHR;PTCH1;PPIB
GO_Biological_Process_2023,Synaptic Vesicle Transport Along Microtubule (GO:0099517),3/15,0.3857254248908185,0.9999960968655396,0,0,1.4430701457133177,1.3747111872132167,AP3M1;BLOC1S5;BLOC1S6
GO_Biological_Process_2023,Response To Cytokine (GO:0034097),20/125,0.3860872779178543,0.9999960968655396,0,0,1.0998149771155905,1.0466849243617726,CIITA;ASAH2;MME;SHMT2;STAT1;LIFR;DDOST;KLHL20;BST2;TMEM102;COL3A1;HAX1;LAMP3;UBD;CASP3;TRIM21;IKBKE;TRIM32;MAP4K3;FOXA2
GO_Biological_Process_2023,Cellular Response To Glucose Stimulus (GO:0071333),6/34,0.3877892110022522,0.9999960968655396,0,0,1.2370129870129871,1.1718141858580875,MLXIPL;XBP1;RAB11FIP2;GAS6;CYP7A1;SOX4
GO_Biological_Process_2023,Embryonic Limb Morphogenesis (GO:0030326),6/34,0.3877892110022522,0.9999960968655396,0,0,1.2370129870129871,1.1718141858580875,HDAC2;SHH;SALL1;INTU;PTCH1;TBX3
GO_Biological_Process_2023,Histone Deubiquitination (GO:0016578),6/34,0.3877892110022522,0.9999960968655396,0,0,1.2370129870129871,1.1718141858580875,TADA2B;TAF12;TMEM98;TADA3;MPND;SUPT7L
GO_Biological_Process_2023,Microtubule Polymerization (GO:0046785),6/34,0.3877892110022522,0.9999960968655396,0,0,1.2370129870129871,1.1718141858580875,NEDD1;TPX2;SSNA1;NDE1;CENPJ;TPPP
GO_Biological_Process_2023,Positive Regulation Of Immunoglobulin Production (GO:0002639),6/34,0.3877892110022522,0.9999960968655396,0,0,1.2370129870129871,1.1718141858580875,XBP1;KMT5C;SHLD2;SHLD1;XCL1;TRAPPC13
GO_Biological_Process_2023,Cellular Response To Insulin Stimulus (GO:0032869),16/99,0.3897110337841594,0.9999960968655396,0,0,1.1129938405767386,1.0488294713194024,BCAR3;GRB7;PRKCI;XBP1;PARP1;PKLR;IRS1;INSIG1;PDE3B;PCSK9;SLC2A4;GCK;CAPN10;NAMPT;PPARG;PDK2
GO_Biological_Process_2023,Regulation Of Signal Transduction By P53 Class Mediator (GO:1901796),8/47,0.3915492334621315,0.9999960968655396,0,0,1.184187163820565,1.110346007374314,HEXIM1;NOP2;USP2;GET1;AURKB;SOX4;AURKA;MAP2K6
GO_Biological_Process_2023,Epithelial Cell Differentiation (GO:0030855),21/132,0.3921675921095382,0.9999960968655396,0,0,1.0923692188608656,1.0225296848565848,FN3K;CBR1;HDAC2;FZD7;ANXA4;PLAAT1;KRT23;TCF21;PLAAT3;PROX1;DNPH1;OVOL3;SULT1B1;DMBT1;PTER;TST;CDK1;HSF4;ALDOC;PPARG;E2F8
GO_Biological_Process_2023,Monocarboxylic Acid Transport (GO:0015718),12/73,0.392233328824583,0.9999960968655396,0,0,1.1357278978279524,1.062925910686648,SLC5A6;SLC9A3R1;SLC25A17;FABP5;SLCO2B1;FABP7;SLC16A12;SLC16A7;SLC6A12;SLC16A11;SLC51B;SLC26A6
GO_Biological_Process_2023,protein-DNA Complex Organization (GO:0071824),10/60,0.3925572058806244,0.9999960968655396,0,0,1.1546195652173914,1.0796535863794503,SUV39H2;HDAC3;HIRIP3;CBX5;HDAC11;CBX1;PWWP3A;HMGN2;HMGN1;PHF19
GO_Biological_Process_2023,ER-associated Misfolded Protein Catabolic Process (GO:0071712),2/9,0.3925587569134417,0.9999960968655396,0,0,1.6491482771970576,1.5420675191690951,RNF5;UGGT1
GO_Biological_Process_2023,IMP Metabolic Process (GO:0046040),2/9,0.3925587569134417,0.9999960968655396,0,0,1.6491482771970576,1.5420675191690951,SORD;AMPD2
GO_Biological_Process_2023,T-helper 1 Type Immune Response (GO:0042088),2/9,0.3925587569134417,0.9999960968655396,0,0,1.6491482771970576,1.5420675191690951,TMEM98;IL18
GO_Biological_Process_2023,Wnt Signaling Pathway Involved In Midbrain Dopaminergic Neuron Differentiation (GO:1904953),2/9,0.3925587569134417,0.9999960968655396,0,0,1.6491482771970576,1.5420675191690951,WNT5A;WNT9B
GO_Biological_Process_2023,Adrenal Gland Development (GO:0030325),2/9,0.3925587569134417,0.9999960968655396,0,0,1.6491482771970576,1.5420675191690951,SALL1;STRA6
GO_Biological_Process_2023,Apical Protein Localization (GO:0045176),2/9,0.3925587569134417,0.9999960968655396,0,0,1.6491482771970576,1.5420675191690951,GOPC;CELSR1
GO_Biological_Process_2023,cGMP Biosynthetic Process (GO:0006182),2/9,0.3925587569134417,0.9999960968655396,0,0,1.6491482771970576,1.5420675191690951,GUCY2D;NPR2
GO_Biological_Process_2023,Carbohydrate Phosphorylation (GO:0046835),2/9,0.3925587569134417,0.9999960968655396,0,0,1.6491482771970576,1.5420675191690951,POMK;GCK
GO_Biological_Process_2023,Cellular Response To Oxidised Low-Density Lipoprotein Particle Stimulus (GO:0140052),2/9,0.3925587569134417,0.9999960968655396,0,0,1.6491482771970576,1.5420675191690951,CD36;TICAM1
GO_Biological_Process_2023,Cellular Response To Purine-Containing Compound (GO:0071415),2/9,0.3925587569134417,0.9999960968655396,0,0,1.6491482771970576,1.5420675191690951,GSTM2;P2RY1
GO_Biological_Process_2023,Dopamine Transport (GO:0015872),2/9,0.3925587569134417,0.9999960968655396,0,0,1.6491482771970576,1.5420675191690951,SLC22A3;SLC22A1
GO_Biological_Process_2023,Ether Lipid Biosynthetic Process (GO:0008611),2/9,0.3925587569134417,0.9999960968655396,0,0,1.6491482771970576,1.5420675191690951,GNPAT;PEX7
GO_Biological_Process_2023,Excitatory Synapse Assembly (GO:1904861),2/9,0.3925587569134417,0.9999960968655396,0,0,1.6491482771970576,1.5420675191690951,WNT5A;PLXNB2
GO_Biological_Process_2023,Histone Methylation (GO:0016571),2/9,0.3925587569134417,0.9999960968655396,0,0,1.6491482771970576,1.5420675191690951,FBL;SUV39H2
GO_Biological_Process_2023,Histone Ubiquitination (GO:0016574),2/9,0.3925587569134417,0.9999960968655396,0,0,1.6491482771970576,1.5420675191690951,UHRF1;UBR2
GO_Biological_Process_2023,Hormone Transport (GO:0009914),2/9,0.3925587569134417,0.9999960968655396,0,0,1.6491482771970576,1.5420675191690951,SLC16A10;SERPINA7
GO_Biological_Process_2023,Ketone Biosynthetic Process (GO:0042181),2/9,0.3925587569134417,0.9999960968655396,0,0,1.6491482771970576,1.5420675191690951,SRD5A2;SIRT6
GO_Biological_Process_2023,Long-Chain Fatty Acid Import Into Cell (GO:0044539),2/9,0.3925587569134417,0.9999960968655396,0,0,1.6491482771970576,1.5420675191690951,ACSL3;CD36
GO_Biological_Process_2023,Lung Epithelium Development (GO:0060428),2/9,0.3925587569134417,0.9999960968655396,0,0,1.6491482771970576,1.5420675191690951,FOXJ1;STRA6
GO_Biological_Process_2023,Mesenchymal To Epithelial Transition (GO:0060231),2/9,0.3925587569134417,0.9999960968655396,0,0,1.6491482771970576,1.5420675191690951,SALL1;FZD7
GO_Biological_Process_2023,Mitochondrion Morphogenesis (GO:0070584),2/9,0.3925587569134417,0.9999960968655396,0,0,1.6491482771970576,1.5420675191690951,SUPV3L1;PNPT1
GO_Biological_Process_2023,Mitral Valve Morphogenesis (GO:0003183),2/9,0.3925587569134417,0.9999960968655396,0,0,1.6491482771970576,1.5420675191690951,AXIN2;SOX4
GO_Biological_Process_2023,Myelin Assembly (GO:0032288),2/9,0.3925587569134417,0.9999960968655396,0,0,1.6491482771970576,1.5420675191690951,DICER1;TPPP
GO_Biological_Process_2023,Negative Regulation Of Cell Adhesion Mediated By Integrin (GO:0033629),2/9,0.3925587569134417,0.9999960968655396,0,0,1.6491482771970576,1.5420675191690951,PDE3B;SNAI2
GO_Biological_Process_2023,Negative Regulation Of Delayed Rectifier Potassium Channel Activity (GO:1902260),2/9,0.3925587569134417,0.9999960968655396,0,0,1.6491482771970576,1.5420675191690951,KCNE1;KCNE3
GO_Biological_Process_2023,Negative Regulation Of Humoral Immune Response Mediated By Circulating Immunoglobulin (GO:0002924),2/9,0.3925587569134417,0.9999960968655396,0,0,1.6491482771970576,1.5420675191690951,CR2;FOXJ1
GO_Biological_Process_2023,Negative Regulation Of Phosphatidylinositol 3-Kinase Signaling (GO:0014067),2/9,0.3925587569134417,0.9999960968655396,0,0,1.6491482771970576,1.5420675191690951,SLC9A3R1;STAMBP
GO_Biological_Process_2023,Negative Regulation Of Receptor Binding (GO:1900121),2/9,0.3925587569134417,0.9999960968655396,0,0,1.6491482771970576,1.5420675191690951,PCSK9;PTPRF
GO_Biological_Process_2023,Negative Regulation Of Sodium Ion Transmembrane Transport (GO:1902306),2/9,0.3925587569134417,0.9999960968655396,0,0,1.6491482771970576,1.5420675191690951,NEDD4;PCSK9
GO_Biological_Process_2023,Negative Regulation Of Telomerase Activity (GO:0051974),2/9,0.3925587569134417,0.9999960968655396,0,0,1.6491482771970576,1.5420675191690951,PINX1;MEN1
GO_Biological_Process_2023,Negative Regulation Of Transforming Growth Factor Beta Production (GO:0071635),2/9,0.3925587569134417,0.9999960968655396,0,0,1.6491482771970576,1.5420675191690951,FN1;TSKU
GO_Biological_Process_2023,Organic Hydroxy Compound Catabolic Process (GO:1901616),2/9,0.3925587569134417,0.9999960968655396,0,0,1.6491482771970576,1.5420675191690951,PDXP;HSD17B6
GO_Biological_Process_2023,Phosphatidylcholine Catabolic Process (GO:0034638),2/9,0.3925587569134417,0.9999960968655396,0,0,1.6491482771970576,1.5420675191690951,PLA2G15;LIPC
GO_Biological_Process_2023,Phosphatidylethanolamine Acyl-Chain Remodeling (GO:0036152),2/9,0.3925587569134417,0.9999960968655396,0,0,1.6491482771970576,1.5420675191690951,LPGAT1;PLAAT3
GO_Biological_Process_2023,Phosphatidylethanolamine Biosynthetic Process (GO:0006646),2/9,0.3925587569134417,0.9999960968655396,0,0,1.6491482771970576,1.5420675191690951,CEPT1;SELENOI
GO_Biological_Process_2023,Positive Regulation Of RNA Biosynthetic Process (GO:1902680),2/9,0.3925587569134417,0.9999960968655396,0,0,1.6491482771970576,1.5420675191690951,TOP2A;GINS2
GO_Biological_Process_2023,Positive Regulation Of mRNA 3'-End Processing (GO:0031442),2/9,0.3925587569134417,0.9999960968655396,0,0,1.6491482771970576,1.5420675191690951,NCBP2;LEO1
GO_Biological_Process_2023,Positive Regulation Of Mesenchymal Cell Proliferation (GO:0002053),2/9,0.3925587569134417,0.9999960968655396,0,0,1.6491482771970576,1.5420675191690951,SHH;STAT1
GO_Biological_Process_2023,Positive Regulation Of Transcription Of Nucleolar Large rRNA By RNA Polymerase I (GO:1901838),2/9,0.3925587569134417,0.9999960968655396,0,0,1.6491482771970576,1.5420675191690951,IPPK;SMARCB1
GO_Biological_Process_2023,Primary Alcohol Catabolic Process (GO:0034310),2/9,0.3925587569134417,0.9999960968655396,0,0,1.6491482771970576,1.5420675191690951,SULT1B1;SULT2A1
GO_Biological_Process_2023,Receptor Guanylyl Cyclase Signaling Pathway (GO:0007168),2/9,0.3925587569134417,0.9999960968655396,0,0,1.6491482771970576,1.5420675191690951,GUCY2D;NPR2
GO_Biological_Process_2023,Regulation Of Dendritic Cell Apoptotic Process (GO:2000668),2/9,0.3925587569134417,0.9999960968655396,0,0,1.6491482771970576,1.5420675191690951,CXCL12;GAS6
GO_Biological_Process_2023,Regulation Of Hair Cycle (GO:0042634),2/9,0.3925587569134417,0.9999960968655396,0,0,1.6491482771970576,1.5420675191690951,TERT;TSKU
GO_Biological_Process_2023,Regulation Of Natural Killer Cell Proliferation (GO:0032817),2/9,0.3925587569134417,0.9999960968655396,0,0,1.6491482771970576,1.5420675191690951,IL18;TYK2
GO_Biological_Process_2023,Regulation Of Receptor Binding (GO:1900120),2/9,0.3925587569134417,0.9999960968655396,0,0,1.6491482771970576,1.5420675191690951,GREM2;PTPRF
GO_Biological_Process_2023,Regulation Of Viral-Induced Cytoplasmic Pattern Recognition Receptor Signaling Pathway (GO:0039531),2/9,0.3925587569134417,0.9999960968655396,0,0,1.6491482771970576,1.5420675191690951,XIAP;SLC15A4
GO_Biological_Process_2023,Serotonin Transport (GO:0006837),2/9,0.3925587569134417,0.9999960968655396,0,0,1.6491482771970576,1.5420675191690951,SLC22A3;SLC22A1
GO_Biological_Process_2023,Synaptic Vesicle Fusion To Presynaptic Active Zone Membrane (GO:0031629),2/9,0.3925587569134417,0.9999960968655396,0,0,1.6491482771970576,1.5420675191690951,SNAP47;SNAP29
GO_Biological_Process_2023,Type II Interferon-Mediated Signaling Pathway (GO:0060333),2/9,0.3925587569134417,0.9999960968655396,0,0,1.6491482771970576,1.5420675191690951,STAT1;TYK2
GO_Biological_Process_2023,Fatty Acid Derivative Biosynthetic Process (GO:1901570),5/28,0.3994290851954615,0.9999960968655396,0,0,1.2548837483597977,1.1516307068859926,SLC25A1;ACSS3;GGT6;AWAT2;ACACA
GO_Biological_Process_2023,Limb Development (GO:0060173),5/28,0.3994290851954615,0.9999960968655396,0,0,1.2548837483597977,1.1516307068859926,SALL1;INTU;PTCH1;IQCE;CIBAR1
GO_Biological_Process_2023,Membrane Fusion (GO:0061025),5/28,0.3994290851954615,0.9999960968655396,0,0,1.2548837483597977,1.1516307068859926,DPP4;RABIF;UBXN2B;GCA;SNAP29
GO_Biological_Process_2023,Negative Regulation Of Actin Filament Bundle Assembly (GO:0032232),5/28,0.3994290851954615,0.9999960968655396,0,0,1.2548837483597977,1.1516307068859926,STMN1;DYNLL1;MET;PHLDB2;CGNL1
GO_Biological_Process_2023,Positive Regulation Of Defense Response To Virus By Host (GO:0002230),5/28,0.3994290851954615,0.9999960968655396,0,0,1.2548837483597977,1.1516307068859926,MAVS;DTX3L;STAT1;PARP9;RIGI
GO_Biological_Process_2023,Positive Regulation Of Fibroblast Proliferation (GO:0048146),5/28,0.3994290851954615,0.9999960968655396,0,0,1.2548837483597977,1.1516307068859926,CDK4;WNT5A;FN1;LIG4;GAS6
GO_Biological_Process_2023,Positive Regulation Of Protein Import Into Nucleus (GO:0042307),5/28,0.3994290851954615,0.9999960968655396,0,0,1.2548837483597977,1.1516307068859926,MAVS;HDAC3;CHP2;DMAP1;ECT2
GO_Biological_Process_2023,Regulation Of Monoatomic Ion Transport (GO:0043269),5/28,0.3994290851954615,0.9999960968655396,0,0,1.2548837483597977,1.1516307068859926,KCNJ10;NEDD4;KCNJ15;KCNJ16;PDZK1
GO_Biological_Process_2023,Regulation Of Protein Targeting To Membrane (GO:0090313),5/28,0.3994290851954615,0.9999960968655396,0,0,1.2548837483597977,1.1516307068859926,KCNE1;ERBB2;MIEF2;PDZK1;SLC51B
GO_Biological_Process_2023,Regulation Of Organelle Assembly (GO:1902115),13/80,0.4009216270195354,0.9999960968655396,0,0,1.1201743746415829,1.0238274089321606,ATG3;ODAD3;INTU;IFT140;RDX;TBC1D2;CENPJ;TRAPPC12;TBC1D24;TBC1D13;NF2;RNF186;TBC1D16
GO_Biological_Process_2023,Acylglycerol Metabolic Process (GO:0006639),7/41,0.4030308259544164,0.9999960968655396,0,0,1.1884867961436356,1.080028139977891,DGAT2;AWAT2;DGKQ;PNPLA3;PLAAT3;GCK;GALK2
GO_Biological_Process_2023,Non-Canonical Wnt Signaling Pathway (GO:0035567),7/41,0.4030308259544164,0.9999960968655396,0,0,1.1884867961436356,1.080028139977891,DAAM1;FZD4;FZD7;WNT5A;DVL2;WNT9B;CELSR1
GO_Biological_Process_2023,Apical Junction Assembly (GO:0043297),9/54,0.4034588801785556,0.9999960968655396,0,0,1.1545670628183362,1.047978244769313,RAMP2;OCLN;CLDN3;MARVELD2;SLC39A9;CLDN8;CLDN2;ECT2;CLDN1
GO_Biological_Process_2023,Nucleosome Assembly (GO:0006334),9/54,0.4034588801785556,0.9999960968655396,0,0,1.1545670628183362,1.047978244769313,H2AX;CHAF1A;RBBP4;H2BC21;GRWD1;NAP1L3;DNAJC9;ASF1A;ASF1B
GO_Biological_Process_2023,Organelle Disassembly (GO:1903008),9/54,0.4034588801785556,0.9999960968655396,0,0,1.1545670628183362,1.047978244769313,UFL1;DYRK3;GFM2;UBA5;PLAAT1;CDK1;PLAAT3;MTIF3;AURKA
GO_Biological_Process_2023,Mitochondrial Cytochrome C Oxidase Assembly (GO:0033617),4/22,0.4126328853411432,0.9999960968655396,0,0,1.2827118644067796,1.135452667048689,COA3;SCO1;FASTKD3;TIMM21
GO_Biological_Process_2023,Modulation By Host Of Viral Process (GO:0044788),4/22,0.4126328853411432,0.9999960968655396,0,0,1.2827118644067796,1.135452667048689,ZDHHC9;FASN;PPIB;IGF2R
GO_Biological_Process_2023,Negative Regulation Of G Protein-Coupled Receptor Signaling Pathway (GO:0045744),4/22,0.4126328853411432,0.9999960968655396,0,0,1.2827118644067796,1.135452667048689,STMN1;RPGRIP1L;LY6G6E;MET
GO_Biological_Process_2023,Negative Regulation Of Protein Localization To Nucleus (GO:1900181),4/22,0.4126328853411432,0.9999960968655396,0,0,1.2827118644067796,1.135452667048689,S100G;MFHAS1;RAB23;SIRT6
GO_Biological_Process_2023,Placenta Development (GO:0001890),4/22,0.4126328853411432,0.9999960968655396,0,0,1.2827118644067796,1.135452667048689,TFEB;PPARG;NODAL;E2F8
GO_Biological_Process_2023,Positive Regulation Of Protein Autophosphorylation (GO:0031954),4/22,0.4126328853411432,0.9999960968655396,0,0,1.2827118644067796,1.135452667048689,TOM1L1;RAD50;RAP2A;TNKS1BP1
GO_Biological_Process_2023,Regulation Of Release Of Sequestered Calcium Ion Into Cytosol By Sarcoplasmic Reticulum (GO:0010880),4/22,0.4126328853411432,0.9999960968655396,0,0,1.2827118644067796,1.135452667048689,GSTM2;DHRS7C;HRC;CASQ1
GO_Biological_Process_2023,"RNA Splicing, Via Transesterification Reactions With Bulged Adenosine As Nucleophile (GO:0000377)",28/180,0.4143984146376254,0.9999960968655396,0,0,1.0635859984890457,0.9369420629237016,ZCCHC8;DBR1;SRSF1;WDR83;PRPF8;METTL14;SNRPD3;SNRNP35;RBM10;SF3A3;PPIL1;NCBP2;METTL3;CRNKL1;LSM3;LSM2;HNRNPM;LSM7;LSM6;PRPF3;HNRNPF;CWF19L1;FRG1;GEMIN6;PPIH;SNRNP200;SRSF6;PPIL3
GO_Biological_Process_2023,Negative Regulation Of Cell Cycle G1/S Phase Transition (GO:1902807),6/35,0.4158616515637053,0.9999960968655396,0,0,1.194287184765826,1.0478707316866125,KANK2;RBL2;RBL1;PRMT2;CDK2AP2;INHBA
GO_Biological_Process_2023,Regulation Of Cellular Senescence (GO:2000772),6/35,0.4158616515637053,0.9999960968655396,0,0,1.194287184765826,1.0478707316866125,PNPT1;RBL1;TERT;NEK4;SIRT6;FBXO5
GO_Biological_Process_2023,Regulation Of Sodium Ion Transport (GO:0002028),6/35,0.4158616515637053,0.9999960968655396,0,0,1.194287184765826,1.0478707316866125,NKAIN4;NEDD4;RANGRF;PRSS8;GPD1L;SCN4B
GO_Biological_Process_2023,Membrane Organization (GO:0061024),26/167,0.4179771901398453,0.9999960968655396,0,0,1.0646291128938496,0.9287062287319016,RTP3;UBXN2B;LMNB2;DPP4;SLC9A3R1;MFN2;CERT1;SNAP29;CEP55;PRKCI;NUP155;EXOC8;GCA;OSBPL2;AZIN2;PLAAT3;MTSS2;GRIN3B;RABIF;NPC1;CPTP;TLCD2;MITD1;KIF20A;TLCD1;CIBAR1
GO_Biological_Process_2023,Activation Of Protein Kinase Activity (GO:0032147),13/81,0.4192455663884419,0.9999960968655396,0,0,1.1036362181730903,0.9593892576147524,CARD10;STRADB;WNT5A;IL18;EMP2;ADRA2B;PRLR;TIRAP;CAMKK2;TOM1L1;TPX2;GAS6;ECT2
GO_Biological_Process_2023,B Cell Activation Involved In Immune Response (GO:0002312),3/16,0.4281102170249989,0.9999960968655396,0,0,1.3319865495399212,1.1300235563557266,MSH6;LIG4;EXOSC3
GO_Biological_Process_2023,DNA Repair-Dependent Chromatin Remodeling (GO:0140861),3/16,0.4281102170249989,0.9999960968655396,0,0,1.3319865495399212,1.1300235563557266,HPF1;DTX3L;ASF1A
GO_Biological_Process_2023,DNA-templated Transcription Termination (GO:0006353),3/16,0.4281102170249989,0.9999960968655396,0,0,1.3319865495399212,1.1300235563557266,MTERF2;POLR3K;MED18
GO_Biological_Process_2023,Cell Surface Receptor Signaling Pathway Involved In Heart Development (GO:0061311),3/16,0.4281102170249989,0.9999960968655396,0,0,1.3319865495399212,1.1300235563557266,DLL4;HEY1;SNAI2
GO_Biological_Process_2023,Cell Surface Toll-Like Receptor Signaling Pathway (GO:0140895),3/16,0.4281102170249989,0.9999960968655396,0,0,1.3319865495399212,1.1300235563557266,TRIL;NR1H4;TIRAP
GO_Biological_Process_2023,Cellular Response To Fatty Acid (GO:0071398),3/16,0.4281102170249989,0.9999960968655396,0,0,1.3319865495399212,1.1300235563557266,DGAT2;IRS1;NR1H4
GO_Biological_Process_2023,Cellular Response To Nitrogen Compound (GO:1901699),3/16,0.4281102170249989,0.9999960968655396,0,0,1.3319865495399212,1.1300235563557266,DDX11;NR1H4;EPG5
GO_Biological_Process_2023,Heart Process (GO:0003015),3/16,0.4281102170249989,0.9999960968655396,0,0,1.3319865495399212,1.1300235563557266,PPCS;MYL2;RANGRF
GO_Biological_Process_2023,Negative Regulation Of Biosynthetic Process (GO:0009890),3/16,0.4281102170249989,0.9999960968655396,0,0,1.3319865495399212,1.1300235563557266,ABCD2;CIITA;ABCD1
GO_Biological_Process_2023,Neuron Projection Organization (GO:0106027),3/16,0.4281102170249989,0.9999960968655396,0,0,1.3319865495399212,1.1300235563557266,ABCD2;ATP1A3;PLS1
GO_Biological_Process_2023,Nuclear Migration (GO:0007097),3/16,0.4281102170249989,0.9999960968655396,0,0,1.3319865495399212,1.1300235563557266,SLC9A3R1;CLMN;LMNB2
GO_Biological_Process_2023,Oligodendrocyte Development (GO:0014003),3/16,0.4281102170249989,0.9999960968655396,0,0,1.3319865495399212,1.1300235563557266,EIF2B4;TPPP;EIF2B1
GO_Biological_Process_2023,Positive Regulation Of Muscle Hypertrophy (GO:0014742),3/16,0.4281102170249989,0.9999960968655396,0,0,1.3319865495399212,1.1300235563557266,PARP1;HAND2;PDE9A
GO_Biological_Process_2023,Protein Localization To Mitochondrion (GO:0070585),3/16,0.4281102170249989,0.9999960968655396,0,0,1.3319865495399212,1.1300235563557266,DNAJA1;MAVS;RNF186
GO_Biological_Process_2023,Regulation Of Autophagosome Maturation (GO:1901096),3/16,0.4281102170249989,0.9999960968655396,0,0,1.3319865495399212,1.1300235563557266,RUBCN;TMEM39A;UBQLN4
GO_Biological_Process_2023,Regulation Of Nucleocytoplasmic Transport (GO:0046822),3/16,0.4281102170249989,0.9999960968655396,0,0,1.3319865495399212,1.1300235563557266,KHDRBS1;NEDD4;TMEM53
GO_Biological_Process_2023,Reverse Cholesterol Transport (GO:0043691),3/16,0.4281102170249989,0.9999960968655396,0,0,1.3319865495399212,1.1300235563557266,LIPC;LIPG;ABCG1
GO_Biological_Process_2023,Vasculature Development (GO:0001944),3/16,0.4281102170249989,0.9999960968655396,0,0,1.3319865495399212,1.1300235563557266,SOX18;TCF21;STRA6
GO_Biological_Process_2023,Lipid Transport (GO:0006869),17/108,0.4285650520501323,0.9999960968655396,0,0,1.0784533818241684,0.9137872888885634,ABCA2;ABCG5;OSBPL5;SPNS2;OSBPL2;NME4;SLC51B;ABCB11;FABP3;SLC25A17;FABP5;SLCO2B1;CPTP;FABP7;TNFAIP8L3;CD36;CERT1
GO_Biological_Process_2023,DNA Integrity Checkpoint Signaling (GO:0031570),7/42,0.4287178404477924,0.9999960968655396,0,0,1.1544621649134714,0.9777789933147404,H2AX;UFL1;DTX3L;HUS1;SETMAR;DNA2;PARP9
GO_Biological_Process_2023,Branching Morphogenesis Of An Epithelial Tube (GO:0048754),7/42,0.4287178404477924,0.9999960968655396,0,0,1.1544621649134714,0.9777789933147404,DLL4;SHH;SALL1;GDF2;TCF21;NRARP;MET
GO_Biological_Process_2023,Determination Of Heart Left/Right Asymmetry (GO:0061371),7/42,0.4287178404477924,0.9999960968655396,0,0,1.1544621649134714,0.9777789933147404,SHH;MKKS;SOX18;IHH;DVL2;BBS7;DLL1
GO_Biological_Process_2023,Embryonic Heart Tube Morphogenesis (GO:0003143),7/42,0.4287178404477924,0.9999960968655396,0,0,1.1544621649134714,0.9777789933147404,SHH;MKKS;SOX18;IHH;DVL2;BBS7;DLL1
GO_Biological_Process_2023,Nucleosome Organization (GO:0034728),12/75,0.4304825357220204,0.9999960968655396,0,0,1.0995435563756435,0.926748662867543,H2AX;NFE2;SMARCD2;SMARCB1;CHAF1A;RBBP4;H2BC21;GRWD1;NAP1L3;DNAJC9;ASF1A;ASF1B
GO_Biological_Process_2023,Glycolytic Process (GO:0006096),5/29,0.4305218760157696,0.9999960968655396,0,0,1.2025262800949474,1.0134376098355993,PFKFB1;PKLR;GAPDHS;ALDOC;GCK
GO_Biological_Process_2023,Integrated Stress Response Signaling (GO:0140467),5/29,0.4305218760157696,0.9999960968655396,0,0,1.2025262800949474,1.0134376098355993,CREBZF;CEBPA;NFE2;CEBPG;OMA1
GO_Biological_Process_2023,Lipid Droplet Organization (GO:0034389),5/29,0.4305218760157696,0.9999960968655396,0,0,1.2025262800949474,1.0134376098355993,SQLE;PNPLA3;FITM1;ZFYVE1;PPID
GO_Biological_Process_2023,Modified Amino Acid Transport (GO:0072337),5/29,0.4305218760157696,0.9999960968655396,0,0,1.2025262800949474,1.0134376098355993,SLC5A6;SLC46A1;SLC47A1;SLC16A12;CTNS
GO_Biological_Process_2023,Regulation Of Establishment Of Planar Polarity (GO:0090175),5/29,0.4305218760157696,0.9999960968655396,0,0,1.2025262800949474,1.0134376098355993,DAAM1;FZD7;WNT5A;DVL2;CELSR1
GO_Biological_Process_2023,Regulation Of Muscle Contraction (GO:0006937),5/29,0.4305218760157696,0.9999960968655396,0,0,1.2025262800949474,1.0134376098355993,TNNC1;MYL2;TNNC2;MYL3;TNNT3
GO_Biological_Process_2023,Plasma Membrane Bounded Cell Projection Assembly (GO:0120031),42/275,0.4324653406836091,0.9999960968655396,0,0,1.040751898316276,0.8724134977770603,INTU;TRAF3IP1;IFT172;CEP19;CCDC28B;SLC9A3R1;TBC1D31;TTC21B;RAB23;TMEM107;CCDC96;POC1A;BBS7;SNAP29;CFAP20;RILP;BBS1;MKKS;IFT140;CEP131;FOXJ1;IFT80;EMP2;CPLANE2;WDR54;MTSS1;RAP2A;TTC8;FAM161A;TMEM138;CENPJ;TMEM216;KIT;HYLS1;IFT27;CEP162;B9D1;CEP41;RAB17;CIBAR1;CEP89;TTLL8
GO_Biological_Process_2023,Protein Lipidation (GO:0006497),10/62,0.434768493260628,0.9999960968655396,0,0,1.1100804765886287,0.9246321960461762,PIGB;ZDHHC9;SLC30A5;PIGP;PIGW;ZDHHC16;PIGG;PIGV;GLUL;PIGH
GO_Biological_Process_2023,Non-Membrane-Bounded Organelle Assembly (GO:0140694),21/135,0.4348260719045345,0.9999960968655396,0,0,1.0634342419294058,0.8856377804491588,GRB7;HDAC3;TMOD4;MIS12;FITM1;ZFYVE1;LSM3;MRPL22;LMOD2;SQLE;CENPF;NPC1;HAUS7;OGFOD1;G3BP1;DHX37;CAPN3;DHX29;ASB2;SAC3D1;CCDC61
GO_Biological_Process_2023,Regulation Of Protein Catabolic Process (GO:0042176),19/122,0.4394807957160602,0.9999960968655396,0,0,1.064874878020542,0.8754988699283884,APC2;CSNK2A1;WNT5A;RDX;AZIN2;ASB11;HMGCR;AZIN1;NKD1;DCAF1;NEDD4;EEF1A2;PSME1;PSME2;NUDT15;RILP;TRIM32;BANP;MAD2L1
GO_Biological_Process_2023,Phospholipid Metabolic Process (GO:0006644),11/69,0.4426139451953914,0.9999960968655396,0,0,1.0947543557477122,0.8922875779835872,PLA2G15;LIPG;ANGPTL3;PNPLA3;FITM1;TNFAIP8L3;PLAAT3;PGPEP1;AGPAT1;FADS1;FDFT1
GO_Biological_Process_2023,Histone H3 Acetylation (GO:0043966),6/36,0.4437768452068141,0.9999960968655396,0,0,1.1544097693351425,0.9378811044361038,TADA2B;TAF12;TMEM98;TADA3;KAT14;SUPT7L
GO_Biological_Process_2023,Negative Regulation Of Organelle Assembly (GO:1902116),6/36,0.4437768452068141,0.9999960968655396,0,0,1.1544097693351425,0.9378811044361038,TCHP;USP10;TBC1D7;CCP110;TMEM39A;TRIM37
GO_Biological_Process_2023,Positive Regulation Of Double-Strand Break Repair Via Homologous Recombination (GO:1905168),6/36,0.4437768452068141,0.9999960968655396,0,0,1.1544097693351425,0.9378811044361038,WDR48;PARP1;RUVBL2;RUVBL1;DMAP1;WRAP53
GO_Biological_Process_2023,Protein Destabilization (GO:0031648),6/36,0.4437768452068141,0.9999960968655396,0,0,1.1544097693351425,0.9378811044361038,UTP25;KDM8;PLK1;CAPN3;SIRT6;TRIM21
GO_Biological_Process_2023,Receptor Signaling Pathway Via JAK-STAT (GO:0007259),6/36,0.4437768452068141,0.9999960968655396,0,0,1.1544097693351425,0.9378811044361038,GHR;STAT1;STAT2;PTK6;TYK2;STAMBP
GO_Biological_Process_2023,Regulation Of DNA Repair (GO:0006282),20/129,0.4444275198263656,0.9999960968655396,0,0,1.0592046428147064,0.8589813857096791,H2AX;SMARCD2;TIGAR;SMARCB1;PARP1;TAF12;CEBPG;AXIN2;SMARCA2;SUPT7L;TADA2B;TMEM98;BCL7A;RUVBL2;RUVBL1;TADA3;DPF3;DMAP1;POLH;WRAP53
GO_Biological_Process_2023,Regulation Of Wnt Signaling Pathway (GO:0030111),17/109,0.4444820564001799,0.9999960968655396,0,0,1.0666681470296515,0.8649031661021522,RNF43;AMER2;KANK1;CSNK2A1;RNF14;FZD7;CBY1;SHISA2;TSKU;HIC1;NKD1;SOX30;HHEX;SALL1;TERT;RSPO1;NOTUM
GO_Biological_Process_2023,L-serine Metabolic Process (GO:0006563),2/10,0.4472426860644254,0.9999960968655396,0,0,1.442920054200542,1.1610512632177077,SHMT2;SHMT1
GO_Biological_Process_2023,Notch Signaling Involved In Heart Development (GO:0061314),2/10,0.4472426860644254,0.9999960968655396,0,0,1.442920054200542,1.1610512632177077,HEY1;SNAI2
GO_Biological_Process_2023,TORC1 Signaling (GO:0038202),2/10,0.4472426860644254,0.9999960968655396,0,0,1.442920054200542,1.1610512632177077,MLST8;LAMTOR2
GO_Biological_Process_2023,Acidic Amino Acid Transport (GO:0015800),2/10,0.4472426860644254,0.9999960968655396,0,0,1.442920054200542,1.1610512632177077,SLC6A6;SLC9A3R1
GO_Biological_Process_2023,Arginine Metabolic Process (GO:0006525),2/10,0.4472426860644254,0.9999960968655396,0,0,1.442920054200542,1.1610512632177077,DDAH1;NAGS
GO_Biological_Process_2023,Basement Membrane Organization (GO:0071711),2/10,0.4472426860644254,0.9999960968655396,0,0,1.442920054200542,1.1610512632177077,RAMP2;FLRT2
GO_Biological_Process_2023,Branched-Chain Amino Acid Transport (GO:0015803),2/10,0.4472426860644254,0.9999960968655396,0,0,1.442920054200542,1.1610512632177077,SLC43A1;SLC25A44
GO_Biological_Process_2023,Copper Ion Transport (GO:0006825),2/10,0.4472426860644254,0.9999960968655396,0,0,1.442920054200542,1.1610512632177077,ATP7B;SLC31A1
GO_Biological_Process_2023,Embryonic Appendage Morphogenesis (GO:0035113),2/10,0.4472426860644254,0.9999960968655396,0,0,1.442920054200542,1.1610512632177077,SHH;PTCH1
GO_Biological_Process_2023,Engulfment Of Apoptotic Cell (GO:0043652),2/10,0.4472426860644254,0.9999960968655396,0,0,1.442920054200542,1.1610512632177077,XKR8;XKR9
GO_Biological_Process_2023,Epithelial Cell Apoptotic Process (GO:1904019),2/10,0.4472426860644254,0.9999960968655396,0,0,1.442920054200542,1.1610512632177077,CAPN10;COL4A3
GO_Biological_Process_2023,Glycine Transport (GO:0015816),2/10,0.4472426860644254,0.9999960968655396,0,0,1.442920054200542,1.1610512632177077,SLC36A1;SLC38A5
GO_Biological_Process_2023,Histone H3-K14 Acetylation (GO:0044154),2/10,0.4472426860644254,0.9999960968655396,0,0,1.442920054200542,1.1610512632177077,TADA3;KAT14
GO_Biological_Process_2023,Insulin-Like Growth Factor Receptor Signaling Pathway (GO:0048009),2/10,0.4472426860644254,0.9999960968655396,0,0,1.442920054200542,1.1610512632177077,GHR;IRS1
GO_Biological_Process_2023,Lipoprotein Catabolic Process (GO:0042159),2/10,0.4472426860644254,0.9999960968655396,0,0,1.442920054200542,1.1610512632177077,NOTUM;LYPLAL1
GO_Biological_Process_2023,Midbrain Dopaminergic Neuron Differentiation (GO:1904948),2/10,0.4472426860644254,0.9999960968655396,0,0,1.442920054200542,1.1610512632177077,WNT5A;WNT9B
GO_Biological_Process_2023,Mitochondrial Protein Processing (GO:0034982),2/10,0.4472426860644254,0.9999960968655396,0,0,1.442920054200542,1.1610512632177077,ATP23;OMA1
GO_Biological_Process_2023,Monoamine Transport (GO:0015844),2/10,0.4472426860644254,0.9999960968655396,0,0,1.442920054200542,1.1610512632177077,SLC22A3;SLC22A1
GO_Biological_Process_2023,Negative Regulation Of Adenylate Cyclase Activity (GO:0007194),2/10,0.4472426860644254,0.9999960968655396,0,0,1.442920054200542,1.1610512632177077,GABBR2;AKAP5
GO_Biological_Process_2023,Negative Regulation Of Cholesterol Transport (GO:0032375),2/10,0.4472426860644254,0.9999960968655396,0,0,1.442920054200542,1.1610512632177077,ABCG5;SHH
GO_Biological_Process_2023,Negative Regulation Of Glycolytic Process (GO:0045820),2/10,0.4472426860644254,0.9999960968655396,0,0,1.442920054200542,1.1610512632177077,TIGAR;SIRT6
GO_Biological_Process_2023,Negative Regulation Of Sodium Ion Transmembrane Transporter Activity (GO:2000650),2/10,0.4472426860644254,0.9999960968655396,0,0,1.442920054200542,1.1610512632177077,NEDD4;PCSK9
GO_Biological_Process_2023,Negative Regulation Of Steroid Biosynthetic Process (GO:0010894),2/10,0.4472426860644254,0.9999960968655396,0,0,1.442920054200542,1.1610512632177077,SNAI2;PROX1
GO_Biological_Process_2023,Negative Regulation Of Vascular Endothelial Growth Factor Receptor Signaling Pathway (GO:0030948),2/10,0.4472426860644254,0.9999960968655396,0,0,1.442920054200542,1.1610512632177077,HHEX;NEDD4
GO_Biological_Process_2023,Neuron Projection Maintenance (GO:1990535),2/10,0.4472426860644254,0.9999960968655396,0,0,1.442920054200542,1.1610512632177077,ABCD2;ATP1A3
GO_Biological_Process_2023,Peptidyl-Proline Hydroxylation (GO:0019511),2/10,0.4472426860644254,0.9999960968655396,0,0,1.442920054200542,1.1610512632177077,EGLN3;OGFOD1
GO_Biological_Process_2023,Positive Regulation Of DNA Methylation-Dependent Heterochromatin Formation (GO:0090309),2/10,0.4472426860644254,0.9999960968655396,0,0,1.442920054200542,1.1610512632177077,SETDB1;TASOR
GO_Biological_Process_2023,Positive Regulation Of Cholesterol Metabolic Process (GO:0090205),2/10,0.4472426860644254,0.9999960968655396,0,0,1.442920054200542,1.1610512632177077,SREBF1;STARD4
GO_Biological_Process_2023,Positive Regulation Of Dendrite Development (GO:1900006),2/10,0.4472426860644254,0.9999960968655396,0,0,1.442920054200542,1.1610512632177077,COBL;VLDLR
GO_Biological_Process_2023,Positive Regulation Of Lipid Localization (GO:1905954),2/10,0.4472426860644254,0.9999960968655396,0,0,1.442920054200542,1.1610512632177077,C3;IKBKE
GO_Biological_Process_2023,Positive Regulation Of Macrophage Differentiation (GO:0045651),2/10,0.4472426860644254,0.9999960968655396,0,0,1.442920054200542,1.1610512632177077,CSF1;FADD
GO_Biological_Process_2023,Positive Regulation Of Non-Canonical Wnt Signaling Pathway (GO:2000052),2/10,0.4472426860644254,0.9999960968655396,0,0,1.442920054200542,1.1610512632177077,WNT5B;NKD1
GO_Biological_Process_2023,Positive Regulation Of Toll-Like Receptor 4 Signaling Pathway (GO:0034145),2/10,0.4472426860644254,0.9999960968655396,0,0,1.442920054200542,1.1610512632177077,IFI35;TIRAP
GO_Biological_Process_2023,Prostaglandin Transport (GO:0015732),2/10,0.4472426860644254,0.9999960968655396,0,0,1.442920054200542,1.1610512632177077,SLC22A1;SLC22A7
GO_Biological_Process_2023,Protein auto-ADP-ribosylation (GO:0070213),2/10,0.4472426860644254,0.9999960968655396,0,0,1.442920054200542,1.1610512632177077,PARP11;PARP16
GO_Biological_Process_2023,Protein Deneddylation (GO:0000338),2/10,0.4472426860644254,0.9999960968655396,0,0,1.442920054200542,1.1610512632177077,SENP8;COPS7B
GO_Biological_Process_2023,Protein Localization To Condensed Chromosome (GO:1903083),2/10,0.4472426860644254,0.9999960968655396,0,0,1.442920054200542,1.1610512632177077,CDK1;BUB3
GO_Biological_Process_2023,rRNA Base Methylation (GO:0070475),2/10,0.4472426860644254,0.9999960968655396,0,0,1.442920054200542,1.1610512632177077,NOP2;METTL16
GO_Biological_Process_2023,Regulation Of Coagulation (GO:0050818),2/10,0.4472426860644254,0.9999960968655396,0,0,1.442920054200542,1.1610512632177077,HS3ST6;FOXA2
GO_Biological_Process_2023,Regulation Of Gene Expression By Genomic Imprinting (GO:0006349),2/10,0.4472426860644254,0.9999960968655396,0,0,1.442920054200542,1.1610512632177077,KDM1B;PCGF3
GO_Biological_Process_2023,Regulation Of Lamellipodium Morphogenesis (GO:2000392),2/10,0.4472426860644254,0.9999960968655396,0,0,1.442920054200542,1.1610512632177077,KANK1;ARPIN
GO_Biological_Process_2023,Regulation Of Melanin Biosynthetic Process (GO:0048021),2/10,0.4472426860644254,0.9999960968655396,0,0,1.442920054200542,1.1610512632177077,CTNS;MFSD12
GO_Biological_Process_2023,Regulation Of Synapse Maturation (GO:0090128),2/10,0.4472426860644254,0.9999960968655396,0,0,1.442920054200542,1.1610512632177077,CDC20;ARHGEF15
GO_Biological_Process_2023,Regulation Of Toll-Like Receptor 2 Signaling Pathway (GO:0034135),2/10,0.4472426860644254,0.9999960968655396,0,0,1.442920054200542,1.1610512632177077,MFHAS1;TIRAP
GO_Biological_Process_2023,Sarcoplasmic Reticulum Calcium Ion Transport (GO:0070296),2/10,0.4472426860644254,0.9999960968655396,0,0,1.442920054200542,1.1610512632177077,ATP2A1;CCR5
GO_Biological_Process_2023,Serine Family Amino Acid Biosynthetic Process (GO:0009070),2/10,0.4472426860644254,0.9999960968655396,0,0,1.442920054200542,1.1610512632177077,MTHFD1;SEPHS2
GO_Biological_Process_2023,Thyroid Hormone Generation (GO:0006590),2/10,0.4472426860644254,0.9999960968655396,0,0,1.442920054200542,1.1610512632177077,DIO1;DIO2
GO_Biological_Process_2023,Urogenital System Development (GO:0001655),2/10,0.4472426860644254,0.9999960968655396,0,0,1.442920054200542,1.1610512632177077,SHH;EPHB3
GO_Biological_Process_2023,Cellular Lipid Catabolic Process (GO:0044242),4/23,0.4478338416101795,0.9999960968655396,0,0,1.2151293487957182,0.9761535107780014,PLA2G15;LIPG;ANGPTL3;NUDT19
GO_Biological_Process_2023,Glial Cell Development (GO:0021782),4/23,0.4478338416101795,0.9999960968655396,0,0,1.2151293487957182,0.9761535107780014,EIF2B4;TPPP;EIF2B1;DLL1
GO_Biological_Process_2023,Negative Regulation Of Protein Depolymerization (GO:1901880),4/23,0.4478338416101795,0.9999960968655396,0,0,1.2151293487957182,0.9761535107780014,APC2;TPX2;MID1IP1;CKAP2
GO_Biological_Process_2023,Positive Regulation Of Protein Targeting To Membrane (GO:0090314),4/23,0.4478338416101795,0.9999960968655396,0,0,1.2151293487957182,0.9761535107780014,ERBB2;MIEF2;PDZK1;SLC51B
GO_Biological_Process_2023,Regulation Of Centrosome Cycle (GO:0046605),4/23,0.4478338416101795,0.9999960968655396,0,0,1.2151293487957182,0.9761535107780014,CEP131;XRCC3;AURKA;MCM2
GO_Biological_Process_2023,Regulation Of Ras Protein Signal Transduction (GO:0046578),12/76,0.4495962569656239,0.9999960968655396,0,0,1.0822994561522774,0.8651959275953786,SYDE2;KANK2;KANK1;STARD8;RDX;MFN2;STAMBP;FOXM1;DYNLL1;KBTBD7;LZTR1;OGT
GO_Biological_Process_2023,RNA Processing (GO:0006396),28/183,0.4512590071580116,0.9999960968655396,0,0,1.042815249266862,0.8297824941538433,ZCCHC8;FASTKD1;FASTKD3;DIS3L;SRSF1;NOL9;TENT4A;PRPF8;EXOSC7;EXOSC5;EXOSC4;EXOSC8;SNRPD3;SNRNP35;EXOSC3;EXOSC2;DDX17;SF3A3;NCBP2;METTL3;LSM3;SFPQ;LSM6;SCNM1;PRPF3;HNRNPF;SNRNP25;TARDBP
GO_Biological_Process_2023,Energy Derivation By Oxidation Of Organic Compounds (GO:0015980),7/43,0.4542609194050688,0.9999960968655396,0,0,1.1223277909738718,0.8856103792474894,ADGRF1;ADRB3;COX15;ACSM1;LYRM7;SDHAF4;MTLN
GO_Biological_Process_2023,Glycolipid Biosynthetic Process (GO:0009247),7/43,0.4542609194050688,0.9999960968655396,0,0,1.1223277909738718,0.8856103792474894,PIGB;SLC30A5;PIGP;PIGW;PIGG;PIGV;PIGH
GO_Biological_Process_2023,Regulation Of Primary Metabolic Process (GO:0080090),7/43,0.4542609194050688,0.9999960968655396,0,0,1.1223277909738718,0.8856103792474894,C1QTNF2;ADGRF1;OPA3;ANGPTL8;TNFAIP8L3;SIRT6;PPARG
GO_Biological_Process_2023,Protein Polymerization (GO:0051258),10/63,0.4558111507943143,0.9999960968655396,0,0,1.0890714725184578,0.8556580786795652,RNF135;UBE2C;MID1IP1;CENPJ;MSRB2;COBL;CASQ1;TPPP;TRIM32;MSRB1
GO_Biological_Process_2023,Cardiac Muscle Cell Action Potential Involved In Contraction (GO:0086002),5/30,0.4612636174390137,0.9999960968655396,0,0,1.1543574092912852,0.8932250957278706,KCNE1;KCNE3;GPD1L;SCN4B;SCN2B
GO_Biological_Process_2023,Prostaglandin Metabolic Process (GO:0006693),5/30,0.4612636174390137,0.9999960968655396,0,0,1.1543574092912852,0.8932250957278706,GSTM1;HPGD;PTGDS;PTGR1;PTGR2
GO_Biological_Process_2023,Protein Palmitoylation (GO:0018345),5/30,0.4612636174390137,0.9999960968655396,0,0,1.1543574092912852,0.8932250957278706,ZDHHC9;ZDHHC24;ZDHHC16;GLUL;GOLGA7
GO_Biological_Process_2023,Regulation Of Vasculature Development (GO:1901342),5/30,0.4612636174390137,0.9999960968655396,0,0,1.1543574092912852,0.8932250957278706,OR10J5;PLXND1;ERBB2;VASH2;EMP2
GO_Biological_Process_2023,Regulation Of Cellular Biosynthetic Process (GO:0031326),11/70,0.4625861229631641,0.9999960968655396,0,0,1.0761358466225517,0.8296173668682986,TOM1L1;C3;EIF2B4;NR1H4;SIRT5;CTNS;ELP2;MFSD12;CYP7A1;ELP6;PUM3
GO_Biological_Process_2023,Blood Circulation (GO:0008015),8/50,0.462921915811682,0.9999960968655396,0,0,1.0994083987974008,0.8467609268160201,DLL4;CYB5R3;CXCL12;STAT1;MYL2;COL4A3;RANGRF;AVPR1A
GO_Biological_Process_2023,Mitotic Metaphase Plate Congression (GO:0007080),8/50,0.462921915811682,0.9999960968655396,0,0,1.0994083987974008,0.8467609268160201,CCNB1;PSRC1;PINX1;NUF2;MIS12;CDCA8;CEP55;NDC80
GO_Biological_Process_2023,Protein Maturation (GO:0051604),18/117,0.4650842174602733,0.9999960968655396,0,0,1.0494798117413922,0.8034153925818164,LIPT2;LIPT1;MME;PTCH1;PCSK4;CIAO1;HSPD1;GCSH;BACE1;TSPAN15;TSPAN14;CASP3;XPNPEP3;CASP2;NAA35;NAA16;CIAO2B;OGT
GO_Biological_Process_2023,Proteasome-Mediated Ubiquitin-Dependent Protein Catabolic Process (GO:0043161),48/319,0.4684852232424453,0.9999960968655396,0,0,1.0224424336466351,0.7752677098067431,UBXN2B;DMAC2;DERL3;RHOBTB3;DERL2;UBR2;RNF5;CDC20;ANKRD9;DNAJB2;ATXN3;FOXRED2;RMND5A;TMEM129;FBXO3;SEC61B;SKP2;ANKZF1;FBXO9;APC2;FEM1A;UBE2C;EDEM1;ERLIN1;WWP1;UBE4A;FBXL18;PEX10;KCTD2;FBXL15;ERLIN2;AXIN2;PEX12;KLHL42;KLHL20;FBXL8;SPSB2;PSMA4;UBXN11;GID8;KCTD13;NHLRC1;KBTBD7;RNF186;ASB2;FBXL4;FBXL6;SPSB4
GO_Biological_Process_2023,Actomyosin Structure Organization (GO:0031032),12/77,0.4686446254913031,0.9999960968655396,0,0,1.065585943628092,0.8076188029486326,EPB41L4B;EPB41L5;CSRP3;ALKBH4;TMOD4;TNNT3;KCTD13;CAPN3;CASQ1;MYOZ2;LMOD2;MYH7
GO_Biological_Process_2023,NLS-bearing Protein Import Into Nucleus (GO:0006607),3/17,0.4693969692528978,0.9999960968655396,0,0,1.236772038534153,0.9353786726769088,KPNA6;NUP35;KPNA2
GO_Biological_Process_2023,Aorta Morphogenesis (GO:0035909),3/17,0.4693969692528978,0.9999960968655396,0,0,1.236772038534153,0.9353786726769088,DLL4;HEY1;PROX1
GO_Biological_Process_2023,Base Conversion Or Substitution Editing (GO:0016553),3/17,0.4693969692528978,0.9999960968655396,0,0,1.236772038534153,0.9353786726769088,RBM47;METTL3;AICDA
GO_Biological_Process_2023,Cellular Response To Alkaloid (GO:0071312),3/17,0.4693969692528978,0.9999960968655396,0,0,1.236772038534153,0.9353786726769088,GSTM2;RAD51;CASP3
GO_Biological_Process_2023,Embryonic Axis Specification (GO:0000578),3/17,0.4693969692528978,0.9999960968655396,0,0,1.236772038534153,0.9353786726769088,PTCH1;TASOR;TBX3
GO_Biological_Process_2023,Intracellular Zinc Ion Homeostasis (GO:0006882),3/17,0.4693969692528978,0.9999960968655396,0,0,1.236772038534153,0.9353786726769088,SLC39A9;SLC30A5;SLC39A5
GO_Biological_Process_2023,ncRNA Metabolic Process (GO:0034660),3/17,0.4693969692528978,0.9999960968655396,0,0,1.236772038534153,0.9353786726769088,DDX17;ZCCHC8;DICER1
GO_Biological_Process_2023,Negative Regulation Of Interleukin-8 Production (GO:0032717),3/17,0.4693969692528978,0.9999960968655396,0,0,1.236772038534153,0.9353786726769088,ANXA4;SSC5D;ELANE
GO_Biological_Process_2023,Positive Regulation Of Alpha-Beta T Cell Proliferation (GO:0046641),3/17,0.4693969692528978,0.9999960968655396,0,0,1.236772038534153,0.9353786726769088,IL18;XCL1;TYK2
GO_Biological_Process_2023,Positive Regulation Of Amyloid-Beta Formation (GO:1902004),3/17,0.4693969692528978,0.9999960968655396,0,0,1.236772038534153,0.9353786726769088,CASP3;GSAP;ABCG1
GO_Biological_Process_2023,Positive Regulation Of Cardiac Muscle Hypertrophy (GO:0010613),3/17,0.4693969692528978,0.9999960968655396,0,0,1.236772038534153,0.9353786726769088,PARP1;HAND2;PDE9A
GO_Biological_Process_2023,Positive Regulation Of Macrophage Activation (GO:0043032),3/17,0.4693969692528978,0.9999960968655396,0,0,1.236772038534153,0.9353786726769088,CEBPA;WNT5A;HSPD1
GO_Biological_Process_2023,Positive Regulation Of Macrophage Derived Foam Cell Differentiation (GO:0010744),3/17,0.4693969692528978,0.9999960968655396,0,0,1.236772038534153,0.9353786726769088,CSF1;IL18;CD36
GO_Biological_Process_2023,Regulation Of DNA-templated DNA Replication (GO:0090329),3/17,0.4693969692528978,0.9999960968655396,0,0,1.236772038534153,0.9353786726769088,METTL4;MCM5;MCM2
GO_Biological_Process_2023,Regulation Of Cellular Respiration (GO:0043457),3/17,0.4693969692528978,0.9999960968655396,0,0,1.236772038534153,0.9353786726769088,PNPT1;SHMT2;NOA1
GO_Biological_Process_2023,Regulation Of Delayed Rectifier Potassium Channel Activity (GO:1902259),3/17,0.4693969692528978,0.9999960968655396,0,0,1.236772038534153,0.9353786726769088,KCNE1;KCNE3;KCNS2
GO_Biological_Process_2023,Regulation Of Establishment Of Cell Polarity (GO:2000114),3/17,0.4693969692528978,0.9999960968655396,0,0,1.236772038534153,0.9353786726769088,PLEKHG3;KANK1;KIF20B
GO_Biological_Process_2023,Regulation Of Hematopoietic Progenitor Cell Differentiation (GO:1901532),3/17,0.4693969692528978,0.9999960968655396,0,0,1.236772038534153,0.9353786726769088,METTL14;METTL3;PDCD2
GO_Biological_Process_2023,Regulation Of Receptor Recycling (GO:0001919),3/17,0.4693969692528978,0.9999960968655396,0,0,1.236772038534153,0.9353786726769088,PCSK9;AP1AR;TBC1D16
GO_Biological_Process_2023,Regulation Of Single Stranded Viral RNA Replication Via Double Stranded DNA Intermediate (GO:0045091),3/17,0.4693969692528978,0.9999960968655396,0,0,1.236772038534153,0.9353786726769088,TOP2A;SETDB1;TASOR
GO_Biological_Process_2023,Regulation Of Tubulin Deacetylation (GO:0090043),3/17,0.4693969692528978,0.9999960968655396,0,0,1.236772038534153,0.9353786726769088,TADA3;TPPP;KAT14
GO_Biological_Process_2023,"Retrograde Protein Transport, ER To Cytosol (GO:0030970)",3/17,0.4693969692528978,0.9999960968655396,0,0,1.236772038534153,0.9353786726769088,TMEM129;DERL2;SEC61B
GO_Biological_Process_2023,Sensory Perception Of Taste (GO:0050909),3/17,0.4693969692528978,0.9999960968655396,0,0,1.236772038534153,0.9353786726769088,PKD2L1;CD36;TAS1R3
GO_Biological_Process_2023,Sulfur Amino Acid Metabolic Process (GO:0000096),3/17,0.4693969692528978,0.9999960968655396,0,0,1.236772038534153,0.9353786726769088,MTHFD1;TST;FMO1
GO_Biological_Process_2023,Ventricular Cardiac Muscle Cell Action Potential (GO:0086005),3/17,0.4693969692528978,0.9999960968655396,0,0,1.236772038534153,0.9353786726769088,KCNE1;KCNE3;GPD1L
GO_Biological_Process_2023,Regulation Of Transcription Initiation By RNA Polymerase II (GO:0060260),9/57,0.4703015242560342,0.9999960968655396,0,0,1.0822156196943973,0.8164031708801428,MED11;MED22;PCID2;TAF12;CDK4;MED21;MED19;HNF1B;MED18
GO_Biological_Process_2023,Positive Regulation Of Receptor Signaling Pathway Via JAK-STAT (GO:0046427),6/37,0.4714075117965599,0.9999960968655396,0,0,1.1171050903838575,0.8400991702588014,GHR;CENPJ;KIT;TYK2;OCIAD2;PRLR
GO_Biological_Process_2023,Type I Interferon-Mediated Signaling Pathway (GO:0060337),6/37,0.4714075117965599,0.9999960968655396,0,0,1.1171050903838575,0.8400991702588014,MAVS;STAT1;STAT2;TBKBP1;TYK2;IKBKE
GO_Biological_Process_2023,Positive Regulation Of Kinase Activity (GO:0033674),16/104,0.4717237138844985,0.9999960968655396,0,0,1.0494461290921469,0.7885137501060567,VAC14;XRCC6;TIGAR;CSF1;XRCC5;AXIN2;CCNA2;CSRP3;RAD50;ERBB3;EEF1A2;ERBB2;EPHA1;GAS6;CACUL1;MET
GO_Biological_Process_2023,RNA Metabolic Process (GO:0016070),17/111,0.4762426864177074,0.9999960968655396,0,0,1.0438499264700556,0.7743567997669841,DDX17;RBFOX2;PNPT1;FASTKD1;DIS3L;WDR74;NOL9;DICER1;SUPV3L1;EXOSC7;EXOSC5;EXOSC4;AGO1;HNRNPF;EXOSC8;EXOSC3;EXOSC2
GO_Biological_Process_2023,Mitotic Cell Cycle Phase Transition (GO:0044772),17/111,0.4762426864177074,0.9999960968655396,0,0,1.0438499264700556,0.7743567997669841,KHDRBS1;UBE2C;PLK1;KDM8;FBXL15;FOXM1;AURKA;CCNA2;CCNB1;CCND1;CCNE2;CDK4;CDK2;CDK1;CACUL1;LCMT1;CDKN3
GO_Biological_Process_2023,Establishment Of Protein Localization To Mitochondrion (GO:0072655),7/44,0.4795625801439971,0.9999960968655396,0,0,1.0919304102201963,0.8024387828636556,TIMM9;MFN2;TIMM44;TIMM21;TOMM40L;TOMM5;HSPD1
GO_Biological_Process_2023,Nucleus Organization (GO:0006997),7/44,0.4795625801439971,0.9999960968655396,0,0,1.0919304102201963,0.8024387828636556,NDC1;NUMA1;NUP133;NUP155;NUP35;LMNB2;CEP55
GO_Biological_Process_2023,Response To Unfolded Protein (GO:0006986),7/44,0.4795625801439971,0.9999960968655396,0,0,1.0919304102201963,0.8024387828636556,DNAJB2;DNAJA1;ERP44;TRAM1;HSPH1;HSPA2;HSPD1
GO_Biological_Process_2023,Cell Morphogenesis Involved In Differentiation (GO:0000904),4/24,0.4823371038717893,0.9999960968655396,0,0,1.1543050847457628,0.841617716377256,CLDN3;METTL3;DACT2;PROX1
GO_Biological_Process_2023,Dicarboxylic Acid Transport (GO:0006835),4/24,0.4823371038717893,0.9999960968655396,0,0,1.1543050847457628,0.841617716377256,SLC13A3;SLC46A1;SLC26A1;SLC26A6
GO_Biological_Process_2023,Multivesicular Body Sorting Pathway (GO:0071985),4/24,0.4823371038717893,0.9999960968655396,0,0,1.1543050847457628,0.841617716377256,RUBCN;MITD1;SYTL4;RILP
GO_Biological_Process_2023,Positive Regulation Of BMP Signaling Pathway (GO:0030513),4/24,0.4823371038717893,0.9999960968655396,0,0,1.1543050847457628,0.841617716377256,CCNA2;NUMA1;FBXL15;ELAPOR2
GO_Biological_Process_2023,Positive Regulation Of p38MAPK Cascade (GO:1900745),4/24,0.4823371038717893,0.9999960968655396,0,0,1.1543050847457628,0.841617716377256,MFHAS1;HAND2;SORD;MAP3K4
GO_Biological_Process_2023,Regulation Of Microtubule Depolymerization (GO:0031114),4/24,0.4823371038717893,0.9999960968655396,0,0,1.1543050847457628,0.841617716377256,APC2;TPX2;MID1IP1;CKAP2
GO_Biological_Process_2023,Response To Purine-Containing Compound (GO:0014074),4/24,0.4823371038717893,0.9999960968655396,0,0,1.1543050847457628,0.841617716377256,NT5E;STAT1;DGKQ;P2RY1
GO_Biological_Process_2023,Regulation Of Hydrolase Activity (GO:0051336),11/71,0.4824462305323462,0.9999960968655396,0,0,1.0581379544682297,0.7712617333935691,WRN;PLXND1;RDX;PLXNB2;PLXNB1;EPHA1;NGEF;SERPINA5;EPHB3;VAV2;PLXNA3
GO_Biological_Process_2023,Positive Regulation Of Cold-Induced Thermogenesis (GO:0120162),15/98,0.4837543275677936,0.9999960968655396,0,0,1.0430766960321722,0.7574594415981133,HDAC3;DIO2;IL18;ELOVL6;SIRT6;OMA1;PRLR;ADIPOR2;PER2;GATM;ADRB3;FABP5;MFN2;CD36;OGT
GO_Biological_Process_2023,Microtubule Bundle Formation (GO:0001578),8/51,0.4863956252745818,0.9999960968655396,0,0,1.073777609371793,0.773906895950963,PSRC1;NUMA1;PLK1;FOXJ1;KIF20A;TPPP;PIERCE2;GAS8
GO_Biological_Process_2023,Regulation Of Release Of Sequestered Calcium Ion Into Cytosol (GO:0051279),8/51,0.4863956252745818,0.9999960968655396,0,0,1.073777609371793,0.773906895950963,CXCL9;GSTM2;CXCL11;DHRS7C;HRC;CAPN3;XCL1;CASQ1
GO_Biological_Process_2023,Long-Chain Fatty Acid Metabolic Process (GO:0001676),12/78,0.4875860700849732,0.9999960968655396,0,0,1.049378901180397,0.7537567445044879,GSTM4;GSTM2;ASAH2;ACAD9;CYP1A2;PNPLA3;ELOVL6;ACSL3;CYP2E1;PTGR1;LTC4S;FADS1
GO_Biological_Process_2023,Regulation Of Innate Immune Response (GO:0045088),12/78,0.4875860700849732,0.9999960968655396,0,0,1.049378901180397,0.7537567445044879,RNF135;PARP1;ERAP1;XIAP;POLR3G;IFI35;FADD;PARP9;TRIM21;SLC15A4;TIRAP;AURKB
GO_Biological_Process_2023,Cardiac Muscle Tissue Morphogenesis (GO:0055008),5/31,0.4914967653725936,0.9999960968655396,0,0,1.1098938362417508,0.7883575037021872,TNNC1;MYL2;MYL3;PROX1;MYH7
GO_Biological_Process_2023,Endodermal Cell Differentiation (GO:0035987),5/31,0.4914967653725936,0.9999960968655396,0,0,1.1098938362417508,0.7883575037021872,MMP15;LEO1;FN1;INHBA;NODAL
GO_Biological_Process_2023,Positive Regulation Of Extrinsic Apoptotic Signaling Pathway (GO:2001238),5/31,0.4914967653725936,0.9999960968655396,0,0,1.1098938362417508,0.7883575037021872,TNFSF10;FADD;INHBA;LTB;BID
GO_Biological_Process_2023,Receptor Signaling Pathway Via STAT (GO:0097696),5/31,0.4914967653725936,0.9999960968655396,0,0,1.1098938362417508,0.7883575037021872,GHR;STAT1;STAT2;TYK2;STAMBP
GO_Biological_Process_2023,Regulation Of Macrophage Activation (GO:0043030),5/31,0.4914967653725936,0.9999960968655396,0,0,1.1098938362417508,0.7883575037021872,CEBPA;MFHAS1;SHPK;WNT5A;HSPD1
GO_Biological_Process_2023,Positive Regulation Of Amide Metabolic Process (GO:0034250),13/85,0.4922652555392134,0.9999960968655396,0,0,1.042077524651479,0.7385594930913187,METTL3;NR1H4;PASK;SIRT3;METTL14;CASP3;ERBB2;PRR16;PLXNB2;GSAP;OGT;SOX4;ABCG1
GO_Biological_Process_2023,Regulation Of Cold-Induced Thermogenesis (GO:0120161),22/146,0.4951128187395313,0.9999960968655396,0,0,1.0239735070193197,0.7198222729939557,HDAC3;ACTN3;ACOT11;ARRDC3;DIO2;IL18;ACOT13;ELOVL6;SIRT6;OMA1;PRLR;ADIPOR2;PER2;GATM;ADRB3;FABP5;MFN2;CD36;SLC25A44;OGT;LGR4;MAP2K6
GO_Biological_Process_2023,Chromatin Organization (GO:0006325),40/268,0.4978458028812546,0.9999960968655396,0,0,1.0125347686305677,0.7062074436044138,H2AX;SETD4;FOXA1;SUV39H2;HDAC2;SMARCD2;SMARCB1;HDAC3;HDAC11;NUDT5;CHAF1A;HIRIP3;BCL7A;RBBP4;RUVBL2;H2BC21;RUVBL1;DPF3;PCGF1;GET1;HMGN2;HMGN1;CBX5;DDX11;CBX1;NAP1L3;BAZ1B;SMARCA2;ESR1;TTI1;TADA2B;PER2;COPRS;SFPQ;GRWD1;PWWP3A;DNAJC9;ASF1A;ASF1B;PHF19
GO_Biological_Process_2023,Cellular Response To Type I Interferon (GO:0071357),6/38,0.4986376124322756,0.9999960968655396,0,0,1.0821319538670284,0.7530293034599727,MAVS;STAT1;STAT2;TBKBP1;TYK2;IKBKE
GO_Biological_Process_2023,Response To cAMP (GO:0051591),6/38,0.4986376124322756,0.9999960968655396,0,0,1.0821319538670284,0.7530293034599727,KCNE1;STAT1;DGKQ;AQP9;AHR;SLC26A6
GO_Biological_Process_2023,Response To Peptide (GO:1901652),6/38,0.4986376124322756,0.9999960968655396,0,0,1.0821319538670284,0.7530293034599727,EIF2B4;MMP13;IRS1;STAT1;STAT2;EIF2B1
GO_Biological_Process_2023,Cell Part Morphogenesis (GO:0032990),2/11,0.4990299543547465,0.9999960968655396,0,0,1.282520325203252,0.8914659707385569,SUPV3L1;PNPT1
GO_Biological_Process_2023,Cellular Response To Acetylcholine (GO:1905145),2/11,0.4990299543547465,0.9999960968655396,0,0,1.282520325203252,0.8914659707385569,LY6G6D;LY6G6E
GO_Biological_Process_2023,Cellular Response To Fluid Shear Stress (GO:0071498),2/11,0.4990299543547465,0.9999960968655396,0,0,1.282520325203252,0.8914659707385569,HDAC3;MTSS1
GO_Biological_Process_2023,Cellular Response To Growth Hormone Stimulus (GO:0071378),2/11,0.4990299543547465,0.9999960968655396,0,0,1.282520325203252,0.8914659707385569,GHR;SOCS2
GO_Biological_Process_2023,Cellular Response To Thyroid Hormone Stimulus (GO:0097067),2/11,0.4990299543547465,0.9999960968655396,0,0,1.282520325203252,0.8914659707385569,THRB;RDX
GO_Biological_Process_2023,Cytidine To Uridine Editing (GO:0016554),2/11,0.4990299543547465,0.9999960968655396,0,0,1.282520325203252,0.8914659707385569,RBM47;AICDA
GO_Biological_Process_2023,Digestive System Development (GO:0055123),2/11,0.4990299543547465,0.9999960968655396,0,0,1.282520325203252,0.8914659707385569,KIT;COBL
GO_Biological_Process_2023,Dosage Compensation By Inactivation Of X Chromosome (GO:0009048),2/11,0.4990299543547465,0.9999960968655396,0,0,1.282520325203252,0.8914659707385569,METTL3;PCGF3
GO_Biological_Process_2023,Endosomal Lumen Acidification (GO:0048388),2/11,0.4990299543547465,0.9999960968655396,0,0,1.282520325203252,0.8914659707385569,ATP6V1H;CLCN3
GO_Biological_Process_2023,Fatty Acid Beta-Oxidation Using acyl-CoA Oxidase (GO:0033540),2/11,0.4990299543547465,0.9999960968655396,0,0,1.282520325203252,0.8914659707385569,AMACR;ACOX3
GO_Biological_Process_2023,Heterocycle Biosynthetic Process (GO:0018130),2/11,0.4990299543547465,0.9999960968655396,0,0,1.282520325203252,0.8914659707385569,MOCS2;PYCR2
GO_Biological_Process_2023,Histone H2A Ubiquitination (GO:0033522),2/11,0.4990299543547465,0.9999960968655396,0,0,1.282520325203252,0.8914659707385569,RAD51;UBR2
GO_Biological_Process_2023,Inner Ear Receptor Cell Stereocilium Organization (GO:0060122),2/11,0.4990299543547465,0.9999960968655396,0,0,1.282520325203252,0.8914659707385569,TSKU;PLS1
GO_Biological_Process_2023,Intracellular Copper Ion Homeostasis (GO:0006878),2/11,0.4990299543547465,0.9999960968655396,0,0,1.282520325203252,0.8914659707385569,ANKRD9;ATP7B
GO_Biological_Process_2023,Intrinsic Apoptotic Signaling Pathway In Response To Oxidative Stress (GO:0008631),2/11,0.4990299543547465,0.9999960968655396,0,0,1.282520325203252,0.8914659707385569,PRODH;PDK1
GO_Biological_Process_2023,Lipoprotein Transport (GO:0042953),2/11,0.4990299543547465,0.9999960968655396,0,0,1.282520325203252,0.8914659707385569,PPARG;CD36
GO_Biological_Process_2023,Mitochondrion Distribution (GO:0048311),2/11,0.4990299543547465,0.9999960968655396,0,0,1.282520325203252,0.8914659707385569,ARMC1;MSTO1
GO_Biological_Process_2023,Negative Regulation Of Amyloid Fibril Formation (GO:1905907),2/11,0.4990299543547465,0.9999960968655396,0,0,1.282520325203252,0.8914659707385569,PFDN4;CRYAB
GO_Biological_Process_2023,Negative Regulation Of calcineurin-NFAT Signaling Cascade (GO:0070885),2/11,0.4990299543547465,0.9999960968655396,0,0,1.282520325203252,0.8914659707385569,HOMER2;MYOZ2
GO_Biological_Process_2023,Negative Regulation Of Calcineurin-Mediated Signaling (GO:0106057),2/11,0.4990299543547465,0.9999960968655396,0,0,1.282520325203252,0.8914659707385569,HOMER2;MYOZ2
GO_Biological_Process_2023,Negative Regulation Of Leukocyte Apoptotic Process (GO:2000107),2/11,0.4990299543547465,0.9999960968655396,0,0,1.282520325203252,0.8914659707385569,CXCL12;GAS6
GO_Biological_Process_2023,Negative Regulation Of Vascular Permeability (GO:0043116),2/11,0.4990299543547465,0.9999960968655396,0,0,1.282520325203252,0.8914659707385569,RAMP2;DDAH1
GO_Biological_Process_2023,Negative Regulation Of Voltage-Gated Potassium Channel Activity (GO:1903817),2/11,0.4990299543547465,0.9999960968655396,0,0,1.282520325203252,0.8914659707385569,KCNE1;KCNE3
GO_Biological_Process_2023,Neurotransmitter Biosynthetic Process (GO:0042136),2/11,0.4990299543547465,0.9999960968655396,0,0,1.282520325203252,0.8914659707385569,SLC5A7;PAH
GO_Biological_Process_2023,Nucleoside Phosphate Catabolic Process (GO:1901292),2/11,0.4990299543547465,0.9999960968655396,0,0,1.282520325203252,0.8914659707385569,ENTPD8;NUDT15
GO_Biological_Process_2023,Organic Cyclic Compound Catabolic Process (GO:1901361),2/11,0.4990299543547465,0.9999960968655396,0,0,1.282520325203252,0.8914659707385569,CYP1A2;PRODH
GO_Biological_Process_2023,Pentose-Phosphate Shunt (GO:0006098),2/11,0.4990299543547465,0.9999960968655396,0,0,1.282520325203252,0.8914659707385569,RPE;SHPK
GO_Biological_Process_2023,Podocyte Differentiation (GO:0072112),2/11,0.4990299543547465,0.9999960968655396,0,0,1.282520325203252,0.8914659707385569,PROM1;KLF15
GO_Biological_Process_2023,Positive Regulation Of Behavior (GO:0048520),2/11,0.4990299543547465,0.9999960968655396,0,0,1.282520325203252,0.8914659707385569,CFAP20;STRA6
GO_Biological_Process_2023,Positive Regulation Of Cytoplasmic Transport (GO:1903651),2/11,0.4990299543547465,0.9999960968655396,0,0,1.282520325203252,0.8914659707385569,RDX;NF2
GO_Biological_Process_2023,Positive Regulation Of Myelination (GO:0031643),2/11,0.4990299543547465,0.9999960968655396,0,0,1.282520325203252,0.8914659707385569,DICER1;TPPP
GO_Biological_Process_2023,Positive Regulation Of Protein Maturation (GO:1903319),2/11,0.4990299543547465,0.9999960968655396,0,0,1.282520325203252,0.8914659707385569,ANGPTL8;SOX4
GO_Biological_Process_2023,Positive Regulation Of Protein Polyubiquitination (GO:1902916),2/11,0.4990299543547465,0.9999960968655396,0,0,1.282520325203252,0.8914659707385569,XIAP;SPSB4
GO_Biological_Process_2023,Protein Localization To Kinetochore (GO:0034501),2/11,0.4990299543547465,0.9999960968655396,0,0,1.282520325203252,0.8914659707385569,CDK1;BUB3
GO_Biological_Process_2023,Protein Polyglutamylation (GO:0018095),2/11,0.4990299543547465,0.9999960968655396,0,0,1.282520325203252,0.8914659707385569,TTLL1;CFAP20
GO_Biological_Process_2023,Regulation Of RNA Export From Nucleus (GO:0046831),2/11,0.4990299543547465,0.9999960968655396,0,0,1.282520325203252,0.8914659707385569,KHDRBS1;NCBP2
GO_Biological_Process_2023,Regulation Of mRNA 3'-End Processing (GO:0031440),2/11,0.4990299543547465,0.9999960968655396,0,0,1.282520325203252,0.8914659707385569,NCBP2;LEO1
GO_Biological_Process_2023,Regulation Of Mesenchymal Cell Proliferation (GO:0010464),2/11,0.4990299543547465,0.9999960968655396,0,0,1.282520325203252,0.8914659707385569,STAT1;WNT5A
GO_Biological_Process_2023,Regulation Of Microtubule-Based Movement (GO:0060632),2/11,0.4990299543547465,0.9999960968655396,0,0,1.282520325203252,0.8914659707385569,TTC21B;NEFH
GO_Biological_Process_2023,Regulation Of Mitochondrial Fusion (GO:0010635),2/11,0.4990299543547465,0.9999960968655396,0,0,1.282520325203252,0.8914659707385569,OMA1;PLD6
GO_Biological_Process_2023,Regulation Of Muscle System Process (GO:0090257),2/11,0.4990299543547465,0.9999960968655396,0,0,1.282520325203252,0.8914659707385569,TNNC1;TNNC2
GO_Biological_Process_2023,Regulation Of Phospholipase C Activity (GO:1900274),2/11,0.4990299543547465,0.9999960968655396,0,0,1.282520325203252,0.8914659707385569,KIT;ESR1
GO_Biological_Process_2023,Regulation Of Protein Exit From Endoplasmic Reticulum (GO:0070861),2/11,0.4990299543547465,0.9999960968655396,0,0,1.282520325203252,0.8914659707385569,INSIG1;SLC51B
GO_Biological_Process_2023,Regulation Of Type II Interferon-Mediated Signaling Pathway (GO:0060334),2/11,0.4990299543547465,0.9999960968655396,0,0,1.282520325203252,0.8914659707385569,PPARG;PARP9
GO_Biological_Process_2023,Regulation Of Ventricular Cardiac Muscle Cell Action Potential (GO:0098911),2/11,0.4990299543547465,0.9999960968655396,0,0,1.282520325203252,0.8914659707385569,DSG2;DSC2
GO_Biological_Process_2023,mRNA Processing (GO:0006397),32/214,0.4994054538673023,0.9999960968655396,0,0,1.0147497950372697,0.7045783085035388,ZCCHC8;RAMAC;DBR1;SRSF1;WDR83;PRPF8;METTL14;SNRPD3;SNRNP35;RBM10;HEXIM1;SF3A3;PPIL1;NCBP2;METTL3;CRNKL1;LSM3;LSM2;HNRNPM;MBLAC1;LSM7;SFPQ;LSM6;HNRNPF;PRPF3;CWF19L1;FRG1;GEMIN6;PPIH;SNRNP200;SRSF6;PPIL3
GO_Biological_Process_2023,Negative Regulation Of Cell Adhesion (GO:0007162),11/72,0.5021484755579,0.9999960968655396,0,0,1.0407301571386396,0.7169167880105969,PLXND1;ERBB3;FZD4;FZD7;PDE3B;DACT2;PLXNB2;SNAI2;PLXNB1;NF2;PLXNA3
GO_Biological_Process_2023,Plasma Membrane Organization (GO:0007009),11/72,0.5021484755579,0.9999960968655396,0,0,1.0407301571386396,0.7169167880105969,SLC9A3R1;ABCD2;RAB3A;PLSCR2;CAVIN2;OSBPL2;PACSIN3;TLCD2;TLCD1;ABCD1;SYTL4
GO_Biological_Process_2023,Response To Ionizing Radiation (GO:0010212),11/72,0.5021484755579,0.9999960968655396,0,0,1.0407301571386396,0.7169167880105969,H2AX;RAD51;BRAT1;FIGNL1;INTS3;TNKS1BP1;HUS1;LIG4;NABP1;ECT2;MEN1
GO_Biological_Process_2023,Organic Hydroxy Compound Transport (GO:0015850),7/45,0.5045328585964619,0.9999960968655396,0,0,1.0631328916114515,0.7273129299604746,SLC22A3;ABCG5;SLC44A1;SLCO2B1;SLC22A1;SLC51B;STRA6
GO_Biological_Process_2023,Regulation Of Protein Modification Process (GO:0031399),7/45,0.5045328585964619,0.9999960968655396,0,0,1.0631328916114515,0.7273129299604746,HPF1;STAT2;FN1;PLXNB2;ROPN1L;PPIB;FNIP2
GO_Biological_Process_2023,Regulation Of Telomerase Activity (GO:0051972),7/45,0.5045328585964619,0.9999960968655396,0,0,1.0631328916114515,0.7273129299604746,NVL;XRCC5;PINX1;AURKB;MAP3K4;MEN1;WRAP53
GO_Biological_Process_2023,Organic Substance Transport (GO:0071702),30/201,0.5057429843039164,0.9999960968655396,0,0,1.0124919000647994,0.6902427363905204,RD3;SLC22A3;RAMP2;SLC47A1;CHRNA4;AQP9;SLC22A1;AQP7;HIKESHI;ATP2A1;CACNG6;SLCO2B1;CCR5;ABCD1;RILP;SLC17A3;NDC1;ABCA2;ARRDC3;SPNS2;CMTM6;NME4;MFSD12;DISP1;RUFY1;CENPF;AQP11;SLC29A1;SLC22A7;SLC29A2
GO_Biological_Process_2023,Protein Import Into Nucleus (GO:0006606),12/79,0.5063808672244153,0.9999960968655396,0,0,1.0336556510445731,0.7033677234737058,RPAIN;NUP133;NUP155;NUP85;RANBP17;KPNA6;NUP35;RANGRF;HIKESHI;KPNA2;RANBP6;SPRN
GO_Biological_Process_2023,3'-UTR-mediated mRNA Stabilization (GO:0070935),3/18,0.5092786384406618,0.9999960968655396,0,0,1.1542527956624873,0.7788436036472709,RBM47;TARDBP;TIRAP
GO_Biological_Process_2023,T-helper Cell Differentiation (GO:0042093),3/18,0.5092786384406618,0.9999960968655396,0,0,1.1542527956624873,0.7788436036472709,TMEM98;RORC;MEN1
GO_Biological_Process_2023,Branching Involved In Ureteric Bud Morphogenesis (GO:0001658),3/18,0.5092786384406618,0.9999960968655396,0,0,1.1542527956624873,0.7788436036472709,SHH;SALL1;TCF21
GO_Biological_Process_2023,Cardiac Muscle Cell Contraction (GO:0086003),3/18,0.5092786384406618,0.9999960968655396,0,0,1.1542527956624873,0.7788436036472709,KCNE1;SCN4B;SCN2B
GO_Biological_Process_2023,Cell Junction Maintenance (GO:0034331),3/18,0.5092786384406618,0.9999960968655396,0,0,1.1542527956624873,0.7788436036472709,CLDN3;PRTN3;CLDN1
GO_Biological_Process_2023,Detection Of Mechanical Stimulus (GO:0050982),3/18,0.5092786384406618,0.9999960968655396,0,0,1.1542527956624873,0.7788436036472709,CSRP3;PKD2L1;PKD2L2
GO_Biological_Process_2023,Endothelial Cell Proliferation (GO:0001935),3/18,0.5092786384406618,0.9999960968655396,0,0,1.1542527956624873,0.7788436036472709,NRARP;PROK1;THAP1
GO_Biological_Process_2023,Energy Reserve Metabolic Process (GO:0006112),3/18,0.5092786384406618,0.9999960968655396,0,0,1.1542527956624873,0.7788436036472709,ADRB3;PPP1R3C;PYGL
GO_Biological_Process_2023,Epithelial Cell Development (GO:0002064),3/18,0.5092786384406618,0.9999960968655396,0,0,1.1542527956624873,0.7788436036472709,CLDN3;WNT5B;DACT2
GO_Biological_Process_2023,Glucose 6-Phosphate Metabolic Process (GO:0051156),3/18,0.5092786384406618,0.9999960968655396,0,0,1.1542527956624873,0.7788436036472709,RPE;SHPK;GCK
GO_Biological_Process_2023,Icosanoid Biosynthetic Process (GO:0046456),3/18,0.5092786384406618,0.9999960968655396,0,0,1.1542527956624873,0.7788436036472709,MGST3;LTC4S;FADS1
GO_Biological_Process_2023,Intracellular Lipid Transport (GO:0032365),3/18,0.5092786384406618,0.9999960968655396,0,0,1.1542527956624873,0.7788436036472709,ABCD2;FABP3;CERT1
GO_Biological_Process_2023,Mitochondrial Fusion (GO:0008053),3/18,0.5092786384406618,0.9999960968655396,0,0,1.1542527956624873,0.7788436036472709,MFN2;MIEF2;PLD6
GO_Biological_Process_2023,Negative Regulation Of Lipid Storage (GO:0010888),3/18,0.5092786384406618,0.9999960968655396,0,0,1.1542527956624873,0.7788436036472709,CRP;PPARG;ABCG1
GO_Biological_Process_2023,Positive Regulation Of Cyclin-Dependent Protein Kinase Activity (GO:1904031),3/18,0.5092786384406618,0.9999960968655396,0,0,1.1542527956624873,0.7788436036472709,PSRC1;CCND1;PROX1
GO_Biological_Process_2023,Positive Regulation Of Establishment Of Protein Localization (GO:1904951),3/18,0.5092786384406618,0.9999960968655396,0,0,1.1542527956624873,0.7788436036472709,PTP4A3;CENPJ;WRAP53
GO_Biological_Process_2023,Positive Regulation Of Glycolytic Process (GO:0045821),3/18,0.5092786384406618,0.9999960968655396,0,0,1.1542527956624873,0.7788436036472709,MLXIPL;GAPDHS;MLST8
GO_Biological_Process_2023,Positive Regulation Of Neutrophil Chemotaxis (GO:0090023),3/18,0.5092786384406618,0.9999960968655396,0,0,1.1542527956624873,0.7788436036472709,MOSPD2;XCL1;TIRAP
GO_Biological_Process_2023,Protein Autoprocessing (GO:0016540),3/18,0.5092786384406618,0.9999960968655396,0,0,1.1542527956624873,0.7788436036472709,PIDD1;PCSK9;OMA1
GO_Biological_Process_2023,Protein Import Into Mitochondrial Matrix (GO:0030150),3/18,0.5092786384406618,0.9999960968655396,0,0,1.1542527956624873,0.7788436036472709,TIMM44;TIMM21;TOMM40L
GO_Biological_Process_2023,"Protein Localization To Chromosome, Centromeric Region (GO:0071459)",3/18,0.5092786384406618,0.9999960968655396,0,0,1.1542527956624873,0.7788436036472709,CDK1;BUB3;HASPIN
GO_Biological_Process_2023,Regulation Of Establishment Or Maintenance Of Cell Polarity (GO:0032878),3/18,0.5092786384406618,0.9999960968655396,0,0,1.1542527956624873,0.7788436036472709,PLEKHG3;KANK1;KIF20B
GO_Biological_Process_2023,Regulation Of Mitochondrial Membrane Permeability (GO:0046902),3/18,0.5092786384406618,0.9999960968655396,0,0,1.1542527956624873,0.7788436036472709,TMEM102;PPIF;SLC25A31
GO_Biological_Process_2023,Regulation Of Ventricular Cardiac Muscle Cell Membrane Repolarization (GO:0060307),3/18,0.5092786384406618,0.9999960968655396,0,0,1.1542527956624873,0.7788436036472709,KCNE1;KCNE3;SCN4B
GO_Biological_Process_2023,Renal Absorption (GO:0070293),3/18,0.5092786384406618,0.9999960968655396,0,0,1.1542527956624873,0.7788436036472709,SLC9A3R1;CLCNKA;MAGED2
GO_Biological_Process_2023,Ureteric Bud Development (GO:0001657),3/18,0.5092786384406618,0.9999960968655396,0,0,1.1542527956624873,0.7788436036472709,SALL1;FOXJ1;TCF21
GO_Biological_Process_2023,Ureteric Bud Morphogenesis (GO:0060675),3/18,0.5092786384406618,0.9999960968655396,0,0,1.1542527956624873,0.7788436036472709,SHH;SALL1;TCF21
GO_Biological_Process_2023,Cell Cycle G1/S Phase Transition (GO:0044843),8/52,0.5095857796203037,0.9999960968655396,0,0,1.0493118558291674,0.7074010168372078,CCNA2;KHDRBS1;CCND1;CCNE2;CDK4;CDK2;CACUL1;CDKN3
GO_Biological_Process_2023,Neurotransmitter Transport (GO:0006836),8/52,0.5095857796203037,0.9999960968655396,0,0,1.0493118558291674,0.7074010168372078,SLC5A7;SLC22A3;PDZD11;SLC22A1;SLC1A2;LIN7A;SLC29A1;SLC29A2
GO_Biological_Process_2023,Glucose Metabolic Process (GO:0006006),9/59,0.5140317997944481,0.9999960968655396,0,0,1.038804753820034,0.6912935534093116,SLC25A1;PER2;PFKFB1;BRAT1;SORD;GALM;OMA1;GCK;GDPGP1
GO_Biological_Process_2023,Protein Targeting To Mitochondrion (GO:0006626),9/59,0.5140317997944481,0.9999960968655396,0,0,1.038804753820034,0.6912935534093116,TIMM29;AIFM1;TIMM9;MFN2;TIMM44;TIMM21;TOMM40L;TOMM5;HSPD1
GO_Biological_Process_2023,Activation Of Protein Kinase B Activity (GO:0032148),4/25,0.5159461503018904,0.9999960968655396,0,0,1.099273607748184,0.7274474745453566,WNT5A;IL18;GAS6;ADRA2B
GO_Biological_Process_2023,Negative Regulation Of Intrinsic Apoptotic Signaling Pathway In Response To DNA Damage (GO:1902230),4/25,0.5159461503018904,0.9999960968655396,0,0,1.099273607748184,0.7274474745453566,CXCL12;DDIAS;SNAI2;TRIM32
GO_Biological_Process_2023,Negative Regulation Of Lipid Biosynthetic Process (GO:0051055),4/25,0.5159461503018904,0.9999960968655396,0,0,1.099273607748184,0.7274474745453566,KLHL25;PRMT3;ERLIN1;ERLIN2
GO_Biological_Process_2023,Positive Regulation Of T Cell Migration (GO:2000406),4/25,0.5159461503018904,0.9999960968655396,0,0,1.099273607748184,0.7274474745453566,TMEM102;CXCL12;WNT5A;XCL1
GO_Biological_Process_2023,Regulation Of Hippo Signaling (GO:0035330),4/25,0.5159461503018904,0.9999960968655396,0,0,1.099273607748184,0.7274474745453566,NUAK2;WWC1;ARRDC3;NF2
GO_Biological_Process_2023,Regulation Of Intracellular Estrogen Receptor Signaling Pathway (GO:0033146),4/25,0.5159461503018904,0.9999960968655396,0,0,1.099273607748184,0.7274474745453566,FOXA1;KANK2;UFL1;UBA5
GO_Biological_Process_2023,Regulation Of Keratinocyte Proliferation (GO:0010837),4/25,0.5159461503018904,0.9999960968655396,0,0,1.099273607748184,0.7274474745453566,TGM1;EPB41L4B;SNAI2;SRSF6
GO_Biological_Process_2023,Regulation Of Myelination (GO:0031641),4/25,0.5159461503018904,0.9999960968655396,0,0,1.099273607748184,0.7274474745453566,TMEM98;LGI4;TPPP;DICER1
GO_Biological_Process_2023,Vesicle Cargo Loading (GO:0035459),4/25,0.5159461503018904,0.9999960968655396,0,0,1.099273607748184,0.7274474745453566,SEC23B;SEC24C;SEC31B;SEC31A
GO_Biological_Process_2023,Response To Reactive Oxygen Species (GO:0000302),10/66,0.5180197627772002,0.9999960968655396,0,0,1.0305463897515528,0.6778335253573494,PRDX3;ERCC6L2;TXNRD2;MPV17L;CAT;PEX10;MPV17;PEX12;PDK2;CAMKK2
GO_Biological_Process_2023,'De Novo' Post-Translational Protein Folding (GO:0051084),5/32,0.5210826476280342,0.9999960968655396,0,0,1.0687238611958856,0.6966440335626277,SDF2L1;HSPA2;HSPA13;UGGT1;HSPA1B
GO_Biological_Process_2023,Mitochondrial Membrane Organization (GO:0007006),5/32,0.5210826476280342,0.9999960968655396,0,0,1.0687238611958856,0.6966440335626277,APOOL;PPIF;MFN2;SLC25A31;CIBAR1
GO_Biological_Process_2023,Negative Regulation Of Osteoblast Differentiation (GO:0045668),5/32,0.5210826476280342,0.9999960968655396,0,0,1.0687238611958856,0.6966440335626277,PTCH1;NBR1;PPARG;TMEM53;MEN1
GO_Biological_Process_2023,Phosphatidylinositol 3-Kinase Signaling (GO:0014065),5/32,0.5210826476280342,0.9999960968655396,0,0,1.0687238611958856,0.6966440335626277,ERBB3;IRS1;CD160;ERBB2;PIK3C2B
GO_Biological_Process_2023,Regulation Of Cholesterol Efflux (GO:0010874),5/32,0.5210826476280342,0.9999960968655396,0,0,1.0687238611958856,0.6966440335626277,ABCA2;SHH;PTCH1;PON1;PPARG
GO_Biological_Process_2023,Regulation Of Transmembrane Transport (GO:0034762),5/32,0.5210826476280342,0.9999960968655396,0,0,1.0687238611958856,0.6966440335626277,OCLN;KCNJ10;NEDD4;KCNJ15;KCNJ16
GO_Biological_Process_2023,Cellular Response To Reactive Oxygen Species (GO:0034614),11/73,0.5216495415755813,0.9999960968655396,0,0,1.0238839016583912,0.6663019638195583,PRDX3;ERCC6L2;MPV17L;PPIF;PEX10;MPV17;ECT2;PEX12;PDK2;ANKZF1;CAMKK2
GO_Biological_Process_2023,Protein Tetramerization (GO:0051262),11/73,0.5216495415755813,0.9999960968655396,0,0,1.0238839016583912,0.6663019638195583,SHMT2;SHMT1;OSBPL2;APIP;CBY1;ME1;ACOT13;PKD2L1;TK1;SSBP1;ACACB
GO_Biological_Process_2023,Heterochromatin Organization (GO:0070828),6/39,0.5253628310904744,0.9999960968655396,0,0,1.0492784013815222,0.6753849870653232,HDAC2;PCID2;SETDB1;UHRF1;UBR2;LMNB2
GO_Biological_Process_2023,Internal Peptidyl-Lysine Acetylation (GO:0018393),6/39,0.5253628310904744,0.9999960968655396,0,0,1.0492784013815222,0.6753849870653232,TAF12;RUVBL2;RUVBL1;TADA3;DMAP1;KAT14
GO_Biological_Process_2023,Negative Regulation Of Mitochondrion Organization (GO:0010823),6/39,0.5253628310904744,0.9999960968655396,0,0,1.0492784013815222,0.6753849870653232,MPV17L;PPIF;PPARG;OMA1;SLC25A31;TMEM14A
GO_Biological_Process_2023,Positive Regulation Of Cytokinesis (GO:0032467),6/39,0.5253628310904744,0.9999960968655396,0,0,1.0492784013815222,0.6753849870653232,MAP10;RACGAP1;CDCA8;BIRC5;ECT2;KIF20B
GO_Biological_Process_2023,Regulation Of Fibroblast Proliferation (GO:0048145),7/46,0.5290897163679269,0.9999960968655396,0,0,1.035812168828796,0.6593951940874729,CDK4;WNT5A;FN1;LIG4;GAS6;B4GALT7;TRIM32
GO_Biological_Process_2023,Regulation Of Nervous System Development (GO:0051960),7/46,0.5290897163679269,0.9999960968655396,0,0,1.035812168828796,0.6593951940874729,HES7;PER2;HES6;HEY1;LGI4;DLL1;ELAPOR2
GO_Biological_Process_2023,Mitochondrial Transport (GO:0006839),8/53,0.5324257276171116,0.9999960968655396,0,0,1.0259334691106583,0.6466580431849394,SLC25A16;TIMM9;PPIF;MFN2;TIMM44;SLC25A31;BCS1L;TOMM5
GO_Biological_Process_2023,"Regulation Of Alternative mRNA Splicing, Via Spliceosome (GO:0000381)",8/53,0.5324257276171116,0.9999960968655396,0,0,1.0259334691106583,0.6466580431849394,DDX17;KHDRBS1;RBM47;RBFOX2;KHDRBS3;CELF6;SRSF6;RBM24
GO_Biological_Process_2023,Regulation Of Cyclin-Dependent Protein Kinase Activity (GO:1904029),8/53,0.5324257276171116,0.9999960968655396,0,0,1.0259334691106583,0.6466580431849394,CCNA2;CCNB1;CDK7;CDKN2C;CCND1;CCNE2;CCNH;CDKN3
GO_Biological_Process_2023,Regulation Of Proteasomal Protein Catabolic Process (GO:0061136),8/53,0.5324257276171116,0.9999960968655396,0,0,1.0259334691106583,0.6466580431849394,UFL1;XPO1;LAMP3;PSME1;PSME2;NUDT15;UBQLN4;PSME3IP1
GO_Biological_Process_2023,Ubiquitin-Dependent Protein Catabolic Process (GO:0006511),54/367,0.535102557806417,0.9999960968655396,0,0,0.9954632587859424,0.6224600436163437,UBXN2B;RNF13;RNF14;UBE2D1;FBXO21;FBXO22;ANKRD9;RNF150;SKP2;FBXO9;APC2;RNF43;DTX3L;UBE4A;KCTD2;AXIN2;KLHL42;TOM1L1;RNF144B;RNF167;PSMA4;WDR81;KCTD13;NHLRC1;UHRF1;RHOBTB3;RNF6;RNF5;ATXN3;RMND5A;KCTD21;UBD;UBQLN4;XBP1;KLHL25;FEM1A;UBE2C;RNF25;WWP1;PEX10;PEX12;CHFR;KLHL20;SPSB2;UBXN11;NEDD4;GID8;MKRN2;KBTBD7;RNF186;ASB2;FBXL4;TRIM32;SPSB4
GO_Biological_Process_2023,Histone Acetylation (GO:0016573),9/60,0.5354684826585164,0.9999960968655396,0,0,1.0183761110556278,0.6360912091284475,TADA2B;TAF12;TMEM98;RUVBL2;RUVBL1;TADA3;DMAP1;SUPT7L;KAT14
GO_Biological_Process_2023,Response To Light Stimulus (GO:0009416),9/60,0.5354684826585164,0.9999960968655396,0,0,1.0183761110556278,0.6360912091284475,MSH6;OPN1SW;POLD1;PCLAF;SIRT6;TRIM32;ELANE;MAP4K3;MEN1
GO_Biological_Process_2023,Response To Retinoic Acid (GO:0032526),9/60,0.5354684826585164,0.9999960968655396,0,0,1.0183761110556278,0.6360912091284475,WNT5B;FZD4;FZD7;WNT5A;HSD17B2;WNT9B;PTK6;OVCA2;RXRG
GO_Biological_Process_2023,Negative Regulation Of DNA-binding Transcription Factor Activity (GO:0043433),22/149,0.5361775799504985,0.9999960968655396,0,0,0.99960791053915,0.6230454815153454,LRRC14;HES6;HDAC2;PRMT2;PTCH1;ANXA4;CEBPG;FOXJ1;PROX1;COMMD6;ESR1;NR0B2;SIGIRR;UFL1;DAP;TFDP1;XCL1;TRIM37;GAS6;TRIM21;MEN1;FOXA2
GO_Biological_Process_2023,Positive Regulation Of DNA Metabolic Process (GO:0051054),16/108,0.5363326369883957,0.9999960968655396,0,0,1.003581259064137,0.6252318459741727,BCAR3;H2AX;GINS2;TIGAR;CEBPG;SIRT6;ZCWPW1;WRN;RAD50;RAD51;RUVBL2;RUVBL1;APLF;TERF2IP;DNA2;WRAP53
GO_Biological_Process_2023,Regulation Of Viral Genome Replication (GO:0045069),10/67,0.5382815331918552,0.9999960968655396,0,0,1.0124070366132722,0.6270581502299456,BST2;MAVS;GBP7;NR5A2;STAU1;PPIH;TMEM39A;PROX1;HACD3;PPID
GO_Biological_Process_2023,Endoplasmic Reticulum To Golgi Vesicle-Mediated Transport (GO:0006888),17/115,0.5387979591066094,0.9999960968655396,0,0,1.0010075531744873,0.619037707918601,TRAPPC2;STX17;PEF1;YIF1B;LMAN1;TFG;TRAPPC12;TMED3;RANGRF;YIPF7;HYOU1;GOPC;TRAPPC13;ERGIC2;SEC22A;SEC24C;SEC31A
GO_Biological_Process_2023,Import Into Nucleus (GO:0051170),11/74,0.5409087623438935,0.9999960968655396,0,0,1.0075724479394204,0.6191579652239475,RPAIN;NUP133;NUP155;NUP85;RANBP17;KPNA6;RANGRF;HIKESHI;KPNA2;RANBP6;SPRN
GO_Biological_Process_2023,Regulation Of Cell Cycle G1/S Phase Transition (GO:1902806),11/74,0.5409087623438935,0.9999960968655396,0,0,1.0075724479394204,0.6191579652239475,SMARCD2;CDK7;SMARCB1;CDKN2C;PLK5;BCL7A;CCNH;PSME1;DPF3;PSME2;SMARCA2
GO_Biological_Process_2023,COPII Vesicle Coating (GO:0048208),3/19,0.54751944290722,0.9999960968655396,0,0,1.0820484581497798,0.6517797939558034,TRAPPC2;PEF1;TRAPPC12
GO_Biological_Process_2023,Atrioventricular Valve Morphogenesis (GO:0003181),3/19,0.54751944290722,0.9999960968655396,0,0,1.0820484581497798,0.6517797939558034,HEY1;AXIN2;SOX4
GO_Biological_Process_2023,Calcium-Independent Cell-Cell Adhesion Via Plasma Membrane Cell-Adhesion Molecules (GO:0016338),3/19,0.54751944290722,0.9999960968655396,0,0,1.0820484581497798,0.6517797939558034,CLDN8;CLDN12;CLDN2
GO_Biological_Process_2023,Cardiac Epithelial To Mesenchymal Transition (GO:0060317),3/19,0.54751944290722,0.9999960968655396,0,0,1.0820484581497798,0.6517797939558034,HEY1;SNAI2;TBX3
GO_Biological_Process_2023,Cellular Response To Misfolded Protein (GO:0071218),3/19,0.54751944290722,0.9999960968655396,0,0,1.0820484581497798,0.6517797939558034,ATXN3;RNF5;UGGT1
GO_Biological_Process_2023,Cyclic Nucleotide Biosynthetic Process (GO:0009190),3/19,0.54751944290722,0.9999960968655396,0,0,1.0820484581497798,0.6517797939558034,GUCY2D;ADCY9;NPR2
GO_Biological_Process_2023,Dopamine Metabolic Process (GO:0042417),3/19,0.54751944290722,0.9999960968655396,0,0,1.0820484581497798,0.6517797939558034,MAOB;MAOA;COMT
GO_Biological_Process_2023,Establishment Of Epithelial Cell Polarity (GO:0090162),3/19,0.54751944290722,0.9999960968655396,0,0,1.0820484581497798,0.6517797939558034,SLC9A3R1;RAP2A;SYNE4
GO_Biological_Process_2023,Immunoglobulin Production Involved In Immunoglobulin-Mediated Immune Response (GO:0002381),3/19,0.54751944290722,0.9999960968655396,0,0,1.0820484581497798,0.6517797939558034,SHLD2;SHLD1;TRAPPC13
GO_Biological_Process_2023,Leukotriene Biosynthetic Process (GO:0019370),3/19,0.54751944290722,0.9999960968655396,0,0,1.0820484581497798,0.6517797939558034,GGT6;MGST3;LTC4S
GO_Biological_Process_2023,Mesoderm Development (GO:0007498),3/19,0.54751944290722,0.9999960968655396,0,0,1.0820484581497798,0.6517797939558034,HES7;GDF11;TBX3
GO_Biological_Process_2023,Mitotic Sister Chromatid Cohesion (GO:0007064),3/19,0.54751944290722,0.9999960968655396,0,0,1.0820484581497798,0.6517797939558034,NPC1;ESCO2;HASPIN
GO_Biological_Process_2023,Negative Regulation Of Axon Extension Involved In Axon Guidance (GO:0048843),3/19,0.54751944290722,0.9999960968655396,0,0,1.0820484581497798,0.6517797939558034,SEMA4A;SEMA6C;SEMA4G
GO_Biological_Process_2023,Neuron Apoptotic Process (GO:0051402),3/19,0.54751944290722,0.9999960968655396,0,0,1.0820484581497798,0.6517797939558034,ERBB3;LIG4;BID
GO_Biological_Process_2023,Positive Regulation Of Alpha-Beta T Cell Activation (GO:0046635),3/19,0.54751944290722,0.9999960968655396,0,0,1.0820484581497798,0.6517797939558034,SHH;HSPH1;IHH
GO_Biological_Process_2023,Purine Ribonucleotide Transport (GO:0015868),3/19,0.54751944290722,0.9999960968655396,0,0,1.0820484581497798,0.6517797939558034,SLC25A17;ABCC6;SLC25A23
GO_Biological_Process_2023,Regulation Of Autophagy Of Mitochondrion (GO:1903146),3/19,0.54751944290722,0.9999960968655396,0,0,1.0820484581497798,0.6517797939558034,SREBF1;HAX1;CAMKK2
GO_Biological_Process_2023,Regulation Of Centriole Replication (GO:0046599),3/19,0.54751944290722,0.9999960968655396,0,0,1.0820484581497798,0.6517797939558034,CENPJ;SASS6;TRIM37
GO_Biological_Process_2023,Regulation Of Protein-Containing Complex Disassembly (GO:0043244),3/19,0.54751944290722,0.9999960968655396,0,0,1.0820484581497798,0.6517797939558034,UPF1;MTRF1;OGFOD1
GO_Biological_Process_2023,tRNA Metabolic Process (GO:0006399),3/19,0.54751944290722,0.9999960968655396,0,0,1.0820484581497798,0.6517797939558034,DARS2;DICER1;YARS2
GO_Biological_Process_2023,"Vesicle Targeting, Rough ER To cis-Golgi (GO:0048207)",3/19,0.54751944290722,0.9999960968655396,0,0,1.0820484581497798,0.6517797939558034,TRAPPC2;PEF1;TRAPPC12
GO_Biological_Process_2023,Water Transport (GO:0006833),3/19,0.54751944290722,0.9999960968655396,0,0,1.0820484581497798,0.6517797939558034,AQP9;AQP7;AQP11
GO_Biological_Process_2023,MyD88-dependent Toll-Like Receptor Signaling Pathway (GO:0002755),2/12,0.5475831382899861,0.9999960968655396,0,0,1.15420054200542,0.6951068632966596,TIRAP;HSPD1
GO_Biological_Process_2023,NADPH Regeneration (GO:0006740),2/12,0.5475831382899861,0.9999960968655396,0,0,1.15420054200542,0.6951068632966596,RPE;SHPK
GO_Biological_Process_2023,Aspartate Family Amino Acid Metabolic Process (GO:0009066),2/12,0.5475831382899861,0.9999960968655396,0,0,1.15420054200542,0.6951068632966596,MTHFD1;NIT2
GO_Biological_Process_2023,Cell Projection Assembly (GO:0030031),2/12,0.5475831382899861,0.9999960968655396,0,0,1.15420054200542,0.6951068632966596,NEFH;MTSS2
GO_Biological_Process_2023,Cell-Cell Junction Maintenance (GO:0045217),2/12,0.5475831382899861,0.9999960968655396,0,0,1.15420054200542,0.6951068632966596,PRTN3;MTSS1
GO_Biological_Process_2023,Eye Photoreceptor Cell Differentiation (GO:0001754),2/12,0.5475831382899861,0.9999960968655396,0,0,1.15420054200542,0.6951068632966596,PROM1;NKD1
GO_Biological_Process_2023,Fatty Acid Elongation (GO:0030497),2/12,0.5475831382899861,0.9999960968655396,0,0,1.15420054200542,0.6951068632966596,ELOVL6;HACD3
GO_Biological_Process_2023,Fatty Acid Transmembrane Transport (GO:1902001),2/12,0.5475831382899861,0.9999960968655396,0,0,1.15420054200542,0.6951068632966596,ABCD2;CD36
GO_Biological_Process_2023,Gamma-Delta T Cell Activation (GO:0046629),2/12,0.5475831382899861,0.9999960968655396,0,0,1.15420054200542,0.6951068632966596,TRGC1;TCF7
GO_Biological_Process_2023,Glucose Import (GO:0046323),2/12,0.5475831382899861,0.9999960968655396,0,0,1.15420054200542,0.6951068632966596,SLC2A2;SLC2A4
GO_Biological_Process_2023,Histone Monoubiquitination (GO:0010390),2/12,0.5475831382899861,0.9999960968655396,0,0,1.15420054200542,0.6951068632966596,RAD51;UHRF1
GO_Biological_Process_2023,Lipoprotein Localization (GO:0044872),2/12,0.5475831382899861,0.9999960968655396,0,0,1.15420054200542,0.6951068632966596,PPARG;CD36
GO_Biological_Process_2023,Microtubule Anchoring At Microtubule Organizing Center (GO:0072393),2/12,0.5475831382899861,0.9999960968655396,0,0,1.15420054200542,0.6951068632966596,CEP19;BICD2
GO_Biological_Process_2023,Mitotic DNA Integrity Checkpoint Signaling (GO:0044774),2/12,0.5475831382899861,0.9999960968655396,0,0,1.15420054200542,0.6951068632966596,HUS1;SETMAR
GO_Biological_Process_2023,Myelination In Peripheral Nervous System (GO:0022011),2/12,0.5475831382899861,0.9999960968655396,0,0,1.15420054200542,0.6951068632966596,LGI4;DICER1
GO_Biological_Process_2023,Negative Regulation By Host Of Viral Transcription (GO:0043922),2/12,0.5475831382899861,0.9999960968655396,0,0,1.15420054200542,0.6951068632966596,TFAP4;TARDBP
GO_Biological_Process_2023,Negative Regulation Of Alcohol Biosynthetic Process (GO:1902931),2/12,0.5475831382899861,0.9999960968655396,0,0,1.15420054200542,0.6951068632966596,ERLIN1;ERLIN2
GO_Biological_Process_2023,Negative Regulation Of Substrate Adhesion-Dependent Cell Spreading (GO:1900025),2/12,0.5475831382899861,0.9999960968655396,0,0,1.15420054200542,0.6951068632966596,KANK1;AP1AR
GO_Biological_Process_2023,Positive Regulation Of T Cell Chemotaxis (GO:0010820),2/12,0.5475831382899861,0.9999960968655396,0,0,1.15420054200542,0.6951068632966596,WNT5A;XCL1
GO_Biological_Process_2023,Positive Regulation Of T-helper 1 Type Immune Response (GO:0002827),2/12,0.5475831382899861,0.9999960968655396,0,0,1.15420054200542,0.6951068632966596,IL18;XCL1
GO_Biological_Process_2023,Positive Regulation Of Integrin-Mediated Signaling Pathway (GO:2001046),2/12,0.5475831382899861,0.9999960968655396,0,0,1.15420054200542,0.6951068632966596,EMP2;LIMS2
GO_Biological_Process_2023,Positive Regulation Of Protein Export From Nucleus (GO:0046827),2/12,0.5475831382899861,0.9999960968655396,0,0,1.15420054200542,0.6951068632966596,SIRT6;GAS6
GO_Biological_Process_2023,Positive Regulation Of Protein Localization To Cell Surface (GO:2000010),2/12,0.5475831382899861,0.9999960968655396,0,0,1.15420054200542,0.6951068632966596,RANGRF;GPD1L
GO_Biological_Process_2023,Positive Regulation Of Vasoconstriction (GO:0045907),2/12,0.5475831382899861,0.9999960968655396,0,0,1.15420054200542,0.6951068632966596,TBXA2R;AVPR1A
GO_Biological_Process_2023,Protein Insertion Into Mitochondrial Inner Membrane (GO:0045039),2/12,0.5475831382899861,0.9999960968655396,0,0,1.15420054200542,0.6951068632966596,TIMM29;TIMM9
GO_Biological_Process_2023,Regulation Of DNA-templated DNA Replication Initiation (GO:0030174),2/12,0.5475831382899861,0.9999960968655396,0,0,1.15420054200542,0.6951068632966596,MCM5;MCM2
GO_Biological_Process_2023,Regulation Of Chemokine (C-X-C Motif) Ligand 2 Production (GO:2000341),2/12,0.5475831382899861,0.9999960968655396,0,0,1.15420054200542,0.6951068632966596,TIRAP;MBL2
GO_Biological_Process_2023,Response To Thyroid Hormone (GO:0097066),2/12,0.5475831382899861,0.9999960968655396,0,0,1.15420054200542,0.6951068632966596,THRB;RDX
GO_Biological_Process_2023,Ribosome Disassembly (GO:0032790),2/12,0.5475831382899861,0.9999960968655396,0,0,1.15420054200542,0.6951068632966596,GFM2;MTIF3
GO_Biological_Process_2023,Secretion (GO:0046903),2/12,0.5475831382899861,0.9999960968655396,0,0,1.15420054200542,0.6951068632966596,PRKCI;GUCA1B
GO_Biological_Process_2023,snRNA Transcription (GO:0009301),2/12,0.5475831382899861,0.9999960968655396,0,0,1.15420054200542,0.6951068632966596,USPL1;ZC3H8
GO_Biological_Process_2023,Spinal Cord Development (GO:0021510),2/12,0.5475831382899861,0.9999960968655396,0,0,1.15420054200542,0.6951068632966596,DLL1;SOX4
GO_Biological_Process_2023,Steroid Catabolic Process (GO:0006706),2/12,0.5475831382899861,0.9999960968655396,0,0,1.15420054200542,0.6951068632966596,CYP1A2;HSD17B6
GO_Biological_Process_2023,Very Long-Chain Fatty Acid Biosynthetic Process (GO:0042761),2/12,0.5475831382899861,0.9999960968655396,0,0,1.15420054200542,0.6951068632966596,ELOVL6;HACD3
GO_Biological_Process_2023,L-amino Acid Transport (GO:0015807),4/26,0.5484978620361349,0.9999960968655396,0,0,1.0492449922958398,0.6301470555583175,SLC36A1;SLC47A1;SLC38A3;SLC38A5
GO_Biological_Process_2023,cAMP-mediated Signaling (GO:0019933),4/26,0.5484978620361349,0.9999960968655396,0,0,1.0492449922958398,0.6301470555583175,GLP1R;DGKQ;AHR;PRSS8
GO_Biological_Process_2023,Cardiac Muscle Cell Development (GO:0055013),4/26,0.5484978620361349,0.9999960968655396,0,0,1.0492449922958398,0.6301470555583175,CSRP3;MYL2;PDLIM5;ASB2
GO_Biological_Process_2023,Establishment Or Maintenance Of Apical/Basal Cell Polarity (GO:0035088),4/26,0.5484978620361349,0.9999960968655396,0,0,1.0492449922958398,0.6301470555583175,PRKCI;DLG3;FOXJ1;CRB3
GO_Biological_Process_2023,miRNA-mediated Gene Silencing (GO:0035195),4/26,0.5484978620361349,0.9999960968655396,0,0,1.0492449922958398,0.6301470555583175,MOV10;NCBP2;CNOT8;AJUBA
GO_Biological_Process_2023,Mitotic G1 DNA Damage Checkpoint Signaling (GO:0031571),4/26,0.5484978620361349,0.9999960968655396,0,0,1.0492449922958398,0.6301470555583175,PIDD1;CCND1;CDK2;CASP2
GO_Biological_Process_2023,Negative Regulation Of Insulin Receptor Signaling Pathway (GO:0046627),4/26,0.5484978620361349,0.9999960968655396,0,0,1.0492449922958398,0.6301470555583175,GRB7;KANK1;IRS1;PIP4K2B
GO_Biological_Process_2023,Positive Regulation Of Adenylate Cyclase Activity (GO:0045762),4/26,0.5484978620361349,0.9999960968655396,0,0,1.0492449922958398,0.6301470555583175,GLP1R;ADRB3;AKAP5;PRSS8
GO_Biological_Process_2023,Positive Regulation Of Microtubule Polymerization Or Depolymerization (GO:0031112),4/26,0.5484978620361349,0.9999960968655396,0,0,1.0492449922958398,0.6301470555583175,OCLN;PSRC1;NUMA1;MET
GO_Biological_Process_2023,Regulation Of Cardiac Muscle Cell Contraction (GO:0086004),4/26,0.5484978620361349,0.9999960968655396,0,0,1.0492449922958398,0.6301470555583175,RANGRF;ATP2A1;DSG2;DSC2
GO_Biological_Process_2023,Regulation Of Reactive Oxygen Species Biosynthetic Process (GO:1903426),4/26,0.5484978620361349,0.9999960968655396,0,0,1.0492449922958398,0.6301470555583175,ABCD2;CCN6;CD36;ABCD1
GO_Biological_Process_2023,Actin Filament Bundle Assembly (GO:0051017),5/33,0.5499014496446173,0.9999960968655396,0,0,1.0304945986532963,0.6162524632601107,PDXP;PLS3;SHROOM1;LIMD2;PLS1
GO_Biological_Process_2023,Actin Filament Bundle Organization (GO:0061572),5/33,0.5499014496446173,0.9999960968655396,0,0,1.0304945986532963,0.6162524632601107,PLS3;SHROOM1;LIMD2;PLS1;RFLNA
GO_Biological_Process_2023,Monoubiquitinated Protein Deubiquitination (GO:0035520),5/33,0.5499014496446173,0.9999960968655396,0,0,1.0304945986532963,0.6162524632601107,TADA2B;TAF12;TMEM98;TADA3;SUPT7L
GO_Biological_Process_2023,Negative Regulation Of Blood Vessel Endothelial Cell Migration (GO:0043537),5/33,0.5499014496446173,0.9999960968655396,0,0,1.0304945986532963,0.6162524632601107,DLL4;CARD10;TBXA2R;GDF2;PPARG
GO_Biological_Process_2023,Positive Regulation Of Notch Signaling Pathway (GO:0045747),5/33,0.5499014496446173,0.9999960968655396,0,0,1.0304945986532963,0.6162524632601107,DLL4;ENHO;PRKCI;TSPAN14;DLL1
GO_Biological_Process_2023,Positive Regulation Of Small Molecule Metabolic Process (GO:0062013),5/33,0.5499014496446173,0.9999960968655396,0,0,1.0304945986532963,0.6162524632601107,MLXIPL;STARD4;IRS1;MLST8;GAPDHS
GO_Biological_Process_2023,Positive Regulation Of Telomerase Activity (GO:0051973),5/33,0.5499014496446173,0.9999960968655396,0,0,1.0304945986532963,0.6162524632601107,NVL;XRCC5;AURKB;MAP3K4;WRAP53
GO_Biological_Process_2023,Protein K63-linked Deubiquitination (GO:0070536),5/33,0.5499014496446173,0.9999960968655396,0,0,1.0304945986532963,0.6162524632601107,OTUB2;ATXN3;SHMT2;STAMBP;MPND
GO_Biological_Process_2023,7-Methylguanosine RNA Capping (GO:0009452),1/5,0.5502973935008272,0.9999960968655396,0,0,1.4427700643413477,0.8617614108101648,RAMAC
GO_Biological_Process_2023,B Cell Chemotaxis (GO:0035754),1/5,0.5502973935008272,0.9999960968655396,0,0,1.4427700643413477,0.8617614108101648,GAS6
GO_Biological_Process_2023,ERBB2-EGFR Signaling Pathway (GO:0038134),1/5,0.5502973935008272,0.9999960968655396,0,0,1.4427700643413477,0.8617614108101648,ERBB2
GO_Biological_Process_2023,L-ascorbic Acid Metabolic Process (GO:0019852),1/5,0.5502973935008272,0.9999960968655396,0,0,1.4427700643413477,0.8617614108101648,RGN
GO_Biological_Process_2023,L-aspartate Import Across Plasma Membrane (GO:0140009),1/5,0.5502973935008272,0.9999960968655396,0,0,1.4427700643413477,0.8617614108101648,SLC1A2
GO_Biological_Process_2023,L-aspartate Transmembrane Transport (GO:0070778),1/5,0.5502973935008272,0.9999960968655396,0,0,1.4427700643413477,0.8617614108101648,SLC1A2
GO_Biological_Process_2023,L-phenylalanine Catabolic Process (GO:0006559),1/5,0.5502973935008272,0.9999960968655396,0,0,1.4427700643413477,0.8617614108101648,QDPR
GO_Biological_Process_2023,L-phenylalanine Metabolic Process (GO:0006558),1/5,0.5502973935008272,0.9999960968655396,0,0,1.4427700643413477,0.8617614108101648,QDPR
GO_Biological_Process_2023,T-helper 1 Cell Differentiation (GO:0045063),1/5,0.5502973935008272,0.9999960968655396,0,0,1.4427700643413477,0.8617614108101648,TMEM98
GO_Biological_Process_2023,T-helper 2 Cell Differentiation (GO:0045064),1/5,0.5502973935008272,0.9999960968655396,0,0,1.4427700643413477,0.8617614108101648,MEN1
GO_Biological_Process_2023,Activation Of Transmembrane Receptor Protein Tyrosine Kinase Activity (GO:0007171),1/5,0.5502973935008272,0.9999960968655396,0,0,1.4427700643413477,0.8617614108101648,PRLR
GO_Biological_Process_2023,Adiponectin-Activated Signaling Pathway (GO:0033211),1/5,0.5502973935008272,0.9999960968655396,0,0,1.4427700643413477,0.8617614108101648,ADIPOR2
GO_Biological_Process_2023,Ammonium Homeostasis (GO:0097272),1/5,0.5502973935008272,0.9999960968655396,0,0,1.4427700643413477,0.8617614108101648,RHBG
GO_Biological_Process_2023,Amylin Receptor Signaling Pathway (GO:0097647),1/5,0.5502973935008272,0.9999960968655396,0,0,1.4427700643413477,0.8617614108101648,RAMP2
GO_Biological_Process_2023,Astrocyte Differentiation (GO:0048708),1/5,0.5502973935008272,0.9999960968655396,0,0,1.4427700643413477,0.8617614108101648,DLL1
GO_Biological_Process_2023,Basic Amino Acid Transport (GO:0015802),1/5,0.5502973935008272,0.9999960968655396,0,0,1.4427700643413477,0.8617614108101648,SLC38A3
GO_Biological_Process_2023,Blood Vessel Endothelial Cell Proliferation Involved In Sprouting Angiogenesis (GO:0002043),1/5,0.5502973935008272,0.9999960968655396,0,0,1.4427700643413477,0.8617614108101648,NRARP
GO_Biological_Process_2023,Bradykinin Catabolic Process (GO:0010815),1/5,0.5502973935008272,0.9999960968655396,0,0,1.4427700643413477,0.8617614108101648,MME
GO_Biological_Process_2023,Cap-Dependent Translational Initiation (GO:0002191),1/5,0.5502973935008272,0.9999960968655396,0,0,1.4427700643413477,0.8617614108101648,NCBP2
GO_Biological_Process_2023,Cellular Heat Acclimation (GO:0070370),1/5,0.5502973935008272,0.9999960968655396,0,0,1.4427700643413477,0.8617614108101648,HSPA1B
GO_Biological_Process_2023,Cellular Response To Granulocyte Macrophage Colony-Stimulating Factor Stimulus (GO:0097011),1/5,0.5502973935008272,0.9999960968655396,0,0,1.4427700643413477,0.8617614108101648,NPR2
GO_Biological_Process_2023,Cellular Response To Lipoteichoic Acid (GO:0071223),1/5,0.5502973935008272,0.9999960968655396,0,0,1.4427700643413477,0.8617614108101648,TIRAP
GO_Biological_Process_2023,Centromeric Sister Chromatid Cohesion (GO:0070601),1/5,0.5502973935008272,0.9999960968655396,0,0,1.4427700643413477,0.8617614108101648,BUB1
GO_Biological_Process_2023,Cerebral Cortex Cell Migration (GO:0021795),1/5,0.5502973935008272,0.9999960968655396,0,0,1.4427700643413477,0.8617614108101648,LHX6
GO_Biological_Process_2023,Cerebral Cortex Neuron Differentiation (GO:0021895),1/5,0.5502973935008272,0.9999960968655396,0,0,1.4427700643413477,0.8617614108101648,GET1
GO_Biological_Process_2023,Detection Of Molecule Of Bacterial Origin (GO:0032490),1/5,0.5502973935008272,0.9999960968655396,0,0,1.4427700643413477,0.8617614108101648,SSC5D
GO_Biological_Process_2023,Detection Of Virus (GO:0009597),1/5,0.5502973935008272,0.9999960968655396,0,0,1.4427700643413477,0.8617614108101648,RIGI
GO_Biological_Process_2023,Ear Development (GO:0043583),1/5,0.5502973935008272,0.9999960968655396,0,0,1.4427700643413477,0.8617614108101648,STRA6
GO_Biological_Process_2023,Embryonic Brain Development (GO:1990403),1/5,0.5502973935008272,0.9999960968655396,0,0,1.4427700643413477,0.8617614108101648,PPIL1
GO_Biological_Process_2023,Endothelin Receptor Signaling Pathway (GO:0086100),1/5,0.5502973935008272,0.9999960968655396,0,0,1.4427700643413477,0.8617614108101648,BCAR3
GO_Biological_Process_2023,Epithelial Tube Branching Involved In Lung Morphogenesis (GO:0060441),1/5,0.5502973935008272,0.9999960968655396,0,0,1.4427700643413477,0.8617614108101648,CELSR1
GO_Biological_Process_2023,Erythrose 4-Phosphate/Phosphoenolpyruvate Family Amino Acid Catabolic Process (GO:1902222),1/5,0.5502973935008272,0.9999960968655396,0,0,1.4427700643413477,0.8617614108101648,QDPR
GO_Biological_Process_2023,Establishment Of Protein Localization To Telomere (GO:0070200),1/5,0.5502973935008272,0.9999960968655396,0,0,1.4427700643413477,0.8617614108101648,TERT
GO_Biological_Process_2023,Female Gonad Development (GO:0008585),1/5,0.5502973935008272,0.9999960968655396,0,0,1.4427700643413477,0.8617614108101648,NR2F2
GO_Biological_Process_2023,Forebrain Neuron Differentiation (GO:0021879),1/5,0.5502973935008272,0.9999960968655396,0,0,1.4427700643413477,0.8617614108101648,LHX6
GO_Biological_Process_2023,Glycolipid Transport (GO:0046836),1/5,0.5502973935008272,0.9999960968655396,0,0,1.4427700643413477,0.8617614108101648,CPTP
GO_Biological_Process_2023,Glycoside Metabolic Process (GO:0016137),1/5,0.5502973935008272,0.9999960968655396,0,0,1.4427700643413477,0.8617614108101648,GBA2
GO_Biological_Process_2023,Glycosyl Compound Catabolic Process (GO:1901658),1/5,0.5502973935008272,0.9999960968655396,0,0,1.4427700643413477,0.8617614108101648,GBA2
GO_Biological_Process_2023,Glycosylceramide Catabolic Process (GO:0046477),1/5,0.5502973935008272,0.9999960968655396,0,0,1.4427700643413477,0.8617614108101648,GBA2
GO_Biological_Process_2023,Heat Acclimation (GO:0010286),1/5,0.5502973935008272,0.9999960968655396,0,0,1.4427700643413477,0.8617614108101648,HSPA1B
GO_Biological_Process_2023,Heterocycle Catabolic Process (GO:0046700),1/5,0.5502973935008272,0.9999960968655396,0,0,1.4427700643413477,0.8617614108101648,PRODH
GO_Biological_Process_2023,Hexose Catabolic Process (GO:0019320),1/5,0.5502973935008272,0.9999960968655396,0,0,1.4427700643413477,0.8617614108101648,GCK
GO_Biological_Process_2023,Histone Arginine Methylation (GO:0034969),1/5,0.5502973935008272,0.9999960968655396,0,0,1.4427700643413477,0.8617614108101648,COPRS
GO_Biological_Process_2023,Hydrogen Peroxide Biosynthetic Process (GO:0050665),1/5,0.5502973935008272,0.9999960968655396,0,0,1.4427700643413477,0.8617614108101648,MAOB
GO_Biological_Process_2023,Imitative Learning (GO:0098596),1/5,0.5502973935008272,0.9999960968655396,0,0,1.4427700643413477,0.8617614108101648,STRA6
GO_Biological_Process_2023,Immunoglobulin V(D)J Recombination (GO:0033152),1/5,0.5502973935008272,0.9999960968655396,0,0,1.4427700643413477,0.8617614108101648,LIG4
GO_Biological_Process_2023,Insulin Processing (GO:0030070),1/5,0.5502973935008272,0.9999960968655396,0,0,1.4427700643413477,0.8617614108101648,SLC30A5
GO_Biological_Process_2023,Interleukin-27-Mediated Signaling Pathway (GO:0070106),1/5,0.5502973935008272,0.9999960968655396,0,0,1.4427700643413477,0.8617614108101648,STAT1
GO_Biological_Process_2023,Intracellular Oxygen Homeostasis (GO:0032364),1/5,0.5502973935008272,0.9999960968655396,0,0,1.4427700643413477,0.8617614108101648,CIAO3
GO_Biological_Process_2023,Intracellular Water Homeostasis (GO:0009992),1/5,0.5502973935008272,0.9999960968655396,0,0,1.4427700643413477,0.8617614108101648,AQP11
GO_Biological_Process_2023,Ketone Body Biosynthetic Process (GO:0046951),1/5,0.5502973935008272,0.9999960968655396,0,0,1.4427700643413477,0.8617614108101648,ACSS3
GO_Biological_Process_2023,Kidney Morphogenesis (GO:0060993),1/5,0.5502973935008272,0.9999960968655396,0,0,1.4427700643413477,0.8617614108101648,SOX4
GO_Biological_Process_2023,Leukocyte Apoptotic Process (GO:0071887),1/5,0.5502973935008272,0.9999960968655396,0,0,1.4427700643413477,0.8617614108101648,IRF3
GO_Biological_Process_2023,mRNA 3'-End Processing By Stem-Loop Binding And Cleavage (GO:0006398),1/5,0.5502973935008272,0.9999960968655396,0,0,1.4427700643413477,0.8617614108101648,LSM10
GO_Biological_Process_2023,mRNA 3'-Splice Site Recognition (GO:0000389),1/5,0.5502973935008272,0.9999960968655396,0,0,1.4427700643413477,0.8617614108101648,SF3A3
GO_Biological_Process_2023,mRNA 5'-Splice Site Recognition (GO:0000395),1/5,0.5502973935008272,0.9999960968655396,0,0,1.4427700643413477,0.8617614108101648,SRSF1
GO_Biological_Process_2023,Mesenchymal To Epithelial Transition Involved In Metanephros Morphogenesis (GO:0003337),1/5,0.5502973935008272,0.9999960968655396,0,0,1.4427700643413477,0.8617614108101648,SALL1
GO_Biological_Process_2023,Monoterpenoid Metabolic Process (GO:0016098),1/5,0.5502973935008272,0.9999960968655396,0,0,1.4427700643413477,0.8617614108101648,CYP2E1
GO_Biological_Process_2023,Multinuclear Osteoclast Differentiation (GO:0072674),1/5,0.5502973935008272,0.9999960968655396,0,0,1.4427700643413477,0.8617614108101648,TCTA
GO_Biological_Process_2023,Negative Regulation Of ERAD Pathway (GO:1904293),1/5,0.5502973935008272,0.9999960968655396,0,0,1.4427700643413477,0.8617614108101648,SVIP
GO_Biological_Process_2023,Negative Regulation Of PERK-mediated Unfolded Protein Response (GO:1903898),1/5,0.5502973935008272,0.9999960968655396,0,0,1.4427700643413477,0.8617614108101648,PPP1R15B
GO_Biological_Process_2023,Negative Regulation Of Amino Acid Transport (GO:0051956),1/5,0.5502973935008272,0.9999960968655396,0,0,1.4427700643413477,0.8617614108101648,SLC43A1
GO_Biological_Process_2023,Negative Regulation Of Cardiac Muscle Cell Apoptotic Process (GO:0010667),1/5,0.5502973935008272,0.9999960968655396,0,0,1.4427700643413477,0.8617614108101648,HAND2
GO_Biological_Process_2023,Negative Regulation Of Cardiac Muscle Cell Differentiation (GO:2000726),1/5,0.5502973935008272,0.9999960968655396,0,0,1.4427700643413477,0.8617614108101648,FZD7
GO_Biological_Process_2023,Negative Regulation Of Cellular Extravasation (GO:0002692),1/5,0.5502973935008272,0.9999960968655396,0,0,1.4427700643413477,0.8617614108101648,CXCL12
GO_Biological_Process_2023,Negative Regulation Of Cellular Response To Hypoxia (GO:1900038),1/5,0.5502973935008272,0.9999960968655396,0,0,1.4427700643413477,0.8617614108101648,HYOU1
GO_Biological_Process_2023,Negative Regulation Of Cytokinesis (GO:0032466),1/5,0.5502973935008272,0.9999960968655396,0,0,1.4427700643413477,0.8617614108101648,E2F8
GO_Biological_Process_2023,Negative Regulation Of Excitatory Postsynaptic Potential (GO:0090394),1/5,0.5502973935008272,0.9999960968655396,0,0,1.4427700643413477,0.8617614108101648,TMEM25
GO_Biological_Process_2023,Negative Regulation Of Glycogen Biosynthetic Process (GO:0045719),1/5,0.5502973935008272,0.9999960968655396,0,0,1.4427700643413477,0.8617614108101648,PASK
GO_Biological_Process_2023,Negative Regulation Of Meiotic Cell Cycle (GO:0051447),1/5,0.5502973935008272,0.9999960968655396,0,0,1.4427700643413477,0.8617614108101648,FBXO5
GO_Biological_Process_2023,Negative Regulation Of Morphogenesis Of An Epithelium (GO:1905331),1/5,0.5502973935008272,0.9999960968655396,0,0,1.4427700643413477,0.8617614108101648,NKD1
GO_Biological_Process_2023,Negative Regulation Of Nervous System Process (GO:0031645),1/5,0.5502973935008272,0.9999960968655396,0,0,1.4427700643413477,0.8617614108101648,TMEM98
GO_Biological_Process_2023,Negative Regulation Of Neuron Migration (GO:2001223),1/5,0.5502973935008272,0.9999960968655396,0,0,1.4427700643413477,0.8617614108101648,COL3A1
GO_Biological_Process_2023,Negative Regulation Of Protein Localization To Chromatin (GO:0120186),1/5,0.5502973935008272,0.9999960968655396,0,0,1.4427700643413477,0.8617614108101648,SIRT6
GO_Biological_Process_2023,Negative Regulation Of Protein Targeting To Membrane (GO:0090315),1/5,0.5502973935008272,0.9999960968655396,0,0,1.4427700643413477,0.8617614108101648,KCNE1
GO_Biological_Process_2023,Negative Regulation Of Sequestering Of Triglyceride (GO:0010891),1/5,0.5502973935008272,0.9999960968655396,0,0,1.4427700643413477,0.8617614108101648,PPARG
GO_Biological_Process_2023,Negative Regulation Of Toll-Like Receptor 2 Signaling Pathway (GO:0034136),1/5,0.5502973935008272,0.9999960968655396,0,0,1.4427700643413477,0.8617614108101648,MFHAS1
GO_Biological_Process_2023,Negative Regulation Of Trophoblast Cell Migration (GO:1901164),1/5,0.5502973935008272,0.9999960968655396,0,0,1.4427700643413477,0.8617614108101648,NODAL
GO_Biological_Process_2023,Neutrophil Extravasation (GO:0072672),1/5,0.5502973935008272,0.9999960968655396,0,0,1.4427700643413477,0.8617614108101648,PRTN3
GO_Biological_Process_2023,Nucleoside Triphosphate Biosynthetic Process (GO:0009142),1/5,0.5502973935008272,0.9999960968655396,0,0,1.4427700643413477,0.8617614108101648,AK4
GO_Biological_Process_2023,"Nucleotide-Binding Domain, Leucine Rich Repeat Containing Receptor Signaling Pathway (GO:0035872)",1/5,0.5502973935008272,0.9999960968655396,0,0,1.4427700643413477,0.8617614108101648,MAP2K6
GO_Biological_Process_2023,Peptidyl-Diphthamide Biosynthetic Process From Peptidyl-Histidine (GO:0017183),1/5,0.5502973935008272,0.9999960968655396,0,0,1.4427700643413477,0.8617614108101648,DPH2
GO_Biological_Process_2023,Peptidyl-Diphthamide Metabolic Process (GO:0017182),1/5,0.5502973935008272,0.9999960968655396,0,0,1.4427700643413477,0.8617614108101648,DPH2
GO_Biological_Process_2023,Pericardium Morphogenesis (GO:0003344),1/5,0.5502973935008272,0.9999960968655396,0,0,1.4427700643413477,0.8617614108101648,DLL4
GO_Biological_Process_2023,Phosphatidylinositol Acyl-Chain Remodeling (GO:0036149),1/5,0.5502973935008272,0.9999960968655396,0,0,1.4427700643413477,0.8617614108101648,LPGAT1
GO_Biological_Process_2023,Photoreceptor Cell Differentiation (GO:0046530),1/5,0.5502973935008272,0.9999960968655396,0,0,1.4427700643413477,0.8617614108101648,NKD1
GO_Biological_Process_2023,Plasma Membrane Raft Assembly (GO:0044854),1/5,0.5502973935008272,0.9999960968655396,0,0,1.4427700643413477,0.8617614108101648,EMP2
GO_Biological_Process_2023,Plasma Membrane Raft Organization (GO:0044857),1/5,0.5502973935008272,0.9999960968655396,0,0,1.4427700643413477,0.8617614108101648,EMP2
GO_Biological_Process_2023,"Positive Regulation Of CD4-positive, CD25-positive, Alpha-Beta Regulatory T Cell Differentiation (GO:0032831)",1/5,0.5502973935008272,0.9999960968655396,0,0,1.4427700643413477,0.8617614108101648,KLHL25
GO_Biological_Process_2023,Positive Regulation Of T-helper 1 Cell Cytokine Production (GO:2000556),1/5,0.5502973935008272,0.9999960968655396,0,0,1.4427700643413477,0.8617614108101648,XCL1
GO_Biological_Process_2023,Positive Regulation Of T-helper 2 Cell Differentiation (GO:0045630),1/5,0.5502973935008272,0.9999960968655396,0,0,1.4427700643413477,0.8617614108101648,IL18
GO_Biological_Process_2023,"Positive Regulation Of Wnt Signaling Pathway, Planar Cell Polarity Pathway (GO:2000096)",1/5,0.5502973935008272,0.9999960968655396,0,0,1.4427700643413477,0.8617614108101648,NKD1
GO_Biological_Process_2023,Positive Regulation Of Activin Receptor Signaling Pathway (GO:0032927),1/5,0.5502973935008272,0.9999960968655396,0,0,1.4427700643413477,0.8617614108101648,NODAL
GO_Biological_Process_2023,Positive Regulation Of Cholesterol Biosynthetic Process (GO:0045542),1/5,0.5502973935008272,0.9999960968655396,0,0,1.4427700643413477,0.8617614108101648,SREBF1
GO_Biological_Process_2023,Positive Regulation Of Epithelial Cell Differentiation Involved In Kidney Development (GO:2000698),1/5,0.5502973935008272,0.9999960968655396,0,0,1.4427700643413477,0.8617614108101648,PROM1
GO_Biological_Process_2023,Positive Regulation Of Gonad Development (GO:1905941),1/5,0.5502973935008272,0.9999960968655396,0,0,1.4427700643413477,0.8617614108101648,DHX37
GO_Biological_Process_2023,Positive Regulation Of Granulocyte Differentiation (GO:0030854),1/5,0.5502973935008272,0.9999960968655396,0,0,1.4427700643413477,0.8617614108101648,HAX1
GO_Biological_Process_2023,Positive Regulation Of Lipoprotein Particle Clearance (GO:0010986),1/5,0.5502973935008272,0.9999960968655396,0,0,1.4427700643413477,0.8617614108101648,LIPG
GO_Biological_Process_2023,Positive Regulation Of Male Gonad Development (GO:2000020),1/5,0.5502973935008272,0.9999960968655396,0,0,1.4427700643413477,0.8617614108101648,DHX37
GO_Biological_Process_2023,Positive Regulation Of Microglial Cell Migration (GO:1904141),1/5,0.5502973935008272,0.9999960968655396,0,0,1.4427700643413477,0.8617614108101648,CSF1
GO_Biological_Process_2023,Positive Regulation Of Mitochondrial Membrane Potential (GO:0010918),1/5,0.5502973935008272,0.9999960968655396,0,0,1.4427700643413477,0.8617614108101648,MTLN
GO_Biological_Process_2023,Positive Regulation Of Monoatomic Ion Transmembrane Transport (GO:0034767),1/5,0.5502973935008272,0.9999960968655396,0,0,1.4427700643413477,0.8617614108101648,PDZK1
GO_Biological_Process_2023,Positive Regulation Of Necroptotic Process (GO:0060545),1/5,0.5502973935008272,0.9999960968655396,0,0,1.4427700643413477,0.8617614108101648,PARP1
GO_Biological_Process_2023,Positive Regulation Of Osteoblast Proliferation (GO:0033690),1/5,0.5502973935008272,0.9999960968655396,0,0,1.4427700643413477,0.8617614108101648,CCNA2
GO_Biological_Process_2023,Positive Regulation Of Programmed Necrotic Cell Death (GO:0062100),1/5,0.5502973935008272,0.9999960968655396,0,0,1.4427700643413477,0.8617614108101648,PARP1
GO_Biological_Process_2023,Positive Regulation Of Protein Localization To Cilium (GO:1903566),1/5,0.5502973935008272,0.9999960968655396,0,0,1.4427700643413477,0.8617614108101648,GAS8
GO_Biological_Process_2023,Positive Regulation Of Sterol Biosynthetic Process (GO:0106120),1/5,0.5502973935008272,0.9999960968655396,0,0,1.4427700643413477,0.8617614108101648,SREBF1
GO_Biological_Process_2023,Positive Regulation Of Sterol Transport (GO:0032373),1/5,0.5502973935008272,0.9999960968655396,0,0,1.4427700643413477,0.8617614108101648,LIPG
GO_Biological_Process_2023,Positive Regulation Of Toll-Like Receptor 7 Signaling Pathway (GO:0034157),1/5,0.5502973935008272,0.9999960968655396,0,0,1.4427700643413477,0.8617614108101648,SLC15A4
GO_Biological_Process_2023,Positive Regulation Of Vascular Associated Smooth Muscle Cell Differentiation (GO:1905065),1/5,0.5502973935008272,0.9999960968655396,0,0,1.4427700643413477,0.8617614108101648,KIT
GO_Biological_Process_2023,Presynaptic Active Zone Organization (GO:1990709),1/5,0.5502973935008272,0.9999960968655396,0,0,1.4427700643413477,0.8617614108101648,RAB3A
GO_Biological_Process_2023,Pronephros Development (GO:0048793),1/5,0.5502973935008272,0.9999960968655396,0,0,1.4427700643413477,0.8617614108101648,HNF1B
GO_Biological_Process_2023,Protein Geranylgeranylation (GO:0018344),1/5,0.5502973935008272,0.9999960968655396,0,0,1.4427700643413477,0.8617614108101648,RABGGTA
GO_Biological_Process_2023,Protein Localization To Site Of Double-Strand Break (GO:1990166),1/5,0.5502973935008272,0.9999960968655396,0,0,1.4427700643413477,0.8617614108101648,SIRT6
GO_Biological_Process_2023,Protein Modification By Small Protein Conjugation Or Removal (GO:0070647),1/5,0.5502973935008272,0.9999960968655396,0,0,1.4427700643413477,0.8617614108101648,UBD
GO_Biological_Process_2023,Pteridine-Containing Compound Metabolic Process (GO:0042558),1/5,0.5502973935008272,0.9999960968655396,0,0,1.4427700643413477,0.8617614108101648,QDPR
GO_Biological_Process_2023,Purine Deoxyribonucleotide Catabolic Process (GO:0009155),1/5,0.5502973935008272,0.9999960968655396,0,0,1.4427700643413477,0.8617614108101648,NUDT15
GO_Biological_Process_2023,Regulation Of NK T Cell Activation (GO:0051133),1/5,0.5502973935008272,0.9999960968655396,0,0,1.4427700643413477,0.8617614108101648,HSPH1
GO_Biological_Process_2023,Regulation Of T-helper 1 Cell Cytokine Production (GO:2000554),1/5,0.5502973935008272,0.9999960968655396,0,0,1.4427700643413477,0.8617614108101648,XCL1
GO_Biological_Process_2023,Regulation Of Apoptotic DNA Fragmentation (GO:1902510),1/5,0.5502973935008272,0.9999960968655396,0,0,1.4427700643413477,0.8617614108101648,DFFA
GO_Biological_Process_2023,Regulation Of Circadian Sleep/Wake Cycle (GO:0042749),1/5,0.5502973935008272,0.9999960968655396,0,0,1.4427700643413477,0.8617614108101648,PTGDS
GO_Biological_Process_2023,Regulation Of Epinephrine Secretion (GO:0014060),1/5,0.5502973935008272,0.9999960968655396,0,0,1.4427700643413477,0.8617614108101648,ADRA2B
GO_Biological_Process_2023,Regulation Of Excitatory Synapse Assembly (GO:1904889),1/5,0.5502973935008272,0.9999960968655396,0,0,1.4427700643413477,0.8617614108101648,SEMA4A
GO_Biological_Process_2023,Regulation Of Glomerular Filtration (GO:0003093),1/5,0.5502973935008272,0.9999960968655396,0,0,1.4427700643413477,0.8617614108101648,GAS6
GO_Biological_Process_2023,Regulation Of Glucagon Secretion (GO:0070092),1/5,0.5502973935008272,0.9999960968655396,0,0,1.4427700643413477,0.8617614108101648,PASK
GO_Biological_Process_2023,Regulation Of Hematopoietic Stem Cell Proliferation (GO:1902033),1/5,0.5502973935008272,0.9999960968655396,0,0,1.4427700643413477,0.8617614108101648,PDCD2
GO_Biological_Process_2023,Regulation Of Hepatocyte Proliferation (GO:2000345),1/5,0.5502973935008272,0.9999960968655396,0,0,1.4427700643413477,0.8617614108101648,XBP1
GO_Biological_Process_2023,Regulation Of Histone Deacetylase Activity (GO:1901725),1/5,0.5502973935008272,0.9999960968655396,0,0,1.4427700643413477,0.8617614108101648,SIRT6
GO_Biological_Process_2023,Regulation Of Hormone Biosynthetic Process (GO:0046885),1/5,0.5502973935008272,0.9999960968655396,0,0,1.4427700643413477,0.8617614108101648,DGKQ
GO_Biological_Process_2023,Regulation Of Mast Cell Chemotaxis (GO:0060753),1/5,0.5502973935008272,0.9999960968655396,0,0,1.4427700643413477,0.8617614108101648,VEGFB
GO_Biological_Process_2023,Regulation Of Monoatomic Anion Transport (GO:0044070),1/5,0.5502973935008272,0.9999960968655396,0,0,1.4427700643413477,0.8617614108101648,PDZK1
GO_Biological_Process_2023,Regulation Of Non-Motile Cilium Assembly (GO:1902855),1/5,0.5502973935008272,0.9999960968655396,0,0,1.4427700643413477,0.8617614108101648,WRAP73
GO_Biological_Process_2023,Regulation Of Pentose-Phosphate Shunt (GO:0043456),1/5,0.5502973935008272,0.9999960968655396,0,0,1.4427700643413477,0.8617614108101648,TIGAR
GO_Biological_Process_2023,Regulation Of pre-miRNA Processing (GO:2000631),1/5,0.5502973935008272,0.9999960968655396,0,0,1.4427700643413477,0.8617614108101648,TRUB1
GO_Biological_Process_2023,Regulation Of Protein Deubiquitination (GO:0090085),1/5,0.5502973935008272,0.9999960968655396,0,0,1.4427700643413477,0.8617614108101648,TRIM21
GO_Biological_Process_2023,Regulation Of Relaxation Of Cardiac Muscle (GO:1901897),1/5,0.5502973935008272,0.9999960968655396,0,0,1.4427700643413477,0.8617614108101648,HRC
GO_Biological_Process_2023,Regulation Of Sarcomere Organization (GO:0060297),1/5,0.5502973935008272,0.9999960968655396,0,0,1.4427700643413477,0.8617614108101648,PROX1
GO_Biological_Process_2023,Regulation Of System Process (GO:0044057),1/5,0.5502973935008272,0.9999960968655396,0,0,1.4427700643413477,0.8617614108101648,MTG2
GO_Biological_Process_2023,Regulation Of T-Circle Formation (GO:1904429),1/5,0.5502973935008272,0.9999960968655396,0,0,1.4427700643413477,0.8617614108101648,XRCC5
GO_Biological_Process_2023,Regulation Of Thymocyte Apoptotic Process (GO:0070243),1/5,0.5502973935008272,0.9999960968655396,0,0,1.4427700643413477,0.8617614108101648,ZC3H8
GO_Biological_Process_2023,Regulation Of Ventricular Cardiac Muscle Cell Membrane Depolarization (GO:0060373),1/5,0.5502973935008272,0.9999960968655396,0,0,1.4427700643413477,0.8617614108101648,GPD1L
GO_Biological_Process_2023,Regulation Of Very-Low-Density Lipoprotein Particle Remodeling (GO:0010901),1/5,0.5502973935008272,0.9999960968655396,0,0,1.4427700643413477,0.8617614108101648,NR1H4
GO_Biological_Process_2023,Regulation Of Vitamin D Biosynthetic Process (GO:0060556),1/5,0.5502973935008272,0.9999960968655396,0,0,1.4427700643413477,0.8617614108101648,SNAI2
GO_Biological_Process_2023,Renal System Process Involved In Regulation Of Blood Volume (GO:0001977),1/5,0.5502973935008272,0.9999960968655396,0,0,1.4427700643413477,0.8617614108101648,EMP2
GO_Biological_Process_2023,Response To Granulocyte Macrophage Colony-Stimulating Factor (GO:0097012),1/5,0.5502973935008272,0.9999960968655396,0,0,1.4427700643413477,0.8617614108101648,NPR2
GO_Biological_Process_2023,Response To Lipoteichoic Acid (GO:0070391),1/5,0.5502973935008272,0.9999960968655396,0,0,1.4427700643413477,0.8617614108101648,TIRAP
GO_Biological_Process_2023,Response To Manganese Ion (GO:0010042),1/5,0.5502973935008272,0.9999960968655396,0,0,1.4427700643413477,0.8617614108101648,D2HGDH
GO_Biological_Process_2023,Short-Chain Fatty Acid Catabolic Process (GO:0019626),1/5,0.5502973935008272,0.9999960968655396,0,0,1.4427700643413477,0.8617614108101648,MCEE
GO_Biological_Process_2023,snoRNA Localization (GO:0048254),1/5,0.5502973935008272,0.9999960968655396,0,0,1.4427700643413477,0.8617614108101648,ZNHIT6
GO_Biological_Process_2023,Subtelomeric Heterochromatin Formation (GO:0031509),1/5,0.5502973935008272,0.9999960968655396,0,0,1.4427700643413477,0.8617614108101648,SIRT6
GO_Biological_Process_2023,succinyl-CoA Catabolic Process (GO:1901289),1/5,0.5502973935008272,0.9999960968655396,0,0,1.4427700643413477,0.8617614108101648,NUDT7
GO_Biological_Process_2023,tRNA Catabolic Process (GO:0016078),1/5,0.5502973935008272,0.9999960968655396,0,0,1.4427700643413477,0.8617614108101648,DICER1
GO_Biological_Process_2023,tRNA Transport (GO:0051031),1/5,0.5502973935008272,0.9999960968655396,0,0,1.4427700643413477,0.8617614108101648,XPOT
GO_Biological_Process_2023,Tight Junction Organization (GO:0120193),1/5,0.5502973935008272,0.9999960968655396,0,0,1.4427700643413477,0.8617614108101648,CLDN12
GO_Biological_Process_2023,Transmembrane Receptor Protein Tyrosine Phosphatase Signaling Pathway (GO:0007185),1/5,0.5502973935008272,0.9999960968655396,0,0,1.4427700643413477,0.8617614108101648,PTPRF
GO_Biological_Process_2023,Valine Metabolic Process (GO:0006573),1/5,0.5502973935008272,0.9999960968655396,0,0,1.4427700643413477,0.8617614108101648,HIBADH
GO_Biological_Process_2023,Vascular Endothelial Growth Factor Receptor-2 Signaling Pathway (GO:0036324),1/5,0.5502973935008272,0.9999960968655396,0,0,1.4427700643413477,0.8617614108101648,SLC31A1
GO_Biological_Process_2023,Venous Blood Vessel Morphogenesis (GO:0048845),1/5,0.5502973935008272,0.9999960968655396,0,0,1.4427700643413477,0.8617614108101648,PROX1
GO_Biological_Process_2023,Ventricular Cardiac Muscle Cell Development (GO:0055015),1/5,0.5502973935008272,0.9999960968655396,0,0,1.4427700643413477,0.8617614108101648,PROX1
GO_Biological_Process_2023,Vocal Learning (GO:0042297),1/5,0.5502973935008272,0.9999960968655396,0,0,1.4427700643413477,0.8617614108101648,STRA6
GO_Biological_Process_2023,Xenobiotic Transport Across Blood-Brain Barrier (GO:1990962),1/5,0.5502973935008272,0.9999960968655396,0,0,1.4427700643413477,0.8617614108101648,SLC22A1
GO_Biological_Process_2023,Zymogen Inhibition (GO:0097341),1/5,0.5502973935008272,0.9999960968655396,0,0,1.4427700643413477,0.8617614108101648,XIAP
GO_Biological_Process_2023,Notch Signaling Pathway (GO:0007219),6/40,0.5514907938349867,0.9999960968655396,0,0,1.018357410806928,0.6060551817256117,DLL4;HEY1;CRTC1;SNAI2;NRARP;DLL1
GO_Biological_Process_2023,Cyclic-Nucleotide-Mediated Signaling (GO:0019935),6/40,0.5514907938349867,0.9999960968655396,0,0,1.018357410806928,0.6060551817256117,GLP1R;DGKQ;AHR;CD36;PRSS8;PDE9A
GO_Biological_Process_2023,Nucleic Acid-Templated Transcription (GO:0097659),6/40,0.5514907938349867,0.9999960968655396,0,0,1.018357410806928,0.6060551817256117,THRB;TERT;TCEA3;MKRN2;CREBL2;THAP1
GO_Biological_Process_2023,Regulation Of Microtubule Polymerization (GO:0031113),6/40,0.5514907938349867,0.9999960968655396,0,0,1.018357410806928,0.6060551817256117,OCLN;PSRC1;NUMA1;STMN1;GBA2;MET
GO_Biological_Process_2023,Positive Regulation Of DNA-binding Transcription Factor Activity (GO:0051091),36/246,0.5518731806767654,0.9999960968655396,0,0,0.9890923333006952,0.5879530835351828,FOXA1;SMARCB1;CRTC1;ZC4H2;TRADD;CEBPG;PRDX3;PIDD1;SHH;DVL2;TRIM68;CAPN3;CD36;TRIM21;IKBKE;PRKCI;TAF12;FZD4;RNF25;WNT5A;IL18;TICAM1;ESR1;TIRAP;MAVS;TFDP1;KIT;TRIM14;TERF2IP;PPARG;TRIM37;MAP3K13;TRIM32;NODAL;HSPA1B;RIGI
GO_Biological_Process_2023,Positive Regulation Of TOR Signaling (GO:0032008),7/47,0.5531592881002313,0.9999960968655396,0,0,1.0098574821852733,0.5979459819890535,RNF167;HDAC3;MLST8;LAMTOR2;GAS6;WDR24;TELO2
GO_Biological_Process_2023,Regulation Of T Cell Differentiation (GO:0045580),7/47,0.5531592881002313,0.9999960968655396,0,0,1.0098574821852733,0.5979459819890535,SMARCD2;XBP1;SMARCB1;IL7;TCF7;METTL3;SMARCA2
GO_Biological_Process_2023,Regulation Of Wound Healing (GO:0061041),7/47,0.5531592881002313,0.9999960968655396,0,0,1.0098574821852733,0.5979459819890535,KANK1;OCLN;CLDN3;PLAU;SRSF6;CLDN1;FOXA2
GO_Biological_Process_2023,Protein K63-linked Ubiquitination (GO:0070534),8/54,0.5548547329151826,0.9999960968655396,0,0,1.0035715339886064,0.5911527503086893,RNF135;RNF167;NEDD4;UBE2T;RNF186;RNF152;TRIM21;RNF5
GO_Biological_Process_2023,Negative Regulation Of Viral Process (GO:0048525),9/61,0.5565499817940281,0.9999960968655396,0,0,0.9987331853206216,0.5852559465094104,HEXIM1;BST2;MAVS;STAT1;TRIM14;PROX1;TRIM21;TRIM32;MBL2
GO_Biological_Process_2023,Positive Regulation Of Organelle Assembly (GO:1902117),9/61,0.5565499817940281,0.9999960968655396,0,0,0.9987331853206216,0.5852559465094104,GPSM2;NUMA1;PPP1R35;CENPJ;G3BP1;SASS6;CCP110;PIP4K2B;TAPT1
GO_Biological_Process_2023,Protein Polyubiquitination (GO:0000209),33/226,0.5575196592706433,0.9999960968655396,0,0,0.9865118234404074,0.5763769445122051,RNF14;UBE2D1;RNF6;FBXO22;RNF5;RNF135;RMND5A;TMEM129;MARCHF8;TRIM68;SKP2;TRIM21;RNF152;FBXO9;TRIM45;SHPRH;DTX3L;UBE2C;RNF25;DAW1;UBE4A;PEX10;PEX12;KLHL42;KLHL20;RNF144B;RNF167;NEDD4;UBE2T;NHLRC1;KBTBD7;RNF186;TRIM32
GO_Biological_Process_2023,Cellular Response To Radiation (GO:0071478),7/48,0.5766759848143661,0.9999960968655396,0,0,0.9851688778170442,0.5423105637959027,OPN1SW;RAD51;FIGNL1;TNKS1BP1;HUS1;LIG4;ECT2
GO_Biological_Process_2023,Myelination (GO:0042552),7/48,0.5766759848143661,0.9999960968655396,0,0,0.9851688778170442,0.5423105637959027,EIF2B4;ABCD2;MARVELD1;LGI4;MPZ;TPPP;MBL2
GO_Biological_Process_2023,Cellular Response To Retinoic Acid (GO:0071300),6/41,0.5769410589511443,0.9999960968655396,0,0,0.9892033339794534,0.5440768384752226,WNT5B;FZD4;FZD7;WNT5A;WNT9B;PTK6
GO_Biological_Process_2023,Regulation Of Amide Metabolic Process (GO:0034248),6/41,0.5769410589511443,0.9999960968655396,0,0,0.9892033339794534,0.5440768384752226,EIF2B4;TIGAR;NR1H4;ELP2;ELP6;PUM3
GO_Biological_Process_2023,Regulation Of Chemokine Production (GO:0032642),6/41,0.5769410589511443,0.9999960968655396,0,0,0.9892033339794534,0.5440768384752226,SIGIRR;IL7;WNT5A;IL18;SNAI2;ELANE
GO_Biological_Process_2023,Regulation Of Dendrite Development (GO:0050773),6/41,0.5769410589511443,0.9999960968655396,0,0,0.9892033339794534,0.5440768384752226,RAP2A;NEDD4;COBL;VLDLR;RAB17;RTN4IP1
GO_Biological_Process_2023,Regulation Of Heart Rate By Cardiac Conduction (GO:0086091),6/41,0.5769410589511443,0.9999960968655396,0,0,0.9892033339794534,0.5440768384752226,KCNE1;KCNE3;DSG2;SCN4B;DSC2;SCN2B
GO_Biological_Process_2023,Spliceosomal Complex Assembly (GO:0000245),9/62,0.5772298458733468,0.9999960968655396,0,0,0.979831502066182,0.5384318583849137,SF3A3;SRPK3;SRSF1;RSRP1;CELF6;SNRPD3;SNRNP200;SRSF6;CRNKL1
GO_Biological_Process_2023,DNA Damage Checkpoint Signaling (GO:0000077),5/34,0.5778518185252313,0.9999960968655396,0,0,0.9949018369757135,0.5456417871346381,H2AX;UFL1;DTX3L;HUS1;PARP9
GO_Biological_Process_2023,Apoptotic Mitochondrial Changes (GO:0008637),5/34,0.5778518185252313,0.9999960968655396,0,0,0.9949018369757135,0.5456417871346381,GGCT;ATG3;ATP2A1;BID;HSPD1
GO_Biological_Process_2023,Positive Regulation Of Transcription By RNA Polymerase I (GO:0045943),5/34,0.5778518185252313,0.9999960968655396,0,0,0.9949018369757135,0.5456417871346381,IPPK;SMARCB1;DDX11;ERBB2;BAZ1B
GO_Biological_Process_2023,Regulation Of Phosphatidylinositol 3-Kinase Activity (GO:0043551),5/34,0.5778518185252313,0.9999960968655396,0,0,0.9949018369757135,0.5456417871346381,RUBCN;WDR81;IRS1;KIT;TNFAIP8L3
GO_Biological_Process_2023,Response To Estrogen (GO:0043627),5/34,0.5778518185252313,0.9999960968655396,0,0,0.9949018369757135,0.5456417871346381,GSTM3;RBBP5;TRIM24;ASH2L;ESR1
GO_Biological_Process_2023,Transcription Initiation-Coupled Chromatin Remodeling (GO:0045815),5/34,0.5778518185252313,0.9999960968655396,0,0,0.9949018369757135,0.5456417871346381,SMARCB1;RBBP5;ASH2L;FAM47E;MEN1
GO_Biological_Process_2023,Epigenetic Regulation Of Gene Expression (GO:0040029),12/83,0.5793726557021799,0.9999960968655396,0,0,0.9751917350465812,0.5322688049887134,CREBZF;SUV39H2;SMARCB1;KDM1B;RBBP5;TASOR;ASH2L;SIRT6;FAM47E;TRIM37;MEN1;PHF19
GO_Biological_Process_2023,Positive Regulation Of Proteasomal Ubiquitin-Dependent Protein Catabolic Process (GO:0032436),12/83,0.5793726557021799,0.9999960968655396,0,0,0.9751917350465812,0.5322688049887134,CDC20;DNAJB2;DET1;RNF144B;CEBPA;RNF14;PLK1;SIRT6;BBS7;AXIN2;FBXO22;HSPA1B
GO_Biological_Process_2023,Chaperone Cofactor-Dependent Protein Refolding (GO:0051085),4/27,0.5798607381580996,0.9999960968655396,0,0,1.0035666912306558,0.546911041024615,SDF2L1;HSPA2;HSPA13;HSPA1B
GO_Biological_Process_2023,Negative Regulation Of Cellular Response To Insulin Stimulus (GO:1900077),4/27,0.5798607381580996,0.9999960968655396,0,0,1.0035666912306558,0.546911041024615,GRB7;KANK1;IRS1;PIP4K2B
GO_Biological_Process_2023,Peptide Cross-Linking (GO:0018149),4/27,0.5798607381580996,0.9999960968655396,0,0,1.0035666912306558,0.546911041024615,TGM1;COL3A1;FN1;F13B
GO_Biological_Process_2023,Peptidyl-Lysine Methylation (GO:0018022),4/27,0.5798607381580996,0.9999960968655396,0,0,1.0035666912306558,0.546911041024615,SETD4;SUV39H2;METTL21A;EEF1AKMT3
GO_Biological_Process_2023,Positive Regulation Of Mitotic Cell Cycle (GO:0045931),4/27,0.5798607381580996,0.9999960968655396,0,0,1.0035666912306558,0.546911041024615,FOXA1;CCNB1;USP2;AURKA
GO_Biological_Process_2023,Positive Regulation Of Response To Wounding (GO:1903036),4/27,0.5798607381580996,0.9999960968655396,0,0,1.0035666912306558,0.546911041024615,KANK1;OCLN;CLDN3;CLDN1
GO_Biological_Process_2023,Positive Regulation Of Ubiquitin-Protein Transferase Activity (GO:0051443),4/27,0.5798607381580996,0.9999960968655396,0,0,1.0035666912306558,0.546911041024615,CDC20;UBE2C;PLK1;DCUN1D2
GO_Biological_Process_2023,Regulation Of Extrinsic Apoptotic Signaling Pathway In Absence Of Ligand (GO:2001239),4/27,0.5798607381580996,0.9999960968655396,0,0,1.0035666912306558,0.546911041024615,TERT;SNAI2;INHBA;HSPA1B
GO_Biological_Process_2023,Regulation Of Microtubule Polymerization Or Depolymerization (GO:0031110),4/27,0.5798607381580996,0.9999960968655396,0,0,1.0035666912306558,0.546911041024615,STMN1;FKBP4;GBA2;SKA1
GO_Biological_Process_2023,Regulation Of Mitochondrial Fission (GO:0090140),4/27,0.5798607381580996,0.9999960968655396,0,0,1.0035666912306558,0.546911041024615,STAT2;MIEF2;PPARG;MYO19
GO_Biological_Process_2023,Regulation Of Transcription Regulatory Region DNA Binding (GO:2000677),4/27,0.5798607381580996,0.9999960968655396,0,0,1.0035666912306558,0.546911041024615,PER2;HEY1;ZC4H2;HAND2
GO_Biological_Process_2023,Neuron Differentiation (GO:0030182),25/173,0.5802333218803445,0.9999960968655396,0,0,0.9745277882867504,0.5304598161693582,FOXA1;BTG4;CTF1;PCSK9;NGRN;SHH;SALL1;CASP3;ERBB2;OTX2;SOX4;XBP1;WNT5B;FZD4;FZD7;WNT5A;WNT9B;BHLHA15;INHBA;POU3F2;TDP2;HAND2;LHX6;MET;FOXA2
GO_Biological_Process_2023,Protein Ubiquitination (GO:0016567),63/434,0.5809562984182466,0.9999960968655396,0,0,0.9794547815928418,0.5319220508990937,DET1;RNF13;RNF14;FBH1;UBE2D1;FBXO22;ANKRD9;TRIM7;TRIM68;TRIM24;RNF152;TRIM21;FBXO9;ATG3;RNF43;SHPRH;DTX3L;UBE4A;TRAIP;KLHL42;RNF167;RNF144B;KCTD13;TRIM14;NHLRC1;UHRF1;ZC4H2;ASB11;RNF6;KLHL13;RNF135;RMND5A;UBD;TMEM129;MARCHF8;KLHL25;RNF25;UBE2C;PLK1;DAW1;WWP1;FANCC;FBXL15;PEX10;PEX12;CHFR;FANCF;KLHL20;KLHL9;SPSB2;RAD51;RNF227;NEDD4;UBE2T;MKRN2;RNF181;TRIM37;LZTR1;RNF186;ASB2;TRIM32;KBTBD8;SPSB4
GO_Biological_Process_2023,DNA Methylation (GO:0006306),3/20,0.5839469202788087,0.9999960968655396,0,0,1.0183387485797435,0.547810431811291,HELLS;BEND3;METTL4
GO_Biological_Process_2023,Activation Of Adenylate Cyclase Activity (GO:0007190),3/20,0.5839469202788087,0.9999960968655396,0,0,1.0183387485797435,0.547810431811291,GLP1R;ADRB3;PRSS8
GO_Biological_Process_2023,Adenine Nucleotide Transport (GO:0051503),3/20,0.5839469202788087,0.9999960968655396,0,0,1.0183387485797435,0.547810431811291,SLC25A17;ABCC6;SLC25A23
GO_Biological_Process_2023,Anterior/Posterior Axis Specification (GO:0009948),3/20,0.5839469202788087,0.9999960968655396,0,0,1.0183387485797435,0.547810431811291,SHH;TASOR;TBX3
GO_Biological_Process_2023,Hydrogen Peroxide Catabolic Process (GO:0042744),3/20,0.5839469202788087,0.9999960968655396,0,0,1.0183387485797435,0.547810431811291,PRDX3;PRDX4;CAT
GO_Biological_Process_2023,Leukotriene Metabolic Process (GO:0006691),3/20,0.5839469202788087,0.9999960968655396,0,0,1.0183387485797435,0.547810431811291,MGST3;LTC4S;PTGR1
GO_Biological_Process_2023,Monocarboxylic Acid Catabolic Process (GO:0072329),3/20,0.5839469202788087,0.9999960968655396,0,0,1.0183387485797435,0.547810431811291,PLA2G15;CYP26A1;NUDT19
GO_Biological_Process_2023,Negative Regulation Of miRNA Transcription (GO:1902894),3/20,0.5839469202788087,0.9999960968655396,0,0,1.0183387485797435,0.547810431811291,PPARG;ESR1;NFATC4
GO_Biological_Process_2023,Negative Regulation Of Phosphate Metabolic Process (GO:0045936),3/20,0.5839469202788087,0.9999960968655396,0,0,1.0183387485797435,0.547810431811291,CDKN2C;INHBA;DYNLL1
GO_Biological_Process_2023,Negative Regulation Of Protein Localization To Plasma Membrane (GO:1903077),3/20,0.5839469202788087,0.9999960968655396,0,0,1.0183387485797435,0.547810431811291,LRRC15;PKDCC;CSK
GO_Biological_Process_2023,Negative Regulation Of Viral Life Cycle (GO:1903901),3/20,0.5839469202788087,0.9999960968655396,0,0,1.0183387485797435,0.547810431811291,BST2;LRRC15;CIITA
GO_Biological_Process_2023,Nuclear-Transcribed mRNA poly(A) Tail Shortening (GO:0000289),3/20,0.5839469202788087,0.9999960968655396,0,0,1.0183387485797435,0.547810431811291,NLRP6;TNKS1BP1;CNOT8
GO_Biological_Process_2023,Peripheral Nervous System Development (GO:0007422),3/20,0.5839469202788087,0.9999960968655396,0,0,1.0183387485797435,0.547810431811291,ALDH3A2;GSTM3;ERBB3
GO_Biological_Process_2023,Phosphatidylglycerol Metabolic Process (GO:0046471),3/20,0.5839469202788087,0.9999960968655396,0,0,1.0183387485797435,0.547810431811291,PLA2G15;LPGAT1;GPAM
GO_Biological_Process_2023,Positive Regulation Of Embryonic Development (GO:0040019),3/20,0.5839469202788087,0.9999960968655396,0,0,1.0183387485797435,0.547810431811291,UTP25;OTX2;FOXA2
GO_Biological_Process_2023,Positive Regulation Of Leukocyte Activation (GO:0002696),3/20,0.5839469202788087,0.9999960968655396,0,0,1.0183387485797435,0.547810431811291,CEBPA;WNT5A;HSPD1
GO_Biological_Process_2023,Positive Regulation Of Lipid Storage (GO:0010884),3/20,0.5839469202788087,0.9999960968655396,0,0,1.0183387485797435,0.547810431811291,C3;FITM1;IKBKE
GO_Biological_Process_2023,Receptor Metabolic Process (GO:0043112),3/20,0.5839469202788087,0.9999960968655396,0,0,1.0183387485797435,0.547810431811291,NEDD4;PHETA1;PLEKHJ1
GO_Biological_Process_2023,Regulation Of Necroptotic Process (GO:0060544),3/20,0.5839469202788087,0.9999960968655396,0,0,1.0183387485797435,0.547810431811291,PARP1;AIFM1;OGT
GO_Biological_Process_2023,Ribonucleoprotein Complex Biogenesis (GO:0022613),17/118,0.5841799823779327,0.9999960968655396,0,0,0.9711027282503532,0.5220125373227246,UTP6;NVL;KRR1;UTP3;GTF3A;WDR74;WDR12;BYSL;FBL;EBNA1BP2;XPO1;GRWD1;BMS1;DHX37;UTP20;GLUL;METTL17
GO_Biological_Process_2023,Circulatory System Development (GO:0072359),19/132,0.5862448192551933,0.9999960968655396,0,0,0.9700652786781444,0.5180321224373399,MKKS;RAMP2;FN1;TCF21;CACYBP;ZDHHC16;SHH;COL3A1;SALL1;MTHFD1;HEY1;ERBB3;SOX18;MYL2;HAND2;DVL2;PDLIM5;SOX4;STRA6
GO_Biological_Process_2023,Regulation Of Cellular Component Organization (GO:0051128),22/153,0.5893739430576639,0.9999960968655396,0,0,0.9688564198160856,0.5122289818948932,WNT5A;PTCH2;HJURP;TMEM97;AXIN2;MKI67;IL17RB;AURKA;RUFY1;SOCS2;ALKBH4;BBS10;NEDD4;METTL4;PACSIN3;STK38L;LAMTOR2;CD36;RAB17;ANKRA2;EBAG9;MCM2
GO_Biological_Process_2023,ATP Transport (GO:0015867),2/13,0.5927276049524232,0.9999960968655396,0,0,1.049211628479921,0.548759018837676,SLC25A17;SLC25A23
GO_Biological_Process_2023,ERBB2 Signaling Pathway (GO:0038128),2/13,0.5927276049524232,0.9999960968655396,0,0,1.049211628479921,0.548759018837676,ERBB2;PTK6
GO_Biological_Process_2023,Amyloid Precursor Protein Catabolic Process (GO:0042987),2/13,0.5927276049524232,0.9999960968655396,0,0,1.049211628479921,0.548759018837676,BACE1;ABCG1
GO_Biological_Process_2023,Catecholamine Metabolic Process (GO:0006584),2/13,0.5927276049524232,0.9999960968655396,0,0,1.049211628479921,0.548759018837676,PAH;COMT
GO_Biological_Process_2023,Chondroitin Sulfate Biosynthetic Process (GO:0030206),2/13,0.5927276049524232,0.9999960968655396,0,0,1.049211628479921,0.548759018837676,CHST7;CHST13
GO_Biological_Process_2023,Cranial Nerve Development (GO:0021545),2/13,0.5927276049524232,0.9999960968655396,0,0,1.049211628479921,0.548759018837676,SALL1;ERBB3
GO_Biological_Process_2023,Endothelial Cell Differentiation (GO:0045446),2/13,0.5927276049524232,0.9999960968655396,0,0,1.049211628479921,0.548759018837676,SOX18;PROX1
GO_Biological_Process_2023,Inhibitory Synapse Assembly (GO:1904862),2/13,0.5927276049524232,0.9999960968655396,0,0,1.049211628479921,0.548759018837676,WNT5A;PLXNB1
GO_Biological_Process_2023,Lipid Oxidation (GO:0034440),2/13,0.5927276049524232,0.9999960968655396,0,0,1.049211628479921,0.548759018837676,ACSM1;ADIPOR2
GO_Biological_Process_2023,Membrane Depolarization During Action Potential (GO:0086010),2/13,0.5927276049524232,0.9999960968655396,0,0,1.049211628479921,0.548759018837676,SCN4B;SCN2B
GO_Biological_Process_2023,Microvillus Organization (GO:0032528),2/13,0.5927276049524232,0.9999960968655396,0,0,1.049211628479921,0.548759018837676,SLC9A3R1;RAP2A
GO_Biological_Process_2023,ncRNA Transcription (GO:0098781),2/13,0.5927276049524232,0.9999960968655396,0,0,1.049211628479921,0.548759018837676,USPL1;GTF3A
GO_Biological_Process_2023,Negative Regulation Of Cell Migration Involved In Sprouting Angiogenesis (GO:0090051),2/13,0.5927276049524232,0.9999960968655396,0,0,1.049211628479921,0.548759018837676,DLL4;TBXA2R
GO_Biological_Process_2023,Negative Regulation Of Receptor Internalization (GO:0002091),2/13,0.5927276049524232,0.9999960968655396,0,0,1.049211628479921,0.548759018837676,PCSK9;WDR54
GO_Biological_Process_2023,Negative Regulation Of Secretion (GO:0051048),2/13,0.5927276049524232,0.9999960968655396,0,0,1.049211628479921,0.548759018837676,ERBB3;TFF2
GO_Biological_Process_2023,Negative Regulation Of Toll-Like Receptor Signaling Pathway (GO:0034122),2/13,0.5927276049524232,0.9999960968655396,0,0,1.049211628479921,0.548759018837676,LRRC14;LGR4
GO_Biological_Process_2023,Plasma Membrane Tubulation (GO:0097320),2/13,0.5927276049524232,0.9999960968655396,0,0,1.049211628479921,0.548759018837676,CAVIN2;PACSIN3
GO_Biological_Process_2023,Positive Regulation Of Alpha-Beta T Cell Differentiation (GO:0046638),2/13,0.5927276049524232,0.9999960968655396,0,0,1.049211628479921,0.548759018837676,SHH;IHH
GO_Biological_Process_2023,Positive Regulation Of Cellular Response To Insulin Stimulus (GO:1900078),2/13,0.5927276049524232,0.9999960968655396,0,0,1.049211628479921,0.548759018837676,IRS1;ECHDC3
GO_Biological_Process_2023,Positive Regulation Of Granulocyte Macrophage Colony-Stimulating Factor Production (GO:0032725),2/13,0.5927276049524232,0.9999960968655396,0,0,1.049211628479921,0.548759018837676,IL18;RIGI
GO_Biological_Process_2023,Positive Regulation Of Type 2 Immune Response (GO:0002830),2/13,0.5927276049524232,0.9999960968655396,0,0,1.049211628479921,0.548759018837676,IL18;XCL1
GO_Biological_Process_2023,Potassium Ion Export Across Plasma Membrane (GO:0097623),2/13,0.5927276049524232,0.9999960968655396,0,0,1.049211628479921,0.548759018837676,KCNE1;KCNE3
GO_Biological_Process_2023,Protein Localization To Phagophore Assembly Site (GO:0034497),2/13,0.5927276049524232,0.9999960968655396,0,0,1.049211628479921,0.548759018837676,STX17;MFN2
GO_Biological_Process_2023,Regulation Of IRE1-mediated Unfolded Protein Response (GO:1903894),2/13,0.5927276049524232,0.9999960968655396,0,0,1.049211628479921,0.548759018837676,UFL1;FICD
GO_Biological_Process_2023,Regulation Of T Cell Chemotaxis (GO:0010819),2/13,0.5927276049524232,0.9999960968655396,0,0,1.049211628479921,0.548759018837676,WNT5A;XCL1
GO_Biological_Process_2023,Regulation Of Cell Fate Commitment (GO:0010453),2/13,0.5927276049524232,0.9999960968655396,0,0,1.049211628479921,0.548759018837676,HDAC2;RBBP4
GO_Biological_Process_2023,Regulation Of Cell Projection Organization (GO:0031344),2/13,0.5927276049524232,0.9999960968655396,0,0,1.049211628479921,0.548759018837676,MOV10;FAM110C
GO_Biological_Process_2023,Regulation Of Response To Endoplasmic Reticulum Stress (GO:1905897),2/13,0.5927276049524232,0.9999960968655396,0,0,1.049211628479921,0.548759018837676,PIGBOS1;AQP11
GO_Biological_Process_2023,Regulation Of Response To Stress (GO:0080134),2/13,0.5927276049524232,0.9999960968655396,0,0,1.049211628479921,0.548759018837676,DYRK3;MYL1
GO_Biological_Process_2023,Regulation Of Transcription Of Nucleolar Large rRNA By RNA Polymerase I (GO:1901836),2/13,0.5927276049524232,0.9999960968655396,0,0,1.049211628479921,0.548759018837676,IPPK;SMARCB1
GO_Biological_Process_2023,Relaxation Of Muscle (GO:0090075),2/13,0.5927276049524232,0.9999960968655396,0,0,1.049211628479921,0.548759018837676,GSTM2;ATP2A1
GO_Biological_Process_2023,Suppression Of Viral Release By Host (GO:0044790),2/13,0.5927276049524232,0.9999960968655396,0,0,1.049211628479921,0.548759018837676,TRIM21;TRIM32
GO_Biological_Process_2023,Mitotic DNA Damage Checkpoint Signaling (GO:0044773),8/56,0.5982672385693123,0.9999960968655396,0,0,0.961642905634759,0.4940130178773727,MUS81;RINT1;CCND1;EME2;PLK1;CDK2;CDK1;HUS1
GO_Biological_Process_2023,Protein-Containing Complex Organization (GO:0043933),18/126,0.5995218248937566,0.9999960968655396,0,0,0.9615122615803816,0.4919316916713306,NDC1;CARD10;DET1;NUP133;PDE4DIP;LIN7A;FANCC;SLC9A3R1;OCLN;TFAP4;TSPAN4;CAPN3;NUP35;PPIH;OTX2;ANKS4B;NDUFAF1;PPID
GO_Biological_Process_2023,Neurogenesis (GO:0022008),7/49,0.5995824692996766,0.9999960968655396,0,0,0.9616559212758736,0.4919079202360104,GCM1;METTL14;ERBB3;METTL3;BTBD2;ERBB2;PCSK9
GO_Biological_Process_2023,Positive Regulation Of Pathway-Restricted SMAD Protein Phosphorylation (GO:0010862),7/49,0.5995824692996766,0.9999960968655396,0,0,0.9616559212758736,0.4919079202360104,GDF11;LEFTY1;GDF2;PPARG;INHBA;INHBC;NODAL
GO_Biological_Process_2023,Amino Acid Transmembrane Transport (GO:0003333),6/42,0.6016449127607211,0.9999960968655396,0,0,0.9616689280868386,0.4886123015582217,SLC36A1;SLC6A6;SLC47A1;SLC38A3;MFSD12;SLC38A5
GO_Biological_Process_2023,Cellular Response To Amino Acid Starvation (GO:0034198),6/42,0.6016449127607211,0.9999960968655396,0,0,0.9616689280868386,0.4886123015582217,RNF167;DAP;NPRL2;TFEB;WDR24;RNF152
GO_Biological_Process_2023,Lysosome Localization (GO:0032418),6/42,0.6016449127607211,0.9999960968655396,0,0,0.9616689280868386,0.4886123015582217,RNF167;RAB3A;KIT;TFEB;FAM98A;SYTL4
GO_Biological_Process_2023,Skeletal Muscle Tissue Development (GO:0007519),6/42,0.6016449127607211,0.9999960968655396,0,0,0.9616689280868386,0.4886123015582217,CSRP3;TCF21;MYL6B;MSC;MYOZ2;MYORG
GO_Biological_Process_2023,Neutral Amino Acid Transport (GO:0015804),5/35,0.6048501615552312,0.9999960968655396,0,0,0.9616819260766362,0.4835091673108804,SLC36A1;SLC6A6;SLC43A1;SLC38A3;SLC38A5
GO_Biological_Process_2023,Regulatory ncRNA Processing (GO:0070918),5/35,0.6048501615552312,0.9999960968655396,0,0,0.9616819260766362,0.4835091673108804,TDRKH;TERT;PLD6;DICER1;SPOUT1
GO_Biological_Process_2023,Positive Regulation Of Protein Metabolic Process (GO:0051247),28/196,0.6070090754395325,0.9999960968655396,0,0,0.9613807245386192,0.4799323488830779,HDAC2;CSF1;UHRF1;ASB11;NKD1;DCAF1;METTL14;ERBB2;CAPN3;FADD;RILP;SOX4;APC2;CSNK2A1;METTL3;PLK1;RDX;WNT5A;IL18;INHBA;PASK;ABCB10;NEDD4;PRR16;PLXNB2;OGT;TRIM32;RIGI
GO_Biological_Process_2023,Establishment Of Endothelial Barrier (GO:0061028),4/28,0.6099326590682886,0.9999960968655396,0,0,0.9616949152542372,0.4754684314600258,CLDN3;MARVELD2;SOX18;RDX
GO_Biological_Process_2023,Hematopoietic Progenitor Cell Differentiation (GO:0002244),4/28,0.6099326590682886,0.9999960968655396,0,0,0.9616949152542372,0.4754684314600258,UFL1;SHH;KIT;INHBA
GO_Biological_Process_2023,Negative Regulation Of Type II Interferon Production (GO:0032689),4/28,0.6099326590682886,0.9999960968655396,0,0,0.9616949152542372,0.4754684314600258,NR1H4;XCL1;INHBA;GAS6
GO_Biological_Process_2023,Pyroptosis (GO:0070269),4/28,0.6099326590682886,0.9999960968655396,0,0,0.9616949152542372,0.4754684314600258,CASP3;APIP;TRIM21;ELANE
GO_Biological_Process_2023,Transcription Elongation By RNA Polymerase II (GO:0006368),4/28,0.6099326590682886,0.9999960968655396,0,0,0.9616949152542372,0.4754684314600258,PCID2;LEO1;ELP2;POLR2I
GO_Biological_Process_2023,Vesicle Coating (GO:0006901),4/28,0.6099326590682886,0.9999960968655396,0,0,0.9616949152542372,0.4754684314600258,TRAPPC2;PEF1;TRAPPC12;TRAPPC13
GO_Biological_Process_2023,Establishment Of Protein Localization To Organelle (GO:0072594),12/85,0.6141160032625326,0.9999960968655396,0,0,0.9483624037324344,0.4623944212033281,RPAIN;NEURL1B;NUP133;NUP155;NUP85;RANBP17;KPNA6;RANGRF;HIKESHI;KPNA2;RANBP6;SPRN
GO_Biological_Process_2023,Nuclear-Transcribed mRNA Catabolic Process (GO:0000956),12/85,0.6141160032625326,0.9999960968655396,0,0,0.9483624037324344,0.4623944212033281,EXOSC7;UPF1;EXOSC5;EXOSC4;NLRP6;NCBP2;ERI1;EXOSC8;TNKS1BP1;CNOT8;DCPS;PNRC2
GO_Biological_Process_2023,Protein Autoubiquitination (GO:0051865),10/71,0.615817902202697,0.9999960968655396,0,0,0.9457969529579472,0.4585261199328305,RAD51;RNF13;DTX3L;UHRF1;UBE2T;TRIM68;RNF181;TRIM37;RNF186;TRIM21
GO_Biological_Process_2023,7-Methylguanosine mRNA Capping (GO:0006370),1/6,0.6167349148490038,0.9999960968655396,0,0,1.154148323738571,0.557818331584967,RAMAC
GO_Biological_Process_2023,AV Node Cell Action Potential (GO:0086016),1/6,0.6167349148490038,0.9999960968655396,0,0,1.154148323738571,0.557818331584967,SCN4B
GO_Biological_Process_2023,DNA Strand Resection Involved In Replication Fork Processing (GO:0110025),1/6,0.6167349148490038,0.9999960968655396,0,0,1.154148323738571,0.557818331584967,RAD50
GO_Biological_Process_2023,G Protein-Coupled Receptor Internalization (GO:0002031),1/6,0.6167349148490038,0.9999960968655396,0,0,1.154148323738571,0.557818331584967,DMBT1
GO_Biological_Process_2023,N-acetylneuraminate Catabolic Process (GO:0019262),1/6,0.6167349148490038,0.9999960968655396,0,0,1.154148323738571,0.557818331584967,GNPDA1
GO_Biological_Process_2023,TRAIL-activated Apoptotic Signaling Pathway (GO:0036462),1/6,0.6167349148490038,0.9999960968655396,0,0,1.154148323738571,0.557818331584967,FADD
GO_Biological_Process_2023,Adenosine Metabolic Process (GO:0046085),1/6,0.6167349148490038,0.9999960968655396,0,0,1.154148323738571,0.557818331584967,ADAL
GO_Biological_Process_2023,Adenosine To Inosine Editing (GO:0006382),1/6,0.6167349148490038,0.9999960968655396,0,0,1.154148323738571,0.557818331584967,METTL3
GO_Biological_Process_2023,Adherens Junction Maintenance (GO:0034334),1/6,0.6167349148490038,0.9999960968655396,0,0,1.154148323738571,0.557818331584967,MTSS1
GO_Biological_Process_2023,Aggrephagy (GO:0035973),1/6,0.6167349148490038,0.9999960968655396,0,0,1.154148323738571,0.557818331584967,WDR81
GO_Biological_Process_2023,Anterograde Dendritic Transport (GO:0098937),1/6,0.6167349148490038,0.9999960968655396,0,0,1.154148323738571,0.557818331584967,STAU1
GO_Biological_Process_2023,Antigen Processing And Presentation Of Endogenous Peptide Antigen Via MHC Class I (GO:0019885),1/6,0.6167349148490038,0.9999960968655396,0,0,1.154148323738571,0.557818331584967,ERAP1
GO_Biological_Process_2023,Atrioventricular Valve Formation (GO:0003190),1/6,0.6167349148490038,0.9999960968655396,0,0,1.154148323738571,0.557818331584967,HEY1
GO_Biological_Process_2023,Auditory Receptor Cell Morphogenesis (GO:0002093),1/6,0.6167349148490038,0.9999960968655396,0,0,1.154148323738571,0.557818331584967,PLS1
GO_Biological_Process_2023,Auditory Receptor Cell Stereocilium Organization (GO:0060088),1/6,0.6167349148490038,0.9999960968655396,0,0,1.154148323738571,0.557818331584967,PLS1
GO_Biological_Process_2023,Bleb Assembly (GO:0032060),1/6,0.6167349148490038,0.9999960968655396,0,0,1.154148323738571,0.557818331584967,EMP2
GO_Biological_Process_2023,Calcitonin Family Receptor Signaling Pathway (GO:0097646),1/6,0.6167349148490038,0.9999960968655396,0,0,1.154148323738571,0.557818331584967,RAMP2
GO_Biological_Process_2023,Cardiac Pacemaker Cell Development (GO:0060926),1/6,0.6167349148490038,0.9999960968655396,0,0,1.154148323738571,0.557818331584967,TBX3
GO_Biological_Process_2023,Cellular Response To Caffeine (GO:0071313),1/6,0.6167349148490038,0.9999960968655396,0,0,1.154148323738571,0.557818331584967,GSTM2
GO_Biological_Process_2023,Cellular Response To Interleukin-9 (GO:0071355),1/6,0.6167349148490038,0.9999960968655396,0,0,1.154148323738571,0.557818331584967,STAT1
GO_Biological_Process_2023,Clathrin-Coated Vesicle Cargo Loading (GO:0035652),1/6,0.6167349148490038,0.9999960968655396,0,0,1.154148323738571,0.557818331584967,AP3M1
GO_Biological_Process_2023,"Clathrin-Coated Vesicle Cargo Loading, AP-3-mediated (GO:0035654)",1/6,0.6167349148490038,0.9999960968655396,0,0,1.154148323738571,0.557818331584967,AP3M1
GO_Biological_Process_2023,Definitive Hemopoiesis (GO:0060216),1/6,0.6167349148490038,0.9999960968655396,0,0,1.154148323738571,0.557818331584967,MFAP5
GO_Biological_Process_2023,Delamination (GO:0060232),1/6,0.6167349148490038,0.9999960968655396,0,0,1.154148323738571,0.557818331584967,METTL3
GO_Biological_Process_2023,Dense Core Granule Cytoskeletal Transport (GO:0099519),1/6,0.6167349148490038,0.9999960968655396,0,0,1.154148323738571,0.557818331584967,PPFIA2
GO_Biological_Process_2023,Desmosome Organization (GO:0002934),1/6,0.6167349148490038,0.9999960968655396,0,0,1.154148323738571,0.557818331584967,SNAI2
GO_Biological_Process_2023,Detection Of Muscle Stretch (GO:0035995),1/6,0.6167349148490038,0.9999960968655396,0,0,1.154148323738571,0.557818331584967,CSRP3
GO_Biological_Process_2023,Exocrine System Development (GO:0035272),1/6,0.6167349148490038,0.9999960968655396,0,0,1.154148323738571,0.557818331584967,IGSF3
GO_Biological_Process_2023,"Fatty Acid Elongation, Monounsaturated Fatty Acid (GO:0034625)",1/6,0.6167349148490038,0.9999960968655396,0,0,1.154148323738571,0.557818331584967,ELOVL6
GO_Biological_Process_2023,"Fatty Acid Elongation, Polyunsaturated Fatty Acid (GO:0034626)",1/6,0.6167349148490038,0.9999960968655396,0,0,1.154148323738571,0.557818331584967,ELOVL6
GO_Biological_Process_2023,"Fatty Acid Elongation, Saturated Fatty Acid (GO:0019367)",1/6,0.6167349148490038,0.9999960968655396,0,0,1.154148323738571,0.557818331584967,ELOVL6
GO_Biological_Process_2023,"Fatty Acid Elongation, Unsaturated Fatty Acid (GO:0019368)",1/6,0.6167349148490038,0.9999960968655396,0,0,1.154148323738571,0.557818331584967,ELOVL6
GO_Biological_Process_2023,Gap Junction Assembly (GO:0016264),1/6,0.6167349148490038,0.9999960968655396,0,0,1.154148323738571,0.557818331584967,GJB1
GO_Biological_Process_2023,Gland Morphogenesis (GO:0022612),1/6,0.6167349148490038,0.9999960968655396,0,0,1.154148323738571,0.557818331584967,SLC9A3R1
GO_Biological_Process_2023,Glandular Epithelial Cell Development (GO:0002068),1/6,0.6167349148490038,0.9999960968655396,0,0,1.154148323738571,0.557818331584967,DLL1
GO_Biological_Process_2023,Glutathione Biosynthetic Process (GO:0006750),1/6,0.6167349148490038,0.9999960968655396,0,0,1.154148323738571,0.557818331584967,CHAC2
GO_Biological_Process_2023,Heart Trabecula Formation (GO:0060347),1/6,0.6167349148490038,0.9999960968655396,0,0,1.154148323738571,0.557818331584967,HEY1
GO_Biological_Process_2023,Hemostasis (GO:0007599),1/6,0.6167349148490038,0.9999960968655396,0,0,1.154148323738571,0.557818331584967,NFE2
GO_Biological_Process_2023,Hepatocyte Growth Factor Receptor Signaling Pathway (GO:0048012),1/6,0.6167349148490038,0.9999960968655396,0,0,1.154148323738571,0.557818331584967,STMN1
GO_Biological_Process_2023,Insulin Secretion Involved In Cellular Response To Glucose Stimulus (GO:0035773),1/6,0.6167349148490038,0.9999960968655396,0,0,1.154148323738571,0.557818331584967,RAB11FIP2
GO_Biological_Process_2023,Interleukin-9-Mediated Signaling Pathway (GO:0038113),1/6,0.6167349148490038,0.9999960968655396,0,0,1.154148323738571,0.557818331584967,STAT1
GO_Biological_Process_2023,Ketone Body Metabolic Process (GO:1902224),1/6,0.6167349148490038,0.9999960968655396,0,0,1.154148323738571,0.557818331584967,ACSS3
GO_Biological_Process_2023,Leukotriene Transport (GO:0071716),1/6,0.6167349148490038,0.9999960968655396,0,0,1.154148323738571,0.557818331584967,ABCC6
GO_Biological_Process_2023,Lipid Hydroxylation (GO:0002933),1/6,0.6167349148490038,0.9999960968655396,0,0,1.154148323738571,0.557818331584967,CYP2E1
GO_Biological_Process_2023,Locomotor Rhythm (GO:0045475),1/6,0.6167349148490038,0.9999960968655396,0,0,1.154148323738571,0.557818331584967,USP2
GO_Biological_Process_2023,Mitotic Nuclear Membrane Disassembly (GO:0007077),1/6,0.6167349148490038,0.9999960968655396,0,0,1.154148323738571,0.557818331584967,PLK1
GO_Biological_Process_2023,"Negative Regulation Of CD4-positive, Alpha-Beta T Cell Proliferation (GO:2000562)",1/6,0.6167349148490038,0.9999960968655396,0,0,1.154148323738571,0.557818331584967,XCL1
GO_Biological_Process_2023,Negative Regulation Of RIG-I Signaling Pathway (GO:0039536),1/6,0.6167349148490038,0.9999960968655396,0,0,1.154148323738571,0.557818331584967,SEC14L1
GO_Biological_Process_2023,Negative Regulation Of Cardiocyte Differentiation (GO:1905208),1/6,0.6167349148490038,0.9999960968655396,0,0,1.154148323738571,0.557818331584967,FZD7
GO_Biological_Process_2023,Negative Regulation Of Catecholamine Secretion (GO:0033604),1/6,0.6167349148490038,0.9999960968655396,0,0,1.154148323738571,0.557818331584967,ADRA2B
GO_Biological_Process_2023,Negative Regulation Of Centriole Replication (GO:0046600),1/6,0.6167349148490038,0.9999960968655396,0,0,1.154148323738571,0.557818331584967,TRIM37
GO_Biological_Process_2023,Negative Regulation Of Dendritic Spine Development (GO:0061000),1/6,0.6167349148490038,0.9999960968655396,0,0,1.154148323738571,0.557818331584967,NGEF
GO_Biological_Process_2023,Negative Regulation Of Epidermal Cell Differentiation (GO:0045605),1/6,0.6167349148490038,0.9999960968655396,0,0,1.154148323738571,0.557818331584967,SRSF6
GO_Biological_Process_2023,Negative Regulation Of Glycogen Metabolic Process (GO:0070874),1/6,0.6167349148490038,0.9999960968655396,0,0,1.154148323738571,0.557818331584967,PASK
GO_Biological_Process_2023,Negative Regulation Of Lipoprotein Particle Clearance (GO:0010985),1/6,0.6167349148490038,0.9999960968655396,0,0,1.154148323738571,0.557818331584967,PCSK9
GO_Biological_Process_2023,Negative Regulation Of Low-Density Lipoprotein Receptor Activity (GO:1905598),1/6,0.6167349148490038,0.9999960968655396,0,0,1.154148323738571,0.557818331584967,PCSK9
GO_Biological_Process_2023,Negative Regulation Of Lymphocyte Differentiation (GO:0045620),1/6,0.6167349148490038,0.9999960968655396,0,0,1.154148323738571,0.557818331584967,INHBA
GO_Biological_Process_2023,Negative Regulation Of Meiotic Nuclear Division (GO:0045835),1/6,0.6167349148490038,0.9999960968655396,0,0,1.154148323738571,0.557818331584967,FBXO5
GO_Biological_Process_2023,Negative Regulation Of Membrane Protein Ectodomain Proteolysis (GO:0051045),1/6,0.6167349148490038,0.9999960968655396,0,0,1.154148323738571,0.557818331584967,PTPN3
GO_Biological_Process_2023,Negative Regulation Of Oligodendrocyte Differentiation (GO:0048715),1/6,0.6167349148490038,0.9999960968655396,0,0,1.154148323738571,0.557818331584967,TMEM98
GO_Biological_Process_2023,Negative Regulation Of Plasminogen Activation (GO:0010757),1/6,0.6167349148490038,0.9999960968655396,0,0,1.154148323738571,0.557818331584967,PLAU
GO_Biological_Process_2023,Negative Regulation Of Response To Type II Interferon (GO:0060331),1/6,0.6167349148490038,0.9999960968655396,0,0,1.154148323738571,0.557818331584967,PPARG
GO_Biological_Process_2023,Negative Regulation Of Retinoic Acid Receptor Signaling Pathway (GO:0048387),1/6,0.6167349148490038,0.9999960968655396,0,0,1.154148323738571,0.557818331584967,CYP26A1
GO_Biological_Process_2023,Negative Regulation Of Ruffle Assembly (GO:1900028),1/6,0.6167349148490038,0.9999960968655396,0,0,1.154148323738571,0.557818331584967,KANK1
GO_Biological_Process_2023,Negative Regulation Of Smooth Muscle Cell Apoptotic Process (GO:0034392),1/6,0.6167349148490038,0.9999960968655396,0,0,1.154148323738571,0.557818331584967,DNMT1
GO_Biological_Process_2023,Negative Regulation Of Telomere Capping (GO:1904354),1/6,0.6167349148490038,0.9999960968655396,0,0,1.154148323738571,0.557818331584967,RAD50
GO_Biological_Process_2023,Negative Regulation Of Type II Interferon-Mediated Signaling Pathway (GO:0060336),1/6,0.6167349148490038,0.9999960968655396,0,0,1.154148323738571,0.557818331584967,PPARG
GO_Biological_Process_2023,"Neurotransmitter Receptor Transport, Endosome To Postsynaptic Membrane (GO:0098887)",1/6,0.6167349148490038,0.9999960968655396,0,0,1.154148323738571,0.557818331584967,GRIP2
GO_Biological_Process_2023,Neurotrophin TRK Receptor Signaling Pathway (GO:0048011),1/6,0.6167349148490038,0.9999960968655396,0,0,1.154148323738571,0.557818331584967,CASP3
GO_Biological_Process_2023,Norepinephrine Biosynthetic Process (GO:0042421),1/6,0.6167349148490038,0.9999960968655396,0,0,1.154148323738571,0.557818331584967,HAND2
GO_Biological_Process_2023,Norepinephrine Transport (GO:0015874),1/6,0.6167349148490038,0.9999960968655396,0,0,1.154148323738571,0.557818331584967,SLC22A3
GO_Biological_Process_2023,"Nuclear-Transcribed mRNA Catabolic Process, Deadenylation-Independent Decay (GO:0031086)",1/6,0.6167349148490038,0.9999960968655396,0,0,1.154148323738571,0.557818331584967,PNRC2
GO_Biological_Process_2023,Peptide Transport (GO:0015833),1/6,0.6167349148490038,0.9999960968655396,0,0,1.154148323738571,0.557818331584967,DISP1
GO_Biological_Process_2023,Peptidyl-Arginine Modification (GO:0018195),1/6,0.6167349148490038,0.9999960968655396,0,0,1.154148323738571,0.557818331584967,NDUFAF5
GO_Biological_Process_2023,Pituitary Gland Development (GO:0021983),1/6,0.6167349148490038,0.9999960968655396,0,0,1.154148323738571,0.557818331584967,SALL1
GO_Biological_Process_2023,Placenta Blood Vessel Development (GO:0060674),1/6,0.6167349148490038,0.9999960968655396,0,0,1.154148323738571,0.557818331584967,HEY1
GO_Biological_Process_2023,Positive Regulation Of Blood Circulation (GO:1903524),1/6,0.6167349148490038,0.9999960968655396,0,0,1.154148323738571,0.557818331584967,HRC
GO_Biological_Process_2023,Positive Regulation Of Deacetylase Activity (GO:0090045),1/6,0.6167349148490038,0.9999960968655396,0,0,1.154148323738571,0.557818331584967,SIRT6
GO_Biological_Process_2023,Positive Regulation Of Gastrulation (GO:2000543),1/6,0.6167349148490038,0.9999960968655396,0,0,1.154148323738571,0.557818331584967,OTX2
GO_Biological_Process_2023,Positive Regulation Of Gliogenesis (GO:0014015),1/6,0.6167349148490038,0.9999960968655396,0,0,1.154148323738571,0.557818331584967,PRKCI
GO_Biological_Process_2023,Positive Regulation Of Immune Response To Tumor Cell (GO:0002839),1/6,0.6167349148490038,0.9999960968655396,0,0,1.154148323738571,0.557818331584967,HSPD1
GO_Biological_Process_2023,Positive Regulation Of Mitophagy In Response To Mitochondrial Depolarization (GO:0098779),1/6,0.6167349148490038,0.9999960968655396,0,0,1.154148323738571,0.557818331584967,MFN2
GO_Biological_Process_2023,Positive Regulation Of Necrotic Cell Death (GO:0010940),1/6,0.6167349148490038,0.9999960968655396,0,0,1.154148323738571,0.557818331584967,SLC6A6
GO_Biological_Process_2023,Positive Regulation Of Striated Muscle Contraction (GO:0045989),1/6,0.6167349148490038,0.9999960968655396,0,0,1.154148323738571,0.557818331584967,ATP2A1
GO_Biological_Process_2023,Positive Regulation Of Synaptic Plasticity (GO:0031915),1/6,0.6167349148490038,0.9999960968655396,0,0,1.154148323738571,0.557818331584967,CDC20
GO_Biological_Process_2023,Positive Regulation Of Toll-Like Receptor 3 Signaling Pathway (GO:0034141),1/6,0.6167349148490038,0.9999960968655396,0,0,1.154148323738571,0.557818331584967,TIRAP
GO_Biological_Process_2023,Positive Regulation Of Unsaturated Fatty Acid Biosynthetic Process (GO:2001280),1/6,0.6167349148490038,0.9999960968655396,0,0,1.154148323738571,0.557818331584967,ABCD2
GO_Biological_Process_2023,Protein Catabolic Process In The Vacuole (GO:0007039),1/6,0.6167349148490038,0.9999960968655396,0,0,1.154148323738571,0.557818331584967,TMEM199
GO_Biological_Process_2023,protein-DNA Covalent Cross-Linking Repair (GO:0106300),1/6,0.6167349148490038,0.9999960968655396,0,0,1.154148323738571,0.557818331584967,TRAIP
GO_Biological_Process_2023,rDNA Heterochromatin Formation (GO:0000183),1/6,0.6167349148490038,0.9999960968655396,0,0,1.154148323738571,0.557818331584967,BEND3
GO_Biological_Process_2023,Regulation Of MHC Class I Biosynthetic Process (GO:0045343),1/6,0.6167349148490038,0.9999960968655396,0,0,1.154148323738571,0.557818331584967,HSPH1
GO_Biological_Process_2023,Regulation Of T Cell Mediated Immune Response To Tumor Cell (GO:0002840),1/6,0.6167349148490038,0.9999960968655396,0,0,1.154148323738571,0.557818331584967,HSPD1
GO_Biological_Process_2023,Regulation Of TORC2 Signaling (GO:1903939),1/6,0.6167349148490038,0.9999960968655396,0,0,1.154148323738571,0.557818331584967,TELO2
GO_Biological_Process_2023,Regulation Of Aldosterone Biosynthetic Process (GO:0032347),1/6,0.6167349148490038,0.9999960968655396,0,0,1.154148323738571,0.557818331584967,CLCN2
GO_Biological_Process_2023,Regulation Of Anion Channel Activity (GO:0010359),1/6,0.6167349148490038,0.9999960968655396,0,0,1.154148323738571,0.557818331584967,GOPC
GO_Biological_Process_2023,Regulation Of Atrial Cardiac Muscle Cell Membrane Depolarization (GO:0060371),1/6,0.6167349148490038,0.9999960968655396,0,0,1.154148323738571,0.557818331584967,SCN2B
GO_Biological_Process_2023,Regulation Of Blood-Brain Barrier Permeability (GO:1905603),1/6,0.6167349148490038,0.9999960968655396,0,0,1.154148323738571,0.557818331584967,OCLN
GO_Biological_Process_2023,Regulation Of Cardiac Muscle Hypertrophy In Response To Stress (GO:1903242),1/6,0.6167349148490038,0.9999960968655396,0,0,1.154148323738571,0.557818331584967,PPARG
GO_Biological_Process_2023,Regulation Of Cellular Response To Hypoxia (GO:1900037),1/6,0.6167349148490038,0.9999960968655396,0,0,1.154148323738571,0.557818331584967,DDAH1
GO_Biological_Process_2023,Regulation Of Cortisol Biosynthetic Process (GO:2000064),1/6,0.6167349148490038,0.9999960968655396,0,0,1.154148323738571,0.557818331584967,DGKQ
GO_Biological_Process_2023,Regulation Of Histamine Secretion By Mast Cell (GO:1903593),1/6,0.6167349148490038,0.9999960968655396,0,0,1.154148323738571,0.557818331584967,SNX6
GO_Biological_Process_2023,Regulation Of Male Gonad Development (GO:2000018),1/6,0.6167349148490038,0.9999960968655396,0,0,1.154148323738571,0.557818331584967,DHX37
GO_Biological_Process_2023,Regulation Of Microglial Cell Migration (GO:1904139),1/6,0.6167349148490038,0.9999960968655396,0,0,1.154148323738571,0.557818331584967,CSF1
GO_Biological_Process_2023,Regulation Of Microtubule Binding (GO:1904526),1/6,0.6167349148490038,0.9999960968655396,0,0,1.154148323738571,0.557818331584967,GAS8
GO_Biological_Process_2023,Regulation Of Natural Killer Cell Chemotaxis (GO:2000501),1/6,0.6167349148490038,0.9999960968655396,0,0,1.154148323738571,0.557818331584967,XCL1
GO_Biological_Process_2023,Regulation Of Norepinephrine Secretion (GO:0014061),1/6,0.6167349148490038,0.9999960968655396,0,0,1.154148323738571,0.557818331584967,ADRA2B
GO_Biological_Process_2023,Regulation Of Nuclease Activity (GO:0032069),1/6,0.6167349148490038,0.9999960968655396,0,0,1.154148323738571,0.557818331584967,NEIL1
GO_Biological_Process_2023,Regulation Of Potassium Ion Export Across Plasma Membrane (GO:1903764),1/6,0.6167349148490038,0.9999960968655396,0,0,1.154148323738571,0.557818331584967,KCNE3
GO_Biological_Process_2023,Regulation Of Pyruvate Dehydrogenase Activity (GO:1904182),1/6,0.6167349148490038,0.9999960968655396,0,0,1.154148323738571,0.557818331584967,SIRT4
GO_Biological_Process_2023,Regulation Of Respiratory System Process (GO:0044065),1/6,0.6167349148490038,0.9999960968655396,0,0,1.154148323738571,0.557818331584967,MTG2
GO_Biological_Process_2023,Regulation Of Striated Muscle Cell Differentiation (GO:0051153),1/6,0.6167349148490038,0.9999960968655396,0,0,1.154148323738571,0.557818331584967,RBM24
GO_Biological_Process_2023,Regulation Of Striated Muscle Tissue Development (GO:0016202),1/6,0.6167349148490038,0.9999960968655396,0,0,1.154148323738571,0.557818331584967,CENPF
GO_Biological_Process_2023,Regulation Of Systemic Arterial Blood Pressure By Renin-Angiotensin (GO:0003081),1/6,0.6167349148490038,0.9999960968655396,0,0,1.154148323738571,0.557818331584967,ENPEP
GO_Biological_Process_2023,Regulation Of Toll-Like Receptor 7 Signaling Pathway (GO:0034155),1/6,0.6167349148490038,0.9999960968655396,0,0,1.154148323738571,0.557818331584967,SLC15A4
GO_Biological_Process_2023,Regulation Of Transforming Growth Factor Beta1 Production (GO:0032908),1/6,0.6167349148490038,0.9999960968655396,0,0,1.154148323738571,0.557818331584967,TSKU
GO_Biological_Process_2023,Regulation Of Vascular Associated Smooth Muscle Cell Differentiation (GO:1905063),1/6,0.6167349148490038,0.9999960968655396,0,0,1.154148323738571,0.557818331584967,KIT
GO_Biological_Process_2023,Release Of Sequestered Calcium Ion Into Cytosol By Sarcoplasmic Reticulum (GO:0014808),1/6,0.6167349148490038,0.9999960968655396,0,0,1.154148323738571,0.557818331584967,CCR5
GO_Biological_Process_2023,Response To Caffeine (GO:0031000),1/6,0.6167349148490038,0.9999960968655396,0,0,1.154148323738571,0.557818331584967,GSTM2
GO_Biological_Process_2023,Response To Increased Oxygen Levels (GO:0036296),1/6,0.6167349148490038,0.9999960968655396,0,0,1.154148323738571,0.557818331584967,TMEM199
GO_Biological_Process_2023,Retinal Rod Cell Differentiation (GO:0060221),1/6,0.6167349148490038,0.9999960968655396,0,0,1.154148323738571,0.557818331584967,RPGRIP1L
GO_Biological_Process_2023,Ribosomal Large Subunit Export From Nucleus (GO:0000055),1/6,0.6167349148490038,0.9999960968655396,0,0,1.154148323738571,0.557818331584967,XPO1
GO_Biological_Process_2023,Ribosomal Small Subunit Export From Nucleus (GO:0000056),1/6,0.6167349148490038,0.9999960968655396,0,0,1.154148323738571,0.557818331584967,XPO1
GO_Biological_Process_2023,Serine Transport (GO:0032329),1/6,0.6167349148490038,0.9999960968655396,0,0,1.154148323738571,0.557818331584967,SLC38A5
GO_Biological_Process_2023,Skeletal Muscle Thin Filament Assembly (GO:0030240),1/6,0.6167349148490038,0.9999960968655396,0,0,1.154148323738571,0.557818331584967,PROX1
GO_Biological_Process_2023,Spinal Cord Dorsal/Ventral Patterning (GO:0021513),1/6,0.6167349148490038,0.9999960968655396,0,0,1.154148323738571,0.557818331584967,DLL4
GO_Biological_Process_2023,tRNA 3'-End Processing (GO:0042780),1/6,0.6167349148490038,0.9999960968655396,0,0,1.154148323738571,0.557818331584967,TRMT10C
GO_Biological_Process_2023,Tubulin Complex Assembly (GO:0007021),1/6,0.6167349148490038,0.9999960968655396,0,0,1.154148323738571,0.557818331584967,TBCC
GO_Biological_Process_2023,Type B Pancreatic Cell Development (GO:0003323),1/6,0.6167349148490038,0.9999960968655396,0,0,1.154148323738571,0.557818331584967,DLL1
GO_Biological_Process_2023,Vascular Associated Smooth Muscle Cell Development (GO:0097084),1/6,0.6167349148490038,0.9999960968655396,0,0,1.154148323738571,0.557818331584967,RAMP2
GO_Biological_Process_2023,Very Long-Chain Fatty Acid Catabolic Process (GO:0042760),1/6,0.6167349148490038,0.9999960968655396,0,0,1.154148323738571,0.557818331584967,ABCD2
GO_Biological_Process_2023,Vesicle Fusion With Golgi Apparatus (GO:0048280),1/6,0.6167349148490038,0.9999960968655396,0,0,1.154148323738571,0.557818331584967,YIPF7
GO_Biological_Process_2023,Vitamin A Metabolic Process (GO:0006776),1/6,0.6167349148490038,0.9999960968655396,0,0,1.154148323738571,0.557818331584967,LRAT
GO_Biological_Process_2023,Zinc Ion Import Into Organelle (GO:0062111),1/6,0.6167349148490038,0.9999960968655396,0,0,1.154148323738571,0.557818331584967,SLC30A5
GO_Biological_Process_2023,Histone H2A Acetylation (GO:0043968),3/21,0.6184438316159299,0.9999960968655396,0,0,0.9617078956286004,0.462147676320624,RUVBL2;RUVBL1;DMAP1
GO_Biological_Process_2023,Modulation By Symbiont Of Entry Into Host (GO:0052372),3/21,0.6184438316159299,0.9999960968655396,0,0,0.9617078956286004,0.462147676320624,TRIM68;HS3ST6;TRIM21
GO_Biological_Process_2023,Negative Regulation Of miRNA Metabolic Process (GO:2000629),3/21,0.6184438316159299,0.9999960968655396,0,0,0.9617078956286004,0.462147676320624,PPARG;ESR1;NFATC4
GO_Biological_Process_2023,Negative Regulation Of Reactive Oxygen Species Metabolic Process (GO:2000378),3/21,0.6184438316159299,0.9999960968655396,0,0,0.9617078956286004,0.462147676320624,ABCD2;SIRT5;ABCD1
GO_Biological_Process_2023,Negative Regulation Of Tumor Necrosis Factor-Mediated Signaling Pathway (GO:0010804),3/21,0.6184438316159299,0.9999960968655396,0,0,0.9617078956286004,0.462147676320624,XIAP;GAS6;TRAIP
GO_Biological_Process_2023,Outer Dynein Arm Assembly (GO:0036158),3/21,0.6184438316159299,0.9999960968655396,0,0,0.9617078956286004,0.462147676320624,ODAD3;ZMYND10;DNAI1
GO_Biological_Process_2023,Peptide Catabolic Process (GO:0043171),3/21,0.6184438316159299,0.9999960968655396,0,0,0.9617078956286004,0.462147676320624,ENPEP;MME;ERAP1
GO_Biological_Process_2023,poly(A)+ mRNA Export From Nucleus (GO:0016973),3/21,0.6184438316159299,0.9999960968655396,0,0,0.9617078956286004,0.462147676320624,PCID2;HHEX;NUP133
GO_Biological_Process_2023,Positive Regulation Of Amyloid Precursor Protein Catabolic Process (GO:1902993),3/21,0.6184438316159299,0.9999960968655396,0,0,0.9617078956286004,0.462147676320624,CASP3;GSAP;ABCG1
GO_Biological_Process_2023,Positive Regulation Of Granulocyte Chemotaxis (GO:0071624),3/21,0.6184438316159299,0.9999960968655396,0,0,0.9617078956286004,0.462147676320624,MOSPD2;XCL1;TIRAP
GO_Biological_Process_2023,Positive Regulation Of Signal Transduction By P53 Class Mediator (GO:1901798),3/21,0.6184438316159299,0.9999960968655396,0,0,0.9617078956286004,0.462147676320624,HEXIM1;GET1;HIC1
GO_Biological_Process_2023,Retrotransposon Silencing (GO:0010526),3/21,0.6184438316159299,0.9999960968655396,0,0,0.9617078956286004,0.462147676320624,MOV10;SIRT6;UBR2
GO_Biological_Process_2023,Signal Transduction In Response To DNA Damage (GO:0042770),8/57,0.6191595865213463,0.9999960968655396,0,0,0.9419621208972389,0.4515693180223267,H2AX;UFL1;DTX3L;USP10;HUS1;PARP9;BID;MAP2K6
GO_Biological_Process_2023,Pyruvate Metabolic Process (GO:0006090),7/50,0.6218295212458478,0.9999960968655396,0,0,0.9392365906203392,0.4462212594520635,PFKFB1;PKLR;ME1;GAPDHS;ALDOC;DLAT;GCK
GO_Biological_Process_2023,Regulation Of Mitochondrion Organization (GO:0010821),7/50,0.6218295212458478,0.9999960968655396,0,0,0.9392365906203392,0.4462212594520635,SREBF1;TMEM102;HAX1;STAT2;MIEF2;OMA1;MYO19
GO_Biological_Process_2023,Intracellular Glucose Homeostasis (GO:0001678),6/43,0.6255450031209664,0.9999960968655396,0,0,0.9356228684586894,0.4389306314812629,XBP1;GAS6;CYP7A1;SOX4;GCK;FOXA3
GO_Biological_Process_2023,Intracellular Steroid Hormone Receptor Signaling Pathway (GO:0030518),6/43,0.6255450031209664,0.9999960968655396,0,0,0.9356228684586894,0.4389306314812629,DDX17;RBFOX2;RNF14;NEDD4;TADA3;ESR1
GO_Biological_Process_2023,Regulation Of JUN Kinase Activity (GO:0043506),6/43,0.6255450031209664,0.9999960968655396,0,0,0.9356228684586894,0.4389306314812629,DNAJA1;WNT5A;DVL2;MAP3K13;PPEF2;MAP3K4
GO_Biological_Process_2023,Regulation Of Cellular Response To Stress (GO:0080135),15/107,0.6284320792091853,0.9999960968655396,0,0,0.94053730195127,0.4369052768211792,DYRK3;TAF12;SUPT7L;WDR76;TADA2B;ETAA1;RAD51;TMEM98;RUVBL2;CHORDC1;RUVBL1;TADA3;AJUBA;SOX4;POLH
GO_Biological_Process_2023,Protein Complex Oligomerization (GO:0051259),14/100,0.6290500615925655,0.9999960968655396,0,0,0.939091915836102,0.4353108327332536,PNPT1;SHMT2;SLC31A1;TWNK;FOXM1;CLDN1;TMEM70;ALAD;RNF135;NLRP6;ZNHIT6;BEND3;AQP11;ECT2
GO_Biological_Process_2023,"DNA Damage Response, Signal Transduction By P53 Class Mediator (GO:0030330)",5/36,0.63082970966268,0.9999960968655396,0,0,0.9306052352355636,0.4287478173222097,PIDD1;TFAP4;USP10;CASP2;FOXM1
GO_Biological_Process_2023,Neural Crest Cell Migration (GO:0001755),5/36,0.63082970966268,0.9999960968655396,0,0,0.9306052352355636,0.4287478173222097,SEMA4A;SEMA6C;SHH;FN1;SEMA4G
GO_Biological_Process_2023,Positive Regulation Of Interferon-Beta Production (GO:0032728),5/36,0.63082970966268,0.9999960968655396,0,0,0.9306052352355636,0.4287478173222097,RNF135;MAVS;IRF3;POLR3G;RIGI
GO_Biological_Process_2023,Regulation Of Glucose Import (GO:0046324),5/36,0.63082970966268,0.9999960968655396,0,0,0.9306052352355636,0.4287478173222097,PRKCI;OCLN;IRS1;CAPN10;CREBL2
GO_Biological_Process_2023,Positive Regulation Of Catabolic Process (GO:0009896),11/79,0.632353971007044,0.9999960968655396,0,0,0.9332114089264656,0.4276963515045035,DCAF1;APC2;CSNK2A1;NEDD4;WNT5A;RDX;ANGPTL3;ASB11;RILP;TRIM32;NKD1
GO_Biological_Process_2023,Positive Regulation Of Cytoskeleton Organization (GO:0051495),11/79,0.632353971007044,0.9999960968655396,0,0,0.9332114089264656,0.4276963515045035,GPSM2;CCL24;NUMA1;KATNBL1;CENPJ;SASS6;PDXP;PROX1;MTSS1;LMOD2;PLXNA3
GO_Biological_Process_2023,Negative Regulation Of Catabolic Process (GO:0009895),10/72,0.6341516687339185,0.9999960968655396,0,0,0.9304873772791024,0.4238064133903307,TIGAR;CSNK2A1;PDE3B;AZIN2;SIRT6;HMGCR;RILP;AZIN1;BANP;MAD2L1
GO_Biological_Process_2023,Protein Targeting To Membrane (GO:0006612),10/72,0.6341516687339185,0.9999960968655396,0,0,0.9304873772791024,0.4238064133903307,ATG3;TRAM1;PRKCI;RTP3;ZDHHC9;SSR2;ZDHHC24;SSR1;GOLGA7;YIF1B
GO_Biological_Process_2023,"RNA Phosphodiester Bond Hydrolysis, Endonucleolytic (GO:0090502)",2/14,0.6344108105529662,0.9999960968655396,0,0,0.961720867208672,0.437639320852042,LACTB2;ZC3H12B
GO_Biological_Process_2023,Calcium Ion-Regulated Exocytosis Of Neurotransmitter (GO:0048791),2/14,0.6344108105529662,0.9999960968655396,0,0,0.961720867208672,0.437639320852042,SYT5;RIMS4
GO_Biological_Process_2023,Cellular Response To ATP (GO:0071318),2/14,0.6344108105529662,0.9999960968655396,0,0,0.961720867208672,0.437639320852042,P2RY1;PDXP
GO_Biological_Process_2023,Cellular Response To Exogenous dsRNA (GO:0071360),2/14,0.6344108105529662,0.9999960968655396,0,0,0.961720867208672,0.437639320852042,MAVS;RIGI
GO_Biological_Process_2023,Detection Of Mechanical Stimulus Involved In Sensory Perception (GO:0050974),2/14,0.6344108105529662,0.9999960968655396,0,0,0.961720867208672,0.437639320852042,MKKS;KIT
GO_Biological_Process_2023,Establishment Of Protein Localization To Chromosome (GO:0070199),2/14,0.6344108105529662,0.9999960968655396,0,0,0.961720867208672,0.437639320852042,TERT;RUVBL2
GO_Biological_Process_2023,Glucosamine-Containing Compound Metabolic Process (GO:1901071),2/14,0.6344108105529662,0.9999960968655396,0,0,0.961720867208672,0.437639320852042,EXTL2;CHST7
GO_Biological_Process_2023,Membrane Raft Organization (GO:0031579),2/14,0.6344108105529662,0.9999960968655396,0,0,0.961720867208672,0.437639320852042,NPC1;EMP2
GO_Biological_Process_2023,Membrane Repolarization During Cardiac Muscle Cell Action Potential (GO:0086013),2/14,0.6344108105529662,0.9999960968655396,0,0,0.961720867208672,0.437639320852042,KCNE1;KCNN2
GO_Biological_Process_2023,Microvillus Assembly (GO:0030033),2/14,0.6344108105529662,0.9999960968655396,0,0,0.961720867208672,0.437639320852042,SLC9A3R1;RAP2A
GO_Biological_Process_2023,Negative Regulation Of Androgen Receptor Signaling Pathway (GO:0060766),2/14,0.6344108105529662,0.9999960968655396,0,0,0.961720867208672,0.437639320852042,TCF21;NODAL
GO_Biological_Process_2023,Negative Regulation Of Chondrocyte Differentiation (GO:0032331),2/14,0.6344108105529662,0.9999960968655396,0,0,0.961720867208672,0.437639320852042,SNAI2;RFLNA
GO_Biological_Process_2023,Negative Regulation Of Cilium Assembly (GO:1902018),2/14,0.6344108105529662,0.9999960968655396,0,0,0.961720867208672,0.437639320852042,TCHP;TBC1D7
GO_Biological_Process_2023,Negative Regulation Of Peptidyl-Threonine Phosphorylation (GO:0010801),2/14,0.6344108105529662,0.9999960968655396,0,0,0.961720867208672,0.437639320852042,DGKQ;PPEF2
GO_Biological_Process_2023,Negative Regulation Of Single Stranded Viral RNA Replication Via Double Stranded DNA Intermediate (GO:0045869),2/14,0.6344108105529662,0.9999960968655396,0,0,0.961720867208672,0.437639320852042,SETDB1;TASOR
GO_Biological_Process_2023,Negative Regulation Of Transcription Regulatory Region DNA Binding (GO:2000678),2/14,0.6344108105529662,0.9999960968655396,0,0,0.961720867208672,0.437639320852042,PER2;HEY1
GO_Biological_Process_2023,Positive Regulation Of Telomerase RNA Localization To Cajal Body (GO:1904874),2/14,0.6344108105529662,0.9999960968655396,0,0,0.961720867208672,0.437639320852042,RUVBL2;RUVBL1
GO_Biological_Process_2023,Positive Regulation Of Telomere Maintenance In Response To DNA Damage (GO:1904507),2/14,0.6344108105529662,0.9999960968655396,0,0,0.961720867208672,0.437639320852042,RUVBL2;RUVBL1
GO_Biological_Process_2023,Positive Regulation Of Transcription From RNA Polymerase II Promoter Involved In Cellular Response To Chemical Stimulus (GO:1901522),2/14,0.6344108105529662,0.9999960968655396,0,0,0.961720867208672,0.437639320852042,XBP1;SMAD9
GO_Biological_Process_2023,Post-Translational Protein Targeting To Endoplasmic Reticulum Membrane (GO:0006620),2/14,0.6344108105529662,0.9999960968655396,0,0,0.961720867208672,0.437639320852042,HYOU1;SEC61B
GO_Biological_Process_2023,Primary Alcohol Metabolic Process (GO:0034308),2/14,0.6344108105529662,0.9999960968655396,0,0,0.961720867208672,0.437639320852042,ALDH3A2;PECR
GO_Biological_Process_2023,Protein Maturation By Iron-Sulfur Cluster Transfer (GO:0097428),2/14,0.6344108105529662,0.9999960968655396,0,0,0.961720867208672,0.437639320852042,CIAO2B;CIAO1
GO_Biological_Process_2023,Regulation Of Cell Fate Specification (GO:0042659),2/14,0.6344108105529662,0.9999960968655396,0,0,0.961720867208672,0.437639320852042,HDAC2;RBBP4
GO_Biological_Process_2023,Regulation Of Cholesterol Storage (GO:0010885),2/14,0.6344108105529662,0.9999960968655396,0,0,0.961720867208672,0.437639320852042,PPARG;ABCG1
GO_Biological_Process_2023,Regulation Of Establishment Of Protein Localization (GO:0070201),2/14,0.6344108105529662,0.9999960968655396,0,0,0.961720867208672,0.437639320852042,DNAJA1;PTP4A3
GO_Biological_Process_2023,Regulation Of Leukocyte Activation (GO:0002694),2/14,0.6344108105529662,0.9999960968655396,0,0,0.961720867208672,0.437639320852042,MFHAS1;SHPK
GO_Biological_Process_2023,Regulation Of Sequestering Of Triglyceride (GO:0010889),2/14,0.6344108105529662,0.9999960968655396,0,0,0.961720867208672,0.437639320852042,FITM1;PPARG
GO_Biological_Process_2023,Striated Muscle Cell Development (GO:0055002),2/14,0.6344108105529662,0.9999960968655396,0,0,0.961720867208672,0.437639320852042,TMOD4;LMOD2
GO_Biological_Process_2023,Synaptic Vesicle Membrane Organization (GO:0048499),2/14,0.6344108105529662,0.9999960968655396,0,0,0.961720867208672,0.437639320852042,SNAP47;SNAP29
GO_Biological_Process_2023,Telomere Capping (GO:0016233),2/14,0.6344108105529662,0.9999960968655396,0,0,0.961720867208672,0.437639320852042,RAD50;TERF2IP
GO_Biological_Process_2023,Canonical Wnt Signaling Pathway (GO:0060070),9/65,0.636465023625299,0.9999960968655396,0,0,0.9271768130002426,0.4189224178791758,WNT5B;FZD4;FZD7;WNT5A;TCF7;DIXDC1;WNT9B;DVL2;BCL9L
GO_Biological_Process_2023,Cellular Response To Light Stimulus (GO:0071482),9/65,0.636465023625299,0.9999960968655396,0,0,0.9271768130002426,0.4189224178791758,OPN1SW;DMBT1;PARP1;RUVBL2;POLD1;NEDD4;METTL3;TENT4A;AURKB
GO_Biological_Process_2023,Positive Regulation Of DNA Biosynthetic Process (GO:2000573),9/65,0.636465023625299,0.9999960968655396,0,0,0.9271768130002426,0.4189224178791758,GINS2;RFC3;RFC4;NVL;XRCC5;CHTF18;MAP3K4;AURKB;WRAP53
GO_Biological_Process_2023,RNA-mediated Gene Silencing (GO:0031047),4/29,0.6386383619837502,0.9999960968655396,0,0,0.9231728813559322,0.4139663479308119,HEXIM1;MOV10;AGO1;DICER1
GO_Biological_Process_2023,Alpha-Amino Acid Metabolic Process (GO:1901605),4/29,0.6386383619837502,0.9999960968655396,0,0,0.9231728813559322,0.4139663479308119,DDAH1;MTHFD1;KYAT3;KYAT1
GO_Biological_Process_2023,mRNA Splice Site Recognition (GO:0006376),4/29,0.6386383619837502,0.9999960968655396,0,0,0.9231728813559322,0.4139663479308119,SF3A3;SRSF1;CELF6;SRSF6
GO_Biological_Process_2023,Negative Regulation Of Plasma Membrane Bounded Cell Projection Assembly (GO:0120033),4/29,0.6386383619837502,0.9999960968655396,0,0,0.9231728813559322,0.4139663479308119,TCHP;KANK1;TBC1D7;CCP110
GO_Biological_Process_2023,Protein Insertion Into ER Membrane (GO:0045048),4/29,0.6386383619837502,0.9999960968655396,0,0,0.9231728813559322,0.4139663479308119,TRAM1;GET1;EMC9;NOMO1
GO_Biological_Process_2023,Regulation Of Monoatomic Ion Transmembrane Transport (GO:0034765),4/29,0.6386383619837502,0.9999960968655396,0,0,0.9231728813559322,0.4139663479308119,KCNJ10;NEDD4;KCNJ15;KCNJ16
GO_Biological_Process_2023,Regulation Of Protein Modification By Small Protein Conjugation Or Removal (GO:1903320),4/29,0.6386383619837502,0.9999960968655396,0,0,0.9231728813559322,0.4139663479308119,DNAJB2;COPS7B;DCUN1D2;HSPA1B
GO_Biological_Process_2023,Response To Interferon-Beta (GO:0035456),4/29,0.6386383619837502,0.9999960968655396,0,0,0.9231728813559322,0.4139663479308119,BST2;PNPT1;STAT1;IKBKE
GO_Biological_Process_2023,Response To Steroid Hormone (GO:0048545),4/29,0.6386383619837502,0.9999960968655396,0,0,0.9231728813559322,0.4139663479308119,PAQR7;ATP1A3;HSPA1B;SOX30
GO_Biological_Process_2023,Inorganic Anion Transport (GO:0015698),8/58,0.6394585499425403,0.9999960968655396,0,0,0.9230685675492192,0.4127348575790504,SLC26A1;RACGAP1;CLCNKA;SLC17A1;SLC25A11;CLCN2;SLC17A3;SLC26A6
GO_Biological_Process_2023,Muscle Organ Development (GO:0007517),8/58,0.6394585499425403,0.9999960968655396,0,0,0.9230685675492192,0.4127348575790504,COPRS;EVC;CTF1;DES;TCF21;CAPN3;MKX;VAMP5
GO_Biological_Process_2023,Positive Regulation Of Macromolecule Biosynthetic Process (GO:0010557),17/122,0.6416918995646835,0.9999960968655396,0,0,0.9338878350114304,0.4143165341956894,XBP1;CIITA;IRS1;METTL3;PASK;GCK;EPM2AIP1;METTL14;HSPH1;PPP1R3E;NAMPT;RFX5;ERBB2;PRR16;PLXNB2;OGT;SOX4
GO_Biological_Process_2023,Glycerophospholipid Biosynthetic Process (GO:0046474),15/108,0.6432868189314174,0.9999960968655396,0,0,0.9303691183088388,0.4104459111338622,VAC14;SLC44A3;SLC44A1;SACM1L;AGPAT1;SELENOI;MTMR7;GNPAT;PTDSS2;LIPC;IMPA1;GPAM;DGKQ;PNPLA3;CEPT1
GO_Biological_Process_2023,Positive Regulation Of Metabolic Process (GO:0009893),15/108,0.6432868189314174,0.9999960968655396,0,0,0.9303691183088388,0.4104459111338622,HDAC3;DIO2;IL18;ELOVL6;SIRT6;OMA1;PRLR;ADIPOR2;PER2;GATM;ADRB3;FABP5;MFN2;CD36;OGT
GO_Biological_Process_2023,SMAD Protein Signal Transduction (GO:0060395),7/51,0.6433758073384025,0.9999960968655396,0,0,0.9178363204491472,0.4047899253547477,GDF11;LEFTY1;GDF2;SMAD9;INHBA;INHBC;NODAL
GO_Biological_Process_2023,Positive Regulation Of Protein Localization To Cell Periphery (GO:1904377),7/51,0.6433758073384025,0.9999960968655396,0,0,0.9178363204491472,0.4047899253547477,GPSM2;PRKCI;NUMA1;CNPY4;RANGRF;AKAP5;PLS1
GO_Biological_Process_2023,Extracellular Matrix Disassembly (GO:0022617),6/44,0.6485948419355171,0.9999960968655396,0,0,0.9109476540741268,0.3943920883794974,MMP11;MMP13;EXOC8;MMP15;MMP19;ELANE
GO_Biological_Process_2023,Negative Regulation Of Immune System Process (GO:0002683),6/44,0.6485948419355171,0.9999960968655396,0,0,0.9109476540741268,0.3943920883794974,LRRC14;MFHAS1;COL3A1;TSC22D3;FADD;LGR4
GO_Biological_Process_2023,Positive Regulation Of Biosynthetic Process (GO:0009891),6/44,0.6485948419355171,0.9999960968655396,0,0,0.9109476540741268,0.3943920883794974,MLXIPL;HDAC2;MLST8;SIRT4;CREBL2;CD36
GO_Biological_Process_2023,Regulation Of Viral Entry Into Host Cell (GO:0046596),6/44,0.6485948419355171,0.9999960968655396,0,0,0.9109476540741268,0.3943920883794974,LRRC15;CIITA;LGALS1;TRIM68;HS3ST6;TRIM21
GO_Biological_Process_2023,Cellular Response To Low-Density Lipoprotein Particle Stimulus (GO:0071404),3/22,0.6509402693465817,0.9999960968655396,0,0,0.9110381850933672,0.3911427594379288,PPARG;CD36;TICAM1
GO_Biological_Process_2023,Dendritic Cell Differentiation (GO:0097028),3/22,0.6509402693465817,0.9999960968655396,0,0,0.9110381850933672,0.3911427594379288,UBD;PRTN3;GAS6
GO_Biological_Process_2023,Glucose Transmembrane Transport (GO:1904659),3/22,0.6509402693465817,0.9999960968655396,0,0,0.9110381850933672,0.3911427594379288,SLC2A9;SLC2A2;SLC2A4
GO_Biological_Process_2023,Hexose Transmembrane Transport (GO:0008645),3/22,0.6509402693465817,0.9999960968655396,0,0,0.9110381850933672,0.3911427594379288,SLC2A9;SLC2A2;SLC2A4
GO_Biological_Process_2023,Inositol Phosphate Metabolic Process (GO:0043647),3/22,0.6509402693465817,0.9999960968655396,0,0,0.9110381850933672,0.3911427594379288,IPPK;INPP5B;NUDT11
GO_Biological_Process_2023,Membrane Protein Ectodomain Proteolysis (GO:0006509),3/22,0.6509402693465817,0.9999960968655396,0,0,0.9110381850933672,0.3911427594379288,BACE1;ERAP1;PRTN3
GO_Biological_Process_2023,Negative Regulation Of Extrinsic Apoptotic Signaling Pathway In Absence Of Ligand (GO:2001240),3/22,0.6509402693465817,0.9999960968655396,0,0,0.9110381850933672,0.3911427594379288,TERT;SNAI2;HSPA1B
GO_Biological_Process_2023,Negative Regulation Of Macroautophagy (GO:0016242),3/22,0.6509402693465817,0.9999960968655396,0,0,0.9110381850933672,0.3911427594379288,RUBCN;TMEM39A;UBQLN4
GO_Biological_Process_2023,Negative Regulation Of Signal Transduction In Absence Of Ligand (GO:1901099),3/22,0.6509402693465817,0.9999960968655396,0,0,0.9110381850933672,0.3911427594379288,TERT;SNAI2;HSPA1B
GO_Biological_Process_2023,peptidyl-L-cysteine S-palmitoylation (GO:0018230),3/22,0.6509402693465817,0.9999960968655396,0,0,0.9110381850933672,0.3911427594379288,ZDHHC9;ZDHHC24;GOLGA7
GO_Biological_Process_2023,peptidyl-S-diacylglycerol-L-cysteine Biosynthetic Process From Peptidyl-Cysteine (GO:0018231),3/22,0.6509402693465817,0.9999960968655396,0,0,0.9110381850933672,0.3911427594379288,ZDHHC9;ZDHHC24;GOLGA7
GO_Biological_Process_2023,Positive Regulation Of Cholesterol Efflux (GO:0010875),3/22,0.6509402693465817,0.9999960968655396,0,0,0.9110381850933672,0.3911427594379288,PTCH1;PON1;PPARG
GO_Biological_Process_2023,Positive Regulation Of Viral Life Cycle (GO:1903902),3/22,0.6509402693465817,0.9999960968655396,0,0,0.9110381850933672,0.3911427594379288,LGALS1;KPNA6;KPNA2
GO_Biological_Process_2023,Postreplication Repair (GO:0006301),3/22,0.6509402693465817,0.9999960968655396,0,0,0.9110381850933672,0.3911427594379288,USP10;PCLAF;POLI
GO_Biological_Process_2023,Protein Neddylation (GO:0045116),3/22,0.6509402693465817,0.9999960968655396,0,0,0.9110381850933672,0.3911427594379288,UBA3;COPS7B;DCUN1D2
GO_Biological_Process_2023,Regulation Of Cardiac Muscle Cell Membrane Repolarization (GO:0099623),3/22,0.6509402693465817,0.9999960968655396,0,0,0.9110381850933672,0.3911427594379288,KCNE1;KCNE3;SCN4B
GO_Biological_Process_2023,Regulation Of Histone Acetylation (GO:0035065),3/22,0.6509402693465817,0.9999960968655396,0,0,0.9110381850933672,0.3911427594379288,NFYA;NFYB;BAZ1B
GO_Biological_Process_2023,Regulation Of Neural Precursor Cell Proliferation (GO:2000177),3/22,0.6509402693465817,0.9999960968655396,0,0,0.9110381850933672,0.3911427594379288,DLL4;PROX1;SHCBP1
GO_Biological_Process_2023,Regulation Of Telomere Capping (GO:1904353),3/22,0.6509402693465817,0.9999960968655396,0,0,0.9110381850933672,0.3911427594379288,RAD50;AURKB;MAP3K4
GO_Biological_Process_2023,Regulation Of Cell Differentiation (GO:0045595),27/193,0.6513623692833087,0.9999960968655396,0,0,0.9380055239749568,0.402112797140455,GCM1;PHLDB1;HDAC2;SMARCD2;SMARCB1;OR10J5;CSF1;RORC;NREP;DLL1;SHH;HEY1;BCL7A;RBBP4;CDK5RAP1;DPF3;FADS1;DDX17;APC2;UQCC2;EMP2;SMARCA2;SLC6A6;APLF;SNAI2;PDCD2;PHLDB2
GO_Biological_Process_2023,Regulation Of Rho Protein Signal Transduction (GO:0035023),10/73,0.6520091369346058,0.9999960968655396,0,0,0.9156638198757764,0.3916263972295714,KANK2;KANK1;COL3A1;LPAR6;STARD8;STMN1;KCTD13;DYNLL1;MET;ABRA
GO_Biological_Process_2023,Negative Regulation Of Endothelial Cell Migration (GO:0010596),5/37,0.655739408110373,0.9999960968655396,0,0,0.9014708375720584,0.3804133128381983,DLL4;DNAJA4;GDF2;PPARG;NR2F2
GO_Biological_Process_2023,Positive Regulation Of Receptor Signaling Pathway Via STAT (GO:1904894),5/37,0.655739408110373,0.9999960968655396,0,0,0.9014708375720584,0.3804133128381983,GHR;CENPJ;KIT;TYK2;OCIAD2
GO_Biological_Process_2023,Regulation Of Defense Response To Virus By Host (GO:0050691),5/37,0.655739408110373,0.9999960968655396,0,0,0.9014708375720584,0.3804133128381983,MAVS;DTX3L;STAT1;PARP9;RIGI
GO_Biological_Process_2023,Spliceosomal snRNP Assembly (GO:0000387),5/37,0.655739408110373,0.9999960968655396,0,0,0.9014708375720584,0.3804133128381983,PRPF3;GEMIN6;SNRPD3;PRPF8;LSM2
GO_Biological_Process_2023,Ventricular Septum Development (GO:0003281),5/37,0.655739408110373,0.9999960968655396,0,0,0.9014708375720584,0.3804133128381983,SALL1;HEY1;PROX1;SOX4;STRA6
GO_Biological_Process_2023,Regulation Of Proteasomal Ubiquitin-Dependent Protein Catabolic Process (GO:0032434),15/109,0.6578323317297303,0.9999960968655396,0,0,0.9204172789992254,0.3854755381305345,DET1;CEBPA;RNF14;PLK1;AXIN2;FBXO22;DNAJB2;UFL1;RNF144B;XPO1;CDK2;BBS7;OGT;UBQLN4;HSPA1B
GO_Biological_Process_2023,Negative Regulation Of Cytokine-Mediated Signaling Pathway (GO:0001960),8/59,0.6591333196707789,0.9999960968655396,0,0,0.9049159378619064,0.3771956207427853,SIGIRR;STAT2;METTL3;XIAP;PPARG;TTLL12;GAS6;TRAIP
GO_Biological_Process_2023,Positive Regulation Of Proteolysis (GO:0045862),8/59,0.6591333196707789,0.9999960968655396,0,0,0.9049159378619064,0.3771956207427853,HDAC2;ANGPTL8;PLK1;CAPN3;PACSIN3;FADD;OGT;TRIM32
GO_Biological_Process_2023,Regulation Of Cell Death (GO:0010941),8/59,0.6591333196707789,0.9999960968655396,0,0,0.9049159378619064,0.3771956207427853,NOA1;CCN6;CCN5;DHCR24;AXIN2;PRODH;CRYAB;HSPA1B
GO_Biological_Process_2023,Positive Regulation Of B Cell Activation (GO:0050871),7/52,0.6641875732210827,0.9999960968655396,0,0,0.8973871733966746,0.3672024673533682,XBP1;KMT5C;IL7;SHLD2;SHLD1;TRAPPC13;TIRAP
GO_Biological_Process_2023,Positive Regulation Of Telomere Maintenance (GO:0032206),7/52,0.6641875732210827,0.9999960968655396,0,0,0.8973871733966746,0.3672024673533682,RAD50;RUVBL2;RUVBL1;TERF2IP;SIRT6;MAP3K4;AURKB
GO_Biological_Process_2023,Positive Regulation Of Transcription Initiation By RNA Polymerase II (GO:0060261),7/52,0.6641875732210827,0.9999960968655396,0,0,0.8973871733966746,0.3672024673533682,MED11;MED22;TAF12;MED21;MED19;HNF1B;MED18
GO_Biological_Process_2023,Negative Regulation Of Axon Extension (GO:0030517),4/30,0.6659267608324644,0.9999960968655396,0,0,0.8876140808344198,0.3608822125795745,SEMA4A;SEMA6C;RNF6;SEMA4G
GO_Biological_Process_2023,Negative Regulation Of Carbohydrate Metabolic Process (GO:0045912),4/30,0.6659267608324644,0.9999960968655396,0,0,0.8876140808344198,0.3608822125795745,TIGAR;SIRT6;PGPEP1;GCK
GO_Biological_Process_2023,Positive Regulation Of JUN Kinase Activity (GO:0043507),4/30,0.6659267608324644,0.9999960968655396,0,0,0.8876140808344198,0.3608822125795745,WNT5A;DVL2;MAP3K13;MAP3K4
GO_Biological_Process_2023,Positive Regulation Of Lipid Kinase Activity (GO:0090218),4/30,0.6659267608324644,0.9999960968655396,0,0,0.8876140808344198,0.3608822125795745,IRS1;EEF1A2;KIT;TNFAIP8L3
GO_Biological_Process_2023,Positive Regulation Of Growth (GO:0045927),11/81,0.6661406856022744,0.9999960968655396,0,0,0.9064414348818018,0.3682458132017402,SUPV3L1;EXOSC4;CSNK2A1;BRAT1;ERBB2;MLST8;DERL2;DNPH1;EXOSC2;CEP43;TRIM32
GO_Biological_Process_2023,Regulation Of Interleukin-8 Production (GO:0032677),11/81,0.6661406856022744,0.9999960968655396,0,0,0.9064414348818018,0.3682458132017402,CRP;MAVS;ANXA4;GDF2;SSC5D;FADD;TLR5;TIRAP;ELANE;HSPA1B;RIGI
GO_Biological_Process_2023,Regulation Of DNA Metabolic Process (GO:0051052),17/124,0.6688966137060169,0.9999960968655396,0,0,0.9163237966136212,0.3684774116890272,UPF1;TAF12;XRCC5;ESCO2;SUPT7L;TOM1L1;TADA2B;CCNA2;TMEM98;RUVBL2;RUVBL1;TADA3;TERF2IP;FBXO5;MPV17;KPNA2;POLH
GO_Biological_Process_2023,Cellular Response To Oxidative Stress (GO:0034599),16/117,0.6703547734673378,0.9999960968655396,0,0,0.9136679495042764,0.3654198464127977,PNPT1;PARP1;ERCC6L2;MPV17L;NUDT2;GPX7;FANCC;PYCR2;PEX10;PEX12;CAMKK2;PRDX3;TBC1D24;MPV17;PDK2;HSPA1B
GO_Biological_Process_2023,Establishment Of Protein Localization To Extracellular Region (GO:0035592),6/45,0.6707582058879681,0.9999960968655396,0,0,0.8875378352990293,0.3544351777149344,RAB3A;TANGO2;AFM;MON1A;MEN1;PDIA4
GO_Biological_Process_2023,Response To Lipid (GO:0033993),15/110,0.6720554961136902,0.9999960968655396,0,0,0.91067495209613,0.3619153017675464,FOXA1;PAQR7;ALAS1;WNT9B;OVCA2;ESR1;TIRAP;PRDX3;SOCS2;HSD17B2;FBXO3;PPARG;CD36;RXRG;ABCG1
GO_Biological_Process_2023,DNA Alkylation (GO:0006305),2/15,0.6726700643999204,0.9999960968655396,0,0,0.8876902230560767,0.3519694536054907,HELLS;BEND3
GO_Biological_Process_2023,N-terminal Protein Amino Acid Acetylation (GO:0006474),2/15,0.6726700643999204,0.9999960968655396,0,0,0.8876902230560767,0.3519694536054907,NAA35;NAA16
GO_Biological_Process_2023,T Cell Homeostasis (GO:0043029),2/15,0.6726700643999204,0.9999960968655396,0,0,0.8876902230560767,0.3519694536054907,ZC3H8;FADD
GO_Biological_Process_2023,Amyloid-Beta Metabolic Process (GO:0050435),2/15,0.6726700643999204,0.9999960968655396,0,0,0.8876902230560767,0.3519694536054907,BACE1;MME
GO_Biological_Process_2023,Cellular Response To Estrogen Stimulus (GO:0071391),2/15,0.6726700643999204,0.9999960968655396,0,0,0.8876902230560767,0.3519694536054907,TRIM24;ESR1
GO_Biological_Process_2023,Membrane Repolarization During Action Potential (GO:0086011),2/15,0.6726700643999204,0.9999960968655396,0,0,0.8876902230560767,0.3519694536054907,KCNE1;KCNE3
GO_Biological_Process_2023,miRNA Metabolic Process (GO:0010586),2/15,0.6726700643999204,0.9999960968655396,0,0,0.8876902230560767,0.3519694536054907,DDX17;DICER1
GO_Biological_Process_2023,Midbody Abscission (GO:0061952),2/15,0.6726700643999204,0.9999960968655396,0,0,0.8876902230560767,0.3519694536054907,MITD1;KIF20A
GO_Biological_Process_2023,Negative Regulation Of Cell-Substrate Junction Organization (GO:0150118),2/15,0.6726700643999204,0.9999960968655396,0,0,0.8876902230560767,0.3519694536054907,DYNLL1;PHLDB2
GO_Biological_Process_2023,Negative Regulation Of Epithelial Cell Differentiation (GO:0030857),2/15,0.6726700643999204,0.9999960968655396,0,0,0.8876902230560767,0.3519694536054907,SORD;DLL1
GO_Biological_Process_2023,Negative Regulation Of Focal Adhesion Assembly (GO:0051895),2/15,0.6726700643999204,0.9999960968655396,0,0,0.8876902230560767,0.3519694536054907,DYNLL1;PHLDB2
GO_Biological_Process_2023,Negative Regulation Of Protein Processing (GO:0010955),2/15,0.6726700643999204,0.9999960968655396,0,0,0.8876902230560767,0.3519694536054907,PLAU;GAS1
GO_Biological_Process_2023,Nitric Oxide Biosynthetic Process (GO:0006809),2/15,0.6726700643999204,0.9999960968655396,0,0,0.8876902230560767,0.3519694536054907,CYB5B;CYB5R3
GO_Biological_Process_2023,Nucleotide-Sugar Biosynthetic Process (GO:0009226),2/15,0.6726700643999204,0.9999960968655396,0,0,0.8876902230560767,0.3519694536054907,GNPDA1;NANS
GO_Biological_Process_2023,Positive Regulation Of Endothelial Cell Apoptotic Process (GO:2000353),2/15,0.6726700643999204,0.9999960968655396,0,0,0.8876902230560767,0.3519694536054907,PRKCI;CD160
GO_Biological_Process_2023,Positive Regulation Of Secretion (GO:0051047),2/15,0.6726700643999204,0.9999960968655396,0,0,0.8876902230560767,0.3519694536054907,XBP1;ACSL3
GO_Biological_Process_2023,Positive Regulation Of Sprouting Angiogenesis (GO:1903672),2/15,0.6726700643999204,0.9999960968655396,0,0,0.8876902230560767,0.3519694536054907,DLL1;JMJD8
GO_Biological_Process_2023,Positive Regulation Of Transcription By RNA Polymerase III (GO:0045945),2/15,0.6726700643999204,0.9999960968655396,0,0,0.8876902230560767,0.3519694536054907,ZC3H8;BAZ1B
GO_Biological_Process_2023,Protein Localization To Cell-Cell Junction (GO:0150105),2/15,0.6726700643999204,0.9999960968655396,0,0,0.8876902230560767,0.3519694536054907,LSR;CGNL1
GO_Biological_Process_2023,Regulation Of Rac Protein Signal Transduction (GO:0035020),2/15,0.6726700643999204,0.9999960968655396,0,0,0.8876902230560767,0.3519694536054907,KBTBD7;OGT
GO_Biological_Process_2023,Regulation Of Amyloid Fibril Formation (GO:1905906),2/15,0.6726700643999204,0.9999960968655396,0,0,0.8876902230560767,0.3519694536054907,PFDN4;CRYAB
GO_Biological_Process_2023,Regulation Of Granulocyte Macrophage Colony-Stimulating Factor Production (GO:0032645),2/15,0.6726700643999204,0.9999960968655396,0,0,0.8876902230560767,0.3519694536054907,IL18;RIGI
GO_Biological_Process_2023,Regulation Of mRNA Metabolic Process (GO:1903311),2/15,0.6726700643999204,0.9999960968655396,0,0,0.8876902230560767,0.3519694536054907,SRPK3;PTCD2
GO_Biological_Process_2023,Regulation Of Systemic Arterial Blood Pressure By Hormone (GO:0001990),2/15,0.6726700643999204,0.9999960968655396,0,0,0.8876902230560767,0.3519694536054907,ENPEP;AVPR1A
GO_Biological_Process_2023,Regulation Of Telomere Maintenance In Response To DNA Damage (GO:1904505),2/15,0.6726700643999204,0.9999960968655396,0,0,0.8876902230560767,0.3519694536054907,RUVBL2;RUVBL1
GO_Biological_Process_2023,Protein-Containing Complex Assembly (GO:0065003),46/328,0.6729110474381464,0.9999960968655396,0,0,0.9403552928092715,0.3725143498449232,DET1;PEF1;MIS12;LIN7A;OMA1;CLDN1;COX7A1;TMEM70;DNAAF10;HSPD1;SLC9A3R1;AIFM1;PDZD11;ZNHIT6;OTUD6B;CHCHD7;TSPAN4;TRAPPC12;CAPN3;OTX2;FADD;STXBP6;TRAPPC2;CARD10;MKKS;SLC31A1;MID1IP1;FN1;TBCC;PDE4DIP;FANCC;PRLR;OCLN;CENPF;BBS10;TFAP4;CXCL12;NPC1;PDCL;PSMG1;ANKS4B;PPIH;NDUFAF1;CASQ1;ASB2;PPID
GO_Biological_Process_2023,Regulation Of Neurogenesis (GO:0050767),9/67,0.6733042632551246,0.9999960968655396,0,0,0.8950998185117968,0.3540638506616275,HES7;PER2;HES6;HEY1;MME;LIG4;NF2;DLL1;TRIM32
GO_Biological_Process_2023,7-Methylguanosine Cap Hypermethylation (GO:0036261),1/7,0.6733599827607472,0.9999960968655396,0,0,0.9617338300033864,0.3803418784602289,SNRPD3
GO_Biological_Process_2023,ADP Transport (GO:0015866),1/7,0.6733599827607472,0.9999960968655396,0,0,0.9617338300033864,0.3803418784602289,SLC25A23
GO_Biological_Process_2023,RNA Capping (GO:0036260),1/7,0.6733599827607472,0.9999960968655396,0,0,0.9617338300033864,0.3803418784602289,SNRPD3
GO_Biological_Process_2023,Aldehyde Catabolic Process (GO:0046185),1/7,0.6733599827607472,0.9999960968655396,0,0,0.9617338300033864,0.3803418784602289,PDXP
GO_Biological_Process_2023,Amino-Acid Betaine Transport (GO:0015838),1/7,0.6733599827607472,0.9999960968655396,0,0,0.9617338300033864,0.3803418784602289,SLC6A12
GO_Biological_Process_2023,Arginine Catabolic Process (GO:0006527),1/7,0.6733599827607472,0.9999960968655396,0,0,0.9617338300033864,0.3803418784602289,DDAH1
GO_Biological_Process_2023,Cardiac Atrium Development (GO:0003230),1/7,0.6733599827607472,0.9999960968655396,0,0,0.9617338300033864,0.3803418784602289,DLL4
GO_Biological_Process_2023,Cardiac Muscle Hypertrophy (GO:0003300),1/7,0.6733599827607472,0.9999960968655396,0,0,0.9617338300033864,0.3803418784602289,CSRP3
GO_Biological_Process_2023,Cell Migration Involved In Heart Development (GO:0060973),1/7,0.6733599827607472,0.9999960968655396,0,0,0.9617338300033864,0.3803418784602289,SNAI2
GO_Biological_Process_2023,Cellular Response To Interferon-Alpha (GO:0035457),1/7,0.6733599827607472,0.9999960968655396,0,0,0.9617338300033864,0.3803418784602289,GAS6
GO_Biological_Process_2023,Cellular Response To Nitric Oxide (GO:0071732),1/7,0.6733599827607472,0.9999960968655396,0,0,0.9617338300033864,0.3803418784602289,CDK2
GO_Biological_Process_2023,Cellular Response To Reactive Nitrogen Species (GO:1902170),1/7,0.6733599827607472,0.9999960968655396,0,0,0.9617338300033864,0.3803418784602289,CDK2
GO_Biological_Process_2023,Cytochrome Complex Assembly (GO:0017004),1/7,0.6733599827607472,0.9999960968655396,0,0,0.9617338300033864,0.3803418784602289,COX15
GO_Biological_Process_2023,Deadenylation-Dependent Decapping Of Nuclear-Transcribed mRNA (GO:0000290),1/7,0.6733599827607472,0.9999960968655396,0,0,0.9617338300033864,0.3803418784602289,DCPS
GO_Biological_Process_2023,"Endonucleolytic Cleavage In ITS1 To Separate SSU-rRNA From 5.8S rRNA And LSU-rRNA From Tricistronic rRNA Transcript (SSU-rRNA, 5.8S rRNA, LSU-rRNA) (GO:0000447)",1/7,0.6733599827607472,0.9999960968655396,0,0,0.9617338300033864,0.3803418784602289,UTP20
GO_Biological_Process_2023,Establishment Of Golgi Localization (GO:0051683),1/7,0.6733599827607472,0.9999960968655396,0,0,0.9617338300033864,0.3803418784602289,SLC9A3R1
GO_Biological_Process_2023,Establishment Of Centrosome Localization (GO:0051660),1/7,0.6733599827607472,0.9999960968655396,0,0,0.9617338300033864,0.3803418784602289,MAD2L1
GO_Biological_Process_2023,Establishment Of Protein Localization To Peroxisome (GO:0072663),1/7,0.6733599827607472,0.9999960968655396,0,0,0.9617338300033864,0.3803418784602289,PEX12
GO_Biological_Process_2023,Estrogen Biosynthetic Process (GO:0006703),1/7,0.6733599827607472,0.9999960968655396,0,0,0.9617338300033864,0.3803418784602289,HSD17B2
GO_Biological_Process_2023,Fatty Acid Alpha-Oxidation (GO:0001561),1/7,0.6733599827607472,0.9999960968655396,0,0,0.9617338300033864,0.3803418784602289,SLC25A17
GO_Biological_Process_2023,Folic Acid Transport (GO:0015884),1/7,0.6733599827607472,0.9999960968655396,0,0,0.9617338300033864,0.3803418784602289,SLC46A1
GO_Biological_Process_2023,Glutathione Catabolic Process (GO:0006751),1/7,0.6733599827607472,0.9999960968655396,0,0,0.9617338300033864,0.3803418784602289,CHAC2
GO_Biological_Process_2023,Glycoside Catabolic Process (GO:0016139),1/7,0.6733599827607472,0.9999960968655396,0,0,0.9617338300033864,0.3803418784602289,GBA2
GO_Biological_Process_2023,"Heparan Sulfate Proteoglycan Biosynthetic Process, Polysaccharide Chain Biosynthetic Process (GO:0015014)",1/7,0.6733599827607472,0.9999960968655396,0,0,0.9617338300033864,0.3803418784602289,NDST1
GO_Biological_Process_2023,Histone H2A K63-linked Deubiquitination (GO:0070537),1/7,0.6733599827607472,0.9999960968655396,0,0,0.9617338300033864,0.3803418784602289,MPND
GO_Biological_Process_2023,Inhibition Of Cysteine-Type Endopeptidase Activity (GO:0097340),1/7,0.6733599827607472,0.9999960968655396,0,0,0.9617338300033864,0.3803418784602289,XIAP
GO_Biological_Process_2023,Intermediate Filament Bundle Assembly (GO:0045110),1/7,0.6733599827607472,0.9999960968655396,0,0,0.9617338300033864,0.3803418784602289,NEFH
GO_Biological_Process_2023,Intracellular pH Elevation (GO:0051454),1/7,0.6733599827607472,0.9999960968655396,0,0,0.9617338300033864,0.3803418784602289,SLC26A6
GO_Biological_Process_2023,Lactate Metabolic Process (GO:0006089),1/7,0.6733599827607472,0.9999960968655396,0,0,0.9617338300033864,0.3803418784602289,PER2
GO_Biological_Process_2023,Lipoxygenase Pathway (GO:0019372),1/7,0.6733599827607472,0.9999960968655396,0,0,0.9617338300033864,0.3803418784602289,HPGD
GO_Biological_Process_2023,Macromolecule Depalmitoylation (GO:0098734),1/7,0.6733599827607472,0.9999960968655396,0,0,0.9617338300033864,0.3803418784602289,LYPLAL1
GO_Biological_Process_2023,Methionine Metabolic Process (GO:0006555),1/7,0.6733599827607472,0.9999960968655396,0,0,0.9617338300033864,0.3803418784602289,MTHFD1
GO_Biological_Process_2023,Mitochondrial Proton-Transporting ATP Synthase Complex Assembly (GO:0033615),1/7,0.6733599827607472,0.9999960968655396,0,0,0.9617338300033864,0.3803418784602289,TMEM70
GO_Biological_Process_2023,Monosaccharide Biosynthetic Process (GO:0046364),1/7,0.6733599827607472,0.9999960968655396,0,0,0.9617338300033864,0.3803418784602289,RGN
GO_Biological_Process_2023,Negative Regulation Of RNA Catabolic Process (GO:1902369),1/7,0.6733599827607472,0.9999960968655396,0,0,0.9617338300033864,0.3803418784602289,ZCCHC17
GO_Biological_Process_2023,Negative Regulation Of SMAD Protein Signal Transduction (GO:0060392),1/7,0.6733599827607472,0.9999960968655396,0,0,0.9617338300033864,0.3803418784602289,PPARG
GO_Biological_Process_2023,Negative Regulation Of Amyloid-Beta Clearance (GO:1900222),1/7,0.6733599827607472,0.9999960968655396,0,0,0.9617338300033864,0.3803418784602289,HMGCR
GO_Biological_Process_2023,Negative Regulation Of Appetite (GO:0032099),1/7,0.6733599827607472,0.9999960968655396,0,0,0.9617338300033864,0.3803418784602289,MKKS
GO_Biological_Process_2023,Negative Regulation Of Cell Cycle G2/M Phase Transition (GO:1902750),1/7,0.6733599827607472,0.9999960968655396,0,0,0.9617338300033864,0.3803418784602289,PINX1
GO_Biological_Process_2023,"Negative Regulation Of Complement Activation, Classical Pathway (GO:0045959)",1/7,0.6733599827607472,0.9999960968655396,0,0,0.9617338300033864,0.3803418784602289,CR2
GO_Biological_Process_2023,Negative Regulation Of Fatty Acid Oxidation (GO:0046322),1/7,0.6733599827607472,0.9999960968655396,0,0,0.9617338300033864,0.3803418784602289,SIRT4
GO_Biological_Process_2023,Negative Regulation Of Keratinocyte Proliferation (GO:0010839),1/7,0.6733599827607472,0.9999960968655396,0,0,0.9617338300033864,0.3803418784602289,SNAI2
GO_Biological_Process_2023,Negative Regulation Of miRNA-mediated Gene Silencing (GO:0060965),1/7,0.6733599827607472,0.9999960968655396,0,0,0.9617338300033864,0.3803418784602289,PPARG
GO_Biological_Process_2023,Negative Regulation Of Mitochondrial Fusion (GO:0010637),1/7,0.6733599827607472,0.9999960968655396,0,0,0.9617338300033864,0.3803418784602289,OMA1
GO_Biological_Process_2023,Negative Regulation Of Neural Precursor Cell Proliferation (GO:2000178),1/7,0.6733599827607472,0.9999960968655396,0,0,0.9617338300033864,0.3803418784602289,WNT5A
GO_Biological_Process_2023,Negative Regulation Of Osteoblast Proliferation (GO:0033689),1/7,0.6733599827607472,0.9999960968655396,0,0,0.9617338300033864,0.3803418784602289,PLXNB1
GO_Biological_Process_2023,Negative Regulation Of Peptidyl-Lysine Acetylation (GO:2000757),1/7,0.6733599827607472,0.9999960968655396,0,0,0.9617338300033864,0.3803418784602289,KLF15
GO_Biological_Process_2023,Negative Regulation Of Protein K63-linked Ubiquitination (GO:1900045),1/7,0.6733599827607472,0.9999960968655396,0,0,0.9617338300033864,0.3803418784602289,OTUB2
GO_Biological_Process_2023,Negative Regulation Of Striated Muscle Cell Apoptotic Process (GO:0010664),1/7,0.6733599827607472,0.9999960968655396,0,0,0.9617338300033864,0.3803418784602289,HAND2
GO_Biological_Process_2023,Neuroepithelial Cell Differentiation (GO:0060563),1/7,0.6733599827607472,0.9999960968655396,0,0,0.9617338300033864,0.3803418784602289,SOX4
GO_Biological_Process_2023,Neuron Projection Arborization (GO:0140058),1/7,0.6733599827607472,0.9999960968655396,0,0,0.9617338300033864,0.3803418784602289,SSNA1
GO_Biological_Process_2023,"Neurotransmitter Receptor Transport, Endosome To Plasma Membrane (GO:0099639)",1/7,0.6733599827607472,0.9999960968655396,0,0,0.9617338300033864,0.3803418784602289,GRIP2
GO_Biological_Process_2023,Nonribosomal Peptide Biosynthetic Process (GO:0019184),1/7,0.6733599827607472,0.9999960968655396,0,0,0.9617338300033864,0.3803418784602289,CHAC2
GO_Biological_Process_2023,Olefinic Compound Biosynthetic Process (GO:0120255),1/7,0.6733599827607472,0.9999960968655396,0,0,0.9617338300033864,0.3803418784602289,SRD5A2
GO_Biological_Process_2023,Osteoblast Development (GO:0002076),1/7,0.6733599827607472,0.9999960968655396,0,0,0.9617338300033864,0.3803418784602289,MEN1
GO_Biological_Process_2023,Peptidyl-Lysine Hydroxylation (GO:0017185),1/7,0.6733599827607472,0.9999960968655396,0,0,0.9617338300033864,0.3803418784602289,VIPAS39
GO_Biological_Process_2023,Peptidyl-Proline Hydroxylation To 4-hydroxy-L-proline (GO:0018401),1/7,0.6733599827607472,0.9999960968655396,0,0,0.9617338300033864,0.3803418784602289,EGLN3
GO_Biological_Process_2023,Pericardium Development (GO:0060039),1/7,0.6733599827607472,0.9999960968655396,0,0,0.9617338300033864,0.3803418784602289,DLL4
GO_Biological_Process_2023,Plasma Membrane Phospholipid Scrambling (GO:0017121),1/7,0.6733599827607472,0.9999960968655396,0,0,0.9617338300033864,0.3803418784602289,PLSCR2
GO_Biological_Process_2023,"Positive Regulation Of CD4-positive, Alpha-Beta T Cell Differentiation (GO:0043372)",1/7,0.6733599827607472,0.9999960968655396,0,0,0.9617338300033864,0.3803418784602289,KLHL25
GO_Biological_Process_2023,Positive Regulation Of T-helper 2 Cell Cytokine Production (GO:2000553),1/7,0.6733599827607472,0.9999960968655396,0,0,0.9617338300033864,0.3803418784602289,XCL1
GO_Biological_Process_2023,Positive Regulation Of Adipose Tissue Development (GO:1904179),1/7,0.6733599827607472,0.9999960968655396,0,0,0.9617338300033864,0.3803418784602289,PPARG
GO_Biological_Process_2023,Positive Regulation Of Apoptotic Cell Clearance (GO:2000427),1/7,0.6733599827607472,0.9999960968655396,0,0,0.9617338300033864,0.3803418784602289,C3
GO_Biological_Process_2023,Positive Regulation Of Calcium Ion Import (GO:0090280),1/7,0.6733599827607472,0.9999960968655396,0,0,0.9617338300033864,0.3803418784602289,CXCL12
GO_Biological_Process_2023,Positive Regulation Of Cardiac Epithelial To Mesenchymal Transition (GO:0062043),1/7,0.6733599827607472,0.9999960968655396,0,0,0.9617338300033864,0.3803418784602289,EMP2
GO_Biological_Process_2023,Positive Regulation Of Dendritic Cell Chemotaxis (GO:2000510),1/7,0.6733599827607472,0.9999960968655396,0,0,0.9617338300033864,0.3803418784602289,GAS6
GO_Biological_Process_2023,Positive Regulation Of Endocytic Recycling (GO:2001137),1/7,0.6733599827607472,0.9999960968655396,0,0,0.9617338300033864,0.3803418784602289,AKAP5
GO_Biological_Process_2023,Positive Regulation Of Execution Phase Of Apoptosis (GO:1900119),1/7,0.6733599827607472,0.9999960968655396,0,0,0.9617338300033864,0.3803418784602289,DYNLL1
GO_Biological_Process_2023,Positive Regulation Of Glial Cell Migration (GO:1903977),1/7,0.6733599827607472,0.9999960968655396,0,0,0.9617338300033864,0.3803418784602289,CSF1
GO_Biological_Process_2023,Positive Regulation Of Insulin-Like Growth Factor Receptor Signaling Pathway (GO:0043568),1/7,0.6733599827607472,0.9999960968655396,0,0,0.9617338300033864,0.3803418784602289,MYORG
GO_Biological_Process_2023,Positive Regulation Of Membrane Potential (GO:0045838),1/7,0.6733599827607472,0.9999960968655396,0,0,0.9617338300033864,0.3803418784602289,MTLN
GO_Biological_Process_2023,Positive Regulation Of Myotube Differentiation (GO:0010831),1/7,0.6733599827607472,0.9999960968655396,0,0,0.9617338300033864,0.3803418784602289,RBM24
GO_Biological_Process_2023,Positive Regulation Of Plasminogen Activation (GO:0010756),1/7,0.6733599827607472,0.9999960968655396,0,0,0.9617338300033864,0.3803418784602289,CLEC3B
GO_Biological_Process_2023,Positive Regulation Of Ryanodine-Sensitive Calcium-Release Channel Activity (GO:0060316),1/7,0.6733599827607472,0.9999960968655396,0,0,0.9617338300033864,0.3803418784602289,GSTM2
GO_Biological_Process_2023,Postsynapse Organization (GO:0099173),1/7,0.6733599827607472,0.9999960968655396,0,0,0.9617338300033864,0.3803418784602289,WNT5A
GO_Biological_Process_2023,Protein Depalmitoylation (GO:0002084),1/7,0.6733599827607472,0.9999960968655396,0,0,0.9617338300033864,0.3803418784602289,LYPLAL1
GO_Biological_Process_2023,Protein Desumoylation (GO:0016926),1/7,0.6733599827607472,0.9999960968655396,0,0,0.9617338300033864,0.3803418784602289,USPL1
GO_Biological_Process_2023,Protein Localization To Ciliary Transition Zone (GO:1904491),1/7,0.6733599827607472,0.9999960968655396,0,0,0.9617338300033864,0.3803418784602289,TMEM107
GO_Biological_Process_2023,protein-RNA Complex Disassembly (GO:0032988),1/7,0.6733599827607472,0.9999960968655396,0,0,0.9617338300033864,0.3803418784602289,DYRK3
GO_Biological_Process_2023,Proton-Transporting ATP Synthase Complex Assembly (GO:0043461),1/7,0.6733599827607472,0.9999960968655396,0,0,0.9617338300033864,0.3803418784602289,TMEM70
GO_Biological_Process_2023,Proximal/Distal Pattern Formation (GO:0009954),1/7,0.6733599827607472,0.9999960968655396,0,0,0.9617338300033864,0.3803418784602289,DLL1
GO_Biological_Process_2023,Purine-Containing Compound Metabolic Process (GO:0072521),1/7,0.6733599827607472,0.9999960968655396,0,0,0.9617338300033864,0.3803418784602289,OARD1
GO_Biological_Process_2023,Regulation Of T-helper 2 Cell Differentiation (GO:0045628),1/7,0.6733599827607472,0.9999960968655396,0,0,0.9617338300033864,0.3803418784602289,IL18
GO_Biological_Process_2023,Regulation Of Apoptotic Cell Clearance (GO:2000425),1/7,0.6733599827607472,0.9999960968655396,0,0,0.9617338300033864,0.3803418784602289,C3
GO_Biological_Process_2023,Regulation Of Cardiac Muscle Cell Action Potential Involved In Regulation Of Contraction (GO:0098909),1/7,0.6733599827607472,0.9999960968655396,0,0,0.9617338300033864,0.3803418784602289,RANGRF
GO_Biological_Process_2023,Regulation Of Chaperone-Mediated Autophagy (GO:1904714),1/7,0.6733599827607472,0.9999960968655396,0,0,0.9617338300033864,0.3803418784602289,EEF1A2
GO_Biological_Process_2023,Regulation Of Chemokine (C-C Motif) Ligand 5 Production (GO:0071649),1/7,0.6733599827607472,0.9999960968655396,0,0,0.9617338300033864,0.3803418784602289,MAVS
GO_Biological_Process_2023,Regulation Of Cilium Beat Frequency (GO:0003356),1/7,0.6733599827607472,0.9999960968655396,0,0,0.9617338300033864,0.3803418784602289,CYB5D1
GO_Biological_Process_2023,Regulation Of Cytoplasmic Translational Elongation (GO:1900247),1/7,0.6733599827607472,0.9999960968655396,0,0,0.9617338300033864,0.3803418784602289,DPH2
GO_Biological_Process_2023,Regulation Of Dendritic Cell Chemotaxis (GO:2000508),1/7,0.6733599827607472,0.9999960968655396,0,0,0.9617338300033864,0.3803418784602289,GAS6
GO_Biological_Process_2023,Regulation Of Endodeoxyribonuclease Activity (GO:0032071),1/7,0.6733599827607472,0.9999960968655396,0,0,0.9617338300033864,0.3803418784602289,DDX11
GO_Biological_Process_2023,Regulation Of Heterochromatin Formation (GO:0031445),1/7,0.6733599827607472,0.9999960968655396,0,0,0.9617338300033864,0.3803418784602289,CDK2
GO_Biological_Process_2023,Regulation Of Leukocyte Proliferation (GO:0070663),1/7,0.6733599827607472,0.9999960968655396,0,0,0.9617338300033864,0.3803418784602289,HHEX
GO_Biological_Process_2023,Regulation Of Meiotic Nuclear Division (GO:0040020),1/7,0.6733599827607472,0.9999960968655396,0,0,0.9617338300033864,0.3803418784602289,FBXO5
GO_Biological_Process_2023,Regulation Of Myeloid Leukocyte Differentiation (GO:0002761),1/7,0.6733599827607472,0.9999960968655396,0,0,0.9617338300033864,0.3803418784602289,PRXL2A
GO_Biological_Process_2023,Regulation Of Phospholipase A2 Activity (GO:0032429),1/7,0.6733599827607472,0.9999960968655396,0,0,0.9617338300033864,0.3803418784602289,ANXA8
GO_Biological_Process_2023,Regulation Of Protein Glycosylation (GO:0060049),1/7,0.6733599827607472,0.9999960968655396,0,0,0.9617338300033864,0.3803418784602289,SLC51B
GO_Biological_Process_2023,Regulation Of Triglyceride Metabolic Process (GO:0090207),1/7,0.6733599827607472,0.9999960968655396,0,0,0.9617338300033864,0.3803418784602289,SREBF1
GO_Biological_Process_2023,Regulation Of Vascular Wound Healing (GO:0061043),1/7,0.6733599827607472,0.9999960968655396,0,0,0.9617338300033864,0.3803418784602289,XBP1
GO_Biological_Process_2023,"Regulation Of Wound Healing, Spreading Of Epidermal Cells (GO:1903689)",1/7,0.6733599827607472,0.9999960968655396,0,0,0.9617338300033864,0.3803418784602289,PHLDB2
GO_Biological_Process_2023,Release Of Sequestered Calcium Ion Into Cytosol By Endoplasmic Reticulum (GO:1903514),1/7,0.6733599827607472,0.9999960968655396,0,0,0.9617338300033864,0.3803418784602289,CCR5
GO_Biological_Process_2023,Single Strand Break Repair (GO:0000012),1/7,0.6733599827607472,0.9999960968655396,0,0,0.9617338300033864,0.3803418784602289,LIG4
GO_Biological_Process_2023,snRNA Transcription By RNA Polymerase III (GO:0042796),1/7,0.6733599827607472,0.9999960968655396,0,0,0.9617338300033864,0.3803418784602289,ZC3H8
GO_Biological_Process_2023,Sodium-Dependent Phosphate Transport (GO:0044341),1/7,0.6733599827607472,0.9999960968655396,0,0,0.9617338300033864,0.3803418784602289,SLC17A4
GO_Biological_Process_2023,Sulfur Amino Acid Biosynthetic Process (GO:0000097),1/7,0.6733599827607472,0.9999960968655396,0,0,0.9617338300033864,0.3803418784602289,MTHFD1
GO_Biological_Process_2023,Termination Of RNA Polymerase II Transcription (GO:0006369),1/7,0.6733599827607472,0.9999960968655396,0,0,0.9617338300033864,0.3803418784602289,MED18
GO_Biological_Process_2023,Tryptophan Catabolic Process (GO:0006569),1/7,0.6733599827607472,0.9999960968655396,0,0,0.9617338300033864,0.3803418784602289,IDO2
GO_Biological_Process_2023,Venous Blood Vessel Development (GO:0060841),1/7,0.6733599827607472,0.9999960968655396,0,0,0.9617338300033864,0.3803418784602289,PROX1
GO_Biological_Process_2023,Ventricular Cardiac Muscle Cell Membrane Repolarization (GO:0099625),1/7,0.6733599827607472,0.9999960968655396,0,0,0.9617338300033864,0.3803418784602289,KCNE1
GO_Biological_Process_2023,Ventricular Trabecula Myocardium Morphogenesis (GO:0003222),1/7,0.6733599827607472,0.9999960968655396,0,0,0.9617338300033864,0.3803418784602289,DLL4
GO_Biological_Process_2023,Very-Low-Density Lipoprotein Particle Remodeling (GO:0034372),1/7,0.6733599827607472,0.9999960968655396,0,0,0.9617338300033864,0.3803418784602289,LIPC
GO_Biological_Process_2023,Cellular Response To Peptide Hormone Stimulus (GO:0071375),12/89,0.6791091855959017,0.9999960968655396,0,0,0.8988849355946569,0.3478445245196626,PRKCI;XBP1;PARP1;PKLR;IRS1;CAPN10;INSIG1;PDE3B;PCSK9;PPARG;SLC2A4;GCK
GO_Biological_Process_2023,Connective Tissue Development (GO:0061448),5/38,0.679542689814917,0.9999960968655396,0,0,0.8741021609790685,0.3376964524384755,XBP1;COL2A1;NAMPT;RORC;GDF2
GO_Biological_Process_2023,Maturation Of SSU-rRNA (GO:0030490),5/38,0.679542689814917,0.9999960968655396,0,0,0.8741021609790685,0.3376964524384755,UTP25;UTP6;LSM6;UTP3;DHX37
GO_Biological_Process_2023,Positive Regulation Of Axonogenesis (GO:0050772),5/38,0.679542689814917,0.9999960968655396,0,0,0.8741021609790685,0.3376964524384755,PLXND1;PLXNB2;PLXNB1;MAP3K13;PLXNA3
GO_Biological_Process_2023,Regulation Of Telomere Maintenance (GO:0032204),5/38,0.679542689814917,0.9999960968655396,0,0,0.8741021609790685,0.3376964524384755,UPF1;RAD50;XRCC5;TERF2IP;SIRT6
GO_Biological_Process_2023,Entrainment Of Circadian Clock By Photoperiod (GO:0043153),3/23,0.6814062048191949,0.9999960968655396,0,0,0.8654354456116571,0.3319781531415011,PER2;CRTC1;USP2
GO_Biological_Process_2023,Heparan Sulfate Proteoglycan Biosynthetic Process (GO:0015012),3/23,0.6814062048191949,0.9999960968655396,0,0,0.8654354456116571,0.3319781531415011,HS3ST3B1;NDST1;HS3ST6
GO_Biological_Process_2023,Long-Chain fatty-acyl-CoA Metabolic Process (GO:0035336),3/23,0.6814062048191949,0.9999960968655396,0,0,0.8654354456116571,0.3319781531415011,DGAT2;ELOVL6;ACSL3
GO_Biological_Process_2023,Negative Regulation Of Protein Tyrosine Kinase Activity (GO:0061099),3/23,0.6814062048191949,0.9999960968655396,0,0,0.8654354456116571,0.3319781531415011,SH3BP5L;PTK6;SNX6
GO_Biological_Process_2023,Positive Regulation Of Neutrophil Migration (GO:1902624),3/23,0.6814062048191949,0.9999960968655396,0,0,0.8654354456116571,0.3319781531415011,MOSPD2;XCL1;TIRAP
GO_Biological_Process_2023,Regulation Of T Cell Migration (GO:2000404),3/23,0.6814062048191949,0.9999960968655396,0,0,0.8654354456116571,0.3319781531415011,TMEM102;CXCL12;SPNS2
GO_Biological_Process_2023,Regulation Of Axon Extension Involved In Axon Guidance (GO:0048841),3/23,0.6814062048191949,0.9999960968655396,0,0,0.8654354456116571,0.3319781531415011,SEMA4A;SEMA6C;SEMA4G
GO_Biological_Process_2023,Regulation Of Cardiac Muscle Hypertrophy (GO:0010611),3/23,0.6814062048191949,0.9999960968655396,0,0,0.8654354456116571,0.3319781531415011,PARP1;HAND2;PDE9A
GO_Biological_Process_2023,Regulation Of Toll-Like Receptor 4 Signaling Pathway (GO:0034143),3/23,0.6814062048191949,0.9999960968655396,0,0,0.8654354456116571,0.3319781531415011,MFHAS1;IFI35;TIRAP
GO_Biological_Process_2023,Zinc Ion Transport (GO:0006829),3/23,0.6814062048191949,0.9999960968655396,0,0,0.8654354456116571,0.3319781531415011,SLC39A9;SLC30A5;SLC39A5
GO_Biological_Process_2023,Blood Vessel Morphogenesis (GO:0048514),7/53,0.6842382721769366,0.9999960968655396,0,0,0.8778271196943096,0.3330906849646822,SHH;RAMP2;SOX18;ANGPTL3;GDF2;PROX1;STRA6
GO_Biological_Process_2023,Endosome Organization (GO:0007032),7/53,0.6842382721769366,0.9999960968655396,0,0,0.8778271196943096,0.3330906849646822,EXOC8;ATP6V1H;ANXA8;CLCN3;RILP;PHETA1;PLEKHJ1
GO_Biological_Process_2023,Gonad Development (GO:0008406),7/53,0.6842382721769366,0.9999960968655396,0,0,0.8778271196943096,0.3330906849646822,MKKS;SALL1;SRD5A2;WNT5A;KIT;INHBA;NR2F2
GO_Biological_Process_2023,Regulation Of Receptor Signaling Pathway Via JAK-STAT (GO:0046425),7/53,0.6842382721769366,0.9999960968655396,0,0,0.8778271196943096,0.3330906849646822,GHR;GBP7;CENPJ;KIT;TYK2;NF2;OCIAD2
GO_Biological_Process_2023,Regulation Of Plasma Membrane Bounded Cell Projection Assembly (GO:0120032),10/75,0.6862116672228659,0.9999960968655396,0,0,0.887385033444816,0.3341618242581973,ATG3;ODAD3;TBC1D2;INTU;IFT140;RDX;TBC1D24;TBC1D13;RAB17;TBC1D16
GO_Biological_Process_2023,Negative Regulation Of Signal Transduction (GO:0009968),37/267,0.6896474433648012,0.9999960968655396,0,0,0.9273851932449956,0.3445929339612859,KANK2;LRRC14;GRB7;KANK1;ASAH2;IRS1;CBY1;NRARP;TSKU;NKD1;DLL4;SLC9A3R1;HHEX;HEY1;ERBB3;KCTD21;PIP4K2B;ACVR1;RNF43;CSNK2A1;PTCH1;METTL3;PTCH2;SORD;RPGRIP1L;SHISA2;HIC1;SOX30;SIGIRR;CYP26A1;MFHAS1;TSPAN15;NEDD4;SNAI2;PPARG;NOTUM;LGR4
GO_Biological_Process_2023,Cell-Cell Junction Organization (GO:0045216),9/68,0.6908578814819024,0.9999960968655396,0,0,0.8798768380766021,0.3253970616177064,PRKCI;OCLN;MARVELD2;DSG2;PRTN3;CSK;CDH15;CLDN1;LIMS2
GO_Biological_Process_2023,Cellular Response To cAMP (GO:0071320),4/31,0.6917682172541605,0.9999960968655396,0,0,0.8546892655367232,0.3149566914249134,KCNE1;AQP9;AHR;SLC26A6
GO_Biological_Process_2023,Central Nervous System Neuron Differentiation (GO:0021953),4/31,0.6917682172541605,0.9999960968655396,0,0,0.8546892655367232,0.3149566914249134,ZC4H2;GET1;PROX1;GBA2
GO_Biological_Process_2023,Negative Regulation Of Chemotaxis (GO:0050922),4/31,0.6917682172541605,0.9999960968655396,0,0,0.8546892655367232,0.3149566914249134,SEMA4A;SEMA6C;SEMA4G;ELANE
GO_Biological_Process_2023,Negative Regulation Of Developmental Growth (GO:0048640),4/31,0.6917682172541605,0.9999960968655396,0,0,0.8546892655367232,0.3149566914249134,WWC1;PTCH1;RNF6;NKD1
GO_Biological_Process_2023,Positive Regulation Of Cholesterol Transport (GO:0032376),4/31,0.6917682172541605,0.9999960968655396,0,0,0.8546892655367232,0.3149566914249134,PTCH1;PON1;LIPG;PPARG
GO_Biological_Process_2023,Regulation Of Protein Autophosphorylation (GO:0031952),4/31,0.6917682172541605,0.9999960968655396,0,0,0.8546892655367232,0.3149566914249134,TOM1L1;RAD50;RAP2A;TNKS1BP1
GO_Biological_Process_2023,Response To Estradiol (GO:0032355),4/31,0.6917682172541605,0.9999960968655396,0,0,0.8546892655367232,0.3149566914249134,FOXA1;SOCS2;RUVBL2;ESR1
GO_Biological_Process_2023,Toll-Like Receptor Signaling Pathway (GO:0002224),4/31,0.6917682172541605,0.9999960968655396,0,0,0.8546892655367232,0.3149566914249134,TICAM1;TLR5;TIRAP;HSPD1
GO_Biological_Process_2023,Antiviral Innate Immune Response (GO:0140374),6/46,0.6920084606067486,0.9999960968655396,0,0,0.8652985074626866,0.3185657866574133,RNF135;MAVS;TRIM7;NLRP6;MBL2;RIGI
GO_Biological_Process_2023,Cardiac Conduction (GO:0061337),6/46,0.6920084606067486,0.9999960968655396,0,0,0.8652985074626866,0.3185657866574133,KCNE1;KCNE3;DSG2;SCN4B;DSC2;SCN2B
GO_Biological_Process_2023,Negative Regulation Of Cold-Induced Thermogenesis (GO:0120163),6/46,0.6920084606067486,0.9999960968655396,0,0,0.8652985074626866,0.3185657866574133,ACTN3;ACOT11;ARRDC3;ACOT13;LGR4;MAP2K6
GO_Biological_Process_2023,Regulation Of mRNA Catabolic Process (GO:0061013),6/46,0.6920084606067486,0.9999960968655396,0,0,0.8652985074626866,0.3185657866574133,UPF1;MOV10;PCID2;PNPT1;CNOT8;RBM24
GO_Biological_Process_2023,Response To Glucose (GO:0009749),6/46,0.6920084606067486,0.9999960968655396,0,0,0.8652985074626866,0.3185657866574133,EIF2B4;XBP1;EIF2B1;GAS6;CYP7A1;SOX4
GO_Biological_Process_2023,Vacuolar Transport (GO:0007034),6/46,0.6920084606067486,0.9999960968655396,0,0,0.8652985074626866,0.3185657866574133,NPC1;NEDD4;PCSK9;VIPAS39;ATP6V0D2;IGF2R
GO_Biological_Process_2023,BMP Signaling Pathway (GO:0030509),8/61,0.6965146761056525,0.9999960968655396,0,0,0.8706656931688634,0.3148905397054791,LEFTY1;GDF2;SLC39A5;SMAD9;PPARG;INHBA;INHBC;NODAL
GO_Biological_Process_2023,Negative Regulation Of Intrinsic Apoptotic Signaling Pathway (GO:2001243),8/61,0.6965146761056525,0.9999960968655396,0,0,0.8706656931688634,0.3148905397054791,DNAJA1;XBP1;CXCL12;DDIAS;PPIF;SNAI2;HYOU1;TRIM32
GO_Biological_Process_2023,Positive Regulation Of Interleukin-8 Production (GO:0032757),8/61,0.6965146761056525,0.9999960968655396,0,0,0.8706656931688634,0.3148905397054791,MAVS;GDF2;FADD;TLR5;TIRAP;ELANE;HSPA1B;RIGI
GO_Biological_Process_2023,Negative Regulation Of Cell-Substrate Adhesion (GO:0010812),5/39,0.7022161770369229,0.9999960968655396,0,0,0.8483434065386073,0.2999012522405495,KANK1;FZD4;FZD7;AP1AR;NF2
GO_Biological_Process_2023,Negative Regulation Of Transport (GO:0051051),5/39,0.7022161770369229,0.9999960968655396,0,0,0.8483434065386073,0.2999012522405495,RUBCN;ERBB3;PACSIN3;CRYAB;HAMP
GO_Biological_Process_2023,Positive Regulation Of Pattern Recognition Receptor Signaling Pathway (GO:0062208),5/39,0.7022161770369229,0.9999960968655396,0,0,0.8483434065386073,0.2999012522405495,MFHAS1;IFI35;TLR5;SLC15A4;TIRAP
GO_Biological_Process_2023,Regulation Of Monoatomic Cation Transmembrane Transport (GO:1904062),5/39,0.7022161770369229,0.9999960968655396,0,0,0.8483434065386073,0.2999012522405495,KCNE1;HRC;RANGRF;KCNN2;PDZK1
GO_Biological_Process_2023,Regulation Of Protein Tyrosine Kinase Activity (GO:0061097),5/39,0.7022161770369229,0.9999960968655396,0,0,0.8483434065386073,0.2999012522405495,SH3BP5L;ERBB3;DLG3;PTK6;GAS6
GO_Biological_Process_2023,Transcription Initiation At RNA Polymerase II Promoter (GO:0006367),10/76,0.7025235652802253,0.9999960968655396,0,0,0.8738883399209486,0.3085492909074653,MED11;MED22;CDK7;TAF12;MED21;MED19;POLR2I;GTF2E1;ESR1;MED18
GO_Biological_Process_2023,Regulation Of Smooth Muscle Cell Proliferation (GO:0048660),7/54,0.7035081438168602,0.9999960968655396,0,0,0.8590994087026835,0.3021244944734528,XRCC6;STAT1;XRCC5;IL18;MFN2;PPARG;ELANE
GO_Biological_Process_2023,Ribosomal Large Subunit Biogenesis (GO:0042273),7/54,0.7035081438168602,0.9999960968655396,0,0,0.8590994087026835,0.3021244944734528,EBNA1BP2;NVL;NEDD4;NOP2;GTF3A;WDR74;WDR12
GO_Biological_Process_2023,RNA Splicing (GO:0008380),13/98,0.7054248623442951,0.9999960968655396,0,0,0.8820249214952898,0.3077870206477337,SF3A3;DBR1;NCBP2;WDR83;PRPF8;SFPQ;LSM6;SCNM1;PRPF3;SNRPD3;SNRNP25;SNRNP35;TARDBP
GO_Biological_Process_2023,Phosphatidylinositol Biosynthetic Process (GO:0006661),13/98,0.7054248623442951,0.9999960968655396,0,0,0.8820249214952898,0.3077870206477337,VAC14;TMEM150A;SACM1L;SLC30A5;PIGP;PIGW;PIGV;MTMR7;SOCS2;PIGB;IMPA1;PIGG;PIGH
GO_Biological_Process_2023,Regulation Of Anatomical Structure Morphogenesis (GO:0022603),17/127,0.7075119605523762,0.9999960968655396,0,0,0.8911752870894852,0.3083473125752468,PHLDB1;PLXND1;OR10J5;STAT2;VASH2;EMP2;DLL1;MYO19;RAP2A;CLDN3;NEDD4;ERBB2;PDLIM5;PHLDB2;EPHB3;PPFIA2;BCL9L
GO_Biological_Process_2023,Activin Receptor Signaling Pathway (GO:0032924),2/16,0.7076071477222836,0.9999960968655396,0,0,0.8242353852109949,0.2850751732714668,GDF2;INHBA
GO_Biological_Process_2023,Autonomic Nervous System Development (GO:0048483),2/16,0.7076071477222836,0.9999960968655396,0,0,0.8242353852109949,0.2850751732714668,FN1;SOX4
GO_Biological_Process_2023,Chondroitin Sulfate Metabolic Process (GO:0030204),2/16,0.7076071477222836,0.9999960968655396,0,0,0.8242353852109949,0.2850751732714668,CHST7;CHST13
GO_Biological_Process_2023,Extrinsic Apoptotic Signaling Pathway In Absence Of Ligand (GO:0097192),2/16,0.7076071477222836,0.9999960968655396,0,0,0.8242353852109949,0.2850751732714668,ERBB3;CASP2
GO_Biological_Process_2023,Glycoprotein Catabolic Process (GO:0006516),2/16,0.7076071477222836,0.9999960968655396,0,0,0.8242353852109949,0.2850751732714668,EDEM1;EDEM2
GO_Biological_Process_2023,Membrane Depolarization During Cardiac Muscle Cell Action Potential (GO:0086012),2/16,0.7076071477222836,0.9999960968655396,0,0,0.8242353852109949,0.2850751732714668,SCN4B;SCN2B
GO_Biological_Process_2023,Mesonephric Tubule Development (GO:0072164),2/16,0.7076071477222836,0.9999960968655396,0,0,0.8242353852109949,0.2850751732714668,SALL1;TCF21
GO_Biological_Process_2023,Mitophagy (GO:0000423),2/16,0.7076071477222836,0.9999960968655396,0,0,0.8242353852109949,0.2850751732714668,SPATA33;OGT
GO_Biological_Process_2023,Negative Regulation Of RNA Biosynthetic Process (GO:1902679),2/16,0.7076071477222836,0.9999960968655396,0,0,0.8242353852109949,0.2850751732714668,SETDB1;TASOR
GO_Biological_Process_2023,Negative Regulation Of Anoikis (GO:2000811),2/16,0.7076071477222836,0.9999960968655396,0,0,0.8242353852109949,0.2850751732714668,PTRH2;SNAI2
GO_Biological_Process_2023,Negative Regulation Of Chemokine Production (GO:0032682),2/16,0.7076071477222836,0.9999960968655396,0,0,0.8242353852109949,0.2850751732714668,SIGIRR;ELANE
GO_Biological_Process_2023,Negative Regulation Of Receptor Signaling Pathway Via JAK-STAT (GO:0046426),2/16,0.7076071477222836,0.9999960968655396,0,0,0.8242353852109949,0.2850751732714668,GBP7;NF2
GO_Biological_Process_2023,Nitric Oxide Metabolic Process (GO:0046209),2/16,0.7076071477222836,0.9999960968655396,0,0,0.8242353852109949,0.2850751732714668,CYB5B;CYB5R3
GO_Biological_Process_2023,Phosphatidylinositol Dephosphorylation (GO:0046856),2/16,0.7076071477222836,0.9999960968655396,0,0,0.8242353852109949,0.2850751732714668,INPP5B;SACM1L
GO_Biological_Process_2023,Positive Regulation By Host Of Viral Transcription (GO:0043923),2/16,0.7076071477222836,0.9999960968655396,0,0,0.8242353852109949,0.2850751732714668,SMARCB1;TFAP4
GO_Biological_Process_2023,Positive Regulation Of Lymphocyte Migration (GO:2000403),2/16,0.7076071477222836,0.9999960968655396,0,0,0.8242353852109949,0.2850751732714668,TMEM102;CXCL12
GO_Biological_Process_2023,Positive Regulation Of Stem Cell Proliferation (GO:2000648),2/16,0.7076071477222836,0.9999960968655396,0,0,0.8242353852109949,0.2850751732714668,TERT;PDCD2
GO_Biological_Process_2023,Regulation Of DNA Strand Elongation (GO:0060382),2/16,0.7076071477222836,0.9999960968655396,0,0,0.8242353852109949,0.2850751732714668,RUVBL2;RUVBL1
GO_Biological_Process_2023,Regulation Of Cardiac Muscle Contraction By Regulation Of The Release Of Sequestered Calcium Ion (GO:0010881),2/16,0.7076071477222836,0.9999960968655396,0,0,0.8242353852109949,0.2850751732714668,GSTM2;HRC
GO_Biological_Process_2023,Regulation Of Fibrinolysis (GO:0051917),2/16,0.7076071477222836,0.9999960968655396,0,0,0.8242353852109949,0.2850751732714668,PLAU;F11
GO_Biological_Process_2023,Regulation Of Osteoblast Proliferation (GO:0033688),2/16,0.7076071477222836,0.9999960968655396,0,0,0.8242353852109949,0.2850751732714668,CCNA2;PLXNB1
GO_Biological_Process_2023,Regulation Of Plasminogen Activation (GO:0010755),2/16,0.7076071477222836,0.9999960968655396,0,0,0.8242353852109949,0.2850751732714668,CLEC3B;PLAU
GO_Biological_Process_2023,Regulation Of Protein Kinase C Signaling (GO:0090036),2/16,0.7076071477222836,0.9999960968655396,0,0,0.8242353852109949,0.2850751732714668,WNT5A;GPD1L
GO_Biological_Process_2023,Regulation Of Transforming Growth Factor Beta Production (GO:0071634),2/16,0.7076071477222836,0.9999960968655396,0,0,0.8242353852109949,0.2850751732714668,FN1;XCL1
GO_Biological_Process_2023,Reticulophagy (GO:0061709),2/16,0.7076071477222836,0.9999960968655396,0,0,0.8242353852109949,0.2850751732714668,UFL1;UBA5
GO_Biological_Process_2023,"Synaptic Transmission, Cholinergic (GO:0007271)",2/16,0.7076071477222836,0.9999960968655396,0,0,0.8242353852109949,0.2850751732714668,SLC5A7;CHRNA4
GO_Biological_Process_2023,Tail-Anchored Membrane Protein Insertion Into ER Membrane (GO:0071816),2/16,0.7076071477222836,0.9999960968655396,0,0,0.8242353852109949,0.2850751732714668,GET1;EMC9
GO_Biological_Process_2023,Regulation Of Endopeptidase Activity (GO:0052548),9/69,0.7078125803651405,0.9999960968655396,0,0,0.8651612903225806,0.2989789238453214,SERPINA10;PSME1;PSME2;SERPINA9;SERPINA6;SERPINA7;PSMB8;SERPINA5;PSMB9
GO_Biological_Process_2023,Regulation Of Monoatomic Ion Transmembrane Transporter Activity (GO:0032412),9/69,0.7078125803651405,0.9999960968655396,0,0,0.8651612903225806,0.2989789238453214,NEDD4;PPIF;FXYD7;RANGRF;PDZK1;GPD1L;SCN4B;PTPN3;SCN2B
GO_Biological_Process_2023,Regulation Of Autophagy (GO:0010506),33/241,0.7091570507963326,0.9999960968655396,0,0,0.9145544202459642,0.3143124779426882,USP10;NPRL2;WDR24;DEPP1;UFL1;LAMP3;CASP3;MLST8;TRIM68;STK38L;ATP6V1H;WDR6;PIP4K2B;TRIM21;RNF152;SNX6;SREBF1;RUBCN;ENDOG;EXOC8;TFEB;TICAM1;SVIP;RMC1;TPCN1;DAP;HAX1;NEDD4;CPTP;EEF1A2;ATP6V0D2;MET;TRIM32
GO_Biological_Process_2023,Acylglycerol Catabolic Process (GO:0046464),3/24,0.7098446180809113,0.9999960968655396,0,0,0.8241758241758241,0.2824526214319852,LIPC;PNPLA3;PNPLA5
GO_Biological_Process_2023,Amyloid Fibril Formation (GO:1990000),3/24,0.7098446180809113,0.9999960968655396,0,0,0.8241758241758241,0.2824526214319852,BACE1;CD36;TARDBP
GO_Biological_Process_2023,Early Endosome To Late Endosome Transport (GO:0045022),3/24,0.7098446180809113,0.9999960968655396,0,0,0.8241758241758241,0.2824526214319852,WDR81;EMP2;RILP
GO_Biological_Process_2023,Eosinophil Chemotaxis (GO:0048245),3/24,0.7098446180809113,0.9999960968655396,0,0,0.8241758241758241,0.2824526214319852,CCL24;XCL1;MEN1
GO_Biological_Process_2023,Eosinophil Migration (GO:0072677),3/24,0.7098446180809113,0.9999960968655396,0,0,0.8241758241758241,0.2824526214319852,CCL24;XCL1;MEN1
GO_Biological_Process_2023,Gliogenesis (GO:0042063),3/24,0.7098446180809113,0.9999960968655396,0,0,0.8241758241758241,0.2824526214319852,GCM1;METTL14;METTL3
GO_Biological_Process_2023,mRNA Polyadenylation (GO:0006378),3/24,0.7098446180809113,0.9999960968655396,0,0,0.8241758241758241,0.2824526214319852,HEXIM1;PNPT1;LEO1
GO_Biological_Process_2023,Negative Regulation Of Ion Transmembrane Transporter Activity (GO:0032413),3/24,0.7098446180809113,0.9999960968655396,0,0,0.8241758241758241,0.2824526214319852,NEDD4;PCSK9;GOPC
GO_Biological_Process_2023,Photoperiodism (GO:0009648),3/24,0.7098446180809113,0.9999960968655396,0,0,0.8241758241758241,0.2824526214319852,PER2;CRTC1;USP2
GO_Biological_Process_2023,Positive Regulation Of ERBB Signaling Pathway (GO:1901186),3/24,0.7098446180809113,0.9999960968655396,0,0,0.8241758241758241,0.2824526214319852,BCAR3;PDE6G;PTK6
GO_Biological_Process_2023,Positive Regulation Of Interleukin-17 Production (GO:0032740),3/24,0.7098446180809113,0.9999960968655396,0,0,0.8241758241758241,0.2824526214319852,IL18;NR1H4;TYK2
GO_Biological_Process_2023,Regulation Of Proteolysis Involved In Protein Catabolic Process (GO:1903050),3/24,0.7098446180809113,0.9999960968655396,0,0,0.8241758241758241,0.2824526214319852,PSME1;PSME2;NUDT15
GO_Biological_Process_2023,Regulation Of Ruffle Assembly (GO:1900027),3/24,0.7098446180809113,0.9999960968655396,0,0,0.8241758241758241,0.2824526214319852,KANK1;RDX;FAM98A
GO_Biological_Process_2023,Stress Granule Assembly (GO:0034063),3/24,0.7098446180809113,0.9999960968655396,0,0,0.8241758241758241,0.2824526214319852,GRB7;OGFOD1;G3BP1
GO_Biological_Process_2023,Regulation Of Cell Growth (GO:0001558),31/227,0.7104756849287612,0.9999960968655396,0,0,0.9117519741389544,0.3116555653752689,NDRG3;BRAT1;DERL2;TMEM97;DNPH1;SOCS2;TCHP;DNAJB2;SERTAD3;EXOSC4;CCDC85B;ERBB2;MLST8;EXOSC2;CDKN2C;CSNK2A1;PTCH2;GDF2;INHBA;SMARCA2;IL17RB;BST2;SUPV3L1;PSRC1;NME6;MYL2;LAMTOR2;CEP43;EBAG9;TRIM32;HSPA1B
GO_Biological_Process_2023,Epithelial To Mesenchymal Transition (GO:0001837),6/47,0.7123278324056732,0.9999960968655396,0,0,0.8441440248866532,0.2863480330387977,DDX17;HEY1;TASOR;WNT5A;SNAI2;TBX3
GO_Biological_Process_2023,Regulation Of Protein Ubiquitination (GO:0031396),15/113,0.7126825702462263,0.9999960968655396,0,0,0.8826409093749783,0.2989673880413807,HDAC3;CENPX;PINX1;PRMT3;UBE2D1;XIAP;DNAJB2;DNAJA1;PER2;UFL1;TBC1D7;OGT;SOX4;HSPA1B;TSPYL5
GO_Biological_Process_2023,Positive Regulation Of Protein Ubiquitination (GO:0031398),11/84,0.7133267819715354,0.9999960968655396,0,0,0.8690368136139155,0.2935742307017202,HDAC3;CENPX;PEF1;ARRDC3;TBC1D7;PLK1;UBE2D1;DCUN1D2;XIAP;TSPYL5;SPSB4
GO_Biological_Process_2023,Cell Junction Organization (GO:0034330),8/62,0.7141864868477654,0.9999960968655396,0,0,0.8544919665082598,0.2876315360598068,PRKCI;OCLN;CLDN3;MARVELD2;MYOT;CLDN1;LIMS2;PPFIA2
GO_Biological_Process_2023,Protein-Containing Complex Disassembly (GO:0032984),8/62,0.7141864868477654,0.9999960968655396,0,0,0.8544919665082598,0.2876315360598068,STX17;SNX14;EPG5;PEX10;VIPAS39;PEX12;SNAP29;GSPT2
GO_Biological_Process_2023,Cellular Nitrogen Compound Biosynthetic Process (GO:0044271),4/32,0.7161518449272375,0.9999960968655396,0,0,0.8241162227602905,0.2751419644087176,CYB5B;PM20D1;ASAH2;CYB5R3
GO_Biological_Process_2023,Mesenchymal Cell Migration (GO:0090497),4/32,0.7161518449272375,0.9999960968655396,0,0,0.8241162227602905,0.2751419644087176,SEMA4A;SEMA6C;SHH;SEMA4G
GO_Biological_Process_2023,Negative Regulation Of Fat Cell Differentiation (GO:0045599),4/32,0.7161518449272375,0.9999960968655396,0,0,0.8241162227602905,0.2751419644087176,ANKRD26;CCDC85B;WNT5A;LRP3
GO_Biological_Process_2023,Transition Metal Ion Transport (GO:0000041),4/32,0.7161518449272375,0.9999960968655396,0,0,0.8241162227602905,0.2751419644087176,ATP7B;SLC31A1;SLC30A5;SLC39A5
GO_Biological_Process_2023,Negative Regulation Of Blood Vessel Morphogenesis (GO:2000181),10/77,0.7182925743249475,0.9999960968655396,0,0,0.860794532770928,0.284818238367764,HHEX;CD160;STAT1;AGO1;PDE3B;CCN6;COL4A3;GDF2;PPARG;GTF2I
GO_Biological_Process_2023,Negative Regulation Of Transforming Growth Factor Beta Receptor Signaling Pathway (GO:0030512),10/77,0.7182925743249475,0.9999960968655396,0,0,0.860794532770928,0.284818238367764,HDAC2;SKOR2;RBBP4;BRMS1L;HTRA4;PPARG;OGT;SAP30;BCL9L;SNX6
GO_Biological_Process_2023,Positive Regulation Of Response To Stimulus (GO:0048584),10/77,0.7182925743249475,0.9999960968655396,0,0,0.860794532770928,0.284818238367764,H2AX;TIGAR;MAVS;RUVBL2;RUVBL1;WNT5A;CEBPG;ECHDC3;RIGI;WRAP53
GO_Biological_Process_2023,Heart Development (GO:0007507),23/171,0.7191203520008032,0.9999960968655396,0,0,0.8959537838759948,0.2954197476340507,LEFTY1;MKKS;RAMP2;FN1;CACYBP;DYNLL1;ZDHHC16;TBX3;CSRP3;SHH;COL3A1;SALL1;MTHFD1;FLRT2;ERBB3;SOX18;MYL2;HAND2;DVL2;PDLIM5;SOX4;STRA6;MYH7
GO_Biological_Process_2023,Protein Transport (GO:0015031),43/313,0.7214093861457151,0.9999960968655396,0,0,0.9178060231306538,0.2997081797615939,RD3;RAMP2;RAB3A;STX17;AFM;HIKESHI;VLDLR;GGA2;NEURL1B;RAB23;TMED3;TBC1D13;CD36;GOLGA7;ABCD1;RILP;SEC31B;SEC31A;SNX6;MEN1;NDC1;BBS1;TANGO2;ARRDC3;CMTM6;TIMM44;TIMM21;PDIA4;RUFY1;RAB32;ARL4C;CENPF;SEC23IP;PREPL;IFT27;PPARG;VIPAS39;RAB17;VAMP5;PHAF1;MON1A;ARF5;ABCG1
GO_Biological_Process_2023,Cdc42 Protein Signal Transduction (GO:0032488),1/8,0.7216214218927098,0.9999960968655396,0,0,0.824294905906826,0.2689300246048957,RHOBTB2
GO_Biological_Process_2023,"DNA Damage Response, Signal Transduction By P53 Class Mediator Resulting In Transcription Of P21 Class Mediator (GO:0006978)",1/8,0.7216214218927098,0.9999960968655396,0,0,0.824294905906826,0.2689300246048957,TFAP4
GO_Biological_Process_2023,Schwann Cell Development (GO:0014044),1/8,0.7216214218927098,0.9999960968655396,0,0,0.824294905906826,0.2689300246048957,LGI4
GO_Biological_Process_2023,T Cell Mediated Cytotoxicity (GO:0001913),1/8,0.7216214218927098,0.9999960968655396,0,0,0.824294905906826,0.2689300246048957,EMP2
GO_Biological_Process_2023,T-helper 17 Cell Differentiation (GO:0072539),1/8,0.7216214218927098,0.9999960968655396,0,0,0.824294905906826,0.2689300246048957,RORC
GO_Biological_Process_2023,UDP-N-acetylglucosamine Biosynthetic Process (GO:0006048),1/8,0.7216214218927098,0.9999960968655396,0,0,0.824294905906826,0.2689300246048957,GNPDA1
GO_Biological_Process_2023,Amyloid-Beta Formation (GO:0034205),1/8,0.7216214218927098,0.9999960968655396,0,0,0.824294905906826,0.2689300246048957,BACE1
GO_Biological_Process_2023,Angiotensin Maturation (GO:0002003),1/8,0.7216214218927098,0.9999960968655396,0,0,0.824294905906826,0.2689300246048957,ENPEP
GO_Biological_Process_2023,Auditory Behavior (GO:0031223),1/8,0.7216214218927098,0.9999960968655396,0,0,0.824294905906826,0.2689300246048957,STRA6
GO_Biological_Process_2023,Autophagosome-Lysosome Fusion (GO:0061909),1/8,0.7216214218927098,0.9999960968655396,0,0,0.824294905906826,0.2689300246048957,PIP4K2B
GO_Biological_Process_2023,Bone Resorption (GO:0045453),1/8,0.7216214218927098,0.9999960968655396,0,0,0.824294905906826,0.2689300246048957,IL7
GO_Biological_Process_2023,Cell Surface Pattern Recognition Receptor Signaling Pathway (GO:0002752),1/8,0.7216214218927098,0.9999960968655396,0,0,0.824294905906826,0.2689300246048957,MBL2
GO_Biological_Process_2023,Cellular Response To Hydroxyurea (GO:0072711),1/8,0.7216214218927098,0.9999960968655396,0,0,0.824294905906826,0.2689300246048957,DDX11
GO_Biological_Process_2023,Cellular Response To Platelet-Derived Growth Factor Stimulus (GO:0036120),1/8,0.7216214218927098,0.9999960968655396,0,0,0.824294905906826,0.2689300246048957,MTSS2
GO_Biological_Process_2023,Cilium Movement Involved In Cell Motility (GO:0060294),1/8,0.7216214218927098,0.9999960968655396,0,0,0.824294905906826,0.2689300246048957,GAS8
GO_Biological_Process_2023,Cobalamin Transport (GO:0015889),1/8,0.7216214218927098,0.9999960968655396,0,0,0.824294905906826,0.2689300246048957,ABCD1
GO_Biological_Process_2023,"Complement Activation, Lectin Pathway (GO:0001867)",1/8,0.7216214218927098,0.9999960968655396,0,0,0.824294905906826,0.2689300246048957,MBL2
GO_Biological_Process_2023,Embryonic Digestive Tract Morphogenesis (GO:0048557),1/8,0.7216214218927098,0.9999960968655396,0,0,0.824294905906826,0.2689300246048957,TCF21
GO_Biological_Process_2023,Embryonic Forelimb Morphogenesis (GO:0035115),1/8,0.7216214218927098,0.9999960968655396,0,0,0.824294905906826,0.2689300246048957,TBX3
GO_Biological_Process_2023,Embryonic Placenta Development (GO:0001892),1/8,0.7216214218927098,0.9999960968655396,0,0,0.824294905906826,0.2689300246048957,TFEB
GO_Biological_Process_2023,Epithelial To Mesenchymal Transition Involved In Endocardial Cushion Formation (GO:0003198),1/8,0.7216214218927098,0.9999960968655396,0,0,0.824294905906826,0.2689300246048957,SNAI2
GO_Biological_Process_2023,Establishment Of Protein Localization To Chromatin (GO:0071169),1/8,0.7216214218927098,0.9999960968655396,0,0,0.824294905906826,0.2689300246048957,RUVBL2
GO_Biological_Process_2023,Fat-Soluble Vitamin Catabolic Process (GO:0042363),1/8,0.7216214218927098,0.9999960968655396,0,0,0.824294905906826,0.2689300246048957,CYP26A1
GO_Biological_Process_2023,Formation Of Translation Preinitiation Complex (GO:0001731),1/8,0.7216214218927098,0.9999960968655396,0,0,0.824294905906826,0.2689300246048957,DHX29
GO_Biological_Process_2023,Glucosamine-Containing Compound Catabolic Process (GO:1901072),1/8,0.7216214218927098,0.9999960968655396,0,0,0.824294905906826,0.2689300246048957,GNPDA1
GO_Biological_Process_2023,Inner Ear Receptor Cell Development (GO:0060119),1/8,0.7216214218927098,0.9999960968655396,0,0,0.824294905906826,0.2689300246048957,TSKU
GO_Biological_Process_2023,Interleukin-12-Mediated Signaling Pathway (GO:0035722),1/8,0.7216214218927098,0.9999960968655396,0,0,0.824294905906826,0.2689300246048957,TYK2
GO_Biological_Process_2023,Learned Vocalization Behavior Or Vocal Learning (GO:0098598),1/8,0.7216214218927098,0.9999960968655396,0,0,0.824294905906826,0.2689300246048957,STRA6
GO_Biological_Process_2023,Leptin-Mediated Signaling Pathway (GO:0033210),1/8,0.7216214218927098,0.9999960968655396,0,0,0.824294905906826,0.2689300246048957,MKKS
GO_Biological_Process_2023,Manganese Ion Transport (GO:0006828),1/8,0.7216214218927098,0.9999960968655396,0,0,0.824294905906826,0.2689300246048957,TMEM165
GO_Biological_Process_2023,Monocyte Activation (GO:0042117),1/8,0.7216214218927098,0.9999960968655396,0,0,0.824294905906826,0.2689300246048957,CSF1
GO_Biological_Process_2023,Multi-Pass Transmembrane Protein Insertion Into ER Membrane (GO:0160063),1/8,0.7216214218927098,0.9999960968655396,0,0,0.824294905906826,0.2689300246048957,NOMO1
GO_Biological_Process_2023,Negative Regulation Of T Cell Cytokine Production (GO:0002725),1/8,0.7216214218927098,0.9999960968655396,0,0,0.824294905906826,0.2689300246048957,XCL1
GO_Biological_Process_2023,Negative Regulation Of Alpha-Beta T Cell Differentiation (GO:0046639),1/8,0.7216214218927098,0.9999960968655396,0,0,0.824294905906826,0.2689300246048957,IHH
GO_Biological_Process_2023,Negative Regulation Of cAMP-mediated Signaling (GO:0043951),1/8,0.7216214218927098,0.9999960968655396,0,0,0.824294905906826,0.2689300246048957,PDE3B
GO_Biological_Process_2023,Negative Regulation Of Glial Cell Differentiation (GO:0045686),1/8,0.7216214218927098,0.9999960968655396,0,0,0.824294905906826,0.2689300246048957,TMEM98
GO_Biological_Process_2023,Negative Regulation Of Smooth Muscle Cell Differentiation (GO:0051151),1/8,0.7216214218927098,0.9999960968655396,0,0,0.824294905906826,0.2689300246048957,SHH
GO_Biological_Process_2023,Negative Regulation Of Systemic Arterial Blood Pressure (GO:0003085),1/8,0.7216214218927098,0.9999960968655396,0,0,0.824294905906826,0.2689300246048957,ADRB3
GO_Biological_Process_2023,Negative Regulation Of Transporter Activity (GO:0032410),1/8,0.7216214218927098,0.9999960968655396,0,0,0.824294905906826,0.2689300246048957,PPIF
GO_Biological_Process_2023,Negative Regulation Of Triglyceride Metabolic Process (GO:0090209),1/8,0.7216214218927098,0.9999960968655396,0,0,0.824294905906826,0.2689300246048957,SREBF1
GO_Biological_Process_2023,Nuclear Membrane Disassembly (GO:0051081),1/8,0.7216214218927098,0.9999960968655396,0,0,0.824294905906826,0.2689300246048957,PLK1
GO_Biological_Process_2023,p38MAPK Cascade (GO:0038066),1/8,0.7216214218927098,0.9999960968655396,0,0,0.824294905906826,0.2689300246048957,MAP2K6
GO_Biological_Process_2023,Peptidyl-Lysine Monomethylation (GO:0018026),1/8,0.7216214218927098,0.9999960968655396,0,0,0.824294905906826,0.2689300246048957,SETD4
GO_Biological_Process_2023,Peripheral Nervous System Axon Ensheathment (GO:0032292),1/8,0.7216214218927098,0.9999960968655396,0,0,0.824294905906826,0.2689300246048957,LGI4
GO_Biological_Process_2023,Peroxisomal Transport (GO:0043574),1/8,0.7216214218927098,0.9999960968655396,0,0,0.824294905906826,0.2689300246048957,PEX12
GO_Biological_Process_2023,Phosphatidylglycerol Acyl-Chain Remodeling (GO:0036148),1/8,0.7216214218927098,0.9999960968655396,0,0,0.824294905906826,0.2689300246048957,LPGAT1
GO_Biological_Process_2023,"Phototransduction, Visible Light (GO:0007603)",1/8,0.7216214218927098,0.9999960968655396,0,0,0.824294905906826,0.2689300246048957,DMBT1
GO_Biological_Process_2023,"Positive Regulation Of CD8-positive, Alpha-Beta T Cell Activation (GO:2001187)",1/8,0.7216214218927098,0.9999960968655396,0,0,0.824294905906826,0.2689300246048957,XCL1
GO_Biological_Process_2023,Positive Regulation Of Adaptive Immune Response (GO:0002821),1/8,0.7216214218927098,0.9999960968655396,0,0,0.824294905906826,0.2689300246048957,FADD
GO_Biological_Process_2023,Positive Regulation Of Epithelial Cell Proliferation Involved In Wound Healing (GO:0060054),1/8,0.7216214218927098,0.9999960968655396,0,0,0.824294905906826,0.2689300246048957,FZD7
GO_Biological_Process_2023,Positive Regulation Of Ligase Activity (GO:0051351),1/8,0.7216214218927098,0.9999960968655396,0,0,0.824294905906826,0.2689300246048957,MID1IP1
GO_Biological_Process_2023,Positive Regulation Of Macrophage Cytokine Production (GO:0060907),1/8,0.7216214218927098,0.9999960968655396,0,0,0.824294905906826,0.2689300246048957,WNT5A
GO_Biological_Process_2023,Positive Regulation Of Membrane Invagination (GO:1905155),1/8,0.7216214218927098,0.9999960968655396,0,0,0.824294905906826,0.2689300246048957,C3
GO_Biological_Process_2023,Positive Regulation Of Mitochondrial Calcium Ion Concentration (GO:0051561),1/8,0.7216214218927098,0.9999960968655396,0,0,0.824294905906826,0.2689300246048957,SLC25A23
GO_Biological_Process_2023,Positive Regulation Of Opsonization (GO:1903028),1/8,0.7216214218927098,0.9999960968655396,0,0,0.824294905906826,0.2689300246048957,MBL2
GO_Biological_Process_2023,Positive Regulation Of Protein Kinase C Signaling (GO:0090037),1/8,0.7216214218927098,0.9999960968655396,0,0,0.824294905906826,0.2689300246048957,WNT5A
GO_Biological_Process_2023,Positive Regulation Of Sequestering Of Triglyceride (GO:0010890),1/8,0.7216214218927098,0.9999960968655396,0,0,0.824294905906826,0.2689300246048957,FITM1
GO_Biological_Process_2023,Positive Regulation Of Synapse Maturation (GO:0090129),1/8,0.7216214218927098,0.9999960968655396,0,0,0.824294905906826,0.2689300246048957,CDC20
GO_Biological_Process_2023,Positive Regulation Of Tumor Necrosis Factor-Mediated Signaling Pathway (GO:1903265),1/8,0.7216214218927098,0.9999960968655396,0,0,0.824294905906826,0.2689300246048957,HSPA1B
GO_Biological_Process_2023,Protein Hexamerization (GO:0034214),1/8,0.7216214218927098,0.9999960968655396,0,0,0.824294905906826,0.2689300246048957,TWNK
GO_Biological_Process_2023,Protein poly-ADP-ribosylation (GO:0070212),1/8,0.7216214218927098,0.9999960968655396,0,0,0.824294905906826,0.2689300246048957,PARP9
GO_Biological_Process_2023,"Regulation Of CD8-positive, Alpha-Beta T Cell Proliferation (GO:2000564)",1/8,0.7216214218927098,0.9999960968655396,0,0,0.824294905906826,0.2689300246048957,XCL1
GO_Biological_Process_2023,Regulation Of DNA-templated Transcription Initiation (GO:2000142),1/8,0.7216214218927098,0.9999960968655396,0,0,0.824294905906826,0.2689300246048957,CDK4
GO_Biological_Process_2023,Regulation Of ER-associated Ubiquitin-Dependent Protein Catabolic Process (GO:1903069),1/8,0.7216214218927098,0.9999960968655396,0,0,0.824294905906826,0.2689300246048957,SVIP
GO_Biological_Process_2023,Regulation Of T-helper 1 Type Immune Response (GO:0002825),1/8,0.7216214218927098,0.9999960968655396,0,0,0.824294905906826,0.2689300246048957,XCL1
GO_Biological_Process_2023,"Regulation Of Wnt Signaling Pathway, Planar Cell Polarity Pathway (GO:2000095)",1/8,0.7216214218927098,0.9999960968655396,0,0,0.824294905906826,0.2689300246048957,NKD1
GO_Biological_Process_2023,Regulation Of Angiotensin Levels In Blood (GO:0002002),1/8,0.7216214218927098,0.9999960968655396,0,0,0.824294905906826,0.2689300246048957,ENPEP
GO_Biological_Process_2023,"Regulation Of Complement Activation, Classical Pathway (GO:0030450)",1/8,0.7216214218927098,0.9999960968655396,0,0,0.824294905906826,0.2689300246048957,CR2
GO_Biological_Process_2023,Regulation Of Endothelial Cell Differentiation (GO:0045601),1/8,0.7216214218927098,0.9999960968655396,0,0,0.824294905906826,0.2689300246048957,SORD
GO_Biological_Process_2023,Regulation Of Fertilization (GO:0080154),1/8,0.7216214218927098,0.9999960968655396,0,0,0.824294905906826,0.2689300246048957,LHFPL2
GO_Biological_Process_2023,Regulation Of Fibroblast Apoptotic Process (GO:2000269),1/8,0.7216214218927098,0.9999960968655396,0,0,0.824294905906826,0.2689300246048957,GAS6
GO_Biological_Process_2023,Regulation Of Glial Cell Proliferation (GO:0060251),1/8,0.7216214218927098,0.9999960968655396,0,0,0.824294905906826,0.2689300246048957,PRKCI
GO_Biological_Process_2023,Regulation Of Mitotic Centrosome Separation (GO:0046602),1/8,0.7216214218927098,0.9999960968655396,0,0,0.824294905906826,0.2689300246048957,UBXN2B
GO_Biological_Process_2023,Regulation Of Necrotic Cell Death (GO:0010939),1/8,0.7216214218927098,0.9999960968655396,0,0,0.824294905906826,0.2689300246048957,SLC6A6
GO_Biological_Process_2023,Regulation Of Nephron Tubule Epithelial Cell Differentiation (GO:0072182),1/8,0.7216214218927098,0.9999960968655396,0,0,0.824294905906826,0.2689300246048957,PROM1
GO_Biological_Process_2023,Regulation Of Neutrophil Migration (GO:1902622),1/8,0.7216214218927098,0.9999960968655396,0,0,0.824294905906826,0.2689300246048957,MPP1
GO_Biological_Process_2023,Regulation Of Organ Growth (GO:0046620),1/8,0.7216214218927098,0.9999960968655396,0,0,0.824294905906826,0.2689300246048957,WWC1
GO_Biological_Process_2023,Regulation Of Pattern Recognition Receptor Signaling Pathway (GO:0062207),1/8,0.7216214218927098,0.9999960968655396,0,0,0.824294905906826,0.2689300246048957,CD36
GO_Biological_Process_2023,Regulation Of Rhodopsin Mediated Signaling Pathway (GO:0022400),1/8,0.7216214218927098,0.9999960968655396,0,0,0.824294905906826,0.2689300246048957,GUCY2D
GO_Biological_Process_2023,Regulation Of Toll-Like Receptor 3 Signaling Pathway (GO:0034139),1/8,0.7216214218927098,0.9999960968655396,0,0,0.824294905906826,0.2689300246048957,TIRAP
GO_Biological_Process_2023,Response To Leptin (GO:0044321),1/8,0.7216214218927098,0.9999960968655396,0,0,0.824294905906826,0.2689300246048957,GCK
GO_Biological_Process_2023,Response To Magnesium Ion (GO:0032026),1/8,0.7216214218927098,0.9999960968655396,0,0,0.824294905906826,0.2689300246048957,D2HGDH
GO_Biological_Process_2023,Sensory Perception Of Sour Taste (GO:0050915),1/8,0.7216214218927098,0.9999960968655396,0,0,0.824294905906826,0.2689300246048957,PKD2L1
GO_Biological_Process_2023,Skeletal Myofibril Assembly (GO:0014866),1/8,0.7216214218927098,0.9999960968655396,0,0,0.824294905906826,0.2689300246048957,PROX1
GO_Biological_Process_2023,Sphingosine-1-Phosphate Receptor Signaling Pathway (GO:0003376),1/8,0.7216214218927098,0.9999960968655396,0,0,0.824294905906826,0.2689300246048957,SPNS2
GO_Biological_Process_2023,Synapse Pruning (GO:0098883),1/8,0.7216214218927098,0.9999960968655396,0,0,0.824294905906826,0.2689300246048957,C3
GO_Biological_Process_2023,Transcription-Coupled Nucleotide-Excision Repair (GO:0006283),1/8,0.7216214218927098,0.9999960968655396,0,0,0.824294905906826,0.2689300246048957,POLR2I
GO_Biological_Process_2023,Triglyceride-Rich Lipoprotein Particle Remodeling (GO:0034370),1/8,0.7216214218927098,0.9999960968655396,0,0,0.824294905906826,0.2689300246048957,LIPC
GO_Biological_Process_2023,Type B Pancreatic Cell Differentiation (GO:0003309),1/8,0.7216214218927098,0.9999960968655396,0,0,0.824294905906826,0.2689300246048957,DLL1
GO_Biological_Process_2023,Tyrosine Phosphorylation Of STAT Protein (GO:0007260),1/8,0.7216214218927098,0.9999960968655396,0,0,0.824294905906826,0.2689300246048957,PTK6
GO_Biological_Process_2023,Ubiquitin-Dependent Protein Catabolic Process Via The C-end Degron Rule Pathway (GO:0140627),1/8,0.7216214218927098,0.9999960968655396,0,0,0.824294905906826,0.2689300246048957,FEM1A
GO_Biological_Process_2023,Unsaturated Fatty Acid Biosynthetic Process (GO:0006636),1/8,0.7216214218927098,0.9999960968655396,0,0,0.824294905906826,0.2689300246048957,FADS1
GO_Biological_Process_2023,Vascular Associated Smooth Muscle Cell Differentiation (GO:0035886),1/8,0.7216214218927098,0.9999960968655396,0,0,0.824294905906826,0.2689300246048957,RAMP2
GO_Biological_Process_2023,Response To Peptide Hormone (GO:0043434),7/55,0.7219837569317302,0.9999960968655396,0,0,0.8411520190023754,0.2740074888688225,EIF2B4;XBP1;IRS1;STAT1;STAT2;EIF2B1;OGT
GO_Biological_Process_2023,Negative Regulation Of Cell Differentiation (GO:0045596),28/207,0.7226224543510327,0.9999960968655396,0,0,0.9017133998021972,0.2929381771581579,FOXA1;CRP;LRP3;TMEM53;DLL1;TSKU;SHH;METTL14;HEY1;BCL7A;CCDC85B;LEO1;SOX4;EID2B;MEN1;ANKRD26;PTCH1;WNT5A;SORD;SMARCA2;TBX3;MEIS1;SDHAF2;NBR1;SNAI2;PPARG;ABCG1;FOXA2
GO_Biological_Process_2023,Positive Regulation Of Protein Catabolic Process (GO:0045732),12/92,0.7233953023728559,0.9999960968655396,0,0,0.8650237933378654,0.280094231376129,DCAF1;APC2;CSNK2A1;NEDD4;WNT5A;RDX;PCSK9;PACSIN3;ASB11;RILP;TRIM32;NKD1
GO_Biological_Process_2023,Sensory Perception Of Sound (GO:0007605),12/92,0.7233953023728559,0.9999960968655396,0,0,0.8650237933378654,0.280094231376129,MKKS;KCNE1;COL2A1;MARVELD2;HOMER2;TIMM9;SPNS2;COL4A3;KIT;BIRC5;SNAI2;CRYM
GO_Biological_Process_2023,L-alpha-amino Acid Transmembrane Transport (GO:1902475),5/40,0.7237483525912297,0.9999960968655396,0,0,0.8240565809233155,0.2664269909441055,SLC47A1;SLC43A1;SLC1A2;SLC38A3;SLC38A5
GO_Biological_Process_2023,Negative Regulation Of Protein Localization (GO:1903828),5/40,0.7237483525912297,0.9999960968655396,0,0,0.8240565809233155,0.2664269909441055,MFHAS1;UBXN2B;SIRT6;GOPC;LZTFL1
GO_Biological_Process_2023,Positive Regulation Of Insulin Secretion (GO:0032024),5/40,0.7237483525912297,0.9999960968655396,0,0,0.8240565809233155,0.2664269909441055,GLUD1;CAPN10;SIRT6;SOX4;GCK
GO_Biological_Process_2023,Positive Regulation Of Wound Healing (GO:0090303),5/40,0.7237483525912297,0.9999960968655396,0,0,0.8240565809233155,0.2664269909441055,KANK1;XBP1;OCLN;CLDN3;CLDN1
GO_Biological_Process_2023,Regulation Of Notch Signaling Pathway (GO:0008593),9/70,0.7241570686931499,0.9999960968655396,0,0,0.8509282195441009,0.2746344997945933,DLL4;ENHO;TSPAN15;PRKCI;TSPAN14;HEY1;METTL3;NRARP;DLL1
GO_Biological_Process_2023,Sulfur Compound Biosynthetic Process (GO:0044272),9/70,0.7241570686931499,0.9999960968655396,0,0,0.8509282195441009,0.2746344997945933,HS3ST3B1;CHST7;GGT6;GSTM1;CHST13;MAT2B;METTL16;PAPSS2;PAPSS1
GO_Biological_Process_2023,Regulation Of Cytoskeleton Organization (GO:0051493),15/114,0.7255154300874292,0.9999960968655396,0,0,0.873673791332859,0.2803382768661881,PHLDB1;TRAF3IP1;ARHGEF19;CELSR1;DYNLL1;BICD2;BST2;CAPN10;KATNBL1;MLST8;CDK2AP2;PLXNB1;TPPP;PHLDB2;PLXNA3
GO_Biological_Process_2023,Response To Endoplasmic Reticulum Stress (GO:0034976),15/114,0.7255154300874292,0.9999960968655396,0,0,0.873673791332859,0.2803382768661881,PPP1R15B;XBP1;FICD;ATF6B;UBA5;ATP2A1;PDIA6;RNF5;PDIA4;UFL1;ERP44;AIFM1;HYOU1;ANKS4B;RNF186
GO_Biological_Process_2023,Positive Regulation Of Transferase Activity (GO:0051347),19/143,0.7266377292230947,0.9999960968655396,0,0,0.883436830246744,0.2821054401497514,VAC14;GINS2;RFC3;RFC4;XRCC5;NVL;ARRDC3;PLK1;DCUN1D2;CHTF18;AURKB;CSRP3;RAD50;ERBB3;ERBB2;EPHA1;MET;MAP3K4;WRAP53
GO_Biological_Process_2023,Positive Regulation Of Autophagy (GO:0010508),14/107,0.7289441377769613,0.9999960968655396,0,0,0.8680491551459293,0.2744408397163423,EPM2A;ENDOG;NPRL2;TFEB;TICAM1;WDR24;SVIP;CAMKK2;TPCN1;UFL1;TRIM68;TRIM21;RNF152;TRIM32
GO_Biological_Process_2023,G1/S Transition Of Mitotic Cell Cycle (GO:0000082),8/63,0.7311639546866537,0.9999960968655396,0,0,0.8389063753625872,0.26267631410407,KHDRBS1;TFDP1;CCND1;CCNE2;CDK4;CDK2;CACUL1;CDKN3
GO_Biological_Process_2023,Positive Regulation Of Cell Population Proliferation (GO:0008284),67/483,0.7321489419454038,0.9999960968655396,0,0,0.927741400442301,0.2892431546475623,CSF1;IRS1;ASH2L;FOXM1;UFL1;SHH;BCL7A;NAMPT;CHP2;FBXO5;SOX4;PRKCI;CSNK2A1;CEP131;WNT5A;IL18;LIG4;EMP2;SIRT6;LIFR;AVPR1A;PROX1;POU3F2;CCNA2;BIRC5;PRTN3;MVD;STAMBP;GAS6;EPHA1;KIF20B;CACUL1;TSPYL5;HDAC2;CTF1;NOP2;DERL2;DLL1;CIAO1;PRDX3;DPP4;DLL4;TERT;ERBB3;ERBB2;SSR1;CGA;ELANE;XBP1;STAT1;FN1;SMARCA2;TBX3;EPOR;BST2;MLXIPL;MEIS1;CDK4;IL7;GID8;CDK2;AQP11;FAM98B;FAM98A;CNOT8;CEP43;NODAL
GO_Biological_Process_2023,Regulation Of Protein Phosphorylation (GO:0001932),36/265,0.7331641338795458,0.9999960968655396,0,0,0.9060042919867948,0.2812107595678379,PPP1R15B;HDAC3;TRAF3IP1;FBH1;BRAT1;CDCA8;AURKB;CAMKK2;KLHL31;C3;SLC9A3R1;CCND1;ERBB2;P2RY1;DVL2;ROPN1L;RSPO1;ECT2;FNIP2;MEN1;STAT2;FN1;VEGFB;SORD;AXIN2;CCNA2;OCLN;RAP2A;MAVS;CLDN3;HRC;PLXNB2;BIRC5;TERF2IP;GAS6;TARDBP
GO_Biological_Process_2023,Negative Regulation Of Protein Modification Process (GO:0031400),10/78,0.7335100827102818,0.9999960968655396,0,0,0.8480858375959079,0.2628336195434199,PPP1R15B;MFHAS1;OCLN;TRAF3IP1;SORD;TERF2IP;TPPP;TARDBP;KLHL31;MEN1
GO_Biological_Process_2023,RNA Polyadenylation (GO:0043631),3/25,0.7362852875143997,0.9999960968655396,0,0,0.7866670774159761,0.240828384021881,HEXIM1;PNPT1;LEO1
GO_Biological_Process_2023,fatty-acyl-CoA Biosynthetic Process (GO:0046949),3/25,0.7362852875143997,0.9999960968655396,0,0,0.7866670774159761,0.240828384021881,SLC25A1;ELOVL6;ACSL3
GO_Biological_Process_2023,Negative Regulation Of Protein Localization To Membrane (GO:1905476),3/25,0.7362852875143997,0.9999960968655396,0,0,0.7866670774159761,0.240828384021881,LRRC15;KCNE1;LZTFL1
GO_Biological_Process_2023,Negative Regulation Of Protein Transport (GO:0051224),3/25,0.7362852875143997,0.9999960968655396,0,0,0.7866670774159761,0.240828384021881,PKDCC;CSK;HMGCR
GO_Biological_Process_2023,Negative Regulation Of Proteolysis Involved In Protein Catabolic Process (GO:1903051),3/25,0.7362852875143997,0.9999960968655396,0,0,0.7866670774159761,0.240828384021881,CSNK2A1;LAMP3;PSME3IP1
GO_Biological_Process_2023,Negative Regulation Of Smoothened Signaling Pathway (GO:0045879),3/25,0.7362852875143997,0.9999960968655396,0,0,0.7866670774159761,0.240828384021881,KCTD21;PTCH1;PTCH2
GO_Biological_Process_2023,Negative Regulation Of Transposition (GO:0010529),3/25,0.7362852875143997,0.9999960968655396,0,0,0.7866670774159761,0.240828384021881,MOV10;UBR2;SIRT6
GO_Biological_Process_2023,Positive Regulation Of Peptidase Activity (GO:0010952),3/25,0.7362852875143997,0.9999960968655396,0,0,0.7866670774159761,0.240828384021881,CLDN3;PSME1;PSME2
GO_Biological_Process_2023,Positive Regulation Of Release Of Cytochrome C From Mitochondria (GO:0090200),3/25,0.7362852875143997,0.9999960968655396,0,0,0.7866670774159761,0.240828384021881,TNFSF10;PPIF;BID
GO_Biological_Process_2023,Positive Regulation Of Striated Muscle Cell Differentiation (GO:0051155),3/25,0.7362852875143997,0.9999960968655396,0,0,0.7866670774159761,0.240828384021881,ATP11A;PROX1;RBM24
GO_Biological_Process_2023,Regulation Of Cell Cycle Phase Transition (GO:1901987),3/25,0.7362852875143997,0.9999960968655396,0,0,0.7866670774159761,0.240828384021881,TFAP4;UBD;PLK1
GO_Biological_Process_2023,Regulation Of Lysosomal Lumen pH (GO:0035751),3/25,0.7362852875143997,0.9999960968655396,0,0,0.7866670774159761,0.240828384021881,TMEM199;ATP6V1H;TMEM165
GO_Biological_Process_2023,Regulation Of Postsynapse Organization (GO:0099175),3/25,0.7362852875143997,0.9999960968655396,0,0,0.7866670774159761,0.240828384021881,WNT5A;PDLIM5;PPFIA2
GO_Biological_Process_2023,Regulation Of Protein Processing (GO:0070613),3/25,0.7362852875143997,0.9999960968655396,0,0,0.7866670774159761,0.240828384021881,PLAU;ANGPTL8;GAS1
GO_Biological_Process_2023,Response To Zinc Ion (GO:0010043),3/25,0.7362852875143997,0.9999960968655396,0,0,0.7866670774159761,0.240828384021881,GLRA2;HAAO;D2HGDH
GO_Biological_Process_2023,Vesicle-Mediated Transport Between Endosomal Compartments (GO:0098927),3/25,0.7362852875143997,0.9999960968655396,0,0,0.7866670774159761,0.240828384021881,WDR81;EMP2;RILP
GO_Biological_Process_2023,Protein O-linked Glycosylation (GO:0006493),12/93,0.7372500186681963,0.9999960968655396,0,0,0.8542941309766598,0.2604129473123512,POMT2;B3GALNT2;ST6GAL1;B3GNT9;POMT1;B3GALT1;EOGT;POMK;LARGE2;POMGNT1;OGT;TMTC4
GO_Biological_Process_2023,Regulation Of Endothelial Cell Proliferation (GO:0001936),12/93,0.7372500186681963,0.9999960968655396,0,0,0.8542941309766598,0.2604129473123512,CCL24;SLC39A9;STAT1;WNT5A;SORD;VASH2;GDF2;VEGFB;NRARP;PROX1;NR2F2;MEN1
GO_Biological_Process_2023,Negative Regulation Of Epithelial Cell Migration (GO:0010633),4/33,0.7390829080870213,0.9999960968655396,0,0,0.7956516656925774,0.2405614419149006,DLL4;DNAJA4;GDF2;NR2F2
GO_Biological_Process_2023,Positive Regulation Of Cytokine Production Involved In Immune Response (GO:0002720),4/33,0.7390829080870213,0.9999960968655396,0,0,0.7956516656925774,0.2405614419149006,CD160;WNT5A;KIT;XCL1
GO_Biological_Process_2023,Positive Regulation Of Interleukin-12 Production (GO:0032735),4/33,0.7390829080870213,0.9999960968655396,0,0,0.7956516656925774,0.2405614419149006,IL16;LTB;TIRAP;HSPD1
GO_Biological_Process_2023,Regulation Of Cell Adhesion Mediated By Integrin (GO:0033628),4/33,0.7390829080870213,0.9999960968655396,0,0,0.7956516656925774,0.2405614419149006,DPP4;PLAU;PDE3B;SNAI2
GO_Biological_Process_2023,"DNA Damage Response, Signal Transduction By P53 Class Mediator Resulting In Cell Cycle Arrest (GO:0006977)",2/17,0.7393684659137946,0.9999960968655396,0,0,0.7692411924119241,0.2322792101403573,PIDD1;CASP2
GO_Biological_Process_2023,DNA Replication Checkpoint Signaling (GO:0000076),2/17,0.7393684659137946,0.9999960968655396,0,0,0.7692411924119241,0.2322792101403573,HUS1;DNA2
GO_Biological_Process_2023,Androgen Receptor Signaling Pathway (GO:0030521),2/17,0.7393684659137946,0.9999960968655396,0,0,0.7692411924119241,0.2322792101403573,DDX17;RNF14
GO_Biological_Process_2023,cGMP-mediated Signaling (GO:0019934),2/17,0.7393684659137946,0.9999960968655396,0,0,0.7692411924119241,0.2322792101403573,CD36;PDE9A
GO_Biological_Process_2023,Cellular Response To dsRNA (GO:0071359),2/17,0.7393684659137946,0.9999960968655396,0,0,0.7692411924119241,0.2322792101403573,MAVS;RIGI
GO_Biological_Process_2023,Central Nervous System Neuron Development (GO:0021954),2/17,0.7393684659137946,0.9999960968655396,0,0,0.7692411924119241,0.2322792101403573,LHX6;GBA2
GO_Biological_Process_2023,Diol Biosynthetic Process (GO:0034312),2/17,0.7393684659137946,0.9999960968655396,0,0,0.7692411924119241,0.2322792101403573,QDPR;ASAH2
GO_Biological_Process_2023,Epoxygenase P450 Pathway (GO:0019373),2/17,0.7393684659137946,0.9999960968655396,0,0,0.7692411924119241,0.2322792101403573,CYP1A2;CYP2E1
GO_Biological_Process_2023,Extracellular Matrix Assembly (GO:0085029),2/17,0.7393684659137946,0.9999960968655396,0,0,0.7692411924119241,0.2322792101403573,RAMP2;GAS6
GO_Biological_Process_2023,Facultative Heterochromatin Formation (GO:0140718),2/17,0.7393684659137946,0.9999960968655396,0,0,0.7692411924119241,0.2322792101403573,HELLS;BEND3
GO_Biological_Process_2023,Growth Hormone Receptor Signaling Pathway (GO:0060396),2/17,0.7393684659137946,0.9999960968655396,0,0,0.7692411924119241,0.2322792101403573,GHR;SOCS2
GO_Biological_Process_2023,Long-Chain fatty-acyl-CoA Biosynthetic Process (GO:0035338),2/17,0.7393684659137946,0.9999960968655396,0,0,0.7692411924119241,0.2322792101403573,ELOVL6;ACSL3
GO_Biological_Process_2023,Megakaryocyte Differentiation (GO:0030219),2/17,0.7393684659137946,0.9999960968655396,0,0,0.7692411924119241,0.2322792101403573,UBA5;KIT
GO_Biological_Process_2023,Microtubule Depolymerization (GO:0007019),2/17,0.7393684659137946,0.9999960968655396,0,0,0.7692411924119241,0.2322792101403573,KIF18B;STMN1
GO_Biological_Process_2023,Motile Cilium Assembly (GO:0044458),2/17,0.7393684659137946,0.9999960968655396,0,0,0.7692411924119241,0.2322792101403573,ZMYND10;DYNLL1
GO_Biological_Process_2023,Negative Regulation Of Insulin Secretion (GO:0046676),2/17,0.7393684659137946,0.9999960968655396,0,0,0.7692411924119241,0.2322792101403573,IRS1;SIRT4
GO_Biological_Process_2023,Neuron Maturation (GO:0042551),2/17,0.7393684659137946,0.9999960968655396,0,0,0.7692411924119241,0.2322792101403573,C3;LGI4
GO_Biological_Process_2023,Nuclear Envelope Organization (GO:0006998),2/17,0.7393684659137946,0.9999960968655396,0,0,0.7692411924119241,0.2322792101403573,NUP155;LMNB2
GO_Biological_Process_2023,Polyol Metabolic Process (GO:0019751),2/17,0.7393684659137946,0.9999960968655396,0,0,0.7692411924119241,0.2322792101403573,IPPK;INPP5B
GO_Biological_Process_2023,Positive Chemotaxis (GO:0050918),2/17,0.7393684659137946,0.9999960968655396,0,0,0.7692411924119241,0.2322792101403573,MET;MEN1
GO_Biological_Process_2023,Positive Regulation Of SMAD Protein Signal Transduction (GO:0060391),2/17,0.7393684659137946,0.9999960968655396,0,0,0.7692411924119241,0.2322792101403573,PPARG;NODAL
GO_Biological_Process_2023,Positive Regulation Of Cartilage Development (GO:0061036),2/17,0.7393684659137946,0.9999960968655396,0,0,0.7692411924119241,0.2322792101403573,PKDCC;TAPT1
GO_Biological_Process_2023,Positive Regulation Of Heart Rate (GO:0010460),2/17,0.7393684659137946,0.9999960968655396,0,0,0.7692411924119241,0.2322792101403573,HRC;ADRA1B
GO_Biological_Process_2023,Positive Regulation Of Lymphocyte Chemotaxis (GO:0140131),2/17,0.7393684659137946,0.9999960968655396,0,0,0.7692411924119241,0.2322792101403573,WNT5A;XCL1
GO_Biological_Process_2023,Positive Regulation Of Peptidyl-Lysine Acetylation (GO:2000758),2/17,0.7393684659137946,0.9999960968655396,0,0,0.7692411924119241,0.2322792101403573,BAZ1B;SOX4
GO_Biological_Process_2023,Positive Regulation Of Stem Cell Differentiation (GO:2000738),2/17,0.7393684659137946,0.9999960968655396,0,0,0.7692411924119241,0.2322792101403573,SIRT6;RBM24
GO_Biological_Process_2023,Prostaglandin Biosynthetic Process (GO:0001516),2/17,0.7393684659137946,0.9999960968655396,0,0,0.7692411924119241,0.2322792101403573,CBR1;PTGDS
GO_Biological_Process_2023,Regulation Of DNA Methylation-Dependent Heterochromatin Formation (GO:0090308),2/17,0.7393684659137946,0.9999960968655396,0,0,0.7692411924119241,0.2322792101403573,SETDB1;TASOR
GO_Biological_Process_2023,Regulation Of Adenylate Cyclase Activity (GO:0045761),2/17,0.7393684659137946,0.9999960968655396,0,0,0.7692411924119241,0.2322792101403573,GABBR2;AKAP5
GO_Biological_Process_2023,Regulation Of Glucose Transmembrane Transport (GO:0010827),2/17,0.7393684659137946,0.9999960968655396,0,0,0.7692411924119241,0.2322792101403573,C3;OCLN
GO_Biological_Process_2023,Regulation Of Leukocyte Chemotaxis (GO:0002688),2/17,0.7393684659137946,0.9999960968655396,0,0,0.7692411924119241,0.2322792101403573,MTUS1;XCL1
GO_Biological_Process_2023,Regulation Of Telomerase RNA Localization To Cajal Body (GO:1904872),2/17,0.7393684659137946,0.9999960968655396,0,0,0.7692411924119241,0.2322792101403573,RUVBL2;RUVBL1
GO_Biological_Process_2023,Regulation Of Telomere Maintenance Via Telomere Lengthening (GO:1904356),2/17,0.7393684659137946,0.9999960968655396,0,0,0.7692411924119241,0.2322792101403573,PARP1;PINX1
GO_Biological_Process_2023,Ribosomal Small Subunit Assembly (GO:0000028),2/17,0.7393684659137946,0.9999960968655396,0,0,0.7692411924119241,0.2322792101403573,XRCC5;ERAL1
GO_Biological_Process_2023,RNA Polymerase II Preinitiation Complex Assembly (GO:0051123),7/56,0.7396575272420503,0.9999960968655396,0,0,0.8239371758204469,0.248473087007069,MED11;MED22;TAF12;MED21;MED19;ESR1;MED18
GO_Biological_Process_2023,Positive Regulation Of DNA-templated Transcription Initiation (GO:2000144),7/56,0.7396575272420503,0.9999960968655396,0,0,0.8239371758204469,0.248473087007069,MED11;MED22;TAF12;MED21;MED19;HNF1B;MED18
GO_Biological_Process_2023,post-Golgi Vesicle-Mediated Transport (GO:0006892),7/56,0.7396575272420503,0.9999960968655396,0,0,0.8239371758204469,0.248473087007069,GGA2;RABIF;EXOC8;OSBPL5;GOPC;GOLGA7;KLHL20
GO_Biological_Process_2023,Regulation Of Reactive Oxygen Species Metabolic Process (GO:2000377),7/56,0.7396575272420503,0.9999960968655396,0,0,0.8239371758204469,0.248473087007069,CBR1;CCN6;SORD;SIRT5;MPV17;BCO2;FOXM1
GO_Biological_Process_2023,Negative Regulation Of Supramolecular Fiber Organization (GO:1902904),9/71,0.73988370663553,0.9999960968655396,0,0,0.837154280081056,0.2522029889870142,APC2;KANK1;TPX2;MID1IP1;STMN1;CKAP2;PFDN4;CRYAB;ARPIN
GO_Biological_Process_2023,Carbohydrate Catabolic Process (GO:0016052),5/41,0.7441382318342361,0.9999960968655396,0,0,0.801119023397762,0.2367534760126918,PFKFB1;PKLR;GAPDHS;ALDOC;GCK
GO_Biological_Process_2023,Positive Regulation Of Response To Biotic Stimulus (GO:0002833),5/41,0.7441382318342361,0.9999960968655396,0,0,0.801119023397762,0.2367534760126918,POLR3G;IFI35;FADD;SLC15A4;TIRAP
GO_Biological_Process_2023,Response To Amino Acid Starvation (GO:1990928),5/41,0.7441382318342361,0.9999960968655396,0,0,0.801119023397762,0.2367534760126918,DAP;NPRL2;TFEB;WDR24;RNF152
GO_Biological_Process_2023,Synaptic Vesicle Exocytosis (GO:0016079),5/41,0.7441382318342361,0.9999960968655396,0,0,0.801119023397762,0.2367534760126918,SYT5;SNAP47;RIMS4;RAB3A;SNAP29
GO_Biological_Process_2023,Positive Regulation Of Epithelial Cell Proliferation (GO:0050679),16/123,0.7465158569547444,0.9999960968655396,0,0,0.8621288561740137,0.2520333880762743,CCL24;XBP1;FZD7;WNT5A;VASH2;GDF2;SAAL1;VEGFB;NRARP;PROX1;CLDN1;TGM1;ERBB2;SRSF6;NODAL;MEN1
GO_Biological_Process_2023,Negative Regulation Of Cell Death (GO:0060548),8/64,0.7474413354433523,0.9999960968655396,0,0,0.8238774124721172,0.2398302680719862,KANK2;TIGAR;CSF1;CCN6;AMIGO2;CCN5;PEPD;HSPA1B
GO_Biological_Process_2023,Positive Regulation Of T Cell Differentiation (GO:0045582),8/64,0.7474413354433523,0.9999960968655396,0,0,0.8238774124721172,0.2398302680719862,SHH;SMARCD2;XBP1;SMARCB1;IL7;IHH;SMARCA2;SOX4
GO_Biological_Process_2023,Response To Metal Ion (GO:0010038),8/64,0.7474413354433523,0.9999960968655396,0,0,0.8238774124721172,0.2398302680719862,ATP7B;PEF1;HAAO;NEDD4;CAPN3;D2HGDH;HAMP;SEC31A
GO_Biological_Process_2023,Cellular Response To UV (GO:0034644),10/79,0.7481703744572115,0.9999960968655396,0,0,0.8357455103969754,0.2424702931317653,OPN1SW;MME;PARP1;RUVBL2;POLD1;NEDD4;METTL3;TENT4A;PPID;AURKB
GO_Biological_Process_2023,Interferon-Mediated Signaling Pathway (GO:0140888),6/49,0.7501425596738747,0.9999960968655396,0,0,0.8047868480010097,0.2313697893174767,MAVS;STAT1;STAT2;TBKBP1;TYK2;IKBKE
GO_Biological_Process_2023,Negative Regulation Of DNA Metabolic Process (GO:0051053),6/49,0.7501425596738747,0.9999960968655396,0,0,0.8047868480010097,0.2313697893174767,MSH6;DFFA;MSH3;XRCC5;GDF2;TERF2IP
GO_Biological_Process_2023,Negative Regulation Of Cysteine-Type Endopeptidase Activity Involved In Apoptotic Process (GO:0043154),6/49,0.7501425596738747,0.9999960968655396,0,0,0.8047868480010097,0.2313697893174767,BCL2L12;CSNK2A1;LAMP3;XIAP;DHCR24;GAS6
GO_Biological_Process_2023,Cellular Response To Hormone Stimulus (GO:0032870),12/94,0.750641072049018,0.9999960968655396,0,0,0.843826167697435,0.2420326976340958,GHR;SOCS2;RAMP2;XBP1;THRB;RDX;TRIM24;ATP1A3;AVPR1A;ESR1;GCK;HSPA1B
GO_Biological_Process_2023,Positive Regulation Of Wnt Signaling Pathway (GO:0030177),14/109,0.7540612697645417,0.9999960968655396,0,0,0.8496741854636591,0.2398474349783368,KANK1;JRK;CSNK2A1;WNT5B;XIAP;NRARP;HHEX;SALL1;TERT;RUVBL1;GID8;RSPO1;SOX4;LGR4
GO_Biological_Process_2023,Positive Regulation Of Cysteine-Type Endopeptidase Activity Involved In Apoptotic Process (GO:0043280),14/109,0.7540612697645417,0.9999960968655396,0,0,0.8496741854636591,0.2398474349783368,EGLN3;SORD;DYNLL1;HSPD1;PIDD1;DAP;AIFM1;COL4A3;TNFSF10;CASP2;PPARG;PDCD2;BID;NODAL
GO_Biological_Process_2023,Regulation Of I-kappaB kinase/NF-kappaB Signaling (GO:0043122),31/232,0.7549027301321835,0.9999960968655396,0,0,0.8888077573133307,0.249902852791415,USP10;TRADD;CXXC5;PIDD1;TMEM101;UFL1;LGALS1;TFG;UBD;TNFSF10;TRIM68;CAPN3;FADD;ECT2;TRIM21;IKBKE;LURAP1;GBP7;PARP1;STAT1;WNT5A;NR1H4;TICAM1;JMJD8;ESR1;TIRAP;BST2;MAVS;TERF2IP;LTB;TRIM32
GO_Biological_Process_2023,Cellular Response To Hypoxia (GO:0071456),9/72,0.7549882678604188,0.9999960968655396,0,0,0.8238176085374728,0.2315364672676116,SUV39H2;EGLN3;TIGAR;TBL2;TERT;MLST8;PPARG;AK4;HYOU1
GO_Biological_Process_2023,Glucose Homeostasis (GO:0042593),11/87,0.7560543476292751,0.9999960968655396,0,0,0.834585188761915,0.2333850855336417,CEBPA;MLXIPL;IRS1;PPARG;PYGL;SLC2A4;ADIPOR2;PDK2;SOX4;GCK;FOXA3
GO_Biological_Process_2023,Regulation Of Insulin Secretion (GO:0050796),11/87,0.7560543476292751,0.9999960968655396,0,0,0.834585188761915,0.2333850855336417,PER2;GLUD1;IRS1;UQCC2;CAPN10;SIRT4;NR1H4;SIRT6;SOX4;GCK;FOXA2
GO_Biological_Process_2023,Monoatomic Anion Transport (GO:0006820),7/57,0.7565272204627629,0.9999960968655396,0,0,0.8074109263657957,0.2252811841315216,SLC26A1;CLCNKA;SLC17A1;CLCN2;SLC17A3;SLC26A6;SLC17A4
GO_Biological_Process_2023,Post-Transcriptional Regulation Of Gene Expression (GO:0010608),7/57,0.7565272204627629,0.9999960968655396,0,0,0.8074109263657957,0.2252811841315216,EIF2B4;ELP2;METTL16;PARP9;ELP6;SPOUT1;PUM3
GO_Biological_Process_2023,Cellular Response To Hydrogen Peroxide (GO:0070301),4/34,0.7605803602502059,0.9999960968655396,0,0,0.7690847457627119,0.2104781181780319,CAT;PPIF;ECT2;ANKZF1
GO_Biological_Process_2023,Cellular Response To Vascular Endothelial Growth Factor Stimulus (GO:0035924),4/34,0.7605803602502059,0.9999960968655396,0,0,0.7690847457627119,0.2104781181780319,DLL4;RAMP2;VEGFB;GAS1
GO_Biological_Process_2023,Inner Mitochondrial Membrane Organization (GO:0007007),4/34,0.7605803602502059,0.9999960968655396,0,0,0.7690847457627119,0.2104781181780319,TIMM29;APOOL;TIMM9;CIBAR1
GO_Biological_Process_2023,Negative Regulation Of JNK Cascade (GO:0046329),4/34,0.7605803602502059,0.9999960968655396,0,0,0.7690847457627119,0.2104781181780319,DNAJA1;HDAC3;KLHL31;MEN1
GO_Biological_Process_2023,Positive Regulation Of Carbohydrate Metabolic Process (GO:0045913),4/34,0.7605803602502059,0.9999960968655396,0,0,0.7690847457627119,0.2104781181780319,MLXIPL;IRS1;MLST8;GAPDHS
GO_Biological_Process_2023,Positive Regulation Of Organelle Organization (GO:0010638),4/34,0.7605803602502059,0.9999960968655396,0,0,0.7690847457627119,0.2104781181780319,LMAN1;KATNBL1;LIG4;PLXNA3
GO_Biological_Process_2023,Regulation Of calcineurin-NFAT Signaling Cascade (GO:0070884),4/34,0.7605803602502059,0.9999960968655396,0,0,0.7690847457627119,0.2104781181780319,HOMER2;CHP2;AKAP5;MYOZ2
GO_Biological_Process_2023,DNA-templated Transcription Elongation (GO:0006354),3/26,0.760779268051154,0.9999960968655396,0,0,0.7524199608091583,0.2057206601075025,PCID2;LEO1;ELP2
GO_Biological_Process_2023,Calcium-Ion Regulated Exocytosis (GO:0017156),3/26,0.760779268051154,0.9999960968655396,0,0,0.7524199608091583,0.2057206601075025,SYT5;RIMS4;RAB3A
GO_Biological_Process_2023,Cellular Response To Xenobiotic Stimulus (GO:0071466),3/26,0.760779268051154,0.9999960968655396,0,0,0.7524199608091583,0.2057206601075025,RAP2A;GAS6;VAV2
GO_Biological_Process_2023,Meiosis I (GO:0007127),3/26,0.760779268051154,0.9999960968655396,0,0,0.7524199608091583,0.2057206601075025,ZCWPW1;MEIOB;SLC25A31
GO_Biological_Process_2023,Negative Regulation Of Endothelial Cell Apoptotic Process (GO:2000352),3/26,0.760779268051154,0.9999960968655396,0,0,0.7524199608091583,0.2057206601075025,RAMP2;GAS6;MEN1
GO_Biological_Process_2023,Nuclear Membrane Organization (GO:0071763),3/26,0.760779268051154,0.9999960968655396,0,0,0.7524199608091583,0.2057206601075025,UBXN2B;PLK1;TARDBP
GO_Biological_Process_2023,Organelle Fusion (GO:0048284),3/26,0.760779268051154,0.9999960968655396,0,0,0.7524199608091583,0.2057206601075025,MFN2;MIEF2;PLD6
GO_Biological_Process_2023,Plasma Membrane Invagination (GO:0099024),3/26,0.760779268051154,0.9999960968655396,0,0,0.7524199608091583,0.2057206601075025,ALKBH4;CD36;AURKB
GO_Biological_Process_2023,Positive Regulation Of Erythrocyte Differentiation (GO:0045648),3/26,0.760779268051154,0.9999960968655396,0,0,0.7524199608091583,0.2057206601075025,STAT1;INHBA;HSPA1B
GO_Biological_Process_2023,Positive Regulation Of Phosphatidylinositol 3-Kinase Activity (GO:0043552),3/26,0.760779268051154,0.9999960968655396,0,0,0.7524199608091583,0.2057206601075025,IRS1;KIT;TNFAIP8L3
GO_Biological_Process_2023,Protein Export From Nucleus (GO:0006611),3/26,0.760779268051154,0.9999960968655396,0,0,0.7524199608091583,0.2057206601075025,XPO1;STRADB;RANBP17
GO_Biological_Process_2023,Protein Localization To Cell Surface (GO:0034394),3/26,0.760779268051154,0.9999960968655396,0,0,0.7524199608091583,0.2057206601075025,GGA2;UNC50;EMP2
GO_Biological_Process_2023,Regulation Of Actin Filament Bundle Assembly (GO:0032231),3/26,0.760779268051154,0.9999960968655396,0,0,0.7524199608091583,0.2057206601075025,RDX;ASAP3;MTSS1
GO_Biological_Process_2023,Regulation Of Potassium Ion Transmembrane Transporter Activity (GO:1901016),3/26,0.760779268051154,0.9999960968655396,0,0,0.7524199608091583,0.2057206601075025,KCNE1;KCNS2;NEDD4
GO_Biological_Process_2023,Regulation Of Transcription By RNA Polymerase III (GO:0006359),3/26,0.760779268051154,0.9999960968655396,0,0,0.7524199608091583,0.2057206601075025,ZC3H8;POLR3G;BAZ1B
GO_Biological_Process_2023,Regulation Of Vasoconstriction (GO:0019229),3/26,0.760779268051154,0.9999960968655396,0,0,0.7524199608091583,0.2057206601075025,PER2;TBXA2R;AVPR1A
GO_Biological_Process_2023,Negative Regulation Of Protein Serine/Threonine Kinase Activity (GO:0071901),10/80,0.7622704496627762,0.9999960968655396,0,0,0.8237577639751553,0.2236122292236046,HEXIM1;CEBPA;HHEX;TFAP4;PLK1;CDK5RAP1;PPARG;NR2F2;MEN1;DUSP7
GO_Biological_Process_2023,Wound Healing (GO:0042060),10/80,0.7622704496627762,0.9999960968655396,0,0,0.8237577639751553,0.2236122292236046,EPB41L4B;COL3A1;RAB3A;ERBB3;FZD7;WNT5A;ERBB2;CLDN1;SYTL4;TSKU
GO_Biological_Process_2023,"DNA Damage Response, Signal Transduction Resulting In Transcription (GO:0042772)",1/9,0.7627541976136984,0.9999960968655396,0,0,0.7212157128344057,0.1953192442229173,TFAP4
GO_Biological_Process_2023,Golgi Lumen Acidification (GO:0061795),1/9,0.7627541976136984,0.9999960968655396,0,0,0.7212157128344057,0.1953192442229173,ATP6V1H
GO_Biological_Process_2023,I-kappaB Phosphorylation (GO:0007252),1/9,0.7627541976136984,0.9999960968655396,0,0,0.7212157128344057,0.1953192442229173,PRDX4
GO_Biological_Process_2023,SNARE Complex Assembly (GO:0035493),1/9,0.7627541976136984,0.9999960968655396,0,0,0.7212157128344057,0.1953192442229173,STXBP6
GO_Biological_Process_2023,Actin-Mediated Cell Contraction (GO:0070252),1/9,0.7627541976136984,0.9999960968655396,0,0,0.7212157128344057,0.1953192442229173,EMP2
GO_Biological_Process_2023,Adherens Junction Assembly (GO:0034333),1/9,0.7627541976136984,0.9999960968655396,0,0,0.7212157128344057,0.1953192442229173,RAMP2
GO_Biological_Process_2023,Alpha-Linolenic Acid Metabolic Process (GO:0036109),1/9,0.7627541976136984,0.9999960968655396,0,0,0.7212157128344057,0.1953192442229173,FADS1
GO_Biological_Process_2023,Amino Sugar Biosynthetic Process (GO:0046349),1/9,0.7627541976136984,0.9999960968655396,0,0,0.7212157128344057,0.1953192442229173,GNPDA1
GO_Biological_Process_2023,Aminoglycan Metabolic Process (GO:0006022),1/9,0.7627541976136984,0.9999960968655396,0,0,0.7212157128344057,0.1953192442229173,B4GALT7
GO_Biological_Process_2023,Aspartate Transmembrane Transport (GO:0015810),1/9,0.7627541976136984,0.9999960968655396,0,0,0.7212157128344057,0.1953192442229173,SLC1A2
GO_Biological_Process_2023,Axon Regeneration (GO:0031103),1/9,0.7627541976136984,0.9999960968655396,0,0,0.7212157128344057,0.1953192442229173,NREP
GO_Biological_Process_2023,Biomineral Tissue Development (GO:0031214),1/9,0.7627541976136984,0.9999960968655396,0,0,0.7212157128344057,0.1953192442229173,FAM20C
GO_Biological_Process_2023,cAMP Biosynthetic Process (GO:0006171),1/9,0.7627541976136984,0.9999960968655396,0,0,0.7212157128344057,0.1953192442229173,ADCY9
GO_Biological_Process_2023,Calcium Import Into The Mitochondrion (GO:0036444),1/9,0.7627541976136984,0.9999960968655396,0,0,0.7212157128344057,0.1953192442229173,SLC25A23
GO_Biological_Process_2023,Carnitine Metabolic Process (GO:0009437),1/9,0.7627541976136984,0.9999960968655396,0,0,0.7212157128344057,0.1953192442229173,BBOX1
GO_Biological_Process_2023,Cell Differentiation In Spinal Cord (GO:0021515),1/9,0.7627541976136984,0.9999960968655396,0,0,0.7212157128344057,0.1953192442229173,ZC4H2
GO_Biological_Process_2023,Cellular Response To Oxygen Levels (GO:0071453),1/9,0.7627541976136984,0.9999960968655396,0,0,0.7212157128344057,0.1953192442229173,TMEM199
GO_Biological_Process_2023,Dosage Compensation (GO:0007549),1/9,0.7627541976136984,0.9999960968655396,0,0,0.7212157128344057,0.1953192442229173,METTL3
GO_Biological_Process_2023,Embryonic Eye Morphogenesis (GO:0048048),1/9,0.7627541976136984,0.9999960968655396,0,0,0.7212157128344057,0.1953192442229173,MFAP5
GO_Biological_Process_2023,Endodermal Cell Fate Commitment (GO:0001711),1/9,0.7627541976136984,0.9999960968655396,0,0,0.7212157128344057,0.1953192442229173,LEO1
GO_Biological_Process_2023,Forelimb Morphogenesis (GO:0035136),1/9,0.7627541976136984,0.9999960968655396,0,0,0.7212157128344057,0.1953192442229173,TBX3
GO_Biological_Process_2023,Granulocyte Migration (GO:0097530),1/9,0.7627541976136984,0.9999960968655396,0,0,0.7212157128344057,0.1953192442229173,EMP2
GO_Biological_Process_2023,Hematopoietic Stem Cell Differentiation (GO:0060218),1/9,0.7627541976136984,0.9999960968655396,0,0,0.7212157128344057,0.1953192442229173,UFL1
GO_Biological_Process_2023,Homologous Recombination (GO:0035825),1/9,0.7627541976136984,0.9999960968655396,0,0,0.7212157128344057,0.1953192442229173,RAD50
GO_Biological_Process_2023,Insulin Metabolic Process (GO:1901142),1/9,0.7627541976136984,0.9999960968655396,0,0,0.7212157128344057,0.1953192442229173,SLC30A5
GO_Biological_Process_2023,Leucine Transport (GO:0015820),1/9,0.7627541976136984,0.9999960968655396,0,0,0.7212157128344057,0.1953192442229173,SLC43A1
GO_Biological_Process_2023,Leukotriene D4 Biosynthetic Process (GO:1901750),1/9,0.7627541976136984,0.9999960968655396,0,0,0.7212157128344057,0.1953192442229173,GGT6
GO_Biological_Process_2023,Lipid Phosphorylation (GO:0046834),1/9,0.7627541976136984,0.9999960968655396,0,0,0.7212157128344057,0.1953192442229173,DGKQ
GO_Biological_Process_2023,Microtubule Anchoring (GO:0034453),1/9,0.7627541976136984,0.9999960968655396,0,0,0.7212157128344057,0.1953192442229173,BICD2
GO_Biological_Process_2023,Mitotic DNA Replication Checkpoint Signaling (GO:0033314),1/9,0.7627541976136984,0.9999960968655396,0,0,0.7212157128344057,0.1953192442229173,HUS1
GO_Biological_Process_2023,Morphogenesis Of An Epithelial Sheet (GO:0002011),1/9,0.7627541976136984,0.9999960968655396,0,0,0.7212157128344057,0.1953192442229173,DLL4
GO_Biological_Process_2023,Motor Neuron Axon Guidance (GO:0008045),1/9,0.7627541976136984,0.9999960968655396,0,0,0.7212157128344057,0.1953192442229173,PLXNA3
GO_Biological_Process_2023,Muscle Cell Fate Commitment (GO:0042693),1/9,0.7627541976136984,0.9999960968655396,0,0,0.7212157128344057,0.1953192442229173,MYL2
GO_Biological_Process_2023,Myelin Maintenance (GO:0043217),1/9,0.7627541976136984,0.9999960968655396,0,0,0.7212157128344057,0.1953192442229173,ABCD2
GO_Biological_Process_2023,Myeloid Dendritic Cell Differentiation (GO:0043011),1/9,0.7627541976136984,0.9999960968655396,0,0,0.7212157128344057,0.1953192442229173,UBD
GO_Biological_Process_2023,Negative Regulation Of Alpha-Beta T Cell Proliferation (GO:0046642),1/9,0.7627541976136984,0.9999960968655396,0,0,0.7212157128344057,0.1953192442229173,XCL1
GO_Biological_Process_2023,Negative Regulation Of Establishment Of Protein Localization (GO:1904950),1/9,0.7627541976136984,0.9999960968655396,0,0,0.7212157128344057,0.1953192442229173,DNAJA1
GO_Biological_Process_2023,Negative Regulation Of Extracellular Matrix Organization (GO:1903054),1/9,0.7627541976136984,0.9999960968655396,0,0,0.7212157128344057,0.1953192442229173,DPP4
GO_Biological_Process_2023,Negative Regulation Of Heterotypic Cell-Cell Adhesion (GO:0034115),1/9,0.7627541976136984,0.9999960968655396,0,0,0.7212157128344057,0.1953192442229173,MBL2
GO_Biological_Process_2023,Negative Regulation Of Hormone Secretion (GO:0046888),1/9,0.7627541976136984,0.9999960968655396,0,0,0.7212157128344057,0.1953192442229173,RAB11FIP1
GO_Biological_Process_2023,Negative Regulation Of Lipid Localization (GO:1905953),1/9,0.7627541976136984,0.9999960968655396,0,0,0.7212157128344057,0.1953192442229173,PPARG
GO_Biological_Process_2023,Negative Regulation Of Potassium Ion Transmembrane Transporter Activity (GO:1901017),1/9,0.7627541976136984,0.9999960968655396,0,0,0.7212157128344057,0.1953192442229173,KCNE3
GO_Biological_Process_2023,Negative Regulation Of Protein Localization To Cell Surface (GO:2000009),1/9,0.7627541976136984,0.9999960968655396,0,0,0.7212157128344057,0.1953192442229173,GOPC
GO_Biological_Process_2023,Negative Regulation Of Protein Maturation (GO:1903318),1/9,0.7627541976136984,0.9999960968655396,0,0,0.7212157128344057,0.1953192442229173,GAS1
GO_Biological_Process_2023,Negative Regulation Of Toll-Like Receptor 4 Signaling Pathway (GO:0034144),1/9,0.7627541976136984,0.9999960968655396,0,0,0.7212157128344057,0.1953192442229173,MFHAS1
GO_Biological_Process_2023,Negative Regulation Of Transcription By RNA Polymerase I (GO:0016479),1/9,0.7627541976136984,0.9999960968655396,0,0,0.7212157128344057,0.1953192442229173,BEND3
GO_Biological_Process_2023,Negative Regulation Of Transcription By Competitive Promoter Binding (GO:0010944),1/9,0.7627541976136984,0.9999960968655396,0,0,0.7212157128344057,0.1953192442229173,HHEX
GO_Biological_Process_2023,Negative Regulation Of Vascular Endothelial Growth Factor Signaling Pathway (GO:1900747),1/9,0.7627541976136984,0.9999960968655396,0,0,0.7212157128344057,0.1953192442229173,SORD
GO_Biological_Process_2023,Neuron Projection Regeneration (GO:0031102),1/9,0.7627541976136984,0.9999960968655396,0,0,0.7212157128344057,0.1953192442229173,NREP
GO_Biological_Process_2023,Neuron Remodeling (GO:0016322),1/9,0.7627541976136984,0.9999960968655396,0,0,0.7212157128344057,0.1953192442229173,C3
GO_Biological_Process_2023,Neurotransmitter Receptor Transport To Postsynaptic Membrane (GO:0098969),1/9,0.7627541976136984,0.9999960968655396,0,0,0.7212157128344057,0.1953192442229173,GRIP2
GO_Biological_Process_2023,Oligosaccharide Catabolic Process (GO:0009313),1/9,0.7627541976136984,0.9999960968655396,0,0,0.7212157128344057,0.1953192442229173,IDNK
GO_Biological_Process_2023,Peptidyl-Amino Acid Modification (GO:0018193),1/9,0.7627541976136984,0.9999960968655396,0,0,0.7212157128344057,0.1953192442229173,METAP1D
GO_Biological_Process_2023,Peptidyl-Cysteine Modification (GO:0018198),1/9,0.7627541976136984,0.9999960968655396,0,0,0.7212157128344057,0.1953192442229173,PRDX3
GO_Biological_Process_2023,Peptidyl-Lysine Dimethylation (GO:0018027),1/9,0.7627541976136984,0.9999960968655396,0,0,0.7212157128344057,0.1953192442229173,SETD4
GO_Biological_Process_2023,Peptidyl-Serine Dephosphorylation (GO:0070262),1/9,0.7627541976136984,0.9999960968655396,0,0,0.7212157128344057,0.1953192442229173,PPP1R15B
GO_Biological_Process_2023,Phosphatidylglycerol Biosynthetic Process (GO:0006655),1/9,0.7627541976136984,0.9999960968655396,0,0,0.7212157128344057,0.1953192442229173,GPAM
GO_Biological_Process_2023,Positive Regulation Of T Cell Apoptotic Process (GO:0070234),1/9,0.7627541976136984,0.9999960968655396,0,0,0.7212157128344057,0.1953192442229173,ZC3H8
GO_Biological_Process_2023,Positive Regulation Of Epidermis Development (GO:0045684),1/9,0.7627541976136984,0.9999960968655396,0,0,0.7212157128344057,0.1953192442229173,ELAPOR2
GO_Biological_Process_2023,Positive Regulation Of Establishment Of Protein Localization To Telomere (GO:1904851),1/9,0.7627541976136984,0.9999960968655396,0,0,0.7212157128344057,0.1953192442229173,WRAP53
GO_Biological_Process_2023,Positive Regulation Of Keratinocyte Migration (GO:0051549),1/9,0.7627541976136984,0.9999960968655396,0,0,0.7212157128344057,0.1953192442229173,EPB41L4B
GO_Biological_Process_2023,Positive Regulation Of Mitochondrial Membrane Permeability (GO:0035794),1/9,0.7627541976136984,0.9999960968655396,0,0,0.7212157128344057,0.1953192442229173,PPIF
GO_Biological_Process_2023,Positive Regulation Of Monocyte Differentiation (GO:0045657),1/9,0.7627541976136984,0.9999960968655396,0,0,0.7212157128344057,0.1953192442229173,CSF1
GO_Biological_Process_2023,"Positive Regulation Of Phagocytosis, Engulfment (GO:0060100)",1/9,0.7627541976136984,0.9999960968655396,0,0,0.7212157128344057,0.1953192442229173,C3
GO_Biological_Process_2023,Positive Regulation Of Protein Acetylation (GO:1901985),1/9,0.7627541976136984,0.9999960968655396,0,0,0.7212157128344057,0.1953192442229173,FAM161A
GO_Biological_Process_2023,Positive Regulation Of Skeletal Muscle Tissue Development (GO:0048643),1/9,0.7627541976136984,0.9999960968655396,0,0,0.7212157128344057,0.1953192442229173,DLL1
GO_Biological_Process_2023,Positive Regulation Of Tissue Remodeling (GO:0034105),1/9,0.7627541976136984,0.9999960968655396,0,0,0.7212157128344057,0.1953192442229173,IL18
GO_Biological_Process_2023,Postsynapse Assembly (GO:0099068),1/9,0.7627541976136984,0.9999960968655396,0,0,0.7212157128344057,0.1953192442229173,WNT5A
GO_Biological_Process_2023,Protein Insertion Into ER Membrane By Stop-Transfer Membrane-Anchor Sequence (GO:0045050),1/9,0.7627541976136984,0.9999960968655396,0,0,0.7212157128344057,0.1953192442229173,EMC9
GO_Biological_Process_2023,Protein Localization To Microtubule (GO:0035372),1/9,0.7627541976136984,0.9999960968655396,0,0,0.7212157128344057,0.1953192442229173,KIF20B
GO_Biological_Process_2023,Protein Localization To Microtubule Cytoskeleton (GO:0072698),1/9,0.7627541976136984,0.9999960968655396,0,0,0.7212157128344057,0.1953192442229173,KIF20B
GO_Biological_Process_2023,"Regulation Of CD4-positive, Alpha-Beta T Cell Proliferation (GO:2000561)",1/9,0.7627541976136984,0.9999960968655396,0,0,0.7212157128344057,0.1953192442229173,XCL1
GO_Biological_Process_2023,Regulation Of ER To Golgi Vesicle-Mediated Transport (GO:0060628),1/9,0.7627541976136984,0.9999960968655396,0,0,0.7212157128344057,0.1953192442229173,RINT1
GO_Biological_Process_2023,Regulation Of PERK-mediated Unfolded Protein Response (GO:1903897),1/9,0.7627541976136984,0.9999960968655396,0,0,0.7212157128344057,0.1953192442229173,PPP1R15B
GO_Biological_Process_2023,Regulation Of Actin Filament Length (GO:0030832),1/9,0.7627541976136984,0.9999960968655396,0,0,0.7212157128344057,0.1953192442229173,CXCL12
GO_Biological_Process_2023,Regulation Of Animal Organ Morphogenesis (GO:2000027),1/9,0.7627541976136984,0.9999960968655396,0,0,0.7212157128344057,0.1953192442229173,SHH
GO_Biological_Process_2023,Regulation Of Cardiac Muscle Cell Differentiation (GO:2000725),1/9,0.7627541976136984,0.9999960968655396,0,0,0.7212157128344057,0.1953192442229173,FZD7
GO_Biological_Process_2023,Regulation Of Cell-Cell Adhesion Involved In Gastrulation (GO:0070587),1/9,0.7627541976136984,0.9999960968655396,0,0,0.7212157128344057,0.1953192442229173,MBL2
GO_Biological_Process_2023,Regulation Of Cell-Cell Adhesion Mediated By Integrin (GO:0033632),1/9,0.7627541976136984,0.9999960968655396,0,0,0.7212157128344057,0.1953192442229173,DPP4
GO_Biological_Process_2023,Regulation Of Ceramide Biosynthetic Process (GO:2000303),1/9,0.7627541976136984,0.9999960968655396,0,0,0.7212157128344057,0.1953192442229173,SIRT3
GO_Biological_Process_2023,Regulation Of Granulocyte Differentiation (GO:0030852),1/9,0.7627541976136984,0.9999960968655396,0,0,0.7212157128344057,0.1953192442229173,HAX1
GO_Biological_Process_2023,Regulation Of Histone Methylation (GO:0031060),1/9,0.7627541976136984,0.9999960968655396,0,0,0.7212157128344057,0.1953192442229173,FAM47E
GO_Biological_Process_2023,Regulation Of Postsynaptic Neurotransmitter Receptor Activity (GO:0098962),1/9,0.7627541976136984,0.9999960968655396,0,0,0.7212157128344057,0.1953192442229173,NPTX1
GO_Biological_Process_2023,Regulation Of Protein Acetylation (GO:1901983),1/9,0.7627541976136984,0.9999960968655396,0,0,0.7212157128344057,0.1953192442229173,FAM161A
GO_Biological_Process_2023,Regulation Of Protein Lipidation (GO:1903059),1/9,0.7627541976136984,0.9999960968655396,0,0,0.7212157128344057,0.1953192442229173,SVIP
GO_Biological_Process_2023,Regulation Of Protein Localization To Centrosome (GO:1904779),1/9,0.7627541976136984,0.9999960968655396,0,0,0.7212157128344057,0.1953192442229173,UBXN2B
GO_Biological_Process_2023,Regulation Of Protein Localization To Chromatin (GO:1905634),1/9,0.7627541976136984,0.9999960968655396,0,0,0.7212157128344057,0.1953192442229173,SIRT6
GO_Biological_Process_2023,Regulation Of Sequestering Of Calcium Ion (GO:0051282),1/9,0.7627541976136984,0.9999960968655396,0,0,0.7212157128344057,0.1953192442229173,MTLN
GO_Biological_Process_2023,Regulation Of Store-Operated Calcium Entry (GO:2001256),1/9,0.7627541976136984,0.9999960968655396,0,0,0.7212157128344057,0.1953192442229173,HOMER2
GO_Biological_Process_2023,Response To Hydroxyurea (GO:0072710),1/9,0.7627541976136984,0.9999960968655396,0,0,0.7212157128344057,0.1953192442229173,DDX11
GO_Biological_Process_2023,Response To Platelet-Derived Growth Factor (GO:0036119),1/9,0.7627541976136984,0.9999960968655396,0,0,0.7212157128344057,0.1953192442229173,MTSS2
GO_Biological_Process_2023,Response To Type I Interferon (GO:0034340),1/9,0.7627541976136984,0.9999960968655396,0,0,0.7212157128344057,0.1953192442229173,SHMT2
GO_Biological_Process_2023,Sequestering Of Extracellular Ligand From Receptor (GO:0035581),1/9,0.7627541976136984,0.9999960968655396,0,0,0.7212157128344057,0.1953192442229173,GREM2
GO_Biological_Process_2023,Modulation By Host Of Symbiont Process (GO:0051851),5/42,0.7633940626280104,0.9999960968655396,0,0,0.7794213338465628,0.2104288858477851,SMARCB1;TFAP4;FASN;TARDBP;SAP30
GO_Biological_Process_2023,Positive Regulation Of Calcium Ion Transmembrane Transport (GO:1904427),5/42,0.7633940626280104,0.9999960968655396,0,0,0.7794213338465628,0.2104288858477851,CXCL9;CXCL11;CAPN3;XCL1;CASQ1
GO_Biological_Process_2023,Regulation Of Axonogenesis (GO:0050770),5/42,0.7633940626280104,0.9999960968655396,0,0,0.7794213338465628,0.2104288858477851,PLXND1;PLXNB2;PLXNB1;EPHB3;PLXNA3
GO_Biological_Process_2023,Substantia Nigra Development (GO:0021762),5/42,0.7633940626280104,0.9999960968655396,0,0,0.7794213338465628,0.2104288858477851,GLUD1;MAOB;SYPL2;DYNLL1;MBL2
GO_Biological_Process_2023,Positive Regulation Of Transmembrane Receptor Protein Serine/Threonine Kinase Signaling Pathway (GO:0090100),12/95,0.7635654224396984,0.9999960968655396,0,0,0.8336104444972275,0.224871811238335,CCNA2;GDF11;LEFTY1;NUMA1;GDF2;PPARG;FBXL15;INHBA;INHBC;ELAPOR2;NODAL;MEN1
GO_Biological_Process_2023,Intracellular Iron Ion Homeostasis (GO:0006879),6/50,0.7676397715397669,0.9999960968655396,0,0,0.7864499814974714,0.2079646675536747,TMEM199;SLC46A1;IREB2;GDF2;CYB561A3;HAMP
GO_Biological_Process_2023,Positive Regulation Of Transport (GO:0051050),6/50,0.7676397715397669,0.9999960968655396,0,0,0.7864499814974714,0.2079646675536747,NUMA1;MYL1;CAPN10;PON1;DLL1;KCTD7
GO_Biological_Process_2023,Regulation Of Interferon-Beta Production (GO:0032648),6/50,0.7676397715397669,0.9999960968655396,0,0,0.7864499814974714,0.2079646675536747,RNF135;MAVS;IRF3;POLR3G;TIRAP;RIGI
GO_Biological_Process_2023,Actin Filament Capping (GO:0051693),2/18,0.7681296545125454,0.9999960968655396,0,0,0.7211212737127372,0.1902294405033993,ADD3;TRIOBP
GO_Biological_Process_2023,Antigen Processing And Presentation Of Peptide Antigen Via MHC Class I (GO:0002474),2/18,0.7681296545125454,0.9999960968655396,0,0,0.7211212737127372,0.1902294405033993,ERAP1;TAPBPL
GO_Biological_Process_2023,Barbed-End Actin Filament Capping (GO:0051016),2/18,0.7681296545125454,0.9999960968655396,0,0,0.7211212737127372,0.1902294405033993,ADD3;TRIOBP
GO_Biological_Process_2023,Cardiac Atrium Morphogenesis (GO:0003209),2/18,0.7681296545125454,0.9999960968655396,0,0,0.7211212737127372,0.1902294405033993,DLL4;PROX1
GO_Biological_Process_2023,Cellular Response To Inorganic Substance (GO:0071241),2/18,0.7681296545125454,0.9999960968655396,0,0,0.7211212737127372,0.1902294405033993,DDX11;CDK2
GO_Biological_Process_2023,Dendritic Cell Migration (GO:0036336),2/18,0.7681296545125454,0.9999960968655396,0,0,0.7211212737127372,0.1902294405033993,ASB2;CCR5
GO_Biological_Process_2023,Heart Trabecula Morphogenesis (GO:0061384),2/18,0.7681296545125454,0.9999960968655396,0,0,0.7211212737127372,0.1902294405033993,DLL4;HEY1
GO_Biological_Process_2023,Lysosomal Lumen Acidification (GO:0007042),2/18,0.7681296545125454,0.9999960968655396,0,0,0.7211212737127372,0.1902294405033993,TMEM199;ATP6V1H
GO_Biological_Process_2023,Melanosome Assembly (GO:1903232),2/18,0.7681296545125454,0.9999960968655396,0,0,0.7211212737127372,0.1902294405033993,RAB32;AP3M1
GO_Biological_Process_2023,Membrane Repolarization (GO:0086009),2/18,0.7681296545125454,0.9999960968655396,0,0,0.7211212737127372,0.1902294405033993,KCNE1;KCNE3
GO_Biological_Process_2023,Negative Regulation Of Monoatomic Ion Transport (GO:0043271),2/18,0.7681296545125454,0.9999960968655396,0,0,0.7211212737127372,0.1902294405033993,NEDD4;PACSIN3
GO_Biological_Process_2023,Negative Regulation Of Peptide Hormone Secretion (GO:0090278),2/18,0.7681296545125454,0.9999960968655396,0,0,0.7211212737127372,0.1902294405033993,IRS1;SIRT4
GO_Biological_Process_2023,Negative Regulation Of Viral Entry Into Host Cell (GO:0046597),2/18,0.7681296545125454,0.9999960968655396,0,0,0.7211212737127372,0.1902294405033993,LRRC15;CIITA
GO_Biological_Process_2023,Neuromuscular Process (GO:0050905),2/18,0.7681296545125454,0.9999960968655396,0,0,0.7211212737127372,0.1902294405033993,UBA5;STRA6
GO_Biological_Process_2023,Nitric Oxide Mediated Signal Transduction (GO:0007263),2/18,0.7681296545125454,0.9999960968655396,0,0,0.7211212737127372,0.1902294405033993,DDAH1;CD36
GO_Biological_Process_2023,Positive Regulation Of DNA Replication (GO:0045740),2/18,0.7681296545125454,0.9999960968655396,0,0,0.7211212737127372,0.1902294405033993,BCAR3;DNA2
GO_Biological_Process_2023,Positive Regulation Of G Protein-Coupled Receptor Signaling Pathway (GO:0045745),2/18,0.7681296545125454,0.9999960968655396,0,0,0.7211212737127372,0.1902294405033993,C3;PDE6G
GO_Biological_Process_2023,Positive Regulation Of NLRP3 Inflammasome Complex Assembly (GO:1900227),2/18,0.7681296545125454,0.9999960968655396,0,0,0.7211212737127372,0.1902294405033993,MAVS;CD36
GO_Biological_Process_2023,Positive Regulation Of Cation Transmembrane Transport (GO:1904064),2/18,0.7681296545125454,0.9999960968655396,0,0,0.7211212737127372,0.1902294405033993,KCNE1;PDZK1
GO_Biological_Process_2023,Positive Regulation Of Monocyte Chemotaxis (GO:0090026),2/18,0.7681296545125454,0.9999960968655396,0,0,0.7211212737127372,0.1902294405033993,CXCL12;MOSPD2
GO_Biological_Process_2023,Positive Regulation Of Nervous System Process (GO:0031646),2/18,0.7681296545125454,0.9999960968655396,0,0,0.7211212737127372,0.1902294405033993,DICER1;TPPP
GO_Biological_Process_2023,Pulmonary Valve Morphogenesis (GO:0003184),2/18,0.7681296545125454,0.9999960968655396,0,0,0.7211212737127372,0.1902294405033993,HEY1;STRA6
GO_Biological_Process_2023,Regulation Of Adaptive Immune Response (GO:0002819),2/18,0.7681296545125454,0.9999960968655396,0,0,0.7211212737127372,0.1902294405033993,AHR;FADD
GO_Biological_Process_2023,Regulation Of Cell-Cell Adhesion Mediated By Cadherin (GO:2000047),2/18,0.7681296545125454,0.9999960968655396,0,0,0.7211212737127372,0.1902294405033993,FOXA1;FOXA2
GO_Biological_Process_2023,Regulation Of Collagen Biosynthetic Process (GO:0032965),2/18,0.7681296545125454,0.9999960968655396,0,0,0.7211212737127372,0.1902294405033993,CIITA;HDAC2
GO_Biological_Process_2023,Regulation Of Defense Response To Virus (GO:0050688),2/18,0.7681296545125454,0.9999960968655396,0,0,0.7211212737127372,0.1902294405033993,TRAF3IP1;ZMPSTE24
GO_Biological_Process_2023,Regulation Of Protein Deacetylation (GO:0090311),2/18,0.7681296545125454,0.9999960968655396,0,0,0.7211212737127372,0.1902294405033993,TADA3;KAT14
GO_Biological_Process_2023,Regulation Of Protein Neddylation (GO:2000434),2/18,0.7681296545125454,0.9999960968655396,0,0,0.7211212737127372,0.1902294405033993,COPS7B;DCUN1D2
GO_Biological_Process_2023,Regulation Of Synaptic Vesicle Exocytosis (GO:2000300),2/18,0.7681296545125454,0.9999960968655396,0,0,0.7211212737127372,0.1902294405033993,PREPL;RIMS4
GO_Biological_Process_2023,Regulation Of Cell Cycle (GO:0051726),40/298,0.7685795695947886,0.9999960968655396,0,0,0.8932020239102328,0.2351007609499432,BTG4;ASAH2;HPGD;XIAP;FOXM1;CKS1B;CDC20;TGM1;FIGNL1;RUVBL2;RUVBL1;PCLAF;FBXO5;DMAP1;TRIM21;KAT14;MEN1;MAP2K6;PNPT1;METTL3;PLK1;PTK6;DHCR24;PROX1;WDR12;TBX3;THAP1;PER2;RNF167;CDK7;CDK4;TADA3;TTLL12;NF2;KIF20B;TARDBP;PRR11;TRIM32;CDKN3;MCM2
GO_Biological_Process_2023,Cellular Response To Decreased Oxygen Levels (GO:0036294),9/73,0.7694696923486081,0.9999960968655396,0,0,0.8108977079796265,0.2124987549477422,SUV39H2;EGLN3;TIGAR;TBL2;TERT;MLST8;PPARG;AK4;HYOU1
GO_Biological_Process_2023,Positive Regulation Of Mitochondrion Organization (GO:0010822),7/58,0.7725954505912105,0.9999960968655396,0,0,0.7915327651250524,0.2042152295626169,TNFSF10;PPIF;MIEF2;PLD6;BID;AURKA;CAMKK2
GO_Biological_Process_2023,Cellular Response To BMP Stimulus (GO:0071773),8/66,0.7778927924897976,0.9999960968655396,0,0,0.7953742069901912,0.1997714059920042,LEFTY1;GDF2;SLC39A5;SMAD9;PPARG;INHBA;INHBC;NODAL
GO_Biological_Process_2023,Defense Response To Symbiont (GO:0140546),19/148,0.7795567937773924,0.9999960968655396,0,0,0.8489441781228952,0.2114123427727544,GBP7;STAT1;STAT2;AICDA;BST2;MOV10;MAVS;EXOSC5;EXOSC4;NLRP6;IRF3;NDUFAF4;TTC4;G3BP1;TBKBP1;FADD;SKP2;IKBKE;RIGI
GO_Biological_Process_2023,Adherens Junction Organization (GO:0034332),4/35,0.7806745524213926,0.9999960968655396,0,0,0.7442318206670312,0.1842695082266879,RAMP2;CSK;CDH15;MTSS1
GO_Biological_Process_2023,Cellular Response To Amino Acid Stimulus (GO:0071230),4/35,0.7806745524213926,0.9999960968655396,0,0,0.7442318206670312,0.1842695082266879,GLRA2;XBP1;UBR2;LAMTOR2
GO_Biological_Process_2023,Endoderm Formation (GO:0001706),4/35,0.7806745524213926,0.9999960968655396,0,0,0.7442318206670312,0.1842695082266879,MMP15;FN1;INHBA;NODAL
GO_Biological_Process_2023,Hexose Biosynthetic Process (GO:0019319),4/35,0.7806745524213926,0.9999960968655396,0,0,0.7442318206670312,0.1842695082266879,SLC25A1;PER2;PFKFB1;SORD
GO_Biological_Process_2023,Positive Regulation Of Mitotic Nuclear Division (GO:0045840),4/35,0.7806745524213926,0.9999960968655396,0,0,0.7442318206670312,0.1842695082266879,CDC20;ESPL1;UBE2C;AURKA
GO_Biological_Process_2023,Regulation Of Regulated Secretory Pathway (GO:1903305),4/35,0.7806745524213926,0.9999960968655396,0,0,0.7442318206670312,0.1842695082266879,SYT5;RIMS4;PREPL;RAB3A
GO_Biological_Process_2023,Apoptotic Process (GO:0006915),30/228,0.7809985515266469,0.9999960968655396,0,0,0.8730257430667827,0.215796235065353,MAGEH1;TRADD;BRAT1;NUDT2;ATP2A1;AHR;HSPD1;TCHP;PIDD1;AIFM1;ERBB3;CASP3;BNIP1;CAPN3;CASP2;FADD;BID;RNF152;EGLN3;PARP1;LIG4;EMP2;DHCR24;DYNLL1;TRAIP;DAP;ESPL1;IRF3;OGT;MCM2
GO_Biological_Process_2023,Negative Regulation Of BMP Signaling Pathway (GO:0030514),5/43,0.7815320732677663,0.9999960968655396,0,0,0.7588656279559529,0.1870596862020933,GREM2;SKOR2;UBE2D1;PPARG;TMEM53
GO_Biological_Process_2023,Positive Regulation Of Cell Division (GO:0051781),5/43,0.7815320732677663,0.9999960968655396,0,0,0.7588656279559529,0.1870596862020933,MAP10;SHH;RACGAP1;ECT2;KIF20B
GO_Biological_Process_2023,Regulation Of Endothelial Cell Apoptotic Process (GO:2000351),5/43,0.7815320732677663,0.9999960968655396,0,0,0.7588656279559529,0.1870596862020933,RAMP2;PRKCI;CD160;GAS6;MEN1
GO_Biological_Process_2023,Cellular Response To Chemical Stress (GO:0062197),11/89,0.7819970794986698,0.9999960968655396,0,0,0.8130897305209231,0.1999422391490113,PRDX3;PNPT1;PARP1;MLST8;TBC1D24;NUDT2;GPX7;FANCC;PYCR2;TRIM21;HSPA1B
GO_Biological_Process_2023,Positive Regulation Of Cell Motility (GO:2000147),29/221,0.7827037925339606,0.9999960968655396,0,0,0.870309829059829,0.2132267372923522,GRB7;LRRC15;CSF1;TRADD;CLDN1;PLAU;FAM110C;CGA;CFAP20;ACVR1;CCL24;SEMA6C;SEMA4A;XBP1;WNT5B;FZD4;ARHGEF39;RDX;SEMA4G;ELP6;CCNA2;CLDN3;CXCL12;KIT;ANGPTL3;SNAI2;EPHA1;CEP43;TRIM32
GO_Biological_Process_2023,Regulation Of mRNA Stability (GO:0043488),9/74,0.7833298333218891,0.9999960968655396,0,0,0.7983753428235602,0.1949643992938849,METTL14;PCID2;FASTKD1;FASTKD3;METTL3;IREB2;AXIN2;METTL16;RBM24
GO_Biological_Process_2023,Cardiac Muscle Cell Differentiation (GO:0055007),3/27,0.783394052209495,0.9999960968655396,0,0,0.721026770586242,0.1760166587119784,CBY1;SIRT6;ASB2
GO_Biological_Process_2023,Cellular Response To Acid Chemical (GO:0071229),3/27,0.783394052209495,0.9999960968655396,0,0,0.721026770586242,0.1760166587119784,GLRA2;XBP1;LAMTOR2
GO_Biological_Process_2023,Cellular Response To Epidermal Growth Factor Stimulus (GO:0071364),3/27,0.783394052209495,0.9999960968655396,0,0,0.721026770586242,0.1760166587119784,ERBB2;SNAI2;KNSTRN
GO_Biological_Process_2023,Dorsal/Ventral Pattern Formation (GO:0009953),3/27,0.783394052209495,0.9999960968655396,0,0,0.721026770586242,0.1760166587119784,SHH;PTCH1;FBXL15
GO_Biological_Process_2023,Glycerophospholipid Catabolic Process (GO:0046475),3/27,0.783394052209495,0.9999960968655396,0,0,0.721026770586242,0.1760166587119784,PLA2G15;LIPC;PNPLA6
GO_Biological_Process_2023,Iron-Sulfur Cluster Assembly (GO:0016226),3/27,0.783394052209495,0.9999960968655396,0,0,0.721026770586242,0.1760166587119784,CIAO2B;CIAO3;CIAO1
GO_Biological_Process_2023,Metallo-Sulfur Cluster Assembly (GO:0031163),3/27,0.783394052209495,0.9999960968655396,0,0,0.721026770586242,0.1760166587119784,CIAO2B;CIAO3;CIAO1
GO_Biological_Process_2023,Microtubule Polymerization Or Depolymerization (GO:0031109),3/27,0.783394052209495,0.9999960968655396,0,0,0.721026770586242,0.1760166587119784,KIF18B;STMN1;TPPP
GO_Biological_Process_2023,Positive Regulation Of TORC1 Signaling (GO:1904263),3/27,0.783394052209495,0.9999960968655396,0,0,0.721026770586242,0.1760166587119784,RNF167;WDR24;TELO2
GO_Biological_Process_2023,Positive Regulation Of Calcium Ion Transmembrane Transporter Activity (GO:1901021),3/27,0.783394052209495,0.9999960968655396,0,0,0.721026770586242,0.1760166587119784,GSTM2;ATP2A1;CASQ1
GO_Biological_Process_2023,Regulation Of Actin Polymerization Or Depolymerization (GO:0008064),3/27,0.783394052209495,0.9999960968655396,0,0,0.721026770586242,0.1760166587119784,CXCL12;HAX1;GBA2
GO_Biological_Process_2023,Regulation Of Chromatin Organization (GO:1902275),3/27,0.783394052209495,0.9999960968655396,0,0,0.721026770586242,0.1760166587119784,METTL4;MKI67;OGT
GO_Biological_Process_2023,Ventricular Septum Morphogenesis (GO:0060412),3/27,0.783394052209495,0.9999960968655396,0,0,0.721026770586242,0.1760166587119784,HEY1;PROX1;SOX4
GO_Biological_Process_2023,Regulation Of Protein-Containing Complex Assembly (GO:0043254),15/119,0.7841273799568572,0.9999960968655396,0,0,0.8314248697882587,0.2021890570833396,TRAF3IP1;TGFBRAP1;HJURP;MTLN;SVIP;TIRAP;BBS10;TPPP;CD36;ANKRA2;BID;AJUBA;CRYAB;FNIP2;LCMT1
GO_Biological_Process_2023,DNA-templated Transcription Initiation (GO:0006352),7/59,0.7878691798875789,0.9999960968655396,0,0,0.7762653023935684,0.1850796716337752,CDK7;TAF12;CCNH;TFAM;TFB1M;POLR2I;GTF2E1
GO_Biological_Process_2023,Heart Morphogenesis (GO:0003007),7/59,0.7878691798875789,0.9999960968655396,0,0,0.7762653023935684,0.1850796716337752,ACVR1;LEFTY1;HEY1;FLRT2;EMP2;DYNLL1;TBX3
GO_Biological_Process_2023,Transcription Preinitiation Complex Assembly (GO:0070897),7/59,0.7878691798875789,0.9999960968655396,0,0,0.7762653023935684,0.1850796716337752,MED11;MED22;TAF12;MED21;MED19;ESR1;MED18
GO_Biological_Process_2023,Cellular Response To Organic Substance (GO:0071310),10/82,0.7887904084638779,0.9999960968655396,0,0,0.80078125,0.1899890635222984,GHR;SOCS2;RAMP2;CLEC3B;HAX1;ASAH2;MME;IL18;NR1H4;AVPR1A
GO_Biological_Process_2023,Regulation Of Phosphorylation (GO:0042325),10/82,0.7887904084638779,0.9999960968655396,0,0,0.80078125,0.1899890635222984,CDKN2C;FZD7;STAT2;FN1;PLXNB2;ROPN1L;EMP2;INHBA;DYNLL1;FNIP2
GO_Biological_Process_2023,Negative Regulation Of Cellular Catabolic Process (GO:0031330),8/67,0.7920742704287147,0.9999960968655396,0,0,0.781847262015718,0.1822486872907548,RUBCN;DAP;CPTP;MLST8;WDR6;STK38L;MET;PTPN3
GO_Biological_Process_2023,Protein Localization To Cell Periphery (GO:1990778),18/142,0.7926828058289385,0.9999960968655396,0,0,0.8366550936099147,0.194381859986456,RAMP2;RAB3A;TMEM150A;PTCH1;RDX;LIN7A;EMP2;PDZK1;PIGW;SLC9A3R1;TSPAN15;RAP2A;TSPAN14;RAB40B;PDZD11;P2RY1;GAS6;CRB3
GO_Biological_Process_2023,Negative Regulation Of Macromolecule Metabolic Process (GO:0010605),24/186,0.7930872052294597,0.9999960968655396,0,0,0.8536973833902162,0.1979059155975889,DNMT1;SETDB1;SORD;PCSK9;AP1AR;CNPY2;LRP3;DICER1;PARP9;UPK3B;ESR1;NR0B2;AURKA;RBL2;DLL4;OCLN;CLDN3;RBL1;TERT;DGKQ;HAND2;PTRH2;PPARG;TARDBP
GO_Biological_Process_2023,Bicarbonate Transport (GO:0015701),2/19,0.7940837564491954,0.9999960968655396,0,0,0.6786625219193368,0.1564767314574969,CYB5RL;SLC26A6
GO_Biological_Process_2023,Chondroitin Sulfate Proteoglycan Biosynthetic Process (GO:0050650),2/19,0.7940837564491954,0.9999960968655396,0,0,0.6786625219193368,0.1564767314574969,CHST7;CHST13
GO_Biological_Process_2023,Epithelial Structure Maintenance (GO:0010669),2/19,0.7940837564491954,0.9999960968655396,0,0,0.6786625219193368,0.1564767314574969,TFF2;LSR
GO_Biological_Process_2023,Eye Morphogenesis (GO:0048592),2/19,0.7940837564491954,0.9999960968655396,0,0,0.6786625219193368,0.1564767314574969,MFAP5;NKD1
GO_Biological_Process_2023,Gastrulation (GO:0007369),2/19,0.7940837564491954,0.9999960968655396,0,0,0.6786625219193368,0.1564767314574969,MKKS;TASOR
GO_Biological_Process_2023,Insulin Secretion (GO:0030073),2/19,0.7940837564491954,0.9999960968655396,0,0,0.6786625219193368,0.1564767314574969,SNX19;RAB11FIP2
GO_Biological_Process_2023,Linoleic Acid Metabolic Process (GO:0043651),2/19,0.7940837564491954,0.9999960968655396,0,0,0.6786625219193368,0.1564767314574969,GSTM2;FADS1
GO_Biological_Process_2023,Negative Regulation Of Peptidyl-Serine Phosphorylation (GO:0033137),2/19,0.7940837564491954,0.9999960968655396,0,0,0.6786625219193368,0.1564767314574969,MLXIPL;GPD1L
GO_Biological_Process_2023,Phosphatidylcholine Biosynthetic Process (GO:0006656),2/19,0.7940837564491954,0.9999960968655396,0,0,0.6786625219193368,0.1564767314574969,SLC44A3;SLC44A1
GO_Biological_Process_2023,piRNA Processing (GO:0034587),2/19,0.7940837564491954,0.9999960968655396,0,0,0.6786625219193368,0.1564767314574969,TDRKH;PLD6
GO_Biological_Process_2023,Pore Complex Assembly (GO:0046931),2/19,0.7940837564491954,0.9999960968655396,0,0,0.6786625219193368,0.1564767314574969,NDC1;PDZD11
GO_Biological_Process_2023,Positive Regulation Of Activated T Cell Proliferation (GO:0042104),2/19,0.7940837564491954,0.9999960968655396,0,0,0.6786625219193368,0.1564767314574969,IL18;FADD
GO_Biological_Process_2023,Positive Regulation Of Histone Methylation (GO:0031062),2/19,0.7940837564491954,0.9999960968655396,0,0,0.6786625219193368,0.1564767314574969,FAM47E;OGT
GO_Biological_Process_2023,Regulation Of B Cell Differentiation (GO:0045577),2/19,0.7940837564491954,0.9999960968655396,0,0,0.6786625219193368,0.1564767314574969,XBP1;INHBA
GO_Biological_Process_2023,Regulation Of Cellular Response To Growth Factor Stimulus (GO:0090287),2/19,0.7940837564491954,0.9999960968655396,0,0,0.6786625219193368,0.1564767314574969,XIAP;OTX2
GO_Biological_Process_2023,Regulation Of Early Endosome To Late Endosome Transport (GO:2000641),2/19,0.7940837564491954,0.9999960968655396,0,0,0.6786625219193368,0.1564767314574969,RDX;NF2
GO_Biological_Process_2023,Regulation Of Fibroblast Growth Factor Receptor Signaling Pathway (GO:0040036),2/19,0.7940837564491954,0.9999960968655396,0,0,0.6786625219193368,0.1564767314574969,OTX2;SHISA2
GO_Biological_Process_2023,Regulation Of Granulocyte Chemotaxis (GO:0071622),2/19,0.7940837564491954,0.9999960968655396,0,0,0.6786625219193368,0.1564767314574969,MPP1;CSF1
GO_Biological_Process_2023,Regulation Of Integrin-Mediated Signaling Pathway (GO:2001044),2/19,0.7940837564491954,0.9999960968655396,0,0,0.6786625219193368,0.1564767314574969,EMP2;LIMS2
GO_Biological_Process_2023,Regulation Of Lymphocyte Differentiation (GO:0045619),2/19,0.7940837564491954,0.9999960968655396,0,0,0.6786625219193368,0.1564767314574969,XRCC6;METTL3
GO_Biological_Process_2023,Regulation Of Tissue Remodeling (GO:0034103),2/19,0.7940837564491954,0.9999960968655396,0,0,0.6786625219193368,0.1564767314574969,HAND2;IL18
GO_Biological_Process_2023,Regulation Of Vascular Endothelial Growth Factor Signaling Pathway (GO:1900746),2/19,0.7940837564491954,0.9999960968655396,0,0,0.6786625219193368,0.1564767314574969,SORD;DLL1
GO_Biological_Process_2023,Release Of Cytochrome C From Mitochondria (GO:0001836),2/19,0.7940837564491954,0.9999960968655396,0,0,0.6786625219193368,0.1564767314574969,GGCT;BID
GO_Biological_Process_2023,Response To Fatty Acid (GO:0070542),2/19,0.7940837564491954,0.9999960968655396,0,0,0.6786625219193368,0.1564767314574969,IRS1;NR1H4
GO_Biological_Process_2023,Positive Regulation Of Proteasomal Protein Catabolic Process (GO:1901800),11/90,0.7942057109149596,0.9999960968655396,0,0,0.8027501430125981,0.1849638836953536,DNAJB2;DET1;RNF144B;CEBPA;ATXN3;RNF14;PLK1;BBS7;AXIN2;FBXO22;HSPA1B
GO_Biological_Process_2023,Regulation Of BMP Signaling Pathway (GO:0030510),9/75,0.7965732032920789,0.9999960968655396,0,0,0.7862324432782837,0.1788177566802234,CCNA2;SKOR2;NUMA1;UBE2D1;XIAP;PPARG;FBXL15;TMEM53;ELAPOR2
GO_Biological_Process_2023,Regulation Of Fat Cell Differentiation (GO:0045598),9/75,0.7965732032920789,0.9999960968655396,0,0,0.7862324432782837,0.1788177566802234,ANKRD26;XBP1;CCDC85B;WNT5A;RORC;SIRT6;PPARG;CREBL2;LRP3
GO_Biological_Process_2023,Regulation Of Stress Fiber Assembly (GO:0051492),9/75,0.7965732032920789,0.9999960968655396,0,0,0.7862324432782837,0.1788177566802234,ARHGEF15;STMN1;ASAP3;NF2;DYNLL1;EPHA1;MET;PHLDB2;CGNL1
GO_Biological_Process_2023,Rap Protein Signal Transduction (GO:0032486),1/10,0.7978109742373805,0.9999960968655396,0,0,0.6410430071114122,0.14480109193212,RAP2A
GO_Biological_Process_2023,SRP-dependent Cotranslational Protein Targeting To Membrane (GO:0006614),1/10,0.7978109742373805,0.9999960968655396,0,0,0.6410430071114122,0.14480109193212,SEC61B
GO_Biological_Process_2023,T Cell Chemotaxis (GO:0010818),1/10,0.7978109742373805,0.9999960968655396,0,0,0.6410430071114122,0.14480109193212,CXCL11
GO_Biological_Process_2023,UDP-N-acetylglucosamine Metabolic Process (GO:0006047),1/10,0.7978109742373805,0.9999960968655396,0,0,0.6410430071114122,0.14480109193212,GNPDA1
GO_Biological_Process_2023,Ammonium Transmembrane Transport (GO:0072488),1/10,0.7978109742373805,0.9999960968655396,0,0,0.6410430071114122,0.14480109193212,RHBG
GO_Biological_Process_2023,Aromatic Amino Acid Family Catabolic Process (GO:0009074),1/10,0.7978109742373805,0.9999960968655396,0,0,0.6410430071114122,0.14480109193212,QDPR
GO_Biological_Process_2023,Atrial Septum Morphogenesis (GO:0060413),1/10,0.7978109742373805,0.9999960968655396,0,0,0.6410430071114122,0.14480109193212,SOX4
GO_Biological_Process_2023,calcineurin-NFAT Signaling Cascade (GO:0033173),1/10,0.7978109742373805,0.9999960968655396,0,0,0.6410430071114122,0.14480109193212,NFATC4
GO_Biological_Process_2023,Cardiac Muscle Cell Membrane Repolarization (GO:0099622),1/10,0.7978109742373805,0.9999960968655396,0,0,0.6410430071114122,0.14480109193212,KCNE1
GO_Biological_Process_2023,Cellular Response To Forskolin (GO:1904322),1/10,0.7978109742373805,0.9999960968655396,0,0,0.6410430071114122,0.14480109193212,AHR
GO_Biological_Process_2023,Cellular Response To Increased Oxygen Levels (GO:0036295),1/10,0.7978109742373805,0.9999960968655396,0,0,0.6410430071114122,0.14480109193212,TMEM199
GO_Biological_Process_2023,Cellular Response To Interleukin-12 (GO:0071349),1/10,0.7978109742373805,0.9999960968655396,0,0,0.6410430071114122,0.14480109193212,TYK2
GO_Biological_Process_2023,Cellular Response To Interleukin-15 (GO:0071350),1/10,0.7978109742373805,0.9999960968655396,0,0,0.6410430071114122,0.14480109193212,IL15RA
GO_Biological_Process_2023,Cellular Response To Leucine (GO:0071233),1/10,0.7978109742373805,0.9999960968655396,0,0,0.6410430071114122,0.14480109193212,UBR2
GO_Biological_Process_2023,Cellular Response To Type III Interferon (GO:0071358),1/10,0.7978109742373805,0.9999960968655396,0,0,0.6410430071114122,0.14480109193212,TYK2
GO_Biological_Process_2023,Columnar/Cuboidal Epithelial Cell Differentiation (GO:0002065),1/10,0.7978109742373805,0.9999960968655396,0,0,0.6410430071114122,0.14480109193212,SOX4
GO_Biological_Process_2023,Endosomal Vesicle Fusion (GO:0034058),1/10,0.7978109742373805,0.9999960968655396,0,0,0.6410430071114122,0.14480109193212,TGFBRAP1
GO_Biological_Process_2023,Fatty Acid Beta-Oxidation Using acyl-CoA Dehydrogenase (GO:0033539),1/10,0.7978109742373805,0.9999960968655396,0,0,0.6410430071114122,0.14480109193212,IVD
GO_Biological_Process_2023,Hematopoietic Stem Cell Proliferation (GO:0071425),1/10,0.7978109742373805,0.9999960968655396,0,0,0.6410430071114122,0.14480109193212,WNT5A
GO_Biological_Process_2023,Heme Catabolic Process (GO:0042167),1/10,0.7978109742373805,0.9999960968655396,0,0,0.6410430071114122,0.14480109193212,SLCO2B1
GO_Biological_Process_2023,Inositol Phosphate Biosynthetic Process (GO:0032958),1/10,0.7978109742373805,0.9999960968655396,0,0,0.6410430071114122,0.14480109193212,IPPK
GO_Biological_Process_2023,Interleukin-15-Mediated Signaling Pathway (GO:0035723),1/10,0.7978109742373805,0.9999960968655396,0,0,0.6410430071114122,0.14480109193212,IL15RA
GO_Biological_Process_2023,Maintenance Of Synapse Structure (GO:0099558),1/10,0.7978109742373805,0.9999960968655396,0,0,0.6410430071114122,0.14480109193212,RAB3A
GO_Biological_Process_2023,Mast Cell Activation Involved In Immune Response (GO:0002279),1/10,0.7978109742373805,0.9999960968655396,0,0,0.6410430071114122,0.14480109193212,KIT
GO_Biological_Process_2023,Mast Cell Degranulation (GO:0043303),1/10,0.7978109742373805,0.9999960968655396,0,0,0.6410430071114122,0.14480109193212,KIT
GO_Biological_Process_2023,Megakaryocyte Development (GO:0035855),1/10,0.7978109742373805,0.9999960968655396,0,0,0.6410430071114122,0.14480109193212,KIT
GO_Biological_Process_2023,Meiotic Sister Chromatid Cohesion (GO:0051177),1/10,0.7978109742373805,0.9999960968655396,0,0,0.6410430071114122,0.14480109193212,REC8
GO_Biological_Process_2023,Microtubule Anchoring At Centrosome (GO:0034454),1/10,0.7978109742373805,0.9999960968655396,0,0,0.6410430071114122,0.14480109193212,CEP19
GO_Biological_Process_2023,Mitotic G1/S Transition Checkpoint Signaling (GO:0044819),1/10,0.7978109742373805,0.9999960968655396,0,0,0.6410430071114122,0.14480109193212,CDK2
GO_Biological_Process_2023,Monocyte Differentiation (GO:0030224),1/10,0.7978109742373805,0.9999960968655396,0,0,0.6410430071114122,0.14480109193212,PPARG
GO_Biological_Process_2023,Negative Regulation Of Activin Receptor Signaling Pathway (GO:0032926),1/10,0.7978109742373805,0.9999960968655396,0,0,0.6410430071114122,0.14480109193212,DACT2
GO_Biological_Process_2023,Negative Regulation Of Alpha-Beta T Cell Activation (GO:0046636),1/10,0.7978109742373805,0.9999960968655396,0,0,0.6410430071114122,0.14480109193212,IHH
GO_Biological_Process_2023,Negative Regulation Of Autophagosome Assembly (GO:1902902),1/10,0.7978109742373805,0.9999960968655396,0,0,0.6410430071114122,0.14480109193212,TMEM39A
GO_Biological_Process_2023,Negative Regulation Of Centrosome Duplication (GO:0010826),1/10,0.7978109742373805,0.9999960968655396,0,0,0.6410430071114122,0.14480109193212,TRIM37
GO_Biological_Process_2023,Negative Regulation Of Dephosphorylation (GO:0035305),1/10,0.7978109742373805,0.9999960968655396,0,0,0.6410430071114122,0.14480109193212,MFHAS1
GO_Biological_Process_2023,Negative Regulation Of Exocytosis (GO:0045920),1/10,0.7978109742373805,0.9999960968655396,0,0,0.6410430071114122,0.14480109193212,STXBP6
GO_Biological_Process_2023,Negative Regulation Of Homotypic Cell-Cell Adhesion (GO:0034111),1/10,0.7978109742373805,0.9999960968655396,0,0,0.6410430071114122,0.14480109193212,RDX
GO_Biological_Process_2023,Negative Regulation Of Hydrogen Peroxide-Induced Cell Death (GO:1903206),1/10,0.7978109742373805,0.9999960968655396,0,0,0.6410430071114122,0.14480109193212,MET
GO_Biological_Process_2023,Negative Regulation Of Intracellular Estrogen Receptor Signaling Pathway (GO:0033147),1/10,0.7978109742373805,0.9999960968655396,0,0,0.6410430071114122,0.14480109193212,KANK2
GO_Biological_Process_2023,Negative Regulation Of Lipopolysaccharide-Mediated Signaling Pathway (GO:0031665),1/10,0.7978109742373805,0.9999960968655396,0,0,0.6410430071114122,0.14480109193212,SIGIRR
GO_Biological_Process_2023,Negative Regulation Of Pathway-Restricted SMAD Protein Phosphorylation (GO:0060394),1/10,0.7978109742373805,0.9999960968655396,0,0,0.6410430071114122,0.14480109193212,PPARG
GO_Biological_Process_2023,Negative Regulation Of Response To Cytokine Stimulus (GO:0060761),1/10,0.7978109742373805,0.9999960968655396,0,0,0.6410430071114122,0.14480109193212,SIGIRR
GO_Biological_Process_2023,Neuron Projection Fasciculation (GO:0106030),1/10,0.7978109742373805,0.9999960968655396,0,0,0.6410430071114122,0.14480109193212,EPHB3
GO_Biological_Process_2023,Nuclear Pore Complex Assembly (GO:0051292),1/10,0.7978109742373805,0.9999960968655396,0,0,0.6410430071114122,0.14480109193212,NDC1
GO_Biological_Process_2023,Nucleoside Triphosphate Metabolic Process (GO:0009141),1/10,0.7978109742373805,0.9999960968655396,0,0,0.6410430071114122,0.14480109193212,AK4
GO_Biological_Process_2023,Omega-Hydroxylase P450 Pathway (GO:0097267),1/10,0.7978109742373805,0.9999960968655396,0,0,0.6410430071114122,0.14480109193212,CYP1A2
GO_Biological_Process_2023,Oxygen Transport (GO:0015671),1/10,0.7978109742373805,0.9999960968655396,0,0,0.6410430071114122,0.14480109193212,MB
GO_Biological_Process_2023,Phosphate Ion Transmembrane Transport (GO:0035435),1/10,0.7978109742373805,0.9999960968655396,0,0,0.6410430071114122,0.14480109193212,SLC25A11
GO_Biological_Process_2023,Positive Regulation Of B Cell Differentiation (GO:0045579),1/10,0.7978109742373805,0.9999960968655396,0,0,0.6410430071114122,0.14480109193212,XBP1
GO_Biological_Process_2023,Positive Regulation Of Actin Filament Depolymerization (GO:0030836),1/10,0.7978109742373805,0.9999960968655396,0,0,0.6410430071114122,0.14480109193212,PDXP
GO_Biological_Process_2023,Positive Regulation Of Autophagy Of Mitochondrion (GO:1903599),1/10,0.7978109742373805,0.9999960968655396,0,0,0.6410430071114122,0.14480109193212,CAMKK2
GO_Biological_Process_2023,Positive Regulation Of Chondrocyte Differentiation (GO:0032332),1/10,0.7978109742373805,0.9999960968655396,0,0,0.6410430071114122,0.14480109193212,PKDCC
GO_Biological_Process_2023,Positive Regulation Of Interleukin-13 Production (GO:0032736),1/10,0.7978109742373805,0.9999960968655396,0,0,0.6410430071114122,0.14480109193212,IL18
GO_Biological_Process_2023,Positive Regulation Of Nitric-Oxide Synthase Biosynthetic Process (GO:0051770),1/10,0.7978109742373805,0.9999960968655396,0,0,0.6410430071114122,0.14480109193212,NAMPT
GO_Biological_Process_2023,Positive Regulation Of Protein Depolymerization (GO:1901881),1/10,0.7978109742373805,0.9999960968655396,0,0,0.6410430071114122,0.14480109193212,PDXP
GO_Biological_Process_2023,Positive Regulation Of Transcription From RNA Polymerase II Promoter In Response To Endoplasmic Reticulum Stress (GO:1990440),1/10,0.7978109742373805,0.9999960968655396,0,0,0.6410430071114122,0.14480109193212,ATF6B
GO_Biological_Process_2023,Positive Regulation Of Transforming Growth Factor Beta Production (GO:0071636),1/10,0.7978109742373805,0.9999960968655396,0,0,0.6410430071114122,0.14480109193212,XCL1
GO_Biological_Process_2023,Progesterone Receptor Signaling Pathway (GO:0050847),1/10,0.7978109742373805,0.9999960968655396,0,0,0.6410430071114122,0.14480109193212,NEDD4
GO_Biological_Process_2023,Protein Kinase C Signaling (GO:0070528),1/10,0.7978109742373805,0.9999960968655396,0,0,0.6410430071114122,0.14480109193212,DGKQ
GO_Biological_Process_2023,Protein Kinase C-activating G Protein-Coupled Receptor Signaling Pathway (GO:0007205),1/10,0.7978109742373805,0.9999960968655396,0,0,0.6410430071114122,0.14480109193212,PRKD3
GO_Biological_Process_2023,Protein Oxidation (GO:0018158),1/10,0.7978109742373805,0.9999960968655396,0,0,0.6410430071114122,0.14480109193212,PRDX3
GO_Biological_Process_2023,Protein Prenylation (GO:0018342),1/10,0.7978109742373805,0.9999960968655396,0,0,0.6410430071114122,0.14480109193212,RABGGTA
GO_Biological_Process_2023,Purine Ribonucleoside Triphosphate Biosynthetic Process (GO:0009206),1/10,0.7978109742373805,0.9999960968655396,0,0,0.6410430071114122,0.14480109193212,NUDT2
GO_Biological_Process_2023,Receptor-Mediated Endocytosis Of Virus By Host Cell (GO:0019065),1/10,0.7978109742373805,0.9999960968655396,0,0,0.6410430071114122,0.14480109193212,DPP4
GO_Biological_Process_2023,Regulation Of ERAD Pathway (GO:1904292),1/10,0.7978109742373805,0.9999960968655396,0,0,0.6410430071114122,0.14480109193212,ATXN3
GO_Biological_Process_2023,Regulation Of T-helper 2 Cell Cytokine Production (GO:2000551),1/10,0.7978109742373805,0.9999960968655396,0,0,0.6410430071114122,0.14480109193212,XCL1
GO_Biological_Process_2023,Regulation Of Calcium Ion Transmembrane Transport Via High Voltage-Gated Calcium Channel (GO:1902514),1/10,0.7978109742373805,0.9999960968655396,0,0,0.6410430071114122,0.14480109193212,CACNG6
GO_Biological_Process_2023,Regulation Of Cardiac Muscle Cell Apoptotic Process (GO:0010665),1/10,0.7978109742373805,0.9999960968655396,0,0,0.6410430071114122,0.14480109193212,HAND2
GO_Biological_Process_2023,Regulation Of Dendritic Cell Differentiation (GO:2001198),1/10,0.7978109742373805,0.9999960968655396,0,0,0.6410430071114122,0.14480109193212,LGALS1
GO_Biological_Process_2023,Regulation Of Establishment Of Protein Localization To Telomere (GO:0070203),1/10,0.7978109742373805,0.9999960968655396,0,0,0.6410430071114122,0.14480109193212,WRAP53
GO_Biological_Process_2023,Regulation Of mRNA Polyadenylation (GO:1900363),1/10,0.7978109742373805,0.9999960968655396,0,0,0.6410430071114122,0.14480109193212,NCBP2
GO_Biological_Process_2023,Regulation Of Opsonization (GO:1903027),1/10,0.7978109742373805,0.9999960968655396,0,0,0.6410430071114122,0.14480109193212,MBL2
GO_Biological_Process_2023,"Regulation Of Phagocytosis, Engulfment (GO:0060099)",1/10,0.7978109742373805,0.9999960968655396,0,0,0.6410430071114122,0.14480109193212,C3
GO_Biological_Process_2023,Regulation Of Programmed Necrotic Cell Death (GO:0062098),1/10,0.7978109742373805,0.9999960968655396,0,0,0.6410430071114122,0.14480109193212,OGT
GO_Biological_Process_2023,Regulation Of Toll-Like Receptor 9 Signaling Pathway (GO:0034163),1/10,0.7978109742373805,0.9999960968655396,0,0,0.6410430071114122,0.14480109193212,SLC15A4
GO_Biological_Process_2023,Response To Corticosteroid (GO:0031960),1/10,0.7978109742373805,0.9999960968655396,0,0,0.6410430071114122,0.14480109193212,SOX30
GO_Biological_Process_2023,Response To Forskolin (GO:1904321),1/10,0.7978109742373805,0.9999960968655396,0,0,0.6410430071114122,0.14480109193212,AHR
GO_Biological_Process_2023,Response To Leucine (GO:0043201),1/10,0.7978109742373805,0.9999960968655396,0,0,0.6410430071114122,0.14480109193212,UBR2
GO_Biological_Process_2023,snRNA Transcription By RNA Polymerase II (GO:0042795),1/10,0.7978109742373805,0.9999960968655396,0,0,0.6410430071114122,0.14480109193212,ZC3H8
GO_Biological_Process_2023,Steroid Hormone Mediated Signaling Pathway (GO:0043401),1/10,0.7978109742373805,0.9999960968655396,0,0,0.6410430071114122,0.14480109193212,ESR1
GO_Biological_Process_2023,Surfactant Homeostasis (GO:0043129),1/10,0.7978109742373805,0.9999960968655396,0,0,0.6410430071114122,0.14480109193212,MBL2
GO_Biological_Process_2023,Synaptic Vesicle Transport (GO:0048489),1/10,0.7978109742373805,0.9999960968655396,0,0,0.6410430071114122,0.14480109193212,TMEM230
GO_Biological_Process_2023,Type III Interferon-Mediated Signaling Pathway (GO:0038196),1/10,0.7978109742373805,0.9999960968655396,0,0,0.6410430071114122,0.14480109193212,TYK2
GO_Biological_Process_2023,Very-Low-Density Lipoprotein Particle Assembly (GO:0034379),1/10,0.7978109742373805,0.9999960968655396,0,0,0.6410430071114122,0.14480109193212,SOAT2
GO_Biological_Process_2023,Autophagosome Maturation (GO:0097352),5/44,0.798575284140837,0.9999960968655396,0,0,0.7393640608289642,0.1663022257488111,STX17;SNX14;EPG5;VIPAS39;SNAP29
GO_Biological_Process_2023,Bone Development (GO:0060348),5/44,0.798575284140837,0.9999960968655396,0,0,0.7393640608289642,0.1663022257488111,MMP13;OPTC;PLS3;NOTUM;PPIB
GO_Biological_Process_2023,Regulation Of Insulin Receptor Signaling Pathway (GO:0046626),5/44,0.798575284140837,0.9999960968655396,0,0,0.7393640608289642,0.1663022257488111,GRB7;KANK1;IRS1;PIP4K2B;OGT
GO_Biological_Process_2023,Negative Regulation Of Programmed Cell Death (GO:0043069),51/381,0.7987097103386274,0.9999960968655396,0,0,0.8899007296527104,0.200012054976865,FCMR;APIP;PEPD;PIDD1;SHH;MLST8;CAPN3;CASP2;TMEM14A;PRKCI;PCID2;ANXA4;WNT5A;PRLR;SUPV3L1;RNF144B;HAX1;CAT;PPIF;BIRC5;NAA35;GAS6;CRYAB;MET;KANK2;HDAC2;HDAC3;AMIGO2;XIAP;HSPD1;PRDX3;SOCS2;NUAK2;ERBB3;FIGNL1;ERBB2;BNIP1;TXNDC5;XBP1;TIGAR;PLK1;NR1H4;DHCR24;TBX3;KLHL20;DNAJA1;IL7;CDK1;NAA16;HSPA1B;MAD2L1
GO_Biological_Process_2023,Regulation Of Peptidyl-Threonine Phosphorylation (GO:0010799),4/36,0.7994051303602019,0.9999960968655396,0,0,0.7209322033898306,0.1614076473797594,DGKQ;PLK1;TNKS1BP1;PPEF2
GO_Biological_Process_2023,MAPK Cascade (GO:0000165),12/98,0.7995344451283117,0.9999960968655396,0,0,0.8043887246454714,0.1799624017757025,ZDHHC9;CDK1;IL18;MAP3K13;CCR5;MAP3K4;MEN1;MAP2K6;MBL2;DUSP7;CAMKK2;PTPN3
GO_Biological_Process_2023,Cardiac Muscle Tissue Development (GO:0048738),6/52,0.799863132359299,0.9999960968655396,0,0,0.7521680136865082,0.1679701370949734,CSRP3;HEY1;CBY1;SIRT6;MSC;ASB2
GO_Biological_Process_2023,Negative Regulation Of Innate Immune Response (GO:0045824),6/52,0.799863132359299,0.9999960968655396,0,0,0.7521680136865082,0.1679701370949734,PARP1;STAT2;METTL3;TTLL12;TRIM21;AURKB
GO_Biological_Process_2023,Regulation Of Cell Development (GO:0060284),6/52,0.799863132359299,0.9999960968655396,0,0,0.7521680136865082,0.1679701370949734,HES7;PER2;HES6;HEY1;FBXO22;DLL1
GO_Biological_Process_2023,Positive Regulation Of Cellular Process (GO:0048522),81/594,0.8011339897726696,0.9999960968655396,0,0,0.9086229321999744,0.2014662984789209,SMARCB1;CSF1;NUMA1;IRS1;ASH2L;FOXM1;DNPH1;TGM1;EPB41L4B;UFL1;SHH;TMEM102;BCL7A;NAMPT;CHP2;MLST8;DPF3;FBXO5;TRIM21;SOX4;CSNK2A1;CEP131;EMP2;LIFR;DICER1;AVPR1A;PROX1;AXIN2;POU3F2;SUPV3L1;MYL1;BIRC5;PRTN3;MVD;STAMBP;EPHA1;KIF20B;CACUL1;TSPYL5;HDAC2;SMARCD2;CTF1;BRAT1;NOP2;DERL2;MTLN;DLL1;CIAO1;PRDX3;DPP4;EXOSC4;ERBB3;ERBB2;SSR1;TPPP;CGA;PRODH;EXOSC2;CFAP20;XBP1;FN1;PTK6;SMARCA2;TBX3;EPOR;SLC6A6;MLXIPL;MEIS1;CXCL12;CDK4;IL7;CAPN10;GID8;CDK2;AQP11;ECHDC3;FAM98B;FAM98A;CNOT8;CEP43;TRIM32
GO_Biological_Process_2023,Positive Regulation Of Ubiquitin-Dependent Protein Catabolic Process (GO:2000060),10/83,0.8012161746549402,0.9999960968655396,0,0,0.7897651131625968,0.1750312883376005,DNAJB2;DET1;RNF144B;CEBPA;RNF14;PLK1;BBS7;AXIN2;FBXO22;HSPA1B
GO_Biological_Process_2023,Regulation Of Extrinsic Apoptotic Signaling Pathway (GO:2001236),7/60,0.8023592286248287,0.9999960968655396,0,0,0.7615739703311971,0.1676977165762074,BCL2L12;DEPTOR;TNFSF10;LTB;FADD;BID;MEN1
GO_Biological_Process_2023,Negative Regulation Of Multicellular Organismal Process (GO:0051241),30/231,0.8040420857100876,0.9999960968655396,0,0,0.8598423749923434,0.1875347739638391,FOXA1;HDAC2;WWC1;PON1;TMEM53;HMGCR;SHH;RAB11FIP1;RBBP4;MAP2K6;GBP7;ACTN3;PARP1;PTCH1;ARRDC3;ACOT11;WNT9B;NR1H4;ACOT13;HS3ST6;ELAPOR2;SAP30;SDHAF2;BRMS1L;GAS6;SRSF6;OGT;NODAL;LGR4;FOXA2
GO_Biological_Process_2023,RNA Phosphodiester Bond Hydrolysis (GO:0090501),3/28,0.8042093867757291,0.9999960968655396,0,0,0.6921450355811589,0.1508153663951003,LACTB2;ZC3H12B;DICER1
GO_Biological_Process_2023,Apoptotic Cell Clearance (GO:0043277),3/28,0.8042093867757291,0.9999960968655396,0,0,0.6921450355811589,0.1508153663951003,XKR8;XKR9;GAS6
GO_Biological_Process_2023,Cell-Substrate Junction Assembly (GO:0007044),3/28,0.8042093867757291,0.9999960968655396,0,0,0.6921450355811589,0.1508153663951003,ACTN3;FN1;DYNLL1
GO_Biological_Process_2023,Negative Regulation Of Cytoskeleton Organization (GO:0051494),3/28,0.8042093867757291,0.9999960968655396,0,0,0.6921450355811589,0.1508153663951003,KANK1;FKBP4;ARPIN
GO_Biological_Process_2023,Negative Regulation Of Signaling (GO:0023057),3/28,0.8042093867757291,0.9999960968655396,0,0,0.6921450355811589,0.1508153663951003,ERBB3;PCSK9;AP1AR
GO_Biological_Process_2023,"Nuclear-Transcribed mRNA Catabolic Process, Nonsense-Mediated Decay (GO:0000184)",3/28,0.8042093867757291,0.9999960968655396,0,0,0.6921450355811589,0.1508153663951003,UPF1;NCBP2;PNRC2
GO_Biological_Process_2023,Phospholipid Catabolic Process (GO:0009395),3/28,0.8042093867757291,0.9999960968655396,0,0,0.6921450355811589,0.1508153663951003,LIPG;ANGPTL3;PNPLA6
GO_Biological_Process_2023,Positive Regulation Of mRNA Processing (GO:0050685),3/28,0.8042093867757291,0.9999960968655396,0,0,0.6921450355811589,0.1508153663951003,RBMXL1;NCBP2;LEO1
GO_Biological_Process_2023,Protein Insertion Into Mitochondrial Membrane (GO:0051204),3/28,0.8042093867757291,0.9999960968655396,0,0,0.6921450355811589,0.1508153663951003,TIMM29;TIMM9;TOMM5
GO_Biological_Process_2023,"Regulation Of DNA Damage Response, Signal Transduction By P53 Class Mediator (GO:0043516)",3/28,0.8042093867757291,0.9999960968655396,0,0,0.6921450355811589,0.1508153663951003,SNAI2;SOX4;HIC1
GO_Biological_Process_2023,Regulation Of Cardiac Muscle Cell Action Potential (GO:0098901),3/28,0.8042093867757291,0.9999960968655396,0,0,0.6921450355811589,0.1508153663951003,RANGRF;DSG2;DSC2
GO_Biological_Process_2023,Vascular Endothelial Growth Factor Receptor Signaling Pathway (GO:0048010),3/28,0.8042093867757291,0.9999960968655396,0,0,0.6921450355811589,0.1508153663951003,SLC31A1;VEGFB;VAV2
GO_Biological_Process_2023,Regulation Of Translation (GO:0006417),26/202,0.8046953080511333,0.9999960968655396,0,0,0.8511472305017387,0.1849471201684743,GRB7;SHMT2;SHMT1;MTRF1;METTL14;OGFOD1;MTG2;ERBB2;SOX4;UPF1;EIF2B4;TSFM;CSNK2A1;KLHL25;NCBP2;IFRD2;METTL3;ELP2;PASK;ELP6;PUM3;LRPPRC;PRR16;PLXNB2;NHLRC1;OGT
GO_Biological_Process_2023,Positive Regulation Of Binding (GO:0051099),11/91,0.8059102212931012,0.9999960968655396,0,0,0.792669045191981,0.1710444496097815,DTX3L;TERT;NVL;DDX11;STMN1;CEBPG;PON1;PPARG;PARP9;TRIM21;MET
GO_Biological_Process_2023,Regulation Of Programmed Cell Death (GO:0043067),25/195,0.8070622355796095,0.9999960968655396,0,0,0.8473078545177033,0.1816242464245043,KANK2;AMIGO2;XIAP;OMA1;PEPD;LGALS1;RUVBL2;RUVBL1;TRIM24;HS1BP3;DMAP1;SKP2;LCMT1;DFFA;TIGAR;PLK5;ACTN3;STAT1;HAX1;IRF3;GAS1;NF2;TARDBP;CRYAB;MCM2
GO_Biological_Process_2023,Wnt Signaling Pathway (GO:0016055),9/76,0.80920672028657,0.9999960968655396,0,0,0.7744520183462991,0.1639521651825183,WNT5B;FZD4;FZD7;WNT5A;TCF7;DIXDC1;WNT9B;DVL2;BCL9L
GO_Biological_Process_2023,Positive Regulation Of Interleukin-6 Production (GO:0032755),9/76,0.80920672028657,0.9999960968655396,0,0,0.7744520183462991,0.1639521651825183,SETD4;XBP1;MAVS;WNT5A;IL16;TIRAP;MBL2;HSPD1;RIGI
GO_Biological_Process_2023,Positive Regulation Of Protein Secretion (GO:0050714),9/76,0.80920672028657,0.9999960968655396,0,0,0.7744520183462991,0.1639521651825183,GLUD1;CAPN10;SIRT6;PPARG;SYTL4;SOX4;ABCG1;PPID;GCK
GO_Biological_Process_2023,Ribosomal Small Subunit Biogenesis (GO:0042274),10/84,0.8130931041945831,0.9999960968655396,0,0,0.7790467097532315,0.1611922872578907,FBL;UTP6;LSM6;KRR1;UTP3;BMS1;DHX37;UTP20;ERAL1;METTL17
GO_Biological_Process_2023,Negative Regulation Of Response To Biotic Stimulus (GO:0002832),5/45,0.8145523946938982,0.9999960968655396,0,0,0.7208375720583249,0.1478556982854608,SIGIRR;PARP1;TRAF3IP1;TRIM21;AURKB
GO_Biological_Process_2023,Regulation Of Stem Cell Differentiation (GO:2000736),5/45,0.8145523946938982,0.9999960968655396,0,0,0.7208375720583249,0.1478556982854608,HDAC2;RBBP4;METTL3;SIRT6;RBM24
GO_Biological_Process_2023,Cellular Response To Alcohol (GO:0097306),6/53,0.8146237312022223,0.9999960968655396,0,0,0.7361211351366956,0.1509261447750558,GLRA2;RAD51;MYL1;PTCH1;AHR;CYP7A1
GO_Biological_Process_2023,mRNA Stabilization (GO:0048255),6/53,0.8146237312022223,0.9999960968655396,0,0,0.7361211351366956,0.1509261447750558,RBM47;IREB2;AXIN2;TARDBP;RBM24;TIRAP
GO_Biological_Process_2023,Negative Regulation Of Cysteine-Type Endopeptidase Activity (GO:2000117),6/53,0.8146237312022223,0.9999960968655396,0,0,0.7361211351366956,0.1509261447750558,PCID2;CSNK2A1;LAMP3;XIAP;DHCR24;GAS6
GO_Biological_Process_2023,Negative Regulation Of Metabolic Process (GO:0009892),6/53,0.8146237312022223,0.9999960968655396,0,0,0.7361211351366956,0.1509261447750558,ACTN3;ACOT11;ARRDC3;ACOT13;LGR4;MAP2K6
GO_Biological_Process_2023,Positive Regulation Of Chemokine Production (GO:0032722),6/53,0.8146237312022223,0.9999960968655396,0,0,0.7361211351366956,0.1509261447750558,MAVS;IL7;WNT5A;IL18;TIRAP;MBL2
GO_Biological_Process_2023,Positive Regulation Of Cellular Biosynthetic Process (GO:0031328),22/174,0.8151483972354797,0.9999960968655396,0,0,0.833964601134487,0.1704499382481838,SREBF1;STARD4;ADSL;LPGAT1;IRS1;MID1IP1;METTL3;NR1H4;PASK;GCK;MLXIPL;EPM2AIP1;METTL14;DDAH1;PPP1R3E;ERBB2;PRR16;PLXNB2;CD36;OGT;SOX4;PAOX
GO_Biological_Process_2023,Negative Regulation Of Cellular Biosynthetic Process (GO:0031327),17/137,0.8153393621111188,0.9999960968655396,0,0,0.816428328226081,0.1666745430344851,GRB7;CSNK2A1;KLHL25;IFRD2;SHMT1;MPV17L;PRMT3;ERLIN1;GDF2;SIRT6;ERLIN2;PROX1;GCK;ACMSD;SNAI2;NHLRC1;PGPEP1
GO_Biological_Process_2023,Protein Localization To Plasma Membrane (GO:0072659),17/137,0.8153393621111188,0.9999960968655396,0,0,0.816428328226081,0.1666745430344851,RAMP2;RAB3A;TMEM150A;PTCH1;RDX;EMP2;PDZK1;PIGW;SLC9A3R1;TSPAN15;RAP2A;TSPAN14;RAB40B;P2RY1;GAS6;NECTIN3;CRB3
GO_Biological_Process_2023,Negative Regulation Of Autophagy (GO:0010507),7/61,0.8160797991772929,0.9999960968655396,0,0,0.7474267616785432,0.151909358742197,RUBCN;DAP;CPTP;MLST8;WDR6;STK38L;MET
GO_Biological_Process_2023,Regulation Of Pathway-Restricted SMAD Protein Phosphorylation (GO:0060393),7/61,0.8160797991772929,0.9999960968655396,0,0,0.7474267616785432,0.151909358742197,GDF11;LEFTY1;GDF2;PPARG;INHBA;INHBC;NODAL
GO_Biological_Process_2023,Positive Regulation Of NF-kappaB Transcription Factor Activity (GO:0051092),19/152,0.8165458242937362,0.9999960968655396,0,0,0.8232173278169871,0.1668433042090061,PRKCI;RNF25;TRADD;WNT5A;IL18;TICAM1;TIRAP;PRDX3;PIDD1;TRIM68;CAPN3;TRIM14;TERF2IP;TRIM37;CD36;MAP3K13;TRIM21;TRIM32;HSPA1B
GO_Biological_Process_2023,RNA Stabilization (GO:0043489),4/37,0.8168191294694481,0.9999960968655396,0,0,0.6990446841294299,0.1414430183594002,IREB2;ZCCHC17;RBM24;TRDMT1
GO_Biological_Process_2023,Aortic Valve Morphogenesis (GO:0003180),4/37,0.8168191294694481,0.9999960968655396,0,0,0.6990446841294299,0.1414430183594002,DLL4;HEY1;SNAI2;AXIN2
GO_Biological_Process_2023,Axonemal Dynein Complex Assembly (GO:0070286),4/37,0.8168191294694481,0.9999960968655396,0,0,0.6990446841294299,0.1414430183594002,ODAD3;ZMYND10;DNAI1;DNAAF10
GO_Biological_Process_2023,Melanosome Organization (GO:0032438),4/37,0.8168191294694481,0.9999960968655396,0,0,0.6990446841294299,0.1414430183594002,RAB32;AP3M1;BLOC1S5;BLOC1S6
GO_Biological_Process_2023,Muscle Cell Differentiation (GO:0042692),4/37,0.8168191294694481,0.9999960968655396,0,0,0.6990446841294299,0.1414430183594002,FBXO40;ACTN3;WNT5B;MTLN
GO_Biological_Process_2023,Negative Regulation Of Stress-Activated MAPK Cascade (GO:0032873),4/37,0.8168191294694481,0.9999960968655396,0,0,0.6990446841294299,0.1414430183594002,HDAC3;FOXM1;KLHL31;MEN1
GO_Biological_Process_2023,Regulation Of Ossification (GO:0030278),4/37,0.8168191294694481,0.9999960968655396,0,0,0.6990446841294299,0.1414430183594002,WNT5A;NBR1;TMEM53;NOTUM
GO_Biological_Process_2023,Regulation Of p38MAPK Cascade (GO:1900744),4/37,0.8168191294694481,0.9999960968655396,0,0,0.6990446841294299,0.1414430183594002,MFHAS1;HAND2;SORD;MAP3K4
GO_Biological_Process_2023,T Cell Mediated Immunity (GO:0002456),2/20,0.8174322526522774,0.9999960968655396,0,0,0.6409214092140921,0.129201585002123,CR2;EMP2
GO_Biological_Process_2023,Cell Projection Organization (GO:0030030),2/20,0.8174322526522774,0.9999960968655396,0,0,0.6409214092140921,0.129201585002123,NEFH;MTSS2
GO_Biological_Process_2023,Cellular Response To Estradiol Stimulus (GO:0071392),2/20,0.8174322526522774,0.9999960968655396,0,0,0.6409214092140921,0.129201585002123,RUVBL2;ESR1
GO_Biological_Process_2023,Epithelial Cilium Movement Involved In Extracellular Fluid Movement (GO:0003351),2/20,0.8174322526522774,0.9999960968655396,0,0,0.6409214092140921,0.129201585002123,SLC9A3R1;ROPN1L
GO_Biological_Process_2023,Intracellular Monoatomic Ion Homeostasis (GO:0006873),2/20,0.8174322526522774,0.9999960968655396,0,0,0.6409214092140921,0.129201585002123,SLC39A5;SLC39A12
GO_Biological_Process_2023,Lipopolysaccharide-Mediated Signaling Pathway (GO:0031663),2/20,0.8174322526522774,0.9999960968655396,0,0,0.6409214092140921,0.129201585002123,IL18;TICAM1
GO_Biological_Process_2023,Long-Term Memory (GO:0007616),2/20,0.8174322526522774,0.9999960968655396,0,0,0.6409214092140921,0.129201585002123,SLC2A4;NFATC4
GO_Biological_Process_2023,Long-Term Synaptic Potentiation (GO:0060291),2/20,0.8174322526522774,0.9999960968655396,0,0,0.6409214092140921,0.129201585002123,FOXM1;NFATC4
GO_Biological_Process_2023,Negative Regulation Of B Cell Activation (GO:0050869),2/20,0.8174322526522774,0.9999960968655396,0,0,0.6409214092140921,0.129201585002123,FOXJ1;INHBA
GO_Biological_Process_2023,Negative Regulation Of Cytokine Production Involved In Inflammatory Response (GO:1900016),2/20,0.8174322526522774,0.9999960968655396,0,0,0.6409214092140921,0.129201585002123,CHID1;ABCD2
GO_Biological_Process_2023,Negative Regulation Of Protein Localization To Cell Periphery (GO:1904376),2/20,0.8174322526522774,0.9999960968655396,0,0,0.6409214092140921,0.129201585002123,LRRC15;LZTFL1
GO_Biological_Process_2023,Positive Regulation Of Phospholipase Activity (GO:0010518),2/20,0.8174322526522774,0.9999960968655396,0,0,0.6409214092140921,0.129201585002123,KIT;ESR1
GO_Biological_Process_2023,Positive Regulation Of Protein Processing (GO:0010954),2/20,0.8174322526522774,0.9999960968655396,0,0,0.6409214092140921,0.129201585002123,CLEC3B;ANGPTL8
GO_Biological_Process_2023,Positive Regulation Of Vascular Associated Smooth Muscle Cell Proliferation (GO:1904707),2/20,0.8174322526522774,0.9999960968655396,0,0,0.6409214092140921,0.129201585002123,DNMT1;MFN2
GO_Biological_Process_2023,Pulmonary Valve Development (GO:0003177),2/20,0.8174322526522774,0.9999960968655396,0,0,0.6409214092140921,0.129201585002123,HEY1;STRA6
GO_Biological_Process_2023,Regulation Of Calcium Ion Transmembrane Transport (GO:1903169),2/20,0.8174322526522774,0.9999960968655396,0,0,0.6409214092140921,0.129201585002123,CACNG6;HRC
GO_Biological_Process_2023,Regulation Of Cardiac Muscle Contraction By Calcium Ion Signaling (GO:0010882),2/20,0.8174322526522774,0.9999960968655396,0,0,0.6409214092140921,0.129201585002123,GSTM2;HRC
GO_Biological_Process_2023,Regulation Of Macrophage Chemotaxis (GO:0010758),2/20,0.8174322526522774,0.9999960968655396,0,0,0.6409214092140921,0.129201585002123,CSF1;MTUS1
GO_Biological_Process_2023,Regulation Of Meiotic Cell Cycle (GO:0051445),2/20,0.8174322526522774,0.9999960968655396,0,0,0.6409214092140921,0.129201585002123,CDC20;METTL3
GO_Biological_Process_2023,Regulation Of Mitotic Spindle Assembly (GO:1901673),2/20,0.8174322526522774,0.9999960968655396,0,0,0.6409214092140921,0.129201585002123,PLK1;HSPA1B
GO_Biological_Process_2023,Regulation Of Protein Localization To Cell Periphery (GO:1904375),2/20,0.8174322526522774,0.9999960968655396,0,0,0.6409214092140921,0.129201585002123,PLK1;SIRT6
GO_Biological_Process_2023,Sensory Perception Of Pain (GO:0019233),2/20,0.8174322526522774,0.9999960968655396,0,0,0.6409214092140921,0.129201585002123,MME;CHRNA4
GO_Biological_Process_2023,Stress-Activated Protein Kinase Signaling Cascade (GO:0031098),2/20,0.8174322526522774,0.9999960968655396,0,0,0.6409214092140921,0.129201585002123,MAP3K13;MAP2K6
GO_Biological_Process_2023,Defense Response To Virus (GO:0051607),24/189,0.8174771657395451,0.9999960968655396,0,0,0.8380266832143966,0.1688894519839929,GBP7;STAT1;STAT2;AICDA;BST2;RNF135;MOV10;MAVS;EXOSC5;TRIM7;EXOSC4;NLRP6;IRF3;NDUFAF4;TTC4;G3BP1;TBKBP1;FADD;SKP2;TRIM21;IKBKE;TRIM32;RIGI;MBL2
GO_Biological_Process_2023,Positive Regulation Of Endothelial Cell Proliferation (GO:0001938),9/77,0.8212394581715425,0.9999960968655396,0,0,0.7630180765005493,0.1502691962783827,CCL24;WNT5A;VASH2;GDF2;VEGFB;NRARP;SIRT6;PROX1;MEN1
GO_Biological_Process_2023,Regulation Of Immune Response (GO:0050776),9/77,0.8212394581715425,0.9999960968655396,0,0,0.7630180765005493,0.1502691962783827,RNF135;COL3A1;SPNS2;ERAP1;XIAP;CSK;AHR;TIRAP;CD276
GO_Biological_Process_2023,Positive Regulation Of I-kappaB kinase/NF-kappaB Signaling (GO:0043123),22/175,0.8231754720343709,0.9999960968655396,0,0,0.8284648102078485,0.1612075630765121,PARP1;TRADD;TICAM1;CXXC5;JMJD8;TIRAP;BST2;TMEM101;MAVS;LGALS1;TFG;UBD;TNFSF10;TRIM68;TERF2IP;FADD;LTB;ECT2;TRIM21;IKBKE;LURAP1;TRIM32
GO_Biological_Process_2023,TOR Signaling (GO:0031929),3/29,0.8233137028092997,0.9999960968655396,0,0,0.6654849724995439,0.1293822447752763,MLST8;EIF4EBP2;LAMTOR2
GO_Biological_Process_2023,Cardiac Muscle Cell Action Potential (GO:0086001),3/29,0.8233137028092997,0.9999960968655396,0,0,0.6654849724995439,0.1293822447752763,KCNE1;SCN4B;SCN2B
GO_Biological_Process_2023,Negative Regulation Of DNA Binding (GO:0043392),3/29,0.8233137028092997,0.9999960968655396,0,0,0.6654849724995439,0.1293822447752763,PER2;TFAP4;HEY1
GO_Biological_Process_2023,Positive Regulation Of Dephosphorylation (GO:0035306),3/29,0.8233137028092997,0.9999960968655396,0,0,0.6654849724995439,0.1293822447752763,CDCA2;CHP2;DYNLL1
GO_Biological_Process_2023,Positive Regulation Of Endopeptidase Activity (GO:0010950),3/29,0.8233137028092997,0.9999960968655396,0,0,0.6654849724995439,0.1293822447752763,PSME1;PSME2;MBL2
GO_Biological_Process_2023,Protein Acetylation (GO:0006473),3/29,0.8233137028092997,0.9999960968655396,0,0,0.6654849724995439,0.1293822447752763,NAA35;NAA16;ESCO2
GO_Biological_Process_2023,Regulation Of Neuron Migration (GO:2001222),3/29,0.8233137028092997,0.9999960968655396,0,0,0.6654849724995439,0.1293822447752763,COL3A1;PLXNB2;KIF20B
GO_Biological_Process_2023,Regulation Of Striated Muscle Contraction (GO:0006942),3/29,0.8233137028092997,0.9999960968655396,0,0,0.6654849724995439,0.1293822447752763,MYL2;MYL3;TNNT3
GO_Biological_Process_2023,Response To Alcohol (GO:0097305),3/29,0.8233137028092997,0.9999960968655396,0,0,0.6654849724995439,0.1293822447752763,HSD3B2;PMVK;CCR5
GO_Biological_Process_2023,Vacuolar Acidification (GO:0007035),3/29,0.8233137028092997,0.9999960968655396,0,0,0.6654849724995439,0.1293822447752763,TMEM199;ATP6V1H;ATP6V0D2
GO_Biological_Process_2023,Positive Regulation Of Canonical Wnt Signaling Pathway (GO:0090263),10/85,0.8244289269217667,0.9999960968655396,0,0,0.7686141304347827,0.1483919814419596,KANK1;JRK;HHEX;RUVBL1;GID8;XIAP;NRARP;RSPO1;SOX4;LGR4
GO_Biological_Process_2023,Regulation Of Osteoblast Differentiation (GO:0045667),10/85,0.8244289269217667,0.9999960968655396,0,0,0.7686141304347827,0.1483919814419596,CCNA2;ZHX3;PTCH1;NBR1;SNAI2;PPARG;LRP3;TMEM53;FBXO5;MEN1
GO_Biological_Process_2023,DNA Methylation-Dependent Heterochromatin Formation (GO:0006346),1/11,0.8276890179610368,0.9999960968655396,0,0,0.5769048425330173,0.1091029615439432,HELLS
GO_Biological_Process_2023,P-body Assembly (GO:0033962),1/11,0.8276890179610368,0.9999960968655396,0,0,0.5769048425330173,0.1091029615439432,LSM3
GO_Biological_Process_2023,Biogenic Amine Biosynthetic Process (GO:0042401),1/11,0.8276890179610368,0.9999960968655396,0,0,0.5769048425330173,0.1091029615439432,PAH
GO_Biological_Process_2023,Brain Morphogenesis (GO:0048854),1/11,0.8276890179610368,0.9999960968655396,0,0,0.5769048425330173,0.1091029615439432,MKKS
GO_Biological_Process_2023,Calcineurin-Mediated Signaling (GO:0097720),1/11,0.8276890179610368,0.9999960968655396,0,0,0.5769048425330173,0.1091029615439432,NFATC4
GO_Biological_Process_2023,Catecholamine Biosynthetic Process (GO:0042423),1/11,0.8276890179610368,0.9999960968655396,0,0,0.5769048425330173,0.1091029615439432,PAH
GO_Biological_Process_2023,Cell Differentiation In Hindbrain (GO:0021533),1/11,0.8276890179610368,0.9999960968655396,0,0,0.5769048425330173,0.1091029615439432,PROX1
GO_Biological_Process_2023,Cellular Response To UV-B (GO:0071493),1/11,0.8276890179610368,0.9999960968655396,0,0,0.5769048425330173,0.1091029615439432,MME
GO_Biological_Process_2023,Central Nervous System Projection Neuron Axonogenesis (GO:0021952),1/11,0.8276890179610368,0.9999960968655396,0,0,0.5769048425330173,0.1091029615439432,TSKU
GO_Biological_Process_2023,Detection Of Light Stimulus Involved In Sensory Perception (GO:0050962),1/11,0.8276890179610368,0.9999960968655396,0,0,0.5769048425330173,0.1091029615439432,GNAT2
GO_Biological_Process_2023,Detection Of Light Stimulus Involved In Visual Perception (GO:0050908),1/11,0.8276890179610368,0.9999960968655396,0,0,0.5769048425330173,0.1091029615439432,GNAT2
GO_Biological_Process_2023,Endoplasmic Reticulum Membrane Organization (GO:0090158),1/11,0.8276890179610368,0.9999960968655396,0,0,0.5769048425330173,0.1091029615439432,BNIP1
GO_Biological_Process_2023,Epithelial Cell-Cell Adhesion (GO:0090136),1/11,0.8276890179610368,0.9999960968655396,0,0,0.5769048425330173,0.1091029615439432,KIT
GO_Biological_Process_2023,Erythrocyte Development (GO:0048821),1/11,0.8276890179610368,0.9999960968655396,0,0,0.5769048425330173,0.1091029615439432,ALAS1
GO_Biological_Process_2023,Exit From Mitosis (GO:0010458),1/11,0.8276890179610368,0.9999960968655396,0,0,0.5769048425330173,0.1091029615439432,UBE2C
GO_Biological_Process_2023,Leukotriene D4 Metabolic Process (GO:1901748),1/11,0.8276890179610368,0.9999960968655396,0,0,0.5769048425330173,0.1091029615439432,GGT6
GO_Biological_Process_2023,Macrophage Activation Involved In Immune Response (GO:0002281),1/11,0.8276890179610368,0.9999960968655396,0,0,0.5769048425330173,0.1091029615439432,IFI35
GO_Biological_Process_2023,Magnesium Ion Transport (GO:0015693),1/11,0.8276890179610368,0.9999960968655396,0,0,0.5769048425330173,0.1091029615439432,MAGT1
GO_Biological_Process_2023,Maintenance Of Protein Localization In Endoplasmic Reticulum (GO:0035437),1/11,0.8276890179610368,0.9999960968655396,0,0,0.5769048425330173,0.1091029615439432,INSIG1
GO_Biological_Process_2023,Mast Cell Mediated Immunity (GO:0002448),1/11,0.8276890179610368,0.9999960968655396,0,0,0.5769048425330173,0.1091029615439432,KIT
GO_Biological_Process_2023,Melanocyte Differentiation (GO:0030318),1/11,0.8276890179610368,0.9999960968655396,0,0,0.5769048425330173,0.1091029615439432,KIT
GO_Biological_Process_2023,"Negative Regulation Of CD4-positive, Alpha-Beta T Cell Activation (GO:2000515)",1/11,0.8276890179610368,0.9999960968655396,0,0,0.5769048425330173,0.1091029615439432,XCL1
GO_Biological_Process_2023,Negative Regulation Of Cell Division (GO:0051782),1/11,0.8276890179610368,0.9999960968655396,0,0,0.5769048425330173,0.1091029615439432,E2F8
GO_Biological_Process_2023,Negative Regulation Of Cellular Response To Vascular Endothelial Growth Factor Stimulus (GO:1902548),1/11,0.8276890179610368,0.9999960968655396,0,0,0.5769048425330173,0.1091029615439432,SORD
GO_Biological_Process_2023,Negative Regulation Of Fibrinolysis (GO:0051918),1/11,0.8276890179610368,0.9999960968655396,0,0,0.5769048425330173,0.1091029615439432,PLAU
GO_Biological_Process_2023,Negative Regulation Of Microtubule Polymerization (GO:0031115),1/11,0.8276890179610368,0.9999960968655396,0,0,0.5769048425330173,0.1091029615439432,STMN1
GO_Biological_Process_2023,Negative Regulation Of Nitrogen Compound Metabolic Process (GO:0051172),1/11,0.8276890179610368,0.9999960968655396,0,0,0.5769048425330173,0.1091029615439432,ACMSD
GO_Biological_Process_2023,"Negative Regulation Of Nuclear-Transcribed mRNA Catabolic Process, Deadenylation-Dependent Decay (GO:1900152)",1/11,0.8276890179610368,0.9999960968655396,0,0,0.5769048425330173,0.1091029615439432,TENT4A
GO_Biological_Process_2023,Negative Regulation Of Platelet-Derived Growth Factor Receptor Signaling Pathway (GO:0010642),1/11,0.8276890179610368,0.9999960968655396,0,0,0.5769048425330173,0.1091029615439432,SLC9A3R1
GO_Biological_Process_2023,Negative Regulation Of Potassium Ion Transmembrane Transport (GO:1901380),1/11,0.8276890179610368,0.9999960968655396,0,0,0.5769048425330173,0.1091029615439432,KCNE3
GO_Biological_Process_2023,Negative Regulation Of Release Of Sequestered Calcium Ion Into Cytosol (GO:0051280),1/11,0.8276890179610368,0.9999960968655396,0,0,0.5769048425330173,0.1091029615439432,GSTM2
GO_Biological_Process_2023,Negative Regulation Of Ryanodine-Sensitive Calcium-Release Channel Activity (GO:0060315),1/11,0.8276890179610368,0.9999960968655396,0,0,0.5769048425330173,0.1091029615439432,GSTM2
GO_Biological_Process_2023,Nucleotide-Binding Oligomerization Domain Containing Signaling Pathway (GO:0070423),1/11,0.8276890179610368,0.9999960968655396,0,0,0.5769048425330173,0.1091029615439432,MAP2K6
GO_Biological_Process_2023,Phagosome-Lysosome Fusion (GO:0090385),1/11,0.8276890179610368,0.9999960968655396,0,0,0.5769048425330173,0.1091029615439432,VIPAS39
GO_Biological_Process_2023,Phosphatidylinositol-3-Phosphate Biosynthetic Process (GO:0036092),1/11,0.8276890179610368,0.9999960968655396,0,0,0.5769048425330173,0.1091029615439432,PIK3C2B
GO_Biological_Process_2023,Phospholipid Efflux (GO:0033700),1/11,0.8276890179610368,0.9999960968655396,0,0,0.5769048425330173,0.1091029615439432,ABCG1
GO_Biological_Process_2023,Polyamine Metabolic Process (GO:0006595),1/11,0.8276890179610368,0.9999960968655396,0,0,0.5769048425330173,0.1091029615439432,SRM
GO_Biological_Process_2023,Positive Regulation Of Circadian Rhythm (GO:0042753),1/11,0.8276890179610368,0.9999960968655396,0,0,0.5769048425330173,0.1091029615439432,RORC
GO_Biological_Process_2023,Positive Regulation Of Endoplasmic Reticulum Unfolded Protein Response (GO:1900103),1/11,0.8276890179610368,0.9999960968655396,0,0,0.5769048425330173,0.1091029615439432,XBP1
GO_Biological_Process_2023,Positive Regulation Of Keratinocyte Proliferation (GO:0010838),1/11,0.8276890179610368,0.9999960968655396,0,0,0.5769048425330173,0.1091029615439432,TGM1
GO_Biological_Process_2023,"Positive Regulation Of Protein Localization To Chromosome, Telomeric Region (GO:1904816)",1/11,0.8276890179610368,0.9999960968655396,0,0,0.5769048425330173,0.1091029615439432,WRAP53
GO_Biological_Process_2023,Positive Regulation Of Triglyceride Biosynthetic Process (GO:0010867),1/11,0.8276890179610368,0.9999960968655396,0,0,0.5769048425330173,0.1091029615439432,SREBF1
GO_Biological_Process_2023,Positive Regulation Of Vascular Permeability (GO:0043117),1/11,0.8276890179610368,0.9999960968655396,0,0,0.5769048425330173,0.1091029615439432,OCLN
GO_Biological_Process_2023,Presynapse Organization (GO:0099172),1/11,0.8276890179610368,0.9999960968655396,0,0,0.5769048425330173,0.1091029615439432,WNT5A
GO_Biological_Process_2023,Programmed Necrotic Cell Death (GO:0097300),1/11,0.8276890179610368,0.9999960968655396,0,0,0.5769048425330173,0.1091029615439432,PPIF
GO_Biological_Process_2023,Regulation Of Actin Filament Depolymerization (GO:0030834),1/11,0.8276890179610368,0.9999960968655396,0,0,0.5769048425330173,0.1091029615439432,PDXP
GO_Biological_Process_2023,Regulation Of Cell Communication By Electrical Coupling Involved In Cardiac Conduction (GO:1901844),1/11,0.8276890179610368,0.9999960968655396,0,0,0.5769048425330173,0.1091029615439432,HRC
GO_Biological_Process_2023,Regulation Of Cilium Movement (GO:0003352),1/11,0.8276890179610368,0.9999960968655396,0,0,0.5769048425330173,0.1091029615439432,CYB5D1
GO_Biological_Process_2023,Regulation Of Endosome Size (GO:0051036),1/11,0.8276890179610368,0.9999960968655396,0,0,0.5769048425330173,0.1091029615439432,RILP
GO_Biological_Process_2023,Regulation Of Fatty Acid Metabolic Process (GO:0019217),1/11,0.8276890179610368,0.9999960968655396,0,0,0.5769048425330173,0.1091029615439432,FABP3
GO_Biological_Process_2023,Regulation Of Homotypic Cell-Cell Adhesion (GO:0034110),1/11,0.8276890179610368,0.9999960968655396,0,0,0.5769048425330173,0.1091029615439432,RDX
GO_Biological_Process_2023,Regulation Of Keratinocyte Migration (GO:0051547),1/11,0.8276890179610368,0.9999960968655396,0,0,0.5769048425330173,0.1091029615439432,EPB41L4B
GO_Biological_Process_2023,Regulation Of Leukocyte Tethering Or Rolling (GO:1903236),1/11,0.8276890179610368,0.9999960968655396,0,0,0.5769048425330173,0.1091029615439432,CXCL12
GO_Biological_Process_2023,Response To X-ray (GO:0010165),1/11,0.8276890179610368,0.9999960968655396,0,0,0.5769048425330173,0.1091029615439432,LIG4
GO_Biological_Process_2023,Response To Nitric Oxide (GO:0071731),1/11,0.8276890179610368,0.9999960968655396,0,0,0.5769048425330173,0.1091029615439432,CDK2
GO_Biological_Process_2023,Skeletal Muscle Fiber Development (GO:0048741),1/11,0.8276890179610368,0.9999960968655396,0,0,0.5769048425330173,0.1091029615439432,MYORG
GO_Biological_Process_2023,Smooth Muscle Cell Differentiation (GO:0051145),1/11,0.8276890179610368,0.9999960968655396,0,0,0.5769048425330173,0.1091029615439432,HEY1
GO_Biological_Process_2023,Sphingoid Metabolic Process (GO:0046519),1/11,0.8276890179610368,0.9999960968655396,0,0,0.5769048425330173,0.1091029615439432,KDSR
GO_Biological_Process_2023,Tyrosine Metabolic Process (GO:0006570),1/11,0.8276890179610368,0.9999960968655396,0,0,0.5769048425330173,0.1091029615439432,PAH
GO_Biological_Process_2023,Visual Learning (GO:0008542),1/11,0.8276890179610368,0.9999960968655396,0,0,0.5769048425330173,0.1091029615439432,TAFA2
GO_Biological_Process_2023,Vitamin D Metabolic Process (GO:0042359),1/11,0.8276890179610368,0.9999960968655396,0,0,0.5769048425330173,0.1091029615439432,CYP2R1
GO_Biological_Process_2023,Positive Regulation Of Leukocyte Chemotaxis (GO:0002690),6/54,0.8285131578069816,0.9999960968655396,0,0,0.7207428765264586,0.1355879955821624,CXCL12;CSF1;MOSPD2;VEGFB;XCL1;GAS6
GO_Biological_Process_2023,mRNA Export From Nucleus (GO:0006406),7/62,0.8290480191496855,0.9999960968655396,0,0,0.7337939969768948,0.1375696449125841,UPF1;HHEX;PCID2;XPO1;NUP133;NCBP2;NUP85
GO_Biological_Process_2023,Development Of Primary Male Sexual Characteristics (GO:0046546),5/46,0.8294967524382258,0.9999960968655396,0,0,0.7032148144472289,0.1314562239349456,SRD5A2;WNT5A;KIT;INHBA;LHFPL2
GO_Biological_Process_2023,Positive Regulation Of Peptide Hormone Secretion (GO:0090277),5/46,0.8294967524382258,0.9999960968655396,0,0,0.7032148144472289,0.1314562239349456,GLUD1;CAPN10;SIRT6;SOX4;GCK
GO_Biological_Process_2023,Regulation Of Epidermal Growth Factor Receptor Signaling Pathway (GO:0042058),5/46,0.8294967524382258,0.9999960968655396,0,0,0.7032148144472289,0.1314562239349456,BCAR3;PDE6G;PTK6;WDR54;PTPN3
GO_Biological_Process_2023,Response To Hydrogen Peroxide (GO:0042542),5/46,0.8294967524382258,0.9999960968655396,0,0,0.7032148144472289,0.1314562239349456,PRDX3;CAT;PPIF;ECT2;ANKZF1
GO_Biological_Process_2023,Proteasomal Protein Catabolic Process (GO:0010498),28/220,0.8296452192091585,0.9999960968655396,0,0,0.840011961722488,0.1568782116362273,UBXN2B;RHOBTB3;RNF5;ANKRD9;ATXN3;RMND5A;SKP2;TRIM21;FBXO9;APC2;XBP1;WWP1;PEX10;KCTD2;AXIN2;PEX12;KLHL42;KLHL20;SPSB2;PSMA4;UBXN11;GID8;KCTD13;NHLRC1;KBTBD7;RNF186;ASB2;SPSB4
GO_Biological_Process_2023,Negative Regulation Of Epithelial Cell Proliferation (GO:0050680),8/70,0.8305494856386415,0.9999960968655396,0,0,0.7438845454744542,0.1381153819785497,STAT1;SORD;GDF2;AQP11;SNAI2;NR2F2;MTSS1;MEN1
GO_Biological_Process_2023,Hemopoiesis (GO:0030097),12/101,0.8313549266047746,0.9999960968655396,0,0,0.7771370083792268,0.143536014472454,PRDX3;MFAP5;CEBPA;MEIS1;WNT5A;KIT;ASH2L;INHBA;OGT;DLL1;TIRAP;EPOR
GO_Biological_Process_2023,Cellular Response To Nutrient Levels (GO:0031669),9/78,0.832682403384078,0.9999960968655396,0,0,0.7519155532590241,0.1376779769784791,SREBF1;WRN;XBP1;MLST8;TFEB;PCSK9;ZFYVE1;FADS1;PDK2
GO_Biological_Process_2023,Lymphocyte Proliferation (GO:0046651),4/38,0.8329692708257863,0.9999960968655396,0,0,0.678444666001994,0.1239915479864025,HELLS;CR2;EMP2;HSPD1
GO_Biological_Process_2023,mRNA Transcription By RNA Polymerase II (GO:0042789),4/38,0.8329692708257863,0.9999960968655396,0,0,0.678444666001994,0.1239915479864025,THRB;TAF12;NCBP2;PPARG
GO_Biological_Process_2023,Membrane Assembly (GO:0071709),4/38,0.8329692708257863,0.9999960968655396,0,0,0.678444666001994,0.1239915479864025,UBXN2B;EMP2;TLCD2;TLCD1
GO_Biological_Process_2023,Negative Regulation Of Growth (GO:0045926),15/124,0.8334066243071684,0.9999960968655396,0,0,0.7930519960917868,0.1445207293492643,NDRG3;PNPT1;CDKN2C;GDF2;INHBA;SMARCA2;BST2;TCHP;DNAJB2;SERTAD3;PSRC1;NME6;CCDC85B;MYL2;HSPA1B
GO_Biological_Process_2023,Negative Regulation Of Angiogenesis (GO:0016525),10/86,0.8352329482538787,0.9999960968655396,0,0,0.7584560926773455,0.1365559337550202,HHEX;CD160;STAT1;AGO1;PDE3B;CCN6;COL4A3;GDF2;PPARG;GTF2I
GO_Biological_Process_2023,Aminoglycan Biosynthetic Process (GO:0006023),2/21,0.8383783607964587,0.9999960968655396,0,0,0.6071530452146626,0.1070324456457841,HS3ST3B1;B4GALT7
GO_Biological_Process_2023,Anaphase-Promoting Complex-Dependent Catabolic Process (GO:0031145),2/21,0.8383783607964587,0.9999960968655396,0,0,0.6071530452146626,0.1070324456457841,CDC20;UBE2C
GO_Biological_Process_2023,Focal Adhesion Assembly (GO:0048041),2/21,0.8383783607964587,0.9999960968655396,0,0,0.6071530452146626,0.1070324456457841,ACTN3;DYNLL1
GO_Biological_Process_2023,Macrophage Differentiation (GO:0030225),2/21,0.8383783607964587,0.9999960968655396,0,0,0.6071530452146626,0.1070324456457841,CSF1;PARP1
GO_Biological_Process_2023,Mitochondrial Calcium Ion Homeostasis (GO:0051560),2/21,0.8383783607964587,0.9999960968655396,0,0,0.6071530452146626,0.1070324456457841,ATP2A1;SLC25A23
GO_Biological_Process_2023,Modulation By Host Of Viral Genome Replication (GO:0044827),2/21,0.8383783607964587,0.9999960968655396,0,0,0.6071530452146626,0.1070324456457841,PPIB;ZFYVE1
GO_Biological_Process_2023,Negative Regulation Of GTPase Activity (GO:0034260),2/21,0.8383783607964587,0.9999960968655396,0,0,0.6071530452146626,0.1070324456457841,FICD;RDX
GO_Biological_Process_2023,Negative Regulation Of Biomineral Tissue Development (GO:0070168),2/21,0.8383783607964587,0.9999960968655396,0,0,0.6071530452146626,0.1070324456457841,HEY1;GAS6
GO_Biological_Process_2023,Negative Regulation Of Interleukin-2 Production (GO:0032703),2/21,0.8383783607964587,0.9999960968655396,0,0,0.6071530452146626,0.1070324456457841,HOMER2;XCL1
GO_Biological_Process_2023,Plasma Membrane Repair (GO:0001778),2/21,0.8383783607964587,0.9999960968655396,0,0,0.6071530452146626,0.1070324456457841,RAB3A;SYTL4
GO_Biological_Process_2023,Positive Regulation Of T Cell Cytokine Production (GO:0002726),2/21,0.8383783607964587,0.9999960968655396,0,0,0.6071530452146626,0.1070324456457841,IL18;XCL1
GO_Biological_Process_2023,Regulation Of Anoikis (GO:2000209),2/21,0.8383783607964587,0.9999960968655396,0,0,0.6071530452146626,0.1070324456457841,PTRH2;SNAI2
GO_Biological_Process_2023,Regulation Of Histone Deacetylation (GO:0031063),2/21,0.8383783607964587,0.9999960968655396,0,0,0.6071530452146626,0.1070324456457841,TADA3;KAT14
GO_Biological_Process_2023,Regulation Of Lipopolysaccharide-Mediated Signaling Pathway (GO:0031664),2/21,0.8383783607964587,0.9999960968655396,0,0,0.6071530452146626,0.1070324456457841,SIGIRR;CD36
GO_Biological_Process_2023,Regulation Of Membrane Protein Ectodomain Proteolysis (GO:0051043),2/21,0.8383783607964587,0.9999960968655396,0,0,0.6071530452146626,0.1070324456457841,PACSIN3;PTPN3
GO_Biological_Process_2023,Transcription By RNA Polymerase II (GO:0006366),24/192,0.8397499309711215,0.9999960968655396,0,0,0.822915650901999,0.1437231505395472,GCM1;PCID2;XBP1;THRB;PARP1;NFYA;TAF12;CCNH;NCBP2;ZC3H8;ELP2;GTF2H3;GTF2E1;GTF2H4;MED18;CDK7;TFDP1;POLR2B;TRIM24;LEO1;POLR2F;PPARG;POLR2H;POLR2I
GO_Biological_Process_2023,Artery Morphogenesis (GO:0048844),3/30,0.8408011075097093,0.9999960968655396,0,0,0.6407997289054558,0.1111147641208537,HPGD;ANGPTL3;STRA6
GO_Biological_Process_2023,Extrinsic Apoptotic Signaling Pathway Via Death Domain Receptors (GO:0008625),3/30,0.8408011075097093,0.9999960968655396,0,0,0.6407997289054558,0.1111147641208537,TRADD;FADD;BID
GO_Biological_Process_2023,Homologous Chromosome Pairing At Meiosis (GO:0007129),3/30,0.8408011075097093,0.9999960968655396,0,0,0.6407997289054558,0.1111147641208537,SYCE3;ZCWPW1;MEIOB
GO_Biological_Process_2023,Mitotic G2 DNA Damage Checkpoint Signaling (GO:0007095),3/30,0.8408011075097093,0.9999960968655396,0,0,0.6407997289054558,0.1111147641208537,RINT1;PLK1;CDK1
GO_Biological_Process_2023,Negative Regulation Of Epithelial To Mesenchymal Transition (GO:0010719),3/30,0.8408011075097093,0.9999960968655396,0,0,0.6407997289054558,0.1111147641208537,FOXA1;SDHAF2;FOXA2
GO_Biological_Process_2023,Negative Regulation Of Peptidyl-Tyrosine Phosphorylation (GO:0050732),3/30,0.8408011075097093,0.9999960968655396,0,0,0.6407997289054558,0.1111147641208537,SH3BP5L;PTK6;NF2
GO_Biological_Process_2023,"Phagocytosis, Engulfment (GO:0006911)",3/30,0.8408011075097093,0.9999960968655396,0,0,0.6407997289054558,0.1111147641208537,XKR8;XKR9;CD36
GO_Biological_Process_2023,Regulation Of Cell Migration Involved In Sprouting Angiogenesis (GO:0090049),3/30,0.8408011075097093,0.9999960968655396,0,0,0.6407997289054558,0.1111147641208537,DLL4;CARD10;TBXA2R
GO_Biological_Process_2023,Regulation Of Dendritic Spine Morphogenesis (GO:0061001),3/30,0.8408011075097093,0.9999960968655396,0,0,0.6407997289054558,0.1111147641208537,PDLIM5;NGEF;PPFIA2
GO_Biological_Process_2023,Response To Amino Acid (GO:0043200),3/30,0.8408011075097093,0.9999960968655396,0,0,0.6407997289054558,0.1111147641208537,GLRA2;XBP1;LAMTOR2
GO_Biological_Process_2023,Response To Epidermal Growth Factor (GO:0070849),3/30,0.8408011075097093,0.9999960968655396,0,0,0.6407997289054558,0.1111147641208537,ERBB2;SNAI2;KNSTRN
GO_Biological_Process_2023,Negative Regulation Of Wnt Signaling Pathway (GO:0030178),17/140,0.8412787306269535,0.9999960968655396,0,0,0.796374266091997,0.1376391533049373,APC2;RNF43;TMEM88B;AMER2;WNT5A;CBY1;SHISA2;AXIN2;TSKU;HIC1;NKD1;SOX30;SLC9A3R1;SDHAF2;RUVBL2;SNAI2;NOTUM
GO_Biological_Process_2023,Phosphatidylinositol Metabolic Process (GO:0046488),7/63,0.8412835072638405,0.9999960968655396,0,0,0.7206481167288769,0.1245471411015323,INPP5B;VAC14;LPGAT1;IMPA1;SACM1L;PIGW;MTMR7
GO_Biological_Process_2023,Regulation Of Cellular Catabolic Process (GO:0031329),7/63,0.8412835072638405,0.9999960968655396,0,0,0.7206481167288769,0.1245471411015323,USP10;LAMP3;PIP4K2B;ABCD1;WDR24;DEPP1;RMC1
GO_Biological_Process_2023,Positive Regulation Of Tyrosine Phosphorylation Of STAT Protein (GO:0042531),6/55,0.8415575522185204,0.9999960968655396,0,0,0.7059923019411293,0.1217842900211193,GHR;CTF1;KIT;IL18;PTK6;PARP9
GO_Biological_Process_2023,Negative Regulation Of Protein Binding (GO:0032091),8/71,0.8420625821274702,0.9999960968655396,0,0,0.7320337503636892,0.125837291215547,DNAJB2;ADRB3;DDX11;MITD1;PTPRF;AURKB;AURKA;PSME3IP1
GO_Biological_Process_2023,Negative Regulation Of Cell Growth (GO:0030308),15/125,0.8421671195114554,0.9999960968655396,0,0,0.7857960345200903,0.1349815323521866,NDRG3;CDKN2C;GDF2;RNF6;INHBA;SMARCA2;BST2;TCHP;DNAJB2;SERTAD3;PSRC1;NME6;CCDC85B;MYL2;HSPA1B
GO_Biological_Process_2023,Cognition (GO:0050890),5/47,0.8434454087104817,0.9999960968655396,0,0,0.6864312357699947,0.1168718501962363,TTC8;CHRNA4;CTNS;MAGT1;STRA6
GO_Biological_Process_2023,Insulin Receptor Signaling Pathway (GO:0008286),5/47,0.8434454087104817,0.9999960968655396,0,0,0.6864312357699947,0.1168718501962363,BCAR3;GRB7;IRS1;NAMPT;PDK2
GO_Biological_Process_2023,Positive Regulation Of Smooth Muscle Cell Proliferation (GO:0048661),5/47,0.8434454087104817,0.9999960968655396,0,0,0.6864312357699947,0.1168718501962363,DNMT1;STAT1;IL18;MFN2;ELANE
GO_Biological_Process_2023,Positive Regulation Of Protein Localization To Membrane (GO:1905477),9/79,0.8435482188016798,0.9999960968655396,0,0,0.7411302449672569,0.1260945758367687,PRKCI;CNPY4;ERBB2;RANGRF;MIEF2;PDZK1;AKAP5;SLC51B;PLS1
GO_Biological_Process_2023,Regulation Of Type II Interferon Production (GO:0032649),10/87,0.8455158676022955,0.9999960968655396,0,0,0.7485619000564653,0.125614932603035,CEBPG;IL18;NR1H4;XCL1;TYK2;FADD;INHBA;GAS6;HSPD1;CD276
GO_Biological_Process_2023,Regulation Of Small GTPase Mediated Signal Transduction (GO:0051056),14/118,0.8473636719560421,0.9999960968655396,0,0,0.7757326007326008,0.1284809538043319,PLEKHG3;ARHGEF15;PLEKHG6;ARHGAP19;ARHGEF19;ARHGAP29;FOXM1;DYNLL1;VAV2;SYDE2;RACGAP1;ECT2;NGEF;CGNL1
GO_Biological_Process_2023,Histone H4 Acetylation (GO:0043967),4/39,0.8479124532440171,0.9999960968655396,0,0,0.6590217917675545,0.1087240231005632,RUVBL2;RUVBL1;DMAP1;OGT
GO_Biological_Process_2023,Negative Regulation Of Proteasomal Protein Catabolic Process (GO:1901799),4/39,0.8479124532440171,0.9999960968655396,0,0,0.6590217917675545,0.1087240231005632,LAMP3;AQP11;OGT;PSME3IP1
GO_Biological_Process_2023,Negative Regulation Of Protein Secretion (GO:0050709),4/39,0.8479124532440171,0.9999960968655396,0,0,0.6590217917675545,0.1087240231005632,RAB11FIP1;IRS1;SIRT4;HMGCR
GO_Biological_Process_2023,Positive Regulation Of Intrinsic Apoptotic Signaling Pathway (GO:2001244),4/39,0.8479124532440171,0.9999960968655396,0,0,0.6590217917675545,0.1087240231005632,SLC9A3R1;SFPQ;FBH1;BID
GO_Biological_Process_2023,Regulation Of Mitochondrial Membrane Potential (GO:0051881),4/39,0.8479124532440171,0.9999960968655396,0,0,0.6590217917675545,0.1087240231005632,PRDX3;CCN6;BCO2;MTLN
GO_Biological_Process_2023,Protein Stabilization (GO:0050821),26/208,0.8479815334010972,0.9999960968655396,0,0,0.8227946916471507,0.1356758991109727,SWSAP1;CCNH;AFM;CREBL2;DNAAF10;HSPD1;RUVBL2;RUVBL1;CDC37L1;GET1;GOLGA7;SOX4;CSNK2A1;USP2;PDRG1;TTI1;PYURF;CDK7;WDR81;NAA16;TRIM37;PPIB;PFDN4;CRYAB;TELO2;HSPA1B
GO_Biological_Process_2023,Skeletal System Development (GO:0001501),18/149,0.8527752922910343,0.9999960968655396,0,0,0.7916207334068266,0.1260728834744142,TRAPPC2;GDF11;COL27A1;PKDCC;WNT5A;LECT2;IHH;GDF2;TBX3;PAPSS1;RFLNA;COL2A1;EVC;OPTC;PLS3;SPP2;NOTUM;PPIB
GO_Biological_Process_2023,C-terminal Protein Amino Acid Modification (GO:0018410),1/12,0.8531531305543426,0.9999960968655396,0,0,0.5244281624234215,0.0832877024079427,LCMT1
GO_Biological_Process_2023,C4-dicarboxylate Transport (GO:0015740),1/12,0.8531531305543426,0.9999960968655396,0,0,0.5244281624234215,0.0832877024079427,SLC25A11
GO_Biological_Process_2023,G Protein-Coupled Glutamate Receptor Signaling Pathway (GO:0007216),1/12,0.8531531305543426,0.9999960968655396,0,0,0.5244281624234215,0.0832877024079427,HOMER2
GO_Biological_Process_2023,Adult Locomotory Behavior (GO:0008344),1/12,0.8531531305543426,0.9999960968655396,0,0,0.5244281624234215,0.0832877024079427,FOXA2
GO_Biological_Process_2023,Atrial Cardiac Muscle Cell Action Potential (GO:0086014),1/12,0.8531531305543426,0.9999960968655396,0,0,0.5244281624234215,0.0832877024079427,KCNN2
GO_Biological_Process_2023,Atrial Cardiac Muscle Tissue Development (GO:0003228),1/12,0.8531531305543426,0.9999960968655396,0,0,0.5244281624234215,0.0832877024079427,PROX1
GO_Biological_Process_2023,Axonal Fasciculation (GO:0007413),1/12,0.8531531305543426,0.9999960968655396,0,0,0.5244281624234215,0.0832877024079427,EPHB3
GO_Biological_Process_2023,cAMP Metabolic Process (GO:0046058),1/12,0.8531531305543426,0.9999960968655396,0,0,0.5244281624234215,0.0832877024079427,ADCY9
GO_Biological_Process_2023,Cardiac Right Ventricle Morphogenesis (GO:0003215),1/12,0.8531531305543426,0.9999960968655396,0,0,0.5244281624234215,0.0832877024079427,SOX4
GO_Biological_Process_2023,Cellular Component Maintenance (GO:0043954),1/12,0.8531531305543426,0.9999960968655396,0,0,0.5244281624234215,0.0832877024079427,CLDN3
GO_Biological_Process_2023,Cellular Response To Acidic pH (GO:0071468),1/12,0.8531531305543426,0.9999960968655396,0,0,0.5244281624234215,0.0832877024079427,PKD2L1
GO_Biological_Process_2023,Cellular Response To Leucine Starvation (GO:1990253),1/12,0.8531531305543426,0.9999960968655396,0,0,0.5244281624234215,0.0832877024079427,RNF167
GO_Biological_Process_2023,Cristae Formation (GO:0042407),1/12,0.8531531305543426,0.9999960968655396,0,0,0.5244281624234215,0.0832877024079427,APOOL
GO_Biological_Process_2023,Defense Response To Tumor Cell (GO:0002357),1/12,0.8531531305543426,0.9999960968655396,0,0,0.5244281624234215,0.0832877024079427,PLK5
GO_Biological_Process_2023,Detection Of Bacterium (GO:0016045),1/12,0.8531531305543426,0.9999960968655396,0,0,0.5244281624234215,0.0832877024079427,SSC5D
GO_Biological_Process_2023,Detection Of Calcium Ion (GO:0005513),1/12,0.8531531305543426,0.9999960968655396,0,0,0.5244281624234215,0.0832877024079427,KCNMB1
GO_Biological_Process_2023,Early Endosome To Golgi Transport (GO:0034498),1/12,0.8531531305543426,0.9999960968655396,0,0,0.5244281624234215,0.0832877024079427,LMAN1
GO_Biological_Process_2023,Fibrinolysis (GO:0042730),1/12,0.8531531305543426,0.9999960968655396,0,0,0.5244281624234215,0.0832877024079427,PLAU
GO_Biological_Process_2023,Granulocyte Differentiation (GO:0030851),1/12,0.8531531305543426,0.9999960968655396,0,0,0.5244281624234215,0.0832877024079427,CEBPA
GO_Biological_Process_2023,Histone H4-K16 Acetylation (GO:0043984),1/12,0.8531531305543426,0.9999960968655396,0,0,0.5244281624234215,0.0832877024079427,OGT
GO_Biological_Process_2023,Ionotropic Glutamate Receptor Signaling Pathway (GO:0035235),1/12,0.8531531305543426,0.9999960968655396,0,0,0.5244281624234215,0.0832877024079427,GRIN3B
GO_Biological_Process_2023,Low-Density Lipoprotein Particle Remodeling (GO:0034374),1/12,0.8531531305543426,0.9999960968655396,0,0,0.5244281624234215,0.0832877024079427,LIPC
GO_Biological_Process_2023,Mesoderm Morphogenesis (GO:0048332),1/12,0.8531531305543426,0.9999960968655396,0,0,0.5244281624234215,0.0832877024079427,TBX3
GO_Biological_Process_2023,Multicellular Organismal-Level Iron Ion Homeostasis (GO:0060586),1/12,0.8531531305543426,0.9999960968655396,0,0,0.5244281624234215,0.0832877024079427,HAMP
GO_Biological_Process_2023,Negative Regulation Of JUN Kinase Activity (GO:0043508),1/12,0.8531531305543426,0.9999960968655396,0,0,0.5244281624234215,0.0832877024079427,DNAJA1
GO_Biological_Process_2023,Negative Regulation Of Cardiac Muscle Hypertrophy (GO:0010614),1/12,0.8531531305543426,0.9999960968655396,0,0,0.5244281624234215,0.0832877024079427,PPARG
GO_Biological_Process_2023,Negative Regulation Of Coagulation (GO:0050819),1/12,0.8531531305543426,0.9999960968655396,0,0,0.5244281624234215,0.0832877024079427,HS3ST6
GO_Biological_Process_2023,Negative Regulation Of Complement Activation (GO:0045916),1/12,0.8531531305543426,0.9999960968655396,0,0,0.5244281624234215,0.0832877024079427,CR2
GO_Biological_Process_2023,Negative Regulation Of Epidermal Growth Factor-Activated Receptor Activity (GO:0007175),1/12,0.8531531305543426,0.9999960968655396,0,0,0.5244281624234215,0.0832877024079427,SNX6
GO_Biological_Process_2023,Negative Regulation Of Hippo Signaling (GO:0035331),1/12,0.8531531305543426,0.9999960968655396,0,0,0.5244281624234215,0.0832877024079427,WWC1
GO_Biological_Process_2023,Negative Regulation Of Locomotion (GO:0040013),1/12,0.8531531305543426,0.9999960968655396,0,0,0.5244281624234215,0.0832877024079427,ELANE
GO_Biological_Process_2023,Phosphatidylcholine Acyl-Chain Remodeling (GO:0036151),1/12,0.8531531305543426,0.9999960968655396,0,0,0.5244281624234215,0.0832877024079427,TMEM86B
GO_Biological_Process_2023,Polysaccharide Biosynthetic Process (GO:0000271),1/12,0.8531531305543426,0.9999960968655396,0,0,0.5244281624234215,0.0832877024079427,NDST1
GO_Biological_Process_2023,Porphyrin-Containing Compound Catabolic Process (GO:0006787),1/12,0.8531531305543426,0.9999960968655396,0,0,0.5244281624234215,0.0832877024079427,SLCO2B1
GO_Biological_Process_2023,Positive Regulation By Symbiont Of Entry Into Host (GO:0075294),1/12,0.8531531305543426,0.9999960968655396,0,0,0.5244281624234215,0.0832877024079427,LGALS1
GO_Biological_Process_2023,"Positive Regulation Of CD4-positive, Alpha-Beta T Cell Activation (GO:2000516)",1/12,0.8531531305543426,0.9999960968655396,0,0,0.5244281624234215,0.0832877024079427,XCL1
GO_Biological_Process_2023,Positive Regulation Of T-helper Cell Differentiation (GO:0045624),1/12,0.8531531305543426,0.9999960968655396,0,0,0.5244281624234215,0.0832877024079427,IL18
GO_Biological_Process_2023,Positive Regulation Of Alcohol Biosynthetic Process (GO:1902932),1/12,0.8531531305543426,0.9999960968655396,0,0,0.5244281624234215,0.0832877024079427,SREBF1
GO_Biological_Process_2023,Positive Regulation Of Histone H3-K4 Methylation (GO:0051571),1/12,0.8531531305543426,0.9999960968655396,0,0,0.5244281624234215,0.0832877024079427,OGT
GO_Biological_Process_2023,Positive Regulation Of Insulin Receptor Signaling Pathway (GO:0046628),1/12,0.8531531305543426,0.9999960968655396,0,0,0.5244281624234215,0.0832877024079427,IRS1
GO_Biological_Process_2023,Positive Regulation Of Neuroinflammatory Response (GO:0150078),1/12,0.8531531305543426,0.9999960968655396,0,0,0.5244281624234215,0.0832877024079427,IL18
GO_Biological_Process_2023,Positive Regulation Of Neuron Migration (GO:2001224),1/12,0.8531531305543426,0.9999960968655396,0,0,0.5244281624234215,0.0832877024079427,KIF20B
GO_Biological_Process_2023,Positive Regulation Of Reactive Oxygen Species Biosynthetic Process (GO:1903428),1/12,0.8531531305543426,0.9999960968655396,0,0,0.5244281624234215,0.0832877024079427,CD36
GO_Biological_Process_2023,Positive Regulation Of Regulated Secretory Pathway (GO:1903307),1/12,0.8531531305543426,0.9999960968655396,0,0,0.5244281624234215,0.0832877024079427,RAB3A
GO_Biological_Process_2023,Positive Regulation Of Ruffle Assembly (GO:1900029),1/12,0.8531531305543426,0.9999960968655396,0,0,0.5244281624234215,0.0832877024079427,FAM98A
GO_Biological_Process_2023,Positive Regulation Of Sodium Ion Transmembrane Transporter Activity (GO:2000651),1/12,0.8531531305543426,0.9999960968655396,0,0,0.5244281624234215,0.0832877024079427,CHP2
GO_Biological_Process_2023,Positive Regulation Of Vascular Endothelial Cell Proliferation (GO:1905564),1/12,0.8531531305543426,0.9999960968655396,0,0,0.5244281624234215,0.0832877024079427,SIRT6
GO_Biological_Process_2023,Positive Regulation Of Viral Entry Into Host Cell (GO:0046598),1/12,0.8531531305543426,0.9999960968655396,0,0,0.5244281624234215,0.0832877024079427,LGALS1
GO_Biological_Process_2023,Regulation Of SNARE Complex Assembly (GO:0035542),1/12,0.8531531305543426,0.9999960968655396,0,0,0.5244281624234215,0.0832877024079427,TGFBRAP1
GO_Biological_Process_2023,Regulation Of Acrosome Reaction (GO:0060046),1/12,0.8531531305543426,0.9999960968655396,0,0,0.5244281624234215,0.0832877024079427,SERPINA10
GO_Biological_Process_2023,Regulation Of Actomyosin Structure Organization (GO:0110020),1/12,0.8531531305543426,0.9999960968655396,0,0,0.5244281624234215,0.0832877024079427,ASAP3
GO_Biological_Process_2023,Regulation Of Cell Communication By Electrical Coupling (GO:0010649),1/12,0.8531531305543426,0.9999960968655396,0,0,0.5244281624234215,0.0832877024079427,HRC
GO_Biological_Process_2023,Regulation Of Dosage Compensation By Inactivation Of X Chromosome (GO:1900095),1/12,0.8531531305543426,0.9999960968655396,0,0,0.5244281624234215,0.0832877024079427,OGT
GO_Biological_Process_2023,Regulation Of Hematopoietic Stem Cell Differentiation (GO:1902036),1/12,0.8531531305543426,0.9999960968655396,0,0,0.5244281624234215,0.0832877024079427,METTL3
GO_Biological_Process_2023,Regulation Of Lymphocyte Migration (GO:2000401),1/12,0.8531531305543426,0.9999960968655396,0,0,0.5244281624234215,0.0832877024079427,SPNS2
GO_Biological_Process_2023,Regulation Of Monooxygenase Activity (GO:0032768),1/12,0.8531531305543426,0.9999960968655396,0,0,0.5244281624234215,0.0832877024079427,DDAH1
GO_Biological_Process_2023,Regulation Of Platelet-Derived Growth Factor Receptor Signaling Pathway (GO:0010640),1/12,0.8531531305543426,0.9999960968655396,0,0,0.5244281624234215,0.0832877024079427,SLC9A3R1
GO_Biological_Process_2023,Regulation Of Retinoic Acid Receptor Signaling Pathway (GO:0048385),1/12,0.8531531305543426,0.9999960968655396,0,0,0.5244281624234215,0.0832877024079427,CYP26A1
GO_Biological_Process_2023,Relaxation Of Cardiac Muscle (GO:0055119),1/12,0.8531531305543426,0.9999960968655396,0,0,0.5244281624234215,0.0832877024079427,GSTM2
GO_Biological_Process_2023,Response To Interleukin-6 (GO:0070741),1/12,0.8531531305543426,0.9999960968655396,0,0,0.5244281624234215,0.0832877024079427,FOXA2
GO_Biological_Process_2023,Response To Iron Ion (GO:0010039),1/12,0.8531531305543426,0.9999960968655396,0,0,0.5244281624234215,0.0832877024079427,HAMP
GO_Biological_Process_2023,Sodium Ion Export Across Plasma Membrane (GO:0036376),1/12,0.8531531305543426,0.9999960968655396,0,0,0.5244281624234215,0.0832877024079427,ATP1A3
GO_Biological_Process_2023,Synaptic Membrane Adhesion (GO:0099560),1/12,0.8531531305543426,0.9999960968655396,0,0,0.5244281624234215,0.0832877024079427,PTPRF
GO_Biological_Process_2023,Pattern Recognition Receptor Signaling Pathway (GO:0002221),6/56,0.8537855331147768,0.9999960968655396,0,0,0.6918317503392131,0.1093614761433035,MAVS;IRF3;TICAM1;TLR5;MBL2;RIGI
GO_Biological_Process_2023,Peptide Metabolic Process (GO:0006518),6/56,0.8537855331147768,0.9999960968655396,0,0,0.6918317503392131,0.1093614761433035,BACE1;SPCS3;ENPEP;MME;CARNMT1;ERAP1
GO_Biological_Process_2023,Positive Regulation Of Cellular Metabolic Process (GO:0031325),6/56,0.8537855331147768,0.9999960968655396,0,0,0.6918317503392131,0.1093614761433035,LIPT2;CBR1;CCNB1;ACTN3;SORD;CDK1
GO_Biological_Process_2023,Response To Type II Interferon (GO:0034341),9/80,0.8538510175110691,0.9999960968655396,0,0,0.7306487481766661,0.1154414449451543,BST2;CCL24;CIITA;STAT1;UBD;WNT5A;XCL1;TRIM21;SLC26A6
GO_Biological_Process_2023,Regulation Of Protein Kinase Activity (GO:0045859),14/119,0.8557951648583232,0.9999960968655396,0,0,0.7682993197278911,0.1196428160292674,XRCC6;CSF1;XRCC5;AXIN2;CAMKK2;CCNA2;SLC9A3R1;DEPTOR;CEP85;EPHA1;ECT2;GAS6;CACUL1;CEP43
GO_Biological_Process_2023,Cytoplasmic Microtubule Organization (GO:0031122),5/48,0.8564382630945003,0.9999960968655396,0,0,0.6704282886591434,0.103898312855532,MAP10;NUMA1;KATNBL1;KATNA1;TPPP
GO_Biological_Process_2023,Regulation Of DNA Binding (GO:0051101),5/48,0.8564382630945003,0.9999960968655396,0,0,0.6704282886591434,0.103898312855532,TFAP4;ZC4H2;CEBPG;HJURP;PPARG
GO_Biological_Process_2023,Regulation Of Tumor Necrosis Factor-Mediated Signaling Pathway (GO:0010803),5/48,0.8564382630945003,0.9999960968655396,0,0,0.6704282886591434,0.103898312855532,XIAP;GAS6;IKBKE;HSPA1B;TRAIP
GO_Biological_Process_2023,"Retrograde Vesicle-Mediated Transport, Golgi To Endoplasmic Reticulum (GO:0006890)",5/48,0.8564382630945003,0.9999960968655396,0,0,0.6704282886591434,0.103898312855532,RINT1;BNIP1;ERGIC2;BICD2;ARF5
GO_Biological_Process_2023,Actin Filament Polymerization (GO:0030041),3/31,0.8567688836579498,0.9999960968655396,0,0,0.6178777169966597,0.0955159104820455,MSRB2;COBL;MSRB1
GO_Biological_Process_2023,Negative Chemotaxis (GO:0050919),3/31,0.8567688836579498,0.9999960968655396,0,0,0.6178777169966597,0.0955159104820455,SEMA4A;SEMA6C;SEMA4G
GO_Biological_Process_2023,Negative Regulation Of DNA Biosynthetic Process (GO:2000279),3/31,0.8567688836579498,0.9999960968655396,0,0,0.6178777169966597,0.0955159104820455,PINX1;GDF2;MEN1
GO_Biological_Process_2023,Negative Regulation Of Cell-Matrix Adhesion (GO:0001953),3/31,0.8567688836579498,0.9999960968655396,0,0,0.6178777169966597,0.0955159104820455,NF2;DYNLL1;PHLDB2
GO_Biological_Process_2023,Negative Regulation Of Intracellular Steroid Hormone Receptor Signaling Pathway (GO:0033144),3/31,0.8567688836579498,0.9999960968655396,0,0,0.6178777169966597,0.0955159104820455,KANK2;TCF21;NODAL
GO_Biological_Process_2023,Positive Regulation Of Mononuclear Cell Migration (GO:0071677),3/31,0.8567688836579498,0.9999960968655396,0,0,0.6178777169966597,0.0955159104820455,CXCL12;MOSPD2;GAS6
GO_Biological_Process_2023,Regulation Of Centrosome Duplication (GO:0010824),3/31,0.8567688836579498,0.9999960968655396,0,0,0.6178777169966597,0.0955159104820455,CENPJ;CEP131;XRCC3
GO_Biological_Process_2023,Regulation Of Protein Localization To Cell Surface (GO:2000008),3/31,0.8567688836579498,0.9999960968655396,0,0,0.6178777169966597,0.0955159104820455,RANGRF;GOPC;GPD1L
GO_Biological_Process_2023,Regulation Of Protein Metabolic Process (GO:0051246),11/96,0.8571054028415284,0.9999960968655396,0,0,0.7458215906138195,0.1150014958660485,EIF2B4;SHH;CSF1;UHRF1;ANGPTL8;RHOBTB3;ELP2;GSAP;INHBA;ELP6;PUM3
GO_Biological_Process_2023,Acetylcholine Receptor Signaling Pathway (GO:0095500),2/22,0.8571221282546134,0.9999960968655396,0,0,0.5767615176151761,0.0889221284364588,LY6G6D;LY6G6E
GO_Biological_Process_2023,Blood Vessel Endothelial Cell Migration (GO:0043534),2/22,0.8571221282546134,0.9999960968655396,0,0,0.5767615176151761,0.0889221284364588,SOX18;EMP2
GO_Biological_Process_2023,Cellular Response To Interferon-Beta (GO:0035458),2/22,0.8571221282546134,0.9999960968655396,0,0,0.5767615176151761,0.0889221284364588,PNPT1;STAT1
GO_Biological_Process_2023,Homologous Chromosome Segregation (GO:0045143),2/22,0.8571221282546134,0.9999960968655396,0,0,0.5767615176151761,0.0889221284364588,ZCWPW1;MEIOB
GO_Biological_Process_2023,Negative Regulation Of Myeloid Cell Differentiation (GO:0045638),2/22,0.8571221282546134,0.9999960968655396,0,0,0.5767615176151761,0.0889221284364588,MEIS1;LEO1
GO_Biological_Process_2023,Positive Regulation Of Phosphatase Activity (GO:0010922),2/22,0.8571221282546134,0.9999960968655396,0,0,0.5767615176151761,0.0889221284364588,PPP1R15B;CHP2
GO_Biological_Process_2023,Regulation Of Protein Export From Nucleus (GO:0046825),2/22,0.8571221282546134,0.9999960968655396,0,0,0.5767615176151761,0.0889221284364588,SIRT6;GAS6
GO_Biological_Process_2023,Regulation Of Vascular Endothelial Growth Factor Receptor Signaling Pathway (GO:0030947),2/22,0.8571221282546134,0.9999960968655396,0,0,0.5767615176151761,0.0889221284364588,HHEX;NEDD4
GO_Biological_Process_2023,Ribosomal Large Subunit Assembly (GO:0000027),2/22,0.8571221282546134,0.9999960968655396,0,0,0.5767615176151761,0.0889221284364588,NOP2;MRM2
GO_Biological_Process_2023,Protein Deubiquitination (GO:0016579),13/112,0.8614593573849424,0.9999960968655396,0,0,0.7566690365058267,0.1128400866020212,USP46;OTUB2;USP24;SHMT2;USP10;USP2;JOSD2;ATXN3;OTUD6B;SENP8;CDK1;USP40;STAMBP
GO_Biological_Process_2023,Aortic Valve Development (GO:0003176),4/40,0.8617084360229349,0.9999960968655396,0,0,0.6406779661016949,0.0953574236835279,DLL4;HEY1;SNAI2;AXIN2
GO_Biological_Process_2023,Protein Localization To Cilium (GO:0061512),4/40,0.8617084360229349,0.9999960968655396,0,0,0.6406779661016949,0.0953574236835279,BBS1;IFT140;TTC21B;TMEM107
GO_Biological_Process_2023,Regulation Of Cytokine-Mediated Signaling Pathway (GO:0001959),4/40,0.8617084360229349,0.9999960968655396,0,0,0.6406779661016949,0.0953574236835279,SIGIRR;IL7;GAS6;IKBKE
GO_Biological_Process_2023,Peptidyl-Serine Phosphorylation (GO:0018105),19/158,0.8632882862401514,0.9999960968655396,0,0,0.7874033311681149,0.1157534805737628,SRPK3;DYRK4;PRKCI;DYRK3;CSNK2A1;MAST3;PKN3;PLK1;DCLK3;AURKA;SBK1;DGKQ;CDK2;CDK1;PBK;STK38L;MAP3K13;GAS6;IKBKE
GO_Biological_Process_2023,Negative Regulation Of NF-kappaB Transcription Factor Activity (GO:0032088),9/81,0.8636061477799002,0.9999960968655396,0,0,0.7204584040747029,0.1056469120095673,LRRC14;UFL1;DAP;PRMT2;ANXA4;FOXJ1;TRIM37;COMMD6;TRIM21
GO_Biological_Process_2023,RNA Export From Nucleus (GO:0006405),7/65,0.8636447919159418,0.9999960968655396,0,0,0.6957162748791875,0.1019876334449861,UPF1;HHEX;XPO1;NUP133;NUP155;NCBP2;NUP85
GO_Biological_Process_2023,Regulation Of Tyrosine Phosphorylation Of STAT Protein (GO:0042509),7/65,0.8636447919159418,0.9999960968655396,0,0,0.6957162748791875,0.1019876334449861,GHR;CTF1;KIT;IL18;PTK6;NF2;PARP9
GO_Biological_Process_2023,Sensory Perception Of Mechanical Stimulus (GO:0050954),10/89,0.8645671211799617,0.9999960968655396,0,0,0.7295249724821133,0.1061650957211284,KCNE1;COL2A1;MARVELD2;HOMER2;TIMM9;SPNS2;COL4A3;BIRC5;SNAI2;CRYM
GO_Biological_Process_2023,Chemokine-Mediated Signaling Pathway (GO:0070098),6/57,0.8652276652715182,0.9999960968655396,0,0,0.6782265144863916,0.0981818402962,CCL24;CXCL9;CXCL11;CXCL12;TFF2;XCL1
GO_Biological_Process_2023,Regulation Of Calcium Ion Transport (GO:0051924),6/57,0.8652276652715182,0.9999960968655396,0,0,0.6782265144863916,0.0981818402962,GRIN3B;HOMER2;HRC;PACSIN3;IL16;CASQ1
GO_Biological_Process_2023,Negative Regulation Of Gene Expression (GO:0010629),43/336,0.8664720749517881,0.9999960968655396,0,0,0.8446002745851618,0.1210526702970794,CREBZF;GRB7;SUV39H2;DNMT1;SHMT1;LRP3;AURKA;DLL4;TERT;TASOR;METTL16;NUDT12;GBP7;PNPT1;CSNK2A1;SETDB1;IFRD2;METTL3;SORD;SIRT6;CNPY2;DICER1;NUDT16L1;PARP9;UPK3B;NR0B2;ESR1;LSM2;RBL2;OCLN;CLDN3;LSM6;RBL1;PTRH2;DGKQ;HAND2;NHLRC1;PPARG;TRIM37;TARDBP;HSPA1B;LGR4;PHF19
GO_Biological_Process_2023,Cellular Response To Organonitrogen Compound (GO:0071417),12/105,0.8676200771627272,0.9999960968655396,0,0,0.7435363259577641,0.1055831689461481,KCNE1;XBP1;GLRA2;SHMT1;AQP9;P2RY1;NR1H4;CIB2;PDXP;LAMTOR2;AHR;SLC26A6
GO_Biological_Process_2023,Intrinsic Apoptotic Signaling Pathway (GO:0097193),12/105,0.8676200771627272,0.9999960968655396,0,0,0.7435363259577641,0.1055831689461481,MSH6;AIFM1;CASP3;CASP2;ATP2A1;PRODH;RNF186;IKBKE;FNIP2;PDK2;HIC1;PDK1
GO_Biological_Process_2023,Intrinsic Apoptotic Signaling Pathway In Response To DNA Damage (GO:0008630),5/49,0.8685172953674077,0.9999960968655396,0,0,0.655152748235149,0.0923554281074867,MSH6;CASP2;IKBKE;FNIP2;HIC1
GO_Biological_Process_2023,Positive Regulation Of miRNA Metabolic Process (GO:2000630),5/49,0.8685172953674077,0.9999960968655396,0,0,0.655152748235149,0.0923554281074867,FOXA1;SREBF1;PNPT1;TERT;PPARG
GO_Biological_Process_2023,Proton Transmembrane Transport (GO:1902600),5/49,0.8685172953674077,0.9999960968655396,0,0,0.655152748235149,0.0923554281074867,SLC36A1;SLC46A1;COX15;ATP1A3;ATP6V1H
GO_Biological_Process_2023,Organelle Assembly (GO:0070925),41/322,0.8693192160533979,0.9999960968655396,0,0,0.8397318194423574,0.1176001451928002,INTU;UBXN2B;TRAF3IP1;IFT172;CEP19;CCDC28B;AP3M1;TBC1D31;TTC21B;RAB23;TMEM107;CCDC96;POC1A;BBS7;SNAP29;CFAP20;RILP;ATG3;BBS1;MKKS;IFT140;CEP131;FOXJ1;IFT80;CPLANE2;WDR54;RAB32;TTC8;FAM161A;TMEM138;CENPJ;TMEM216;HYLS1;IFT27;CEP162;B9D1;CEP41;RAB17;CIBAR1;CEP89;TTLL8
GO_Biological_Process_2023,NIK/NF-kappaB Signaling (GO:0038061),3/32,0.8713154403303656,0.9999960968655396,0,0,0.5965365334953668,0.0821736286273505,CARD10;DICER1;TIRAP
GO_Biological_Process_2023,Gluconeogenesis (GO:0006094),3/32,0.8713154403303656,0.9999960968655396,0,0,0.5965365334953668,0.0821736286273505,SLC25A1;PER2;PFKFB1
GO_Biological_Process_2023,Glycosphingolipid Metabolic Process (GO:0006687),3/32,0.8713154403303656,0.9999960968655396,0,0,0.5965365334953668,0.0821736286273505,ABCA2;CPTP;GBA2
GO_Biological_Process_2023,Heterochromatin Formation (GO:0031507),3/32,0.8713154403303656,0.9999960968655396,0,0,0.5965365334953668,0.0821736286273505,UHRF1;UBR2;LMNB2
GO_Biological_Process_2023,Intracellular pH Reduction (GO:0051452),3/32,0.8713154403303656,0.9999960968655396,0,0,0.5965365334953668,0.0821736286273505,ATP6V1H;CLCN3;ATP6V0D2
GO_Biological_Process_2023,Muscle Cell Development (GO:0055001),3/32,0.8713154403303656,0.9999960968655396,0,0,0.5965365334953668,0.0821736286273505,RAMP2;ACTN3;ASB2
GO_Biological_Process_2023,Positive Regulation Of Telomere Maintenance Via Telomerase (GO:0032212),3/32,0.8713154403303656,0.9999960968655396,0,0,0.5965365334953668,0.0821736286273505,XRCC5;AURKB;MAP3K4
GO_Biological_Process_2023,Proteoglycan Biosynthetic Process (GO:0030166),3/32,0.8713154403303656,0.9999960968655396,0,0,0.5965365334953668,0.0821736286273505,HS3ST3B1;CHST13;B4GALT7
GO_Biological_Process_2023,Regulation Of Transcription By RNA Polymerase I (GO:0006356),3/32,0.8713154403303656,0.9999960968655396,0,0,0.5965365334953668,0.0821736286273505,ERBB2;BEND3;BAZ1B
GO_Biological_Process_2023,Very Long-Chain Fatty Acid Metabolic Process (GO:0000038),3/32,0.8713154403303656,0.9999960968655396,0,0,0.5965365334953668,0.0821736286273505,ABCD2;ELOVL6;HACD3
GO_Biological_Process_2023,Vesicle Budding From Membrane (GO:0006900),3/32,0.8713154403303656,0.9999960968655396,0,0,0.5965365334953668,0.0821736286273505,TRAPPC2;TRAPPC13;RILP
GO_Biological_Process_2023,Protein Targeting (GO:0006605),15/129,0.8737342937017658,0.9999960968655396,0,0,0.758045163947637,0.1023201488712063,ATG3;PRKCI;RTP3;EDEM1;TIMM9;ZDHHC24;TIMM44;PEX12;YIF1B;SPCS3;ZDHHC9;MFN2;AQP11;GOLGA7;TOMM5
GO_Biological_Process_2023,Negative Regulation Of Endopeptidase Activity (GO:0010951),7/66,0.8738187376692383,0.9999960968655396,0,0,0.6838842143403518,0.0922438886256126,PCID2;SERPINA10;ANXA8;SERPINA9;SERPINA6;SERPINA7;SERPINA5
GO_Biological_Process_2023,U2-type Prespliceosome Assembly (GO:1903241),2/23,0.8738569363606058,0.9999960968655396,0,0,0.5492644212156407,0.0740620483875553,SF3A3;SNRPD3
GO_Biological_Process_2023,Adaptive Immune Response Based On Somatic Recombination Of Immune Receptors Built From Immunoglobulin Superfamily Domains (GO:0002460),2/23,0.8738569363606058,0.9999960968655396,0,0,0.5492644212156407,0.0740620483875553,CR2;IL18
GO_Biological_Process_2023,Artery Development (GO:0060840),2/23,0.8738569363606058,0.9999960968655396,0,0,0.5492644212156407,0.0740620483875553,ANGPTL3;STRA6
GO_Biological_Process_2023,Bile Acid And Bile Salt Transport (GO:0015721),2/23,0.8738569363606058,0.9999960968655396,0,0,0.5492644212156407,0.0740620483875553,SLCO2B1;SLC51B
GO_Biological_Process_2023,Cell-Cell Signaling By Wnt (GO:0198738),2/23,0.8738569363606058,0.9999960968655396,0,0,0.5492644212156407,0.0740620483875553,FZD4;WNT5A
GO_Biological_Process_2023,Endocrine System Development (GO:0035270),2/23,0.8738569363606058,0.9999960968655396,0,0,0.5492644212156407,0.0740620483875553,SALL1;STRA6
GO_Biological_Process_2023,Negative Regulation Of Epidermal Growth Factor Receptor Signaling Pathway (GO:0042059),2/23,0.8738569363606058,0.9999960968655396,0,0,0.5492644212156407,0.0740620483875553,PTPN3;SNX6
GO_Biological_Process_2023,Negative Regulation Of Lymphocyte Activation (GO:0051250),2/23,0.8738569363606058,0.9999960968655396,0,0,0.5492644212156407,0.0740620483875553,FOXJ1;ILDR2
GO_Biological_Process_2023,Negative Regulation Of Neuron Differentiation (GO:0045665),2/23,0.8738569363606058,0.9999960968655396,0,0,0.5492644212156407,0.0740620483875553,HEY1;DLL1
GO_Biological_Process_2023,Positive Regulation Of Epithelial Cell Apoptotic Process (GO:1904037),2/23,0.8738569363606058,0.9999960968655396,0,0,0.5492644212156407,0.0740620483875553,PRKCI;CD160
GO_Biological_Process_2023,Positive Regulation Of Morphogenesis Of An Epithelium (GO:1905332),2/23,0.8738569363606058,0.9999960968655396,0,0,0.5492644212156407,0.0740620483875553,WNT5B;SIRT6
GO_Biological_Process_2023,Positive Regulation Of Neuron Apoptotic Process (GO:0043525),2/23,0.8738569363606058,0.9999960968655396,0,0,0.5492644212156407,0.0740620483875553,BACE1;PCSK9
GO_Biological_Process_2023,Positive Regulation Of Oxidoreductase Activity (GO:0051353),2/23,0.8738569363606058,0.9999960968655396,0,0,0.5492644212156407,0.0740620483875553,FDX1;SIRT3
GO_Biological_Process_2023,Protein Localization To Cell Junction (GO:1902414),2/23,0.8738569363606058,0.9999960968655396,0,0,0.5492644212156407,0.0740620483875553,STAU1;CGNL1
GO_Biological_Process_2023,Protein Targeting To ER (GO:0045047),2/23,0.8738569363606058,0.9999960968655396,0,0,0.5492644212156407,0.0740620483875553,SPCS3;EDEM1
GO_Biological_Process_2023,Regulation Of Cellular Response To Transforming Growth Factor Beta Stimulus (GO:1903844),2/23,0.8738569363606058,0.9999960968655396,0,0,0.5492644212156407,0.0740620483875553,PPARG;NREP
GO_Biological_Process_2023,Regulation Of Cholesterol Transport (GO:0032374),2/23,0.8738569363606058,0.9999960968655396,0,0,0.5492644212156407,0.0740620483875553,ABCA2;LIPG
GO_Biological_Process_2023,Response To BMP (GO:0071772),2/23,0.8738569363606058,0.9999960968655396,0,0,0.5492644212156407,0.0740620483875553,GDF2;SMAD9
GO_Biological_Process_2023,Cellular Response To Organic Cyclic Compound (GO:0071407),18/152,0.8740610003639464,0.9999960968655396,0,0,0.7737606246695677,0.1041521349996176,KCNE1;INSIG1;AQP9;RORC;IL18;NR1H4;CIB2;ATP1A3;PDXP;AHR;ESR1;RAD51;RUVBL2;CASP3;P2RY1;EPG5;SLC26A6;HSPA1B
GO_Biological_Process_2023,Axoneme Assembly (GO:0035082),4/41,0.8744186998294942,0.9999960968655396,0,0,0.6233256985799359,0.0836477883008984,FOXJ1;PIERCE2;GAS8;DNAAF10
GO_Biological_Process_2023,Visual System Development (GO:0150063),4/41,0.8744186998294942,0.9999960968655396,0,0,0.6233256985799359,0.0836477883008984,C3;MEIS1;SLC39A5;ZDHHC16
GO_Biological_Process_2023,GTP Metabolic Process (GO:0046039),1/13,0.8748551995266228,0.9999960968655396,0,0,0.4806975956654249,0.064267774808343,RAB23
GO_Biological_Process_2023,Body Fluid Secretion (GO:0007589),1/13,0.8748551995266228,0.9999960968655396,0,0,0.4806975956654249,0.064267774808343,GUCA1B
GO_Biological_Process_2023,Cellular Response To Arsenic-Containing Substance (GO:0071243),1/13,0.8748551995266228,0.9999960968655396,0,0,0.4806975956654249,0.064267774808343,PPIF
GO_Biological_Process_2023,Embryonic Hemopoiesis (GO:0035162),1/13,0.8748551995266228,0.9999960968655396,0,0,0.4806975956654249,0.064267774808343,KIT
GO_Biological_Process_2023,Endolysosomal Toll-Like Receptor Signaling Pathway (GO:0140894),1/13,0.8748551995266228,0.9999960968655396,0,0,0.4806975956654249,0.064267774808343,EPG5
GO_Biological_Process_2023,Extracellular Transport (GO:0006858),1/13,0.8748551995266228,0.9999960968655396,0,0,0.4806975956654249,0.064267774808343,ROPN1L
GO_Biological_Process_2023,Eye Photoreceptor Cell Development (GO:0042462),1/13,0.8748551995266228,0.9999960968655396,0,0,0.4806975956654249,0.064267774808343,RPGRIP1L
GO_Biological_Process_2023,Glomerular Filtration (GO:0003094),1/13,0.8748551995266228,0.9999960968655396,0,0,0.4806975956654249,0.064267774808343,XPNPEP3
GO_Biological_Process_2023,Immune Response-Regulating Cell Surface Receptor Signaling Pathway (GO:0002768),1/13,0.8748551995266228,0.9999960968655396,0,0,0.4806975956654249,0.064267774808343,KIT
GO_Biological_Process_2023,Intracellular Potassium Ion Homeostasis (GO:0030007),1/13,0.8748551995266228,0.9999960968655396,0,0,0.4806975956654249,0.064267774808343,ATP1A3
GO_Biological_Process_2023,Mature B Cell Differentiation Involved In Immune Response (GO:0002313),1/13,0.8748551995266228,0.9999960968655396,0,0,0.4806975956654249,0.064267774808343,DLL1
GO_Biological_Process_2023,Membrane Depolarization (GO:0051899),1/13,0.8748551995266228,0.9999960968655396,0,0,0.4806975956654249,0.064267774808343,CHRNA4
GO_Biological_Process_2023,Microtubule-Based Transport (GO:0099111),1/13,0.8748551995266228,0.9999960968655396,0,0,0.4806975956654249,0.064267774808343,ROPN1L
GO_Biological_Process_2023,Mitochondrial Fission (GO:0000266),1/13,0.8748551995266228,0.9999960968655396,0,0,0.4806975956654249,0.064267774808343,MTFP1
GO_Biological_Process_2023,Myeloid Dendritic Cell Activation (GO:0001773),1/13,0.8748551995266228,0.9999960968655396,0,0,0.4806975956654249,0.064267774808343,UBD
GO_Biological_Process_2023,"Negative Regulation Of DNA Damage Response, Signal Transduction By P53 Class Mediator (GO:0043518)",1/13,0.8748551995266228,0.9999960968655396,0,0,0.4806975956654249,0.064267774808343,SNAI2
GO_Biological_Process_2023,Negative Regulation Of NLRP3 Inflammasome Complex Assembly (GO:1900226),1/13,0.8748551995266228,0.9999960968655396,0,0,0.4806975956654249,0.064267774808343,CPTP
GO_Biological_Process_2023,Negative Regulation Of Bone Mineralization (GO:0030502),1/13,0.8748551995266228,0.9999960968655396,0,0,0.4806975956654249,0.064267774808343,RFLNA
GO_Biological_Process_2023,Negative Regulation Of Cartilage Development (GO:0061037),1/13,0.8748551995266228,0.9999960968655396,0,0,0.4806975956654249,0.064267774808343,SNAI2
GO_Biological_Process_2023,Negative Regulation Of Fibroblast Growth Factor Receptor Signaling Pathway (GO:0040037),1/13,0.8748551995266228,0.9999960968655396,0,0,0.4806975956654249,0.064267774808343,SHISA2
GO_Biological_Process_2023,Negative Regulation Of Translational Initiation (GO:0045947),1/13,0.8748551995266228,0.9999960968655396,0,0,0.4806975956654249,0.064267774808343,EIF4EBP2
GO_Biological_Process_2023,Nucleotide-Sugar Metabolic Process (GO:0009225),1/13,0.8748551995266228,0.9999960968655396,0,0,0.4806975956654249,0.064267774808343,EXTL2
GO_Biological_Process_2023,Outer Mitochondrial Membrane Organization (GO:0007008),1/13,0.8748551995266228,0.9999960968655396,0,0,0.4806975956654249,0.064267774808343,TOMM5
GO_Biological_Process_2023,Positive Regulation Of T-helper 17 Type Immune Response (GO:2000318),1/13,0.8748551995266228,0.9999960968655396,0,0,0.4806975956654249,0.064267774808343,TYK2
GO_Biological_Process_2023,Positive Regulation Of Glycoprotein Biosynthetic Process (GO:0010560),1/13,0.8748551995266228,0.9999960968655396,0,0,0.4806975956654249,0.064267774808343,SLC51B
GO_Biological_Process_2023,Positive Regulation Of Histone Deacetylation (GO:0031065),1/13,0.8748551995266228,0.9999960968655396,0,0,0.4806975956654249,0.064267774808343,SIRT6
GO_Biological_Process_2023,Positive Regulation Of Keratinocyte Differentiation (GO:0045618),1/13,0.8748551995266228,0.9999960968655396,0,0,0.4806975956654249,0.064267774808343,NUMA1
GO_Biological_Process_2023,Positive Regulation Of Macrophage Chemotaxis (GO:0010759),1/13,0.8748551995266228,0.9999960968655396,0,0,0.4806975956654249,0.064267774808343,CSF1
GO_Biological_Process_2023,Positive Regulation Of Superoxide Anion Generation (GO:0032930),1/13,0.8748551995266228,0.9999960968655396,0,0,0.4806975956654249,0.064267774808343,CRP
GO_Biological_Process_2023,Protein Insertion Into Mitochondrial Outer Membrane (GO:0045040),1/13,0.8748551995266228,0.9999960968655396,0,0,0.4806975956654249,0.064267774808343,TOMM5
GO_Biological_Process_2023,Protein Localization To Synapse (GO:0035418),1/13,0.8748551995266228,0.9999960968655396,0,0,0.4806975956654249,0.064267774808343,STAU1
GO_Biological_Process_2023,Regulation Of ERBB Signaling Pathway (GO:1901184),1/13,0.8748551995266228,0.9999960968655396,0,0,0.4806975956654249,0.064267774808343,WDR54
GO_Biological_Process_2023,Regulation Of T-helper 17 Type Immune Response (GO:2000316),1/13,0.8748551995266228,0.9999960968655396,0,0,0.4806975956654249,0.064267774808343,TYK2
GO_Biological_Process_2023,Regulation Of Humoral Immune Response (GO:0002920),1/13,0.8748551995266228,0.9999960968655396,0,0,0.4806975956654249,0.064267774808343,SPNS2
GO_Biological_Process_2023,Regulation Of Macrophage Cytokine Production (GO:0010935),1/13,0.8748551995266228,0.9999960968655396,0,0,0.4806975956654249,0.064267774808343,WNT5A
GO_Biological_Process_2023,Regulation Of Nitric-Oxide Synthase Biosynthetic Process (GO:0051769),1/13,0.8748551995266228,0.9999960968655396,0,0,0.4806975956654249,0.064267774808343,NAMPT
GO_Biological_Process_2023,Regulation Of Short-Term Neuronal Synaptic Plasticity (GO:0048172),1/13,0.8748551995266228,0.9999960968655396,0,0,0.4806975956654249,0.064267774808343,RAB3A
GO_Biological_Process_2023,Regulation Of Trophoblast Cell Migration (GO:1901163),1/13,0.8748551995266228,0.9999960968655396,0,0,0.4806975956654249,0.064267774808343,NODAL
GO_Biological_Process_2023,Response To Chemokine (GO:1990868),1/13,0.8748551995266228,0.9999960968655396,0,0,0.4806975956654249,0.064267774808343,CXCL12
GO_Biological_Process_2023,Secondary Palate Development (GO:0062009),1/13,0.8748551995266228,0.9999960968655396,0,0,0.4806975956654249,0.064267774808343,WNT5A
GO_Biological_Process_2023,Signal Peptide Processing (GO:0006465),1/13,0.8748551995266228,0.9999960968655396,0,0,0.4806975956654249,0.064267774808343,SPCS3
GO_Biological_Process_2023,Sodium-Independent Organic Anion Transport (GO:0043252),1/13,0.8748551995266228,0.9999960968655396,0,0,0.4806975956654249,0.064267774808343,SLCO2B1
GO_Biological_Process_2023,Sphingoid Biosynthetic Process (GO:0046520),1/13,0.8748551995266228,0.9999960968655396,0,0,0.4806975956654249,0.064267774808343,ASAH2
GO_Biological_Process_2023,Sphingosine Biosynthetic Process (GO:0046512),1/13,0.8748551995266228,0.9999960968655396,0,0,0.4806975956654249,0.064267774808343,ASAH2
GO_Biological_Process_2023,Synaptic Vesicle Localization (GO:0097479),1/13,0.8748551995266228,0.9999960968655396,0,0,0.4806975956654249,0.064267774808343,TMEM230
GO_Biological_Process_2023,Positive Regulation Of Cell Growth (GO:0030307),12/106,0.8756457832232502,0.9999960968655396,0,0,0.7355829729377902,0.0976807308410994,SUPV3L1;EXOSC4;CSNK2A1;BRAT1;ERBB2;MLST8;DERL2;MAP3K13;DNPH1;EXOSC2;CEP43;TRIM32
GO_Biological_Process_2023,mRNA Transport (GO:0051028),6/58,0.8759159754365734,0.9999960968655396,0,0,0.6651445569356017,0.0881217505215868,UPF1;HHEX;XPO1;NUP133;NCBP2;NUP85
GO_Biological_Process_2023,Peptidyl-Threonine Phosphorylation (GO:0018107),6/58,0.8759159754365734,0.9999960968655396,0,0,0.6651445569356017,0.0881217505215868,DYRK4;DYRK3;SBK1;CSNK2A1;CAD;CDK1
GO_Biological_Process_2023,Positive Regulation Of Type II Interferon Production (GO:0032729),6/58,0.8759159754365734,0.9999960968655396,0,0,0.6651445569356017,0.0881217505215868,CEBPG;IL18;TYK2;FADD;HSPD1;CD276
GO_Biological_Process_2023,Regulation Of Neuron Death (GO:1901214),6/58,0.8759159754365734,0.9999960968655396,0,0,0.6651445569356017,0.0881217505215868,EGLN3;CSF1;SIGMAR1;WNT5A;PCSK9;DHCR24
GO_Biological_Process_2023,Response To Organic Cyclic Compound (GO:0014070),6/58,0.8759159754365734,0.9999960968655396,0,0,0.6651445569356017,0.0881217505215868,FOXA1;SOCS2;ALAS1;PAQR7;IL18;ESR1
GO_Biological_Process_2023,Selective Autophagy (GO:0061912),6/58,0.8759159754365734,0.9999960968655396,0,0,0.6651445569356017,0.0881217505215868,UFL1;WDR81;SPATA33;STBD1;UBA5;OGT
GO_Biological_Process_2023,Protein Modification By Small Protein Removal (GO:0070646),13/114,0.8771961702534665,0.9999960968655396,0,0,0.7415979612242081,0.0971675972352792,USP46;OTUB2;USP24;USPL1;USP10;USP2;COPS7B;JOSD2;OTUD6B;SENP8;CDK1;USP40;STAMBP
GO_Biological_Process_2023,Positive Regulation Of Protein Kinase Activity (GO:0045860),17/145,0.8782709929595024,0.9999960968655396,0,0,0.7650397940074907,0.0993022302533467,XRCC6;CSF1;XRCC5;STRADB;EMP2;AXIN2;CAMKK2;TOM1L1;CCNA2;TPX2;ETAA1;DLG3;ERBB3;ECT2;GAS6;CACUL1;TELO2
GO_Biological_Process_2023,Macromolecule Biosynthetic Process (GO:0009059),22/183,0.8784599745389683,0.9999960968655396,0,0,0.786926016625287,0.101973755559307,TSFM;MRPS15;ALAS1;MRPL18;MRPS21;MRPL14;INHBA;YARS2;GSPT2;HARS2;MRPL35;MRPS5;TUFM;EEF2K;MRPL51;TERT;POLD1;EEF1A2;POLD2;EIF4EBP2;POLL;MRPL9
GO_Biological_Process_2023,Chromatin Remodeling (GO:0006338),28/228,0.8786457319164913,0.9999960968655396,0,0,0.8060287081339713,0.1042787533790249,SETD4;FOXA1;SUV39H2;HDAC2;SMARCD2;SMARCB1;NUDT5;HPF1;BCL7A;RBBP4;RUVBL2;RUVBL1;DPF3;PCGF1;GET1;PCID2;SETDB1;DTX3L;BAZ1B;SMARCA2;ESR1;TTI1;TADA2B;PER2;COPRS;SFPQ;APLF;ASF1A
GO_Biological_Process_2023,Vesicle-Mediated Transport To The Plasma Membrane (GO:0098876),9/83,0.8815397597629051,0.9999960968655396,0,0,0.7009039599871518,0.088373597398729,ARL4C;GGA2;C2CD6;EXOC8;OSBPL5;CMTM6;GOPC;RAB17;GOLGA7
GO_Biological_Process_2023,Regulation Of RNA Metabolic Process (GO:0051252),10/91,0.881689680155485,0.9999960968655396,0,0,0.7114281400966184,0.08957956065806,TADA2B;TAF12;TMEM98;HNRNPF;SRSF1;TADA3;METTL4;ILDR2;SUPT7L;MCM2
GO_Biological_Process_2023,Regulation Of DNA Replication (GO:0006275),8/75,0.8820188890455454,0.9999960968655396,0,0,0.6881681206999625,0.0863938694291166,BCAR3;CCNA2;RUVBL2;RUVBL1;GDF2;FBXO5;ESCO2;DNA2
GO_Biological_Process_2023,Positive Regulation Of Signal Transduction (GO:0009967),33/266,0.8830111566894623,0.9999960968655396,0,0,0.815214085363793,0.101426852386258,KANK1;TTC23;SMARCB1;THRB;IRS1;IHH;TUBD1;SLC2A4;AGPAT1;DLL1;C3;ENHO;DLL4;SHH;HHEX;SALL1;TERT;RSPO1;PRKCI;XBP1;CSNK2A1;PDE6G;EMP2;TSPAN14;EVC;IL7;PDCL;LANCL2;CIBAR1;GAS6;GAS8;LIMS2;MYORG
GO_Biological_Process_2023,Monoatomic Ion Transport (GO:0006811),12/107,0.8832764809853657,0.9999960968655396,0,0,0.7277970589287631,0.0903319962164875,SLC36A1;CHRNA4;SLC1A2;CTNS;AQP11;PKD2L1;CNGA3;SLC17A1;SLC15A4;SLC26A6;SLC17A3;SLC17A4
GO_Biological_Process_2023,Extrinsic Apoptotic Signaling Pathway (GO:0097191),7/67,0.8833555719073305,0.9999960968655396,0,0,0.6724465558194774,0.0834018472090694,ERBB3;SIVA1;TRADD;CASP2;FADD;INHBA;BID
GO_Biological_Process_2023,Epithelial Tube Morphogenesis (GO:0060562),3/33,0.8845386599723332,0.9999960968655396,0,0,0.5766180955608269,0.0707447310041185,SHH;MET;MTSS1
GO_Biological_Process_2023,Glycolipid Metabolic Process (GO:0006664),3/33,0.8845386599723332,0.9999960968655396,0,0,0.5766180955608269,0.0707447310041185,CPTP;PIGW;GBA2
GO_Biological_Process_2023,Negative Regulation Of Endocytosis (GO:0045806),3/33,0.8845386599723332,0.9999960968655396,0,0,0.5766180955608269,0.0707447310041185,RUBCN;PACSIN3;PRTN3
GO_Biological_Process_2023,Positive Regulation Of DNA Binding (GO:0043388),3/33,0.8845386599723332,0.9999960968655396,0,0,0.5766180955608269,0.0707447310041185,HAND2;PINX1;PPARG
GO_Biological_Process_2023,Positive Regulation Of T Cell Mediated Cytotoxicity (GO:0001916),3/33,0.8845386599723332,0.9999960968655396,0,0,0.5766180955608269,0.0707447310041185,XCL1;FADD;MR1
GO_Biological_Process_2023,Positive Regulation Of Epidermal Growth Factor Receptor Signaling Pathway (GO:0045742),3/33,0.8845386599723332,0.9999960968655396,0,0,0.5766180955608269,0.0707447310041185,BCAR3;PDE6G;PTK6
GO_Biological_Process_2023,Positive Regulation Of Nitrogen Compound Metabolic Process (GO:0051173),3/33,0.8845386599723332,0.9999960968655396,0,0,0.5766180955608269,0.0707447310041185,CSF1;UHRF1;INHBA
GO_Biological_Process_2023,Positive Regulation Of Protein Dephosphorylation (GO:0035307),3/33,0.8845386599723332,0.9999960968655396,0,0,0.5766180955608269,0.0707447310041185,PPP1R15B;CDCA2;DYNLL1
GO_Biological_Process_2023,Regulation Of NLRP3 Inflammasome Complex Assembly (GO:1900225),3/33,0.8845386599723332,0.9999960968655396,0,0,0.5766180955608269,0.0707447310041185,MAVS;CPTP;CD36
GO_Biological_Process_2023,Regulation Of Amyloid-Beta Formation (GO:1902003),3/33,0.8845386599723332,0.9999960968655396,0,0,0.5766180955608269,0.0707447310041185,CASP3;GSAP;ABCG1
GO_Biological_Process_2023,Regulation Of Potassium Ion Transmembrane Transport (GO:1901379),3/33,0.8845386599723332,0.9999960968655396,0,0,0.5766180955608269,0.0707447310041185,KCNE1;NEDD4;KCNN2
GO_Biological_Process_2023,Regulation Of Protein Polymerization (GO:0032271),3/33,0.8845386599723332,0.9999960968655396,0,0,0.5766180955608269,0.0707447310041185,HAX1;TPPP;GBA2
GO_Biological_Process_2023,Regulation Of Sprouting Angiogenesis (GO:1903670),3/33,0.8845386599723332,0.9999960968655396,0,0,0.5766180955608269,0.0707447310041185,DLL1;GLUL;JMJD8
GO_Biological_Process_2023,Vasculogenesis (GO:0001570),3/33,0.8845386599723332,0.9999960968655396,0,0,0.5766180955608269,0.0707447310041185,RAMP2;SHH;SOX18
GO_Biological_Process_2023,Cellular Response To Chemokine (GO:1990869),6/59,0.8858835148551966,0.9999960968655396,0,0,0.6525562581603134,0.0790701178781093,CCL24;CXCL9;CXCL11;CXCL12;TFF2;XCL1
GO_Biological_Process_2023,Cilium Movement (GO:0003341),6/59,0.8858835148551966,0.9999960968655396,0,0,0.6525562581603134,0.0790701178781093,ODAD3;ROPN1L;PIERCE2;DNAI1;GAS8;TTLL8
GO_Biological_Process_2023,Phospholipid Transport (GO:0015914),6/59,0.8858835148551966,0.9999960968655396,0,0,0.6525562581603134,0.0790701178781093,OSBPL5;CPTP;OSBPL2;TNFAIP8L3;ATP11A;ABCG1
GO_Biological_Process_2023,Regulation Of miRNA Transcription (GO:1902893),6/59,0.8858835148551966,0.9999960968655396,0,0,0.6525562581603134,0.0790701178781093,FOXA1;SREBF1;TERT;PPARG;ESR1;NFATC4
GO_Biological_Process_2023,Regulation Of Multicellular Organismal Development (GO:2000026),6/59,0.8858835148551966,0.9999960968655396,0,0,0.6525562581603134,0.0790701178781093,RACGAP1;RUVBL2;RUVBL1;TADA3;CDK1;KAT14
GO_Biological_Process_2023,Cellular Response To Glucose Starvation (GO:0042149),4/42,0.8861054751973856,0.9999960968655396,0,0,0.6068867082961641,0.0733843092490872,XBP1;NUAK2;TBL2;BHLHA15
GO_Biological_Process_2023,Collagen Fibril Organization (GO:0030199),4/42,0.8861054751973856,0.9999960968655396,0,0,0.6068867082961641,0.0733843092490872,COL3A1;COL27A1;COL2A1;OPTC
GO_Biological_Process_2023,Negative Regulation Of I-kappaB kinase/NF-kappaB Signaling (GO:0043124),4/42,0.8861054751973856,0.9999960968655396,0,0,0.6068867082961641,0.0733843092490872,USP10;STAT1;NR1H4;ESR1
GO_Biological_Process_2023,Positive Regulation Of Neuron Differentiation (GO:0045666),4/42,0.8861054751973856,0.9999960968655396,0,0,0.6068867082961641,0.0733843092490872,ZC4H2;PROX1;ECT2;TRIM32
GO_Biological_Process_2023,Potassium Ion Import Across Plasma Membrane (GO:1990573),4/42,0.8861054751973856,0.9999960968655396,0,0,0.6068867082961641,0.0733843092490872,KCNJ10;KCNJ15;ATP1A3;KCNJ16
GO_Biological_Process_2023,Regulation Of Ubiquitin-Dependent Protein Catabolic Process (GO:2000058),4/42,0.8861054751973856,0.9999960968655396,0,0,0.6068867082961641,0.0733843092490872,UFL1;XPO1;CSNK2A1;UBQLN4
GO_Biological_Process_2023,Protein Localization To Membrane (GO:0072657),23/192,0.8867982329059704,0.9999960968655396,0,0,0.7836471588144684,0.09414564086029,RAMP2;RAB3A;TMEM150A;NUP155;PTCH1;RDX;LIN7A;EMP2;PDZK1;PIGW;RAB32;SLC9A3R1;TSPAN15;RAP2A;TSPAN14;RAB40B;NPC1;PDZD11;P2RY1;CAPN3;GAS6;BID;CRB3
GO_Biological_Process_2023,ERK1 And ERK2 Cascade (GO:0070371),2/24,0.8887671055555234,0.9999960968655396,0,0,0.5242670608524267,0.0618215987067562,CDK1;DUSP7
GO_Biological_Process_2023,Mononuclear Cell Differentiation (GO:1903131),2/24,0.8887671055555234,0.9999960968655396,0,0,0.5242670608524267,0.0618215987067562,PPARG;GAS6
GO_Biological_Process_2023,Negative Regulation Of Cell Junction Assembly (GO:1901889),2/24,0.8887671055555234,0.9999960968655396,0,0,0.5242670608524267,0.0618215987067562,DYNLL1;PHLDB2
GO_Biological_Process_2023,Neuromuscular Junction Development (GO:0007528),2/24,0.8887671055555234,0.9999960968655396,0,0,0.5242670608524267,0.0618215987067562,ZC4H2;NEDD4
GO_Biological_Process_2023,Positive Regulation Of Peptidyl-Threonine Phosphorylation (GO:0010800),2/24,0.8887671055555234,0.9999960968655396,0,0,0.5242670608524267,0.0618215987067562,PLK1;TNKS1BP1
GO_Biological_Process_2023,Positive Regulation Of Vascular Endothelial Growth Factor Production (GO:0010575),2/24,0.8887671055555234,0.9999960968655396,0,0,0.5242670608524267,0.0618215987067562,C3;NODAL
GO_Biological_Process_2023,Protein Kinase B Signaling (GO:0043491),2/24,0.8887671055555234,0.9999960968655396,0,0,0.5242670608524267,0.0618215987067562,MKRN2;GAS6
GO_Biological_Process_2023,Regulation Of Cysteine-Type Endopeptidase Activity (GO:2000116),2/24,0.8887671055555234,0.9999960968655396,0,0,0.5242670608524267,0.0618215987067562,PCID2;PSMB9
GO_Biological_Process_2023,Regulation Of Cytokine Production Involved In Immune Response (GO:0002718),2/24,0.8887671055555234,0.9999960968655396,0,0,0.5242670608524267,0.0618215987067562,TRIL;WNT5A
GO_Biological_Process_2023,Regulation Of Cytoplasmic Translation (GO:2000765),2/24,0.8887671055555234,0.9999960968655396,0,0,0.5242670608524267,0.0618215987067562,PARP16;RBM24
GO_Biological_Process_2023,Regulation Of Execution Phase Of Apoptosis (GO:1900117),2/24,0.8887671055555234,0.9999960968655396,0,0,0.5242670608524267,0.0618215987067562,DFFA;DYNLL1
GO_Biological_Process_2023,Regulation Of Ryanodine-Sensitive Calcium-Release Channel Activity (GO:0060314),2/24,0.8887671055555234,0.9999960968655396,0,0,0.5242670608524267,0.0618215987067562,GSTM2;HRC
GO_Biological_Process_2023,Regulation Of Supramolecular Fiber Organization (GO:1902903),2/24,0.8887671055555234,0.9999960968655396,0,0,0.5242670608524267,0.0618215987067562,HAX1;GBA2
GO_Biological_Process_2023,Response To Hexose (GO:0009746),2/24,0.8887671055555234,0.9999960968655396,0,0,0.5242670608524267,0.0618215987067562,EIF2B4;EIF2B1
GO_Biological_Process_2023,Amide Biosynthetic Process (GO:0043604),5/51,0.8901082075760965,0.9999960968655396,0,0,0.6265941291815943,0.0729432274648597,PM20D1;GLUD1;ASAH2;NAGS;OTC
GO_Biological_Process_2023,Positive Regulation Of Protein Localization To Plasma Membrane (GO:1903078),5/51,0.8901082075760965,0.9999960968655396,0,0,0.6265941291815943,0.0729432274648597,PRKCI;CNPY4;RANGRF;AKAP5;PLS1
GO_Biological_Process_2023,B Cell Differentiation (GO:0030183),7/68,0.8922817910515349,0.9999960968655396,0,0,0.6613839024960088,0.0753800973630435,DCAF1;HHEX;CR2;KIT;CEBPG;BLNK;AICDA
GO_Biological_Process_2023,Skin Development (GO:0043588),7/68,0.8922817910515349,0.9999960968655396,0,0,0.6613839024960088,0.0753800973630435,TGM1;COL3A1;CASP3;WNT5A;DACT2;DHCR24;DLL1
GO_Biological_Process_2023,Positive Regulation Of Defense Response (GO:0031349),14/124,0.8926323781695088,0.9999960968655396,0,0,0.7331601731601731,0.0832726649176141,SETD4;CEBPA;FEM1A;TRADD;WNT5A;IL18;IL16;IFI35;TIRAP;LGALS1;NLRP6;POLR3G;FADD;SLC15A4
GO_Biological_Process_2023,L-glutamate Transmembrane Transport (GO:0015813),1/14,0.8933508640670892,0.9999960968655396,0,0,0.4436948084086587,0.0500380682023476,SLC1A2
GO_Biological_Process_2023,"Blood Coagulation, Fibrin Clot Formation (GO:0072378)",1/14,0.8933508640670892,0.9999960968655396,0,0,0.4436948084086587,0.0500380682023476,F13B
GO_Biological_Process_2023,Bone Morphogenesis (GO:0060349),1/14,0.8933508640670892,0.9999960968655396,0,0,0.4436948084086587,0.0500380682023476,MMP13
GO_Biological_Process_2023,Cardiac Cell Development (GO:0055006),1/14,0.8933508640670892,0.9999960968655396,0,0,0.4436948084086587,0.0500380682023476,ASB2
GO_Biological_Process_2023,Contractile Actin Filament Bundle Assembly (GO:0030038),1/14,0.8933508640670892,0.9999960968655396,0,0,0.4436948084086587,0.0500380682023476,KCTD13
GO_Biological_Process_2023,Electron Transport Chain (GO:0022900),1/14,0.8933508640670892,0.9999960968655396,0,0,0.4436948084086587,0.0500380682023476,PDIA5
GO_Biological_Process_2023,Embryonic Cranial Skeleton Morphogenesis (GO:0048701),1/14,0.8933508640670892,0.9999960968655396,0,0,0.4436948084086587,0.0500380682023476,MTHFD1
GO_Biological_Process_2023,Establishment Of Spindle Localization (GO:0051293),1/14,0.8933508640670892,0.9999960968655396,0,0,0.4436948084086587,0.0500380682023476,ESPL1
GO_Biological_Process_2023,Inner Dynein Arm Assembly (GO:0036159),1/14,0.8933508640670892,0.9999960968655396,0,0,0.4436948084086587,0.0500380682023476,ZMYND10
GO_Biological_Process_2023,Mitochondrial Calcium Ion Transmembrane Transport (GO:0006851),1/14,0.8933508640670892,0.9999960968655396,0,0,0.4436948084086587,0.0500380682023476,SLC25A23
GO_Biological_Process_2023,Mitochondrion Transport Along Microtubule (GO:0047497),1/14,0.8933508640670892,0.9999960968655396,0,0,0.4436948084086587,0.0500380682023476,LRPPRC
GO_Biological_Process_2023,Monosaccharide Transmembrane Transport (GO:0015749),1/14,0.8933508640670892,0.9999960968655396,0,0,0.4436948084086587,0.0500380682023476,SLC2A9
GO_Biological_Process_2023,Myotube Cell Development (GO:0014904),1/14,0.8933508640670892,0.9999960968655396,0,0,0.4436948084086587,0.0500380682023476,MYORG
GO_Biological_Process_2023,Negative Regulation Of T Cell Mediated Immunity (GO:0002710),1/14,0.8933508640670892,0.9999960968655396,0,0,0.4436948084086587,0.0500380682023476,XCL1
GO_Biological_Process_2023,Negative Regulation Of Defense Response To Virus (GO:0050687),1/14,0.8933508640670892,0.9999960968655396,0,0,0.4436948084086587,0.0500380682023476,TRAF3IP1
GO_Biological_Process_2023,"Negative Regulation Of mRNA Splicing, Via Spliceosome (GO:0048025)",1/14,0.8933508640670892,0.9999960968655396,0,0,0.4436948084086587,0.0500380682023476,SRSF6
GO_Biological_Process_2023,Odontogenesis Of Dentin-Containing Tooth (GO:0042475),1/14,0.8933508640670892,0.9999960968655396,0,0,0.4436948084086587,0.0500380682023476,HDAC2
GO_Biological_Process_2023,Pathway-Restricted SMAD Protein Phosphorylation (GO:0060389),1/14,0.8933508640670892,0.9999960968655396,0,0,0.4436948084086587,0.0500380682023476,GDF2
GO_Biological_Process_2023,Phagolysosome Assembly (GO:0001845),1/14,0.8933508640670892,0.9999960968655396,0,0,0.4436948084086587,0.0500380682023476,VIPAS39
GO_Biological_Process_2023,Photoreceptor Cell Development (GO:0042461),1/14,0.8933508640670892,0.9999960968655396,0,0,0.4436948084086587,0.0500380682023476,CFAP418
GO_Biological_Process_2023,Positive Regulation Of Adaptive Immune Response Based On Somatic Recombination Of Immune Receptors Built From Immunoglobulin Superfamily Domains (GO:0002824),1/14,0.8933508640670892,0.9999960968655396,0,0,0.4436948084086587,0.0500380682023476,TYK2
GO_Biological_Process_2023,Positive Regulation Of Endothelial Cell Chemotaxis (GO:2001028),1/14,0.8933508640670892,0.9999960968655396,0,0,0.4436948084086587,0.0500380682023476,MET
GO_Biological_Process_2023,Positive Regulation Of Histone Acetylation (GO:0035066),1/14,0.8933508640670892,0.9999960968655396,0,0,0.4436948084086587,0.0500380682023476,BAZ1B
GO_Biological_Process_2023,Positive Regulation Of Long-Term Synaptic Potentiation (GO:1900273),1/14,0.8933508640670892,0.9999960968655396,0,0,0.4436948084086587,0.0500380682023476,AKAP5
GO_Biological_Process_2023,Positive Regulation Of Membrane Protein Ectodomain Proteolysis (GO:0051044),1/14,0.8933508640670892,0.9999960968655396,0,0,0.4436948084086587,0.0500380682023476,PACSIN3
GO_Biological_Process_2023,Positive Regulation Of Protein-Containing Complex Disassembly (GO:0043243),1/14,0.8933508640670892,0.9999960968655396,0,0,0.4436948084086587,0.0500380682023476,JMJD4
GO_Biological_Process_2023,Prostanoid Biosynthetic Process (GO:0046457),1/14,0.8933508640670892,0.9999960968655396,0,0,0.4436948084086587,0.0500380682023476,PTGDS
GO_Biological_Process_2023,Protein Activation Cascade (GO:0072376),1/14,0.8933508640670892,0.9999960968655396,0,0,0.4436948084086587,0.0500380682023476,F13B
GO_Biological_Process_2023,Regulation Of ATP Biosynthetic Process (GO:2001169),1/14,0.8933508640670892,0.9999960968655396,0,0,0.4436948084086587,0.0500380682023476,PARP1
GO_Biological_Process_2023,Regulation Of Endothelial Cell Chemotaxis (GO:2001026),1/14,0.8933508640670892,0.9999960968655396,0,0,0.4436948084086587,0.0500380682023476,MET
GO_Biological_Process_2023,Regulation Of Exit From Mitosis (GO:0007096),1/14,0.8933508640670892,0.9999960968655396,0,0,0.4436948084086587,0.0500380682023476,UBE2C
GO_Biological_Process_2023,Regulation Of Extracellular Matrix Disassembly (GO:0010715),1/14,0.8933508640670892,0.9999960968655396,0,0,0.4436948084086587,0.0500380682023476,DPP4
GO_Biological_Process_2023,Regulation Of Feeding Behavior (GO:0060259),1/14,0.8933508640670892,0.9999960968655396,0,0,0.4436948084086587,0.0500380682023476,CFAP20
GO_Biological_Process_2023,Regulation Of Histone H3-K4 Methylation (GO:0051569),1/14,0.8933508640670892,0.9999960968655396,0,0,0.4436948084086587,0.0500380682023476,OGT
GO_Biological_Process_2023,Regulation Of Non-Canonical Wnt Signaling Pathway (GO:2000050),1/14,0.8933508640670892,0.9999960968655396,0,0,0.4436948084086587,0.0500380682023476,WNT5B
GO_Biological_Process_2023,Regulation Of Nuclear-Transcribed mRNA poly(A) Tail Shortening (GO:0060211),1/14,0.8933508640670892,0.9999960968655396,0,0,0.4436948084086587,0.0500380682023476,TENT4A
GO_Biological_Process_2023,Regulation Of Superoxide Anion Generation (GO:0032928),1/14,0.8933508640670892,0.9999960968655396,0,0,0.4436948084086587,0.0500380682023476,CRP
GO_Biological_Process_2023,Response To Muscle Stretch (GO:0035994),1/14,0.8933508640670892,0.9999960968655396,0,0,0.4436948084086587,0.0500380682023476,CSRP3
GO_Biological_Process_2023,Stress Fiber Assembly (GO:0043149),1/14,0.8933508640670892,0.9999960968655396,0,0,0.4436948084086587,0.0500380682023476,KCTD13
GO_Biological_Process_2023,Striated Muscle Tissue Development (GO:0014706),1/14,0.8933508640670892,0.9999960968655396,0,0,0.4436948084086587,0.0500380682023476,CSRP3
GO_Biological_Process_2023,"Synaptic Transmission, GABAergic (GO:0051932)",1/14,0.8933508640670892,0.9999960968655396,0,0,0.4436948084086587,0.0500380682023476,GABBR2
GO_Biological_Process_2023,Synaptonemal Complex Assembly (GO:0007130),1/14,0.8933508640670892,0.9999960968655396,0,0,0.4436948084086587,0.0500380682023476,SYCE3
GO_Biological_Process_2023,Synaptonemal Complex Organization (GO:0070193),1/14,0.8933508640670892,0.9999960968655396,0,0,0.4436948084086587,0.0500380682023476,SYCE3
GO_Biological_Process_2023,Vascular Endothelial Growth Factor Signaling Pathway (GO:0038084),1/14,0.8933508640670892,0.9999960968655396,0,0,0.4436948084086587,0.0500380682023476,VEGFB
GO_Biological_Process_2023,Homophilic Cell Adhesion Via Plasma Membrane Adhesion Molecules (GO:0007156),6/60,0.8951639687316737,0.9999960968655396,0,0,0.6404341926729986,0.0709270443400981,MYOT;AMIGO2;PLXNB2;DSG2;NECTIN3;MPZL2
GO_Biological_Process_2023,Cellular Response To Amyloid-Beta (GO:1904646),3/34,0.8965345910067097,0.9999960968655396,0,0,0.5579847181381926,0.0609421993551123,ATP1A3;CD36;SNX6
GO_Biological_Process_2023,Glial Cell Differentiation (GO:0010001),3/34,0.8965345910067097,0.9999960968655396,0,0,0.5579847181381926,0.0609421993551123,SHH;ERBB3;TPPP
GO_Biological_Process_2023,Membrane Protein Proteolysis (GO:0033619),3/34,0.8965345910067097,0.9999960968655396,0,0,0.5579847181381926,0.0609421993551123,BACE1;ERAP1;PRTN3
GO_Biological_Process_2023,Positive Regulation Of Neuron Death (GO:1901216),3/34,0.8965345910067097,0.9999960968655396,0,0,0.5579847181381926,0.0609421993551123,BACE1;WNT5A;PCSK9
GO_Biological_Process_2023,Regulation Of DNA Biosynthetic Process (GO:2000278),3/34,0.8965345910067097,0.9999960968655396,0,0,0.5579847181381926,0.0609421993551123,TOM1L1;PINX1;GDF2
GO_Biological_Process_2023,Regulation Of Interleukin-17 Production (GO:0032660),3/34,0.8965345910067097,0.9999960968655396,0,0,0.5579847181381926,0.0609421993551123,IL18;NR1H4;TYK2
GO_Biological_Process_2023,Regulation Of Metal Ion Transport (GO:0010959),3/34,0.8965345910067097,0.9999960968655396,0,0,0.5579847181381926,0.0609421993551123,NKAIN4;GRIN3B;IL16
GO_Biological_Process_2023,Positive Regulation Of Multicellular Organismal Process (GO:0051240),49/387,0.8967739076996036,0.9999960968655396,0,0,0.8337919726242247,0.0908428882239053,SMARCB1;NUMA1;CLEC9A;TSKU;GHR;SHH;BCL7A;CD36;TAPT1;ACVR1;WNT5A;DIO2;IL18;ELOVL6;SIRT6;AVPR1A;AXIN2;PRLR;SAP30;ADRB3;PPARG;GAS6;PPIB;UTP25;HDAC2;HDAC3;OMA1;AGPAT1;ADIPOR2;TERT;RBBP4;TBXA2R;MFN2;OTX2;LURAP1;STRA6;BCL9L;XBP1;FOXJ1;INHBA;SMARCA2;PER2;GATM;FABP5;BRMS1L;MAP3K13;OGT;NODAL;FOXA2
GO_Biological_Process_2023,mRNA Transcription (GO:0009299),4/43,0.8968309238952642,0.9999960968655396,0,0,0.59129074315515,0.0643844222893916,THRB;TAF12;NCBP2;PPARG
GO_Biological_Process_2023,Positive Regulation Of Cell-Matrix Adhesion (GO:0001954),4/43,0.8968309238952642,0.9999960968655396,0,0,0.59129074315515,0.0643844222893916,CSF1;EMP2;CD36;EPHA1
GO_Biological_Process_2023,Positive Regulation Of miRNA Transcription (GO:1902895),4/43,0.8968309238952642,0.9999960968655396,0,0,0.59129074315515,0.0643844222893916,FOXA1;SREBF1;TERT;PPARG
GO_Biological_Process_2023,Regulation Of Cell-Cell Adhesion (GO:0022407),4/43,0.8968309238952642,0.9999960968655396,0,0,0.59129074315515,0.0643844222893916,DPP4;NF2;NODAL;EPHB3
GO_Biological_Process_2023,Response To Amyloid-Beta (GO:1904645),4/43,0.8968309238952642,0.9999960968655396,0,0,0.59129074315515,0.0643844222893916,MMP13;ATP1A3;CD36;SNX6
GO_Biological_Process_2023,Defense Response To Gram-positive Bacterium (GO:0050830),9/85,0.8974891098181224,0.9999960968655396,0,0,0.6823786971673667,0.0738021852779266,CRP;GBP7;DMBT1;NLRP6;H2BC21;IL18;MR1;TIRAP;MBL2
GO_Biological_Process_2023,Protein Processing (GO:0016485),13/117,0.8980834371910578,0.9999960968655396,0,0,0.7200782046922816,0.0774028627835704,MME;ATP23;PTCH1;PCSK9;OMA1;PCSK4;ZMPSTE24;BACE1;PIDD1;SPCS3;XPNPEP3;CASP2;OGT
GO_Biological_Process_2023,Cartilage Development (GO:0051216),5/52,0.8997087224777842,0.9999960968655396,0,0,0.6132262649437602,0.0648083331977645,COL2A1;SNX19;WNT5B;OPTC;GDF2
GO_Biological_Process_2023,Sprouting Angiogenesis (GO:0002040),5/52,0.8997087224777842,0.9999960968655396,0,0,0.6132262649437602,0.0648083331977645,RAMP2;VEGFB;NRARP;DLL1;E2F8
GO_Biological_Process_2023,Negative Regulation Of Cell Motility (GO:2000146),15/133,0.9000905708150598,0.9999960968655396,0,0,0.7321757083292484,0.077068731943729,KANK1;HDAC2;ZMYND8;DYNLL1;SAP30;BST2;SHH;RAP2A;CLDN3;RBBP4;BRMS1L;NF2;EPHA1;OGT;ARPIN
GO_Biological_Process_2023,Positive Regulation Of Phosphatidylinositol 3-Kinase Signaling (GO:0014068),7/69,0.9006243506995648,0.9999960968655396,0,0,0.650678108957168,0.0681045472150884,HAX1;ERBB3;NEDD4;KIT;IL18;FN1;PLXNB1
GO_Biological_Process_2023,ATP Biosynthetic Process (GO:0006754),2/25,0.9020263526394504,0.9999960968655396,0,0,0.5014433839990574,0.0517046013319701,VPS9D1;NUDT2
GO_Biological_Process_2023,Cardiac Conduction System Development (GO:0003161),2/25,0.9020263526394504,0.9999960968655396,0,0,0.5014433839990574,0.0517046013319701,HEY1;MSC
GO_Biological_Process_2023,Cellular Response To Steroid Hormone Stimulus (GO:0071383),2/25,0.9020263526394504,0.9999960968655396,0,0,0.5014433839990574,0.0517046013319701,ATP1A3;HSPA1B
GO_Biological_Process_2023,"Chemical Synaptic Transmission, Postsynaptic (GO:0099565)",2/25,0.9020263526394504,0.9999960968655396,0,0,0.5014433839990574,0.0517046013319701,CHRNA4;FOXM1
GO_Biological_Process_2023,Metanephros Development (GO:0001656),2/25,0.9020263526394504,0.9999960968655396,0,0,0.5014433839990574,0.0517046013319701,SHH;PTCH1
GO_Biological_Process_2023,Negative Regulation Of Response To Endoplasmic Reticulum Stress (GO:1903573),2/25,0.9020263526394504,0.9999960968655396,0,0,0.5014433839990574,0.0517046013319701,XBP1;AQP11
GO_Biological_Process_2023,Negative Regulation Of Signaling Receptor Activity (GO:2000272),2/25,0.9020263526394504,0.9999960968655396,0,0,0.5014433839990574,0.0517046013319701,PPARG;SNX6
GO_Biological_Process_2023,Negative Regulation Of Telomere Maintenance Via Telomere Lengthening (GO:1904357),2/25,0.9020263526394504,0.9999960968655396,0,0,0.5014433839990574,0.0517046013319701,PARP1;PINX1
GO_Biological_Process_2023,Proteoglycan Metabolic Process (GO:0006029),2/25,0.9020263526394504,0.9999960968655396,0,0,0.5014433839990574,0.0517046013319701,CHST13;B4GALT7
GO_Biological_Process_2023,Regulation Of Chondrocyte Differentiation (GO:0032330),2/25,0.9020263526394504,0.9999960968655396,0,0,0.5014433839990574,0.0517046013319701,PKDCC;SNAI2
GO_Biological_Process_2023,Regulation Of Monocyte Chemotaxis (GO:0090025),2/25,0.9020263526394504,0.9999960968655396,0,0,0.5014433839990574,0.0517046013319701,CXCL12;MOSPD2
GO_Biological_Process_2023,Response To dsRNA (GO:0043331),2/25,0.9020263526394504,0.9999960968655396,0,0,0.5014433839990574,0.0517046013319701,TICAM1;RIGI
GO_Biological_Process_2023,Negative Regulation Of Protein Phosphorylation (GO:0001933),17/149,0.9026648945866028,0.9999960968655396,0,0,0.7416813693626768,0.075951062392668,PPP1R15B;TRAF3IP1;SORD;KLHL31;MLXIPL;OCLN;DEPTOR;DGKQ;TERF2IP;PPARG;CEP85;GPD1L;EPHA1;TARDBP;PPEF2;CEP43;MEN1
GO_Biological_Process_2023,Regulation Of RNA Splicing (GO:0043484),11/102,0.9037731105238156,0.9999960968655396,0,0,0.6964001000698249,0.0704596269801381,TADA2B;TMEM98;TAF12;HNRNPF;TADA3;SRSF1;METTL4;ILDR2;METTL16;SUPT7L;MCM2
GO_Biological_Process_2023,Peptidyl-Lysine Modification (GO:0018205),10/94,0.9040194374083436,0.9999960968655396,0,0,0.6858986801242236,0.0692102066195421,GCSH;LIPT2;LIPT1;USPL1;SIRT4;SIRT5;VIPAS39;METTL21A;EEF1AKMT3;SIRT3
GO_Biological_Process_2023,"Regulation Of mRNA Splicing, Via Spliceosome (GO:0048024)",10/94,0.9040194374083436,0.9999960968655396,0,0,0.6858986801242236,0.0692102066195421,DDX17;KHDRBS1;RBM47;RBFOX2;RBMXL1;KHDRBS3;CELF6;METTL16;SRSF6;RBM24
GO_Biological_Process_2023,Sphingolipid Metabolic Process (GO:0006665),10/94,0.9040194374083436,0.9999960968655396,0,0,0.6858986801242236,0.0692102066195421,PLA2G15;ABCA2;ASAH2;PRKD3;CPTP;SPNS2;ELOVL6;KDSR;HACD3;GBA2
GO_Biological_Process_2023,Exocytosis (GO:0006887),9/86,0.9047657867374396,0.9999960968655396,0,0,0.6734769475007166,0.0674010125472227,SNAP47;RAB3A;RAB11FIP1;EXOC8;STX17;RAB3IL1;RAB11FIP2;SNAP29;SYTL4
GO_Biological_Process_2023,Cellular Response To Starvation (GO:0009267),14/126,0.9050502967832948,0.9999960968655396,0,0,0.7199829931972789,0.0718289307150941,SREBF1;XBP1;NPRL2;TFEB;PCSK9;BHLHA15;ZFYVE1;WDR24;DAP;WRN;NUAK2;TBL2;RNF152;FADS1
GO_Biological_Process_2023,Positive Regulation Of Intracellular Protein Transport (GO:0090316),14/126,0.9050502967832948,0.9999960968655396,0,0,0.7199829931972789,0.0718289307150941,HDAC3;CEP131;SIRT6;MIEF2;PDZK1;AKAP5;SLC51B;MAVS;ERBB2;CHP2;DMAP1;KIF20B;ECT2;GAS6
GO_Biological_Process_2023,Lymphocyte Chemotaxis (GO:0048247),4/44,0.9066564594798578,0.9999960968655396,0,0,0.5764745762711865,0.0564897043373402,CCL24;CXCL11;XCL1;GAS6
GO_Biological_Process_2023,Phosphatidylinositol Phosphate Biosynthetic Process (GO:0046854),4/44,0.9066564594798578,0.9999960968655396,0,0,0.5764745762711865,0.0564897043373402,SOCS2;TMEM150A;PIP4K2B;PIK3C2B
GO_Biological_Process_2023,Positive Regulation Of Osteoblast Differentiation (GO:0045669),4/44,0.9066564594798578,0.9999960968655396,0,0,0.5764745762711865,0.0564897043373402,CCNA2;ZHX3;LRP3;FBXO5
GO_Biological_Process_2023,Regulation Of Transport (GO:0051049),4/44,0.9066564594798578,0.9999960968655396,0,0,0.5764745762711865,0.0564897043373402,DNAJA1;TMEM102;CLDN3;WWC1
GO_Biological_Process_2023,Action Potential (GO:0001508),3/35,0.9073964362566032,0.9999960968655396,0,0,0.540515926804473,0.0525250887788549,KCNE1;KCNE3;CHRNA4
GO_Biological_Process_2023,One-Carbon Compound Transport (GO:0019755),3/35,0.9073964362566032,0.9999960968655396,0,0,0.540515926804473,0.0525250887788549,AQP11;CYB5RL;SLC26A6
GO_Biological_Process_2023,Positive Regulation Of Cell Development (GO:0010720),3/35,0.9073964362566032,0.9999960968655396,0,0,0.540515926804473,0.0525250887788549,MME;LIG4;TRIM32
GO_Biological_Process_2023,Positive Regulation Of Telomere Maintenance Via Telomere Lengthening (GO:1904358),3/35,0.9073964362566032,0.9999960968655396,0,0,0.540515926804473,0.0525250887788549,XRCC5;AURKB;MAP3K4
GO_Biological_Process_2023,Regulation Of mRNA Processing (GO:0050684),3/35,0.9073964362566032,0.9999960968655396,0,0,0.540515926804473,0.0525250887788549,SRPK3;PTCD2;METTL16
GO_Biological_Process_2023,Response To Exogenous dsRNA (GO:0043330),3/35,0.9073964362566032,0.9999960968655396,0,0,0.540515926804473,0.0525250887788549,MAVS;TICAM1;RIGI
GO_Biological_Process_2023,protein-RNA Complex Assembly (GO:0022618),17/150,0.9080982787791404,0.9999960968655396,0,0,0.736061297267684,0.0709582741173094,HEXIM1;SRPK3;RAMAC;XRCC5;NOP2;SRSF1;CELF6;DICER1;ERAL1;CRNKL1;AGO1;RSRP1;GEMIN6;SNRPD3;DHX29;SNRNP200;SRSF6
GO_Biological_Process_2023,Positive Regulation Of Protein Polymerization (GO:0032273),7/70,0.9084104266021252,0.9999960968655396,0,0,0.6403121818798778,0.0615077420081757,CCL24;OCLN;PSRC1;NUMA1;TPPP;MET;LMOD2
GO_Biological_Process_2023,Negative Regulation Of Viral Genome Replication (GO:0045071),5/53,0.908571717514104,0.9999960968655396,0,0,0.6004153950491692,0.0575687008919668,BST2;MAVS;SETDB1;TASOR;PROX1
GO_Biological_Process_2023,Regulation Of Macromolecule Biosynthetic Process (GO:0010556),5/53,0.908571717514104,0.9999960968655396,0,0,0.6004153950491692,0.0575687008919668,TOM1L1;EIF2B4;ELP2;ELP6;PUM3
GO_Biological_Process_2023,Golgi To Endosome Transport (GO:0006895),1/15,0.9091137212676424,0.9999960968655396,0,0,0.4119781336171448,0.0392553721904111,KLHL20
GO_Biological_Process_2023,L-glutamate Import (GO:0051938),1/15,0.9091137212676424,0.9999960968655396,0,0,0.4119781336171448,0.0392553721904111,SLC1A2
GO_Biological_Process_2023,Activation Of NF-kappaB-inducing Kinase Activity (GO:0007250),1/15,0.9091137212676424,0.9999960968655396,0,0,0.4119781336171448,0.0392553721904111,TIRAP
GO_Biological_Process_2023,Astrocyte Development (GO:0014002),1/15,0.9091137212676424,0.9999960968655396,0,0,0.4119781336171448,0.0392553721904111,DLL1
GO_Biological_Process_2023,Cellular Glucuronidation (GO:0052695),1/15,0.9091137212676424,0.9999960968655396,0,0,0.4119781336171448,0.0392553721904111,UGT2A3
GO_Biological_Process_2023,Cellular Response To Zinc Ion (GO:0071294),1/15,0.9091137212676424,0.9999960968655396,0,0,0.4119781336171448,0.0392553721904111,GLRA2
GO_Biological_Process_2023,Ceramide Catabolic Process (GO:0046514),1/15,0.9091137212676424,0.9999960968655396,0,0,0.4119781336171448,0.0392553721904111,ASAH2
GO_Biological_Process_2023,Defense Response To Protozoan (GO:0042832),1/15,0.9091137212676424,0.9999960968655396,0,0,0.4119781336171448,0.0392553721904111,GBP7
GO_Biological_Process_2023,Dendritic Cell Chemotaxis (GO:0002407),1/15,0.9091137212676424,0.9999960968655396,0,0,0.4119781336171448,0.0392553721904111,CCR5
GO_Biological_Process_2023,Dendritic Spine Morphogenesis (GO:0060997),1/15,0.9091137212676424,0.9999960968655396,0,0,0.4119781336171448,0.0392553721904111,EPHB3
GO_Biological_Process_2023,Epiboly Involved In Wound Healing (GO:0090505),1/15,0.9091137212676424,0.9999960968655396,0,0,0.4119781336171448,0.0392553721904111,CCNA2
GO_Biological_Process_2023,Gas Transport (GO:0015669),1/15,0.9091137212676424,0.9999960968655396,0,0,0.4119781336171448,0.0392553721904111,MB
GO_Biological_Process_2023,Glucuronate Metabolic Process (GO:0019585),1/15,0.9091137212676424,0.9999960968655396,0,0,0.4119781336171448,0.0392553721904111,UGT2A3
GO_Biological_Process_2023,Histone H4-K5 Acetylation (GO:0043981),1/15,0.9091137212676424,0.9999960968655396,0,0,0.4119781336171448,0.0392553721904111,OGT
GO_Biological_Process_2023,Histone H4-K8 Acetylation (GO:0043982),1/15,0.9091137212676424,0.9999960968655396,0,0,0.4119781336171448,0.0392553721904111,OGT
GO_Biological_Process_2023,Negative Regulation Of DNA Replication (GO:0008156),1/15,0.9091137212676424,0.9999960968655396,0,0,0.4119781336171448,0.0392553721904111,GDF2
GO_Biological_Process_2023,Negative Regulation Of Cation Transmembrane Transport (GO:1904063),1/15,0.9091137212676424,0.9999960968655396,0,0,0.4119781336171448,0.0392553721904111,PPIF
GO_Biological_Process_2023,Negative Regulation Of Endoplasmic Reticulum Stress-Induced Intrinsic Apoptotic Signaling Pathway (GO:1902236),1/15,0.9091137212676424,0.9999960968655396,0,0,0.4119781336171448,0.0392553721904111,XBP1
GO_Biological_Process_2023,Negative Regulation Of mRNA Processing (GO:0050686),1/15,0.9091137212676424,0.9999960968655396,0,0,0.4119781336171448,0.0392553721904111,SRSF6
GO_Biological_Process_2023,Negative Regulation Of Phagocytosis (GO:0050765),1/15,0.9091137212676424,0.9999960968655396,0,0,0.4119781336171448,0.0392553721904111,PRTN3
GO_Biological_Process_2023,Neurotrophin Signaling Pathway (GO:0038179),1/15,0.9091137212676424,0.9999960968655396,0,0,0.4119781336171448,0.0392553721904111,CASP3
GO_Biological_Process_2023,Oogenesis (GO:0048477),1/15,0.9091137212676424,0.9999960968655396,0,0,0.4119781336171448,0.0392553721904111,METTL3
GO_Biological_Process_2023,Phagosome Maturation (GO:0090382),1/15,0.9091137212676424,0.9999960968655396,0,0,0.4119781336171448,0.0392553721904111,RAB32
GO_Biological_Process_2023,"Positive Regulation Of DNA Damage Response, Signal Transduction By P53 Class Mediator (GO:0043517)",1/15,0.9091137212676424,0.9999960968655396,0,0,0.4119781336171448,0.0392553721904111,HIC1
GO_Biological_Process_2023,Positive Regulation Of Collagen Biosynthetic Process (GO:0032967),1/15,0.9091137212676424,0.9999960968655396,0,0,0.4119781336171448,0.0392553721904111,HDAC2
GO_Biological_Process_2023,Positive Regulation Of Glucose Metabolic Process (GO:0010907),1/15,0.9091137212676424,0.9999960968655396,0,0,0.4119781336171448,0.0392553721904111,IRS1
GO_Biological_Process_2023,Positive Regulation Of Potassium Ion Transport (GO:0043268),1/15,0.9091137212676424,0.9999960968655396,0,0,0.4119781336171448,0.0392553721904111,KCNE1
GO_Biological_Process_2023,Presynapse Assembly (GO:0099054),1/15,0.9091137212676424,0.9999960968655396,0,0,0.4119781336171448,0.0392553721904111,WNT5A
GO_Biological_Process_2023,Protein Localization To Microtubule Organizing Center (GO:1905508),1/15,0.9091137212676424,0.9999960968655396,0,0,0.4119781336171448,0.0392553721904111,CEP131
GO_Biological_Process_2023,Regulation Of Activin Receptor Signaling Pathway (GO:0032925),1/15,0.9091137212676424,0.9999960968655396,0,0,0.4119781336171448,0.0392553721904111,NODAL
GO_Biological_Process_2023,Regulation Of Amyloid-Beta Clearance (GO:1900221),1/15,0.9091137212676424,0.9999960968655396,0,0,0.4119781336171448,0.0392553721904111,HMGCR
GO_Biological_Process_2023,Regulation Of Bicellular Tight Junction Assembly (GO:2000810),1/15,0.9091137212676424,0.9999960968655396,0,0,0.4119781336171448,0.0392553721904111,SNAI2
GO_Biological_Process_2023,Regulation Of Cellular Response To Heat (GO:1900034),1/15,0.9091137212676424,0.9999960968655396,0,0,0.4119781336171448,0.0392553721904111,CHORDC1
GO_Biological_Process_2023,Regulation Of Hormone Secretion (GO:0046883),1/15,0.9091137212676424,0.9999960968655396,0,0,0.4119781336171448,0.0392553721904111,SNX6
GO_Biological_Process_2023,Regulation Of Interleukin-13 Production (GO:0032656),1/15,0.9091137212676424,0.9999960968655396,0,0,0.4119781336171448,0.0392553721904111,IL18
GO_Biological_Process_2023,Regulation Of miRNA-mediated Gene Silencing (GO:0060964),1/15,0.9091137212676424,0.9999960968655396,0,0,0.4119781336171448,0.0392553721904111,PPARG
GO_Biological_Process_2023,Regulation Of Monocyte Differentiation (GO:0045655),1/15,0.9091137212676424,0.9999960968655396,0,0,0.4119781336171448,0.0392553721904111,CSF1
GO_Biological_Process_2023,Regulation Of Systemic Arterial Blood Pressure (GO:0003073),1/15,0.9091137212676424,0.9999960968655396,0,0,0.4119781336171448,0.0392553721904111,DDAH1
GO_Biological_Process_2023,Renal Filtration (GO:0097205),1/15,0.9091137212676424,0.9999960968655396,0,0,0.4119781336171448,0.0392553721904111,XPNPEP3
GO_Biological_Process_2023,Sphingolipid Catabolic Process (GO:0030149),1/15,0.9091137212676424,0.9999960968655396,0,0,0.4119781336171448,0.0392553721904111,ASAH2
GO_Biological_Process_2023,Sympathetic Nervous System Development (GO:0048485),1/15,0.9091137212676424,0.9999960968655396,0,0,0.4119781336171448,0.0392553721904111,SOX4
GO_Biological_Process_2023,Vasodilation (GO:0042311),1/15,0.9091137212676424,0.9999960968655396,0,0,0.4119781336171448,0.0392553721904111,ADRB3
GO_Biological_Process_2023,Negative Regulation Of Transmembrane Receptor Protein Serine/Threonine Kinase Signaling Pathway (GO:0090101),12/111,0.9100851117140198,0.9999960968655396,0,0,0.6982263148136704,0.0657848965709262,HDAC2;SKOR2;RBBP4;BRMS1L;HTRA4;UBE2D1;PPARG;TMEM53;OGT;SAP30;BCL9L;SNX6
GO_Biological_Process_2023,Regulation Of Transforming Growth Factor Beta Receptor Signaling Pathway (GO:0017015),12/111,0.9100851117140198,0.9999960968655396,0,0,0.6982263148136704,0.0657848965709262,HDAC2;SKOR2;RBBP4;BRMS1L;HTRA4;PPARG;NREP;OGT;MEN1;SAP30;BCL9L;SNX6
GO_Biological_Process_2023,Positive Regulation Of Angiogenesis (GO:0045766),13/119,0.9103194343832164,0.9999960968655396,0,0,0.7064084222411835,0.0663739335131084,XBP1;RAMP2;WNT5A;VASH2;GDF2;VEGFB;EMP2;SIRT6;JMJD8;DLL1;ANGPTL3;EPHA1;NODAL
GO_Biological_Process_2023,Peptidyl-Serine Modification (GO:0018209),19/166,0.9106451242951136,0.9999960968655396,0,0,0.7441991447345548,0.0696585304627074,SRPK3;DYRK4;PRKCI;DYRK3;CSNK2A1;MAST3;PKN3;PLK1;DCLK3;AURKA;SBK1;DGKQ;CDK2;CDK1;PBK;STK38L;MAP3K13;GAS6;IKBKE
GO_Biological_Process_2023,Negative Regulation Of Kinase Activity (GO:0033673),6/62,0.911799497893987,0.9999960968655396,0,0,0.6174888544291529,0.0570159333319154,PRDX3;DEPTOR;NPRL2;CEP85;EPHA1;CEP43
GO_Biological_Process_2023,Phosphatidylinositol-Mediated Signaling (GO:0048015),6/62,0.911799497893987,0.9999960968655396,0,0,0.6174888544291529,0.0570159333319154,ERBB3;IRS1;CD160;ERBB2;OGT;PIK3C2B
GO_Biological_Process_2023,Fc Receptor Signaling Pathway (GO:0038093),2/26,0.9137969019165773,0.9999960968655396,0,0,0.4805216802168022,0.043317559165815,KIT;VAV2
GO_Biological_Process_2023,Camera-Type Eye Development (GO:0043010),2/26,0.9137969019165773,0.9999960968655396,0,0,0.4805216802168022,0.043317559165815,TSKU;STRA6
GO_Biological_Process_2023,Negative Regulation Of Catalytic Activity (GO:0043086),2/26,0.9137969019165773,0.9999960968655396,0,0,0.4805216802168022,0.043317559165815,PARP9;SERPINA5
GO_Biological_Process_2023,Negative Regulation Of Lipid Metabolic Process (GO:0045833),2/26,0.9137969019165773,0.9999960968655396,0,0,0.4805216802168022,0.043317559165815,SREBF1;PDE3B
GO_Biological_Process_2023,Negative Regulation Of Protein Polymerization (GO:0032272),2/26,0.9137969019165773,0.9999960968655396,0,0,0.4805216802168022,0.043317559165815,KANK1;STMN1
GO_Biological_Process_2023,Negative Regulation Of Receptor-Mediated Endocytosis (GO:0048261),2/26,0.9137969019165773,0.9999960968655396,0,0,0.4805216802168022,0.043317559165815,PCSK9;WDR54
GO_Biological_Process_2023,Regulation Of Keratinocyte Differentiation (GO:0045616),2/26,0.9137969019165773,0.9999960968655396,0,0,0.4805216802168022,0.043317559165815,NUMA1;SRSF6
GO_Biological_Process_2023,Regulation Of Myeloid Cell Differentiation (GO:0045637),2/26,0.9137969019165773,0.9999960968655396,0,0,0.4805216802168022,0.043317559165815,MEIS1;LEO1
GO_Biological_Process_2023,Regulation Of Vascular Endothelial Growth Factor Production (GO:0010574),2/26,0.9137969019165773,0.9999960968655396,0,0,0.4805216802168022,0.043317559165815,C3;NODAL
GO_Biological_Process_2023,I-kappaB kinase/NF-kappaB Signaling (GO:0007249),4/45,0.915642193626526,0.9999960968655396,0,0,0.5623811492352212,0.0495624307521907,IRAK1BP1;PRDX4;TBKBP1;TIRAP
GO_Biological_Process_2023,Detection Of Chemical Stimulus Involved In Sensory Perception Of Taste (GO:0050912),4/45,0.915642193626526,0.9999960968655396,0,0,0.5623811492352212,0.0495624307521907,RTP3;GNAT2;PKD2L1;TAS1R3
GO_Biological_Process_2023,Zymogen Activation (GO:0031638),4/45,0.915642193626526,0.9999960968655396,0,0,0.5623811492352212,0.0495624307521907,PLAU;F11;OMA1;FADD
GO_Biological_Process_2023,Myeloid Leukocyte Differentiation (GO:0002573),7/71,0.9156672018841936,0.9999960968655396,0,0,0.630270190023753,0.0555282514993433,CEBPA;CSF1;PARP1;UBD;KIT;PPARG;PRTN3
GO_Biological_Process_2023,Negative Regulation Of Cellular Response To Growth Factor Stimulus (GO:0090288),7/71,0.9156672018841936,0.9999960968655396,0,0,0.630270190023753,0.0555282514993433,HHEX;SKOR2;NEDD4;UBE2D1;PPARG;TMEM53;SHISA2
GO_Biological_Process_2023,Positive Regulation Of Cell-Substrate Adhesion (GO:0010811),7/71,0.9156672018841936,0.9999960968655396,0,0,0.630270190023753,0.0555282514993433,CSF1;FN1;EMP2;CD36;EPHA1;TRIOBP;LIMS2
GO_Biological_Process_2023,Negative Regulation Of Defense Response (GO:0031348),12/112,0.9159201879990884,0.9999960968655396,0,0,0.6912032630863358,0.0607056517284639,MFHAS1;MVK;PARP1;FEM1A;TRAF3IP1;NR1H4;PPARG;AHR;TRIM21;ELANE;AURKB;TRIM45
GO_Biological_Process_2023,Endoplasmic Reticulum Organization (GO:0007029),5/54,0.9167409335283152,0.9999960968655396,0,0,0.588127417803337,0.0511261292593808,TRAM1;BNIP1;GET1;SEC31B;SEC31A
GO_Biological_Process_2023,Epidermal Cell Differentiation (GO:0009913),5/54,0.9167409335283152,0.9999960968655396,0,0,0.588127417803337,0.0511261292593808,TGM1;HDAC2;CASP3;WNT5A;OVOL3
GO_Biological_Process_2023,Negative Regulation Of Neuron Projection Development (GO:0010977),5/54,0.9167409335283152,0.9999960968655396,0,0,0.588127417803337,0.0511261292593808,KANK1;HDAC2;FKBP4;TSKU;NGEF
GO_Biological_Process_2023,Positive Regulation Of Myeloid Cell Differentiation (GO:0045639),3/36,0.9172137946005744,0.9999960968655396,0,0,0.5241058500970395,0.0452904436234974,STAT1;INHBA;HSPA1B
GO_Biological_Process_2023,Positive Regulation Of Phospholipase C Activity (GO:0010863),3/36,0.9172137946005744,0.9999960968655396,0,0,0.5241058500970395,0.0452904436234974,KIT;AVPR1A;ESR1
GO_Biological_Process_2023,Regulation Of Erythrocyte Differentiation (GO:0045646),3/36,0.9172137946005744,0.9999960968655396,0,0,0.5241058500970395,0.0452904436234974,STAT1;INHBA;HSPA1B
GO_Biological_Process_2023,Regulation Of Receptor Internalization (GO:0002090),3/36,0.9172137946005744,0.9999960968655396,0,0,0.5241058500970395,0.0452904436234974,PCSK9;RSPO1;WDR54
GO_Biological_Process_2023,Regulation Of Trans-Synaptic Signaling (GO:0099177),3/36,0.9172137946005744,0.9999960968655396,0,0,0.5241058500970395,0.0452904436234974,GRIN3B;FABP5;EIF4EBP2
GO_Biological_Process_2023,Substrate Adhesion-Dependent Cell Spreading (GO:0034446),3/36,0.9172137946005744,0.9999960968655396,0,0,0.5241058500970395,0.0452904436234974,FN1;EPHA1;EPHB3
GO_Biological_Process_2023,Regulation Of Cell Adhesion (GO:0030155),16/144,0.9174230451583404,0.9999960968655396,0,0,0.7197923757658271,0.0620364410596272,PLXND1;PDE3B;IL18;DLL1;ATXN3;EPB41L4B;TMEM102;CXCL12;ERBB3;PLAU;ERBB2;DACT2;PLXNB2;PLXNB1;EPHB3;PLXNA3
GO_Biological_Process_2023,Activation Of Cysteine-Type Endopeptidase Activity (GO:0097202),1/16,0.922547436563085,0.9999960968655396,0,0,0.3844903487978327,0.0309962595294563,FADD
GO_Biological_Process_2023,Cell Communication By Electrical Coupling Involved In Cardiac Conduction (GO:0086064),1/16,0.922547436563085,0.9999960968655396,0,0,0.3844903487978327,0.0309962595294563,ATP1A3
GO_Biological_Process_2023,Establishment Of Protein Localization To Endoplasmic Reticulum (GO:0072599),1/16,0.922547436563085,0.9999960968655396,0,0,0.3844903487978327,0.0309962595294563,SPCS3
GO_Biological_Process_2023,Lymphocyte Mediated Immunity (GO:0002449),1/16,0.922547436563085,0.9999960968655396,0,0,0.3844903487978327,0.0309962595294563,CR2
GO_Biological_Process_2023,Male Meiosis I (GO:0007141),1/16,0.922547436563085,0.9999960968655396,0,0,0.3844903487978327,0.0309962595294563,SLC25A31
GO_Biological_Process_2023,"Mitochondrial Electron Transport, Cytochrome C To Oxygen (GO:0006123)",1/16,0.922547436563085,0.9999960968655396,0,0,0.3844903487978327,0.0309962595294563,COX15
GO_Biological_Process_2023,Negative Regulation Of ATP-dependent Activity (GO:0032780),1/16,0.922547436563085,0.9999960968655396,0,0,0.3844903487978327,0.0309962595294563,PPIF
GO_Biological_Process_2023,Negative Regulation Of Cytokine Production Involved In Immune Response (GO:0002719),1/16,0.922547436563085,0.9999960968655396,0,0,0.3844903487978327,0.0309962595294563,XCL1
GO_Biological_Process_2023,Negative Regulation Of Inflammatory Response To Antigenic Stimulus (GO:0002862),1/16,0.922547436563085,0.9999960968655396,0,0,0.3844903487978327,0.0309962595294563,MKRN2
GO_Biological_Process_2023,Negative Regulation Of Interleukin-10 Production (GO:0032693),1/16,0.922547436563085,0.9999960968655396,0,0,0.3844903487978327,0.0309962595294563,DLL1
GO_Biological_Process_2023,Negative Regulation Of Release Of Cytochrome C From Mitochondria (GO:0090201),1/16,0.922547436563085,0.9999960968655396,0,0,0.3844903487978327,0.0309962595294563,PPIF
GO_Biological_Process_2023,Negative Regulation Of Viral-Induced Cytoplasmic Pattern Recognition Receptor Signaling Pathway (GO:0039532),1/16,0.922547436563085,0.9999960968655396,0,0,0.3844903487978327,0.0309962595294563,SEC14L1
GO_Biological_Process_2023,Pharyngeal System Development (GO:0060037),1/16,0.922547436563085,0.9999960968655396,0,0,0.3844903487978327,0.0309962595294563,PTCH1
GO_Biological_Process_2023,Positive Regulation Of Autophagosome Assembly (GO:2000786),1/16,0.922547436563085,0.9999960968655396,0,0,0.3844903487978327,0.0309962595294563,PIP4K2B
GO_Biological_Process_2023,Positive Regulation Of Collagen Metabolic Process (GO:0010714),1/16,0.922547436563085,0.9999960968655396,0,0,0.3844903487978327,0.0309962595294563,HDAC2
GO_Biological_Process_2023,Positive Regulation Of Telomere Capping (GO:1904355),1/16,0.922547436563085,0.9999960968655396,0,0,0.3844903487978327,0.0309962595294563,MAP3K4
GO_Biological_Process_2023,Protein Kinase A Signaling (GO:0010737),1/16,0.922547436563085,0.9999960968655396,0,0,0.3844903487978327,0.0309962595294563,RDX
GO_Biological_Process_2023,Regulation Of Golgi Organization (GO:1903358),1/16,0.922547436563085,0.9999960968655396,0,0,0.3844903487978327,0.0309962595294563,PDE4DIP
GO_Biological_Process_2023,Regulation Of Blood Vessel Endothelial Cell Proliferation Involved In Sprouting Angiogenesis (GO:1903587),1/16,0.922547436563085,0.9999960968655396,0,0,0.3844903487978327,0.0309962595294563,DLL4
GO_Biological_Process_2023,Regulation Of Interleukin-1 Production (GO:0032652),1/16,0.922547436563085,0.9999960968655396,0,0,0.3844903487978327,0.0309962595294563,GAS6
GO_Biological_Process_2023,Regulation Of Natural Killer Cell Activation (GO:0032814),1/16,0.922547436563085,0.9999960968655396,0,0,0.3844903487978327,0.0309962595294563,TICAM1
GO_Biological_Process_2023,Regulation Of Protein Kinase A Signaling (GO:0010738),1/16,0.922547436563085,0.9999960968655396,0,0,0.3844903487978327,0.0309962595294563,AKAP5
GO_Biological_Process_2023,Regulation Of Secretion (GO:0051046),1/16,0.922547436563085,0.9999960968655396,0,0,0.3844903487978327,0.0309962595294563,ERBB3
GO_Biological_Process_2023,Regulation Of Stem Cell Proliferation (GO:0072091),1/16,0.922547436563085,0.9999960968655396,0,0,0.3844903487978327,0.0309962595294563,TERT
GO_Biological_Process_2023,"Regulation Of Synaptic Transmission, GABAergic (GO:0032228)",1/16,0.922547436563085,0.9999960968655396,0,0,0.3844903487978327,0.0309962595294563,USP46
GO_Biological_Process_2023,Regulation Of Triglyceride Biosynthetic Process (GO:0010866),1/16,0.922547436563085,0.9999960968655396,0,0,0.3844903487978327,0.0309962595294563,SREBF1
GO_Biological_Process_2023,Response To UV-B (GO:0010224),1/16,0.922547436563085,0.9999960968655396,0,0,0.3844903487978327,0.0309962595294563,MME
GO_Biological_Process_2023,Stabilization Of Membrane Potential (GO:0030322),1/16,0.922547436563085,0.9999960968655396,0,0,0.3844903487978327,0.0309962595294563,KCNK12
GO_Biological_Process_2023,Regulation Of Defense Response (GO:0031347),10/97,0.9227077494500971,0.9999960968655396,0,0,0.6621298725637181,0.0532635317600101,RNF135;UFL1;NLRP6;SHPK;WNT5A;ERAP1;XCL1;XIAP;TIRAP;ZMPSTE24
GO_Biological_Process_2023,Regulation Of Cell Population Proliferation (GO:0042127),100/766,0.9234210090455306,0.9999960968655396,0,0,0.8617587454307847,0.0686563341843744,CSF1;IRS1;IFI35;NAMPT;CCN6;CHP2;FBXO5;SOX4;MEN1;RBFOX2;CSNK2A1;CEP131;LIFR;POU3F2;CLDN3;COL4A3;PRTN3;STAMBP;EPHA1;KIF20B;TSPYL5;NOP2;CDCA7;CIAO1;PRDX3;DPP4;SLC9A3R1;SSR1;UTP20;CGA;XBP1;XRCC6;XRCC5;FN1;INHBA;SMARCA2;SQLE;MLXIPL;CXCL11;DLG3;CDK4;IL7;CDK2;NF2;CNOT8;BTG4;SETD4;CXCL9;PINX1;ASH2L;FOXM1;UFL1;SHH;HHEX;BCL7A;WDR6;GET1;EMP2;AVPR1A;PROX1;AXIN2;DYNLL1;DDAH1;KIT;BIRC5;MVD;CACUL1;GAS8;KANK2;CEBPA;HDAC2;CTF1;UHRF1;DERL2;XIAP;DLL1;DNAJB2;DLL4;RBBP4;ERBB3;CLMN;ERBB2;EGLN3;CDKN2C;STAT1;STAT2;SHCBP1;TBX3;EPOR;FABP3;MEIS1;TFAP4;FABP7;GID8;AQP11;FAM98B;FAM98A;CEP43;HSPA1B;CDKN3
GO_Biological_Process_2023,Male Gonad Development (GO:0008584),4/46,0.923846493303167,0.9999960968655396,0,0,0.5489588377723971,0.0434826748745618,SRD5A2;WNT5A;KIT;INHBA
GO_Biological_Process_2023,Cell Surface Receptor Signaling Pathway Involved In Cell-Cell Signaling (GO:1905114),2/27,0.9242290892567964,0.9999960968655396,0,0,0.4612737127371273,0.0363462033330859,FZD4;WNT5A
GO_Biological_Process_2023,In Utero Embryonic Development (GO:0001701),2/27,0.9242290892567964,0.9999960968655396,0,0,0.4612737127371273,0.0363462033330859,TFEB;LIG4
GO_Biological_Process_2023,Myeloid Cell Development (GO:0061515),2/27,0.9242290892567964,0.9999960968655396,0,0,0.4612737127371273,0.0363462033330859,ALAS1;KIT
GO_Biological_Process_2023,Negative Regulation Of NIK/NF-kappaB Signaling (GO:1901223),2/27,0.9242290892567964,0.9999960968655396,0,0,0.4612737127371273,0.0363462033330859,MKRN2;IFI35
GO_Biological_Process_2023,Positive Regulation Of Nitric Oxide Biosynthetic Process (GO:0045429),2/27,0.9242290892567964,0.9999960968655396,0,0,0.4612737127371273,0.0363462033330859,DDAH1;CD36
GO_Biological_Process_2023,Regulation Of SMAD Protein Signal Transduction (GO:0060390),2/27,0.9242290892567964,0.9999960968655396,0,0,0.4612737127371273,0.0363462033330859,PPARG;NODAL
GO_Biological_Process_2023,Regulation Of Catecholamine Secretion (GO:0050433),2/27,0.9242290892567964,0.9999960968655396,0,0,0.4612737127371273,0.0363462033330859,SYT5;CHRNA4
GO_Biological_Process_2023,Regulation Of Insulin Secretion Involved In Cellular Response To Glucose Stimulus (GO:0061178),2/27,0.9242290892567964,0.9999960968655396,0,0,0.4612737127371273,0.0363462033330859,NR1H4;FOXA2
GO_Biological_Process_2023,Positive Regulation Of Phosphorylation (GO:0042327),27/231,0.9259663163770516,0.9999960968655396,0,0,0.7615607226833336,0.0585772862669983,VAC14;HDAC3;FBH1;BRAT1;CDCA8;AURKB;CAMKK2;C3;CSRP3;CCND1;ERBB3;ERBB2;P2RY1;DVL2;RSPO1;FZD7;VEGFB;AXIN2;CCNA2;RAP2A;MAVS;RAD50;CLDN3;BIRC5;EPHA1;GAS6;MET
GO_Biological_Process_2023,Protein Acylation (GO:0043543),3/37,0.9260721144930942,0.9999960968655396,0,0,0.508661072019455,0.0390667827591732,ZDHHC9;ZDHHC16;GLUL
GO_Biological_Process_2023,Regulation Of Vascular Associated Smooth Muscle Cell Proliferation (GO:1904705),3/37,0.9260721144930942,0.9999960968655396,0,0,0.508661072019455,0.0390667827591732,DNMT1;MFN2;PPARG
GO_Biological_Process_2023,Regulation Of Interleukin-6 Production (GO:0032675),12/114,0.9266379711861444,0.9999960968655396,0,0,0.67757028032151,0.0516256568996409,SETD4;XBP1;MAVS;EOLA1;WNT5A;FOXJ1;IL16;GAS6;TIRAP;RIGI;MBL2;HSPD1
GO_Biological_Process_2023,Response To Calcium Ion (GO:0051592),11/106,0.927227584339386,0.9999960968655396,0,0,0.666920614482179,0.0503900121739255,SYT5;PEF1;KCNMB1;NEDD4;WNT5A;CHP2;PPIF;CAPN3;D2HGDH;ECT2;SEC31A
GO_Biological_Process_2023,Negative Regulation Of Nucleic Acid-Templated Transcription (GO:1903507),57/456,0.9288209637180046,0.9999960968655396,0,0,0.8208984663938064,0.0606145501497421,CREBZF;SUV39H2;CIITA;KDM8;CBY1;ZC3H8;AHR;FOXM1;HHEX;SALL1;HEY1;BCL7A;SOX18;CAPN3;EID2B;MEN1;RBFOX2;ZHX3;PARP1;PRMT2;WNT5A;ZBTB33;PROX1;SFPQ;LANCL2;BIRC5;XCL1;PPARG;GAS6;CRYAB;KHDRBS1;CEBPA;HDAC2;HDAC3;CIPC;RBBP4;CCDC85B;DMAP1;SNX6;HEXIM1;XRCC6;CBX5;ZBTB14;XRCC5;WWP1;NR2F2;NR0B2;SMARCA2;TBX3;PER2;MLXIPL;CENPF;DAP;TFAP4;NMNAT1;RBAK;GZF1
GO_Biological_Process_2023,Regulation Of Phosphatidylinositol 3-Kinase Signaling (GO:0014066),9/90,0.9296606399131798,0.9999960968655396,0,0,0.6400679117147708,0.0466837773442698,SLC9A3R1;HAX1;ERBB3;NEDD4;KIT;IL18;FN1;PLXNB1;STAMBP
GO_Biological_Process_2023,Cellular Response To Peptide (GO:1901653),5/56,0.9311684101876762,0.9999960968655396,0,0,0.5649971076935352,0.0402928401213724,XBP1;DDX11;ATP1A3;CD36;SNX6
GO_Biological_Process_2023,Regulation Of Cation Channel Activity (GO:2001257),5/56,0.9311684101876762,0.9999960968655396,0,0,0.5649971076935352,0.0402928401213724,S100G;KCNE1;KCNS2;HRC;FGF11
GO_Biological_Process_2023,Negative Regulation Of Hydrolase Activity (GO:0051346),4/47,0.9313256361009172,0.9999960968655396,0,0,0.5361608198659834,0.0381458545774853,FICD;RDX;NEIL1;SERPINA5
GO_Biological_Process_2023,Response To Organonitrogen Compound (GO:0010243),4/47,0.9313256361009172,0.9999960968655396,0,0,0.5361608198659834,0.0381458545774853,GLRA2;XBP1;NR1H4;RNF5
GO_Biological_Process_2023,Negative Regulation Of Apoptotic Signaling Pathway (GO:2001234),8/82,0.9317170855116956,0.9999960968655396,0,0,0.622814260288802,0.0440492029130373,ACVR1;ASAH2;CSNK2A1;MPV17L;PPIF;SLC25A31;TMEM14A;MEN1
GO_Biological_Process_2023,Positive Regulation Of Protein Modification Process (GO:0031401),26/225,0.9318660141456344,0.9999960968655396,0,0,0.7517471235961227,0.0530479651446578,CDCA2;HDAC3;FBH1;BRAT1;CDCA8;AURKB;CAMKK2;C3;CCND1;ERBB2;P2RY1;DVL2;FAM47E;RSPO1;VEGFB;AXIN2;SLC51B;DYNLL1;SVIP;CCNA2;RAP2A;MAVS;CLDN3;FAM161A;BIRC5;GAS6
GO_Biological_Process_2023,Negative Regulation Of Cell Migration (GO:0030336),18/163,0.9321473242242309,0.9999960968655396,0,0,0.7145964483698205,0.050210693249975,KANK1;HDAC2;ZMYND8;DYNLL1;SAP30;BST2;SHH;RAP2A;COL3A1;CLDN3;RBBP4;BRMS1L;NF2;EPHA1;PHLDB2;OGT;ARPIN;NODAL
GO_Biological_Process_2023,Negative Regulation Of Translation (GO:0017148),11/107,0.9322636332446644,0.9999960968655396,0,0,0.6599345905538566,0.0462875719705166,GRB7;METTL14;CSNK2A1;IFRD2;SHMT1;METTL3;EIF4EBP2;NHLRC1;PARP16;METTL16;RBM24
GO_Biological_Process_2023,Regulation Of Cell-Matrix Adhesion (GO:0001952),6/65,0.9324432344602344,0.9999960968655396,0,0,0.585987627348619,0.0409880788499818,CSF1;PLAU;EMP2;CD36;NF2;EPHA1
GO_Biological_Process_2023,Cellular Response To Osmotic Stress (GO:0071470),2/28,0.9334613338742986,0.9999960968655396,0,0,0.4435063581405045,0.0305379573550824,MLST8;CAPN3
GO_Biological_Process_2023,Glycosaminoglycan Metabolic Process (GO:0030203),2/28,0.9334613338742986,0.9999960968655396,0,0,0.4435063581405045,0.0305379573550824,HS3ST3B1;B4GALT7
GO_Biological_Process_2023,Mucosal Immune Response (GO:0002385),2/28,0.9334613338742986,0.9999960968655396,0,0,0.4435063581405045,0.0305379573550824,H2BC21;RAB17
GO_Biological_Process_2023,Negative Regulation Of Cation Channel Activity (GO:2001258),2/28,0.9334613338742986,0.9999960968655396,0,0,0.4435063581405045,0.0305379573550824,GSTM2;KCNE3
GO_Biological_Process_2023,Negative Regulation Of Wound Healing (GO:0061045),2/28,0.9334613338742986,0.9999960968655396,0,0,0.4435063581405045,0.0305379573550824,CLDN3;PHLDB2
GO_Biological_Process_2023,Positive Regulation Of Nitric Oxide Metabolic Process (GO:1904407),2/28,0.9334613338742986,0.9999960968655396,0,0,0.4435063581405045,0.0305379573550824,DDAH1;CD36
GO_Biological_Process_2023,Protein Depolymerization (GO:0051261),2/28,0.9334613338742986,0.9999960968655396,0,0,0.4435063581405045,0.0305379573550824,KIF18B;STMN1
GO_Biological_Process_2023,Regulation Of Nitric-Oxide Synthase Activity (GO:0050999),2/28,0.9334613338742986,0.9999960968655396,0,0,0.4435063581405045,0.0305379573550824,TERT;DDAH1
GO_Biological_Process_2023,Regulation Of Protein Localization To Membrane (GO:1905475),2/28,0.9334613338742986,0.9999960968655396,0,0,0.4435063581405045,0.0305379573550824,SIRT6;PDZK1
GO_Biological_Process_2023,Regulation Of Protein Transport (GO:0051223),2/28,0.9334613338742986,0.9999960968655396,0,0,0.4435063581405045,0.0305379573550824,DNAJA1;SIRT6
GO_Biological_Process_2023,Rac Protein Signal Transduction (GO:0016601),1/17,0.9339960669429532,0.9999960968655396,0,0,0.3604385370809346,0.0246118432780325,HACD3
GO_Biological_Process_2023,T Cell Migration (GO:0072678),1/17,0.9339960669429532,0.9999960968655396,0,0,0.3604385370809346,0.0246118432780325,CXCL11
GO_Biological_Process_2023,Amyloid Precursor Protein Metabolic Process (GO:0042982),1/17,0.9339960669429532,0.9999960968655396,0,0,0.3604385370809346,0.0246118432780325,BACE1
GO_Biological_Process_2023,Cellular Response To Unfolded Protein (GO:0034620),1/17,0.9339960669429532,0.9999960968655396,0,0,0.3604385370809346,0.0246118432780325,HSPD1
GO_Biological_Process_2023,Detection Of Visible Light (GO:0009584),1/17,0.9339960669429532,0.9999960968655396,0,0,0.3604385370809346,0.0246118432780325,GNAT2
GO_Biological_Process_2023,Embryo Development Ending In Birth Or Egg Hatching (GO:0009792),1/17,0.9339960669429532,0.9999960968655396,0,0,0.3604385370809346,0.0246118432780325,NR5A2
GO_Biological_Process_2023,Embryonic Heart Tube Development (GO:0035050),1/17,0.9339960669429532,0.9999960968655396,0,0,0.3604385370809346,0.0246118432780325,SOX18
GO_Biological_Process_2023,Filopodium Assembly (GO:0046847),1/17,0.9339960669429532,0.9999960968655396,0,0,0.3604385370809346,0.0246118432780325,RAB17
GO_Biological_Process_2023,Membrane Lipid Metabolic Process (GO:0006643),1/17,0.9339960669429532,0.9999960968655396,0,0,0.3604385370809346,0.0246118432780325,AGMO
GO_Biological_Process_2023,Mesenchyme Development (GO:0060485),1/17,0.9339960669429532,0.9999960968655396,0,0,0.3604385370809346,0.0246118432780325,SOX4
GO_Biological_Process_2023,Muscle Tissue Morphogenesis (GO:0060415),1/17,0.9339960669429532,0.9999960968655396,0,0,0.3604385370809346,0.0246118432780325,PROX1
GO_Biological_Process_2023,Myeloid Cell Activation Involved In Immune Response (GO:0002275),1/17,0.9339960669429532,0.9999960968655396,0,0,0.3604385370809346,0.0246118432780325,IFI35
GO_Biological_Process_2023,Negative Regulation Of Calcium Ion Transport (GO:0051926),1/17,0.9339960669429532,0.9999960968655396,0,0,0.3604385370809346,0.0246118432780325,PACSIN3
GO_Biological_Process_2023,Negative Regulation Of Fibroblast Proliferation (GO:0048147),1/17,0.9339960669429532,0.9999960968655396,0,0,0.3604385370809346,0.0246118432780325,TRIM32
GO_Biological_Process_2023,Negative Regulation Of Leukocyte Activation (GO:0002695),1/17,0.9339960669429532,0.9999960968655396,0,0,0.3604385370809346,0.0246118432780325,FN1
GO_Biological_Process_2023,Negative Regulation Of Vascular Associated Smooth Muscle Cell Proliferation (GO:1904706),1/17,0.9339960669429532,0.9999960968655396,0,0,0.3604385370809346,0.0246118432780325,PPARG
GO_Biological_Process_2023,Positive Regulation Of Cell Cycle Phase Transition (GO:1901989),1/17,0.9339960669429532,0.9999960968655396,0,0,0.3604385370809346,0.0246118432780325,DYRK3
GO_Biological_Process_2023,Positive Regulation Of Glial Cell Differentiation (GO:0045687),1/17,0.9339960669429532,0.9999960968655396,0,0,0.3604385370809346,0.0246118432780325,DICER1
GO_Biological_Process_2023,Positive Regulation Of Leukocyte Proliferation (GO:0070665),1/17,0.9339960669429532,0.9999960968655396,0,0,0.3604385370809346,0.0246118432780325,CSF1
GO_Biological_Process_2023,Positive Regulation Of Nitric-Oxide Synthase Activity (GO:0051000),1/17,0.9339960669429532,0.9999960968655396,0,0,0.3604385370809346,0.0246118432780325,TERT
GO_Biological_Process_2023,Positive Regulation Of Potassium Ion Transmembrane Transport (GO:1901381),1/17,0.9339960669429532,0.9999960968655396,0,0,0.3604385370809346,0.0246118432780325,KCNE1
GO_Biological_Process_2023,Positive Regulation Of Regulatory T Cell Differentiation (GO:0045591),1/17,0.9339960669429532,0.9999960968655396,0,0,0.3604385370809346,0.0246118432780325,KLHL25
GO_Biological_Process_2023,Positive Regulation Of Transcription From RNA Polymerase II Promoter In Response To Stress (GO:0036003),1/17,0.9339960669429532,0.9999960968655396,0,0,0.3604385370809346,0.0246118432780325,ATF6B
GO_Biological_Process_2023,Protein Localization To Centrosome (GO:0071539),1/17,0.9339960669429532,0.9999960968655396,0,0,0.3604385370809346,0.0246118432780325,CEP131
GO_Biological_Process_2023,Regulation Of Cartilage Development (GO:0061035),1/17,0.9339960669429532,0.9999960968655396,0,0,0.3604385370809346,0.0246118432780325,TAPT1
GO_Biological_Process_2023,Regulation Of Inflammatory Response To Antigenic Stimulus (GO:0002861),1/17,0.9339960669429532,0.9999960968655396,0,0,0.3604385370809346,0.0246118432780325,MKRN2
GO_Biological_Process_2023,Regulation Of Receptor Signaling Pathway Via STAT (GO:1904892),1/17,0.9339960669429532,0.9999960968655396,0,0,0.3604385370809346,0.0246118432780325,PPARG
GO_Biological_Process_2023,Regulation Of Vacuole Organization (GO:0044088),1/17,0.9339960669429532,0.9999960968655396,0,0,0.3604385370809346,0.0246118432780325,RNF186
GO_Biological_Process_2023,Response To Acidic pH (GO:0010447),1/17,0.9339960669429532,0.9999960968655396,0,0,0.3604385370809346,0.0246118432780325,PKD2L1
GO_Biological_Process_2023,Transcription By RNA Polymerase I (GO:0006360),1/17,0.9339960669429532,0.9999960968655396,0,0,0.3604385370809346,0.0246118432780325,POLR2F
GO_Biological_Process_2023,Negative Regulation Of Epithelial Cell Apoptotic Process (GO:1904036),3/38,0.9340523257590568,0.9999960968655396,0,0,0.494098852689161,0.0337088166079204,RAMP2;GAS6;MEN1
GO_Biological_Process_2023,Positive Regulation Of Cation Channel Activity (GO:2001259),3/38,0.9340523257590568,0.9999960968655396,0,0,0.494098852689161,0.0337088166079204,GSTM2;AKAP5;CASQ1
GO_Biological_Process_2023,Positive Regulation Of Production Of Molecular Mediator Of Immune Response (GO:0002702),3/38,0.9340523257590568,0.9999960968655396,0,0,0.494098852689161,0.0337088166079204,XBP1;WNT5A;XCL1
GO_Biological_Process_2023,Positive Regulation Of Protein Tyrosine Kinase Activity (GO:0061098),3/38,0.9340523257590568,0.9999960968655396,0,0,0.494098852689161,0.0337088166079204,ERBB3;DLG3;GAS6
GO_Biological_Process_2023,Response To Transforming Growth Factor Beta (GO:0071559),3/38,0.9340523257590568,0.9999960968655396,0,0,0.494098852689161,0.0337088166079204,CLEC3B;WNT5A;XCL1
GO_Biological_Process_2023,Signal Release From Synapse (GO:0099643),3/38,0.9340523257590568,0.9999960968655396,0,0,0.494098852689161,0.0337088166079204,RAB3A;PDZD11;LIN7A
GO_Biological_Process_2023,Lymphocyte Differentiation (GO:0030098),9/91,0.9349257282881608,0.9999960968655396,0,0,0.6322249368503872,0.0425412703044437,DCAF1;DLL4;HHEX;CR2;KIT;CEBPG;BLNK;SOX4;AICDA
GO_Biological_Process_2023,Enzyme-Linked Receptor Protein Signaling Pathway (GO:0007167),13/124,0.9356484827440876,0.9999960968655396,0,0,0.6743891119953683,0.0448572788488407,GUCY2D;CSF1;NPR2;GUCA1B;LIFR;PTK6;PTPRF;MTSS1;ERBB3;ERBB2;CD7;BLNK;MET
GO_Biological_Process_2023,Positive Regulation Of GTPase Activity (GO:0043547),27/234,0.9363175335533056,0.9999960968655396,0,0,0.7503899229066711,0.0493761182564372,BCAR3;DOCK9;ASAP3;SYDE2;ARHGAP42;ERBB2;TBC1D13;RAB11FIP2;ECT2;TBC1D16;APC2;CCL24;ARHGEF15;GRTP1;ARHGEF19;ARHGAP29;FOXJ1;MTSS2;SGSM1;TBC1D2;TBC1D7;XCL1;RGL3;PRTN3;PLXNB1;EPHA1;NGEF
GO_Biological_Process_2023,Regulation Of Epithelial To Mesenchymal Transition (GO:0010717),8/83,0.937069315268124,0.9999960968655396,0,0,0.6144738628649016,0.039939586726138,FOXA1;PHLDB1;SDHAF2;APLF;AXIN2;PHLDB2;BCL9L;FOXA2
GO_Biological_Process_2023,Endosome To Lysosome Transport (GO:0008333),5/57,0.9375088421104362,0.9999960968655396,0,0,0.5540991731225708,0.035755515188373,DTX3L;TGFBRAP1;EPG5;VIPAS39;RILP
GO_Biological_Process_2023,Membrane Lipid Biosynthetic Process (GO:0046467),5/57,0.9375088421104362,0.9999960968655396,0,0,0.5540991731225708,0.035755515188373,PRKD3;SPNS2;ELOVL6;KDSR;HACD3
GO_Biological_Process_2023,Cellular Defense Response (GO:0006968),4/48,0.938133551551474,0.9999960968655396,0,0,0.523944530046225,0.0334606491189484,CXCL9;FCMR;RAB23;CCR5
GO_Biological_Process_2023,Positive Regulation Of Reactive Oxygen Species Metabolic Process (GO:2000379),4/48,0.938133551551474,0.9999960968655396,0,0,0.523944530046225,0.0334606491189484,CRP;CBR1;SORD;CD36
GO_Biological_Process_2023,Regulation Of Organelle Organization (GO:0033043),10/100,0.9381944772836366,0.9999960968655396,0,0,0.6399456521739131,0.0408272652650004,LMAN1;MAVS;RUVBL2;RUVBL1;RDX;PDE4DIP;PLXNB1;MIEF2;CPLANE2;NF2
GO_Biological_Process_2023,Cellular Response To Type II Interferon (GO:0071346),6/66,0.9383056623169062,0.9999960968655396,0,0,0.5761872455902307,0.0366913255291027,CCL24;STAT1;WNT5A;XCL1;TYK2;SLC26A6
GO_Biological_Process_2023,Peptidyl-Threonine Modification (GO:0018210),6/66,0.9383056623169062,0.9999960968655396,0,0,0.5761872455902307,0.0366913255291027,DYRK4;DYRK3;SBK1;CSNK2A1;CAD;CDK1
GO_Biological_Process_2023,B Cell Activation (GO:0042113),9/92,0.9398443976380326,0.9999960968655396,0,0,0.6245709493321333,0.0387489761932044,DCAF1;HHEX;CR2;CHRNA4;KIT;CEBPG;BLNK;AICDA;HSPD1
GO_Biological_Process_2023,Positive Regulation Of Neurogenesis (GO:0050769),7/75,0.9399354490694964,0.9999960968655396,0,0,0.5930557496157608,0.0367362911847913,PLXND1;MME;LIG4;PLXNB2;PLXNB1;TRIM32;PLXNA3
GO_Biological_Process_2023,Protein Modification By Small Protein Conjugation (GO:0032446),44/364,0.9400934924587792,0.9999960968655396,0,0,0.7903178694158075,0.0488226360797834,DET1;FBH1;RNF14;UBA5;COPS7B;DCUN1D2;ASB11;RNF6;KLHL13;ANKRD9;RNF135;UFL1;TRIM7;UBD;TMEM129;TRIM24;TRIM21;RNF152;FBXO9;ATG3;RNF43;SHPRH;KLHL25;UBE2C;RNF25;PLK1;WWP1;FBXL15;CHFR;TRAIP;KLHL20;KLHL9;SPSB2;RNF227;NEDD4;KCTD13;MKRN2;UBA3;TRIM14;RNF181;LZTR1;ASB2;TRIM32;SPSB4
GO_Biological_Process_2023,Negative Regulation Of Cell Population Proliferation (GO:0008285),46/379,0.9402087178214322,0.9999960968655396,0,0,0.7939142719060188,0.0489475047476141,BTG4;KANK2;CEBPA;PINX1;IFI35;DLL1;DLL4;DNAJB2;SLC9A3R1;RBBP4;CLMN;CCN6;MFN2;WDR6;UTP20;GET1;SOX4;MEN1;CDKN2C;WNT5A;PROX1;INHBA;AXIN2;DYNLL1;SMARCA2;MTSS1;TBX3;PER2;FABP3;CLDN3;TFAP4;TFDP1;DLG3;DDAH1;FABP7;COL4A3;AQP11;PPARG;PLXNB1;NF2;B4GALT7;TRIM32;NODAL;GAS8;HSPA1B;CDKN3
GO_Biological_Process_2023,Anterograde Axonal Transport (GO:0008089),3/39,0.94123061626861,0.9999960968655396,0,0,0.4803456455438834,0.0290931397152279,AP3M1;BLOC1S5;BLOC1S6
GO_Biological_Process_2023,Axonal Transport (GO:0098930),3/39,0.94123061626861,0.9999960968655396,0,0,0.4803456455438834,0.0290931397152279,AP3M1;BLOC1S5;BLOC1S6
GO_Biological_Process_2023,Neuron Projection Extension (GO:1990138),3/39,0.94123061626861,0.9999960968655396,0,0,0.4803456455438834,0.0290931397152279,NRN1;SSNA1;SLC39A12
GO_Biological_Process_2023,Odontogenesis (GO:0042476),3/39,0.94123061626861,0.9999960968655396,0,0,0.4803456455438834,0.0290931397152279,HDAC2;AXIN2;INHBA
GO_Biological_Process_2023,Organelle Transport Along Microtubule (GO:0072384),3/39,0.94123061626861,0.9999960968655396,0,0,0.4803456455438834,0.0290931397152279,NDE1;BICD2;LRPPRC
GO_Biological_Process_2023,Regulation Of Protein Targeting To Mitochondrion (GO:1903214),3/39,0.94123061626861,0.9999960968655396,0,0,0.4803456455438834,0.0290931397152279,LMAN1;SREBF1;HAX1
GO_Biological_Process_2023,Vesicle Cytoskeletal Trafficking (GO:0099518),3/39,0.94123061626861,0.9999960968655396,0,0,0.4803456455438834,0.0290931397152279,NDE1;MYO19;PPFIA2
GO_Biological_Process_2023,JNK Cascade (GO:0007254),2/29,0.9416203780776708,0.9999960968655396,0,0,0.4270551038843722,0.0256886803842262,MAP3K13;MAP4K3
GO_Biological_Process_2023,Chondrocyte Differentiation (GO:0002062),2/29,0.9416203780776708,0.9999960968655396,0,0,0.4270551038843722,0.0256886803842262,SNX19;WNT5B
GO_Biological_Process_2023,Heterotypic Cell-Cell Adhesion (GO:0034113),2/29,0.9416203780776708,0.9999960968655396,0,0,0.4270551038843722,0.0256886803842262,DSG2;DSC2
GO_Biological_Process_2023,Morphogenesis Of An Epithelium (GO:0002009),2/29,0.9416203780776708,0.9999960968655396,0,0,0.4270551038843722,0.0256886803842262,SLC9A3R1;TRAF3IP1
GO_Biological_Process_2023,Peptidyl-Tyrosine Dephosphorylation (GO:0035335),2/29,0.9416203780776708,0.9999960968655396,0,0,0.4270551038843722,0.0256886803842262,PTPRF;DUSP7
GO_Biological_Process_2023,Positive Regulation Of B Cell Proliferation (GO:0030890),2/29,0.9416203780776708,0.9999960968655396,0,0,0.4270551038843722,0.0256886803842262,IL7;TIRAP
GO_Biological_Process_2023,Positive Regulation Of Calcium Ion Transport (GO:0051928),2/29,0.9416203780776708,0.9999960968655396,0,0,0.4270551038843722,0.0256886803842262,CXCL12;ATP2A1
GO_Biological_Process_2023,Positive Regulation Of Neural Precursor Cell Proliferation (GO:2000179),2/29,0.9416203780776708,0.9999960968655396,0,0,0.4270551038843722,0.0256886803842262,DLL4;PROX1
GO_Biological_Process_2023,Protein K11-linked Ubiquitination (GO:0070979),2/29,0.9416203780776708,0.9999960968655396,0,0,0.4270551038843722,0.0256886803842262,UBE2C;UBE2T
GO_Biological_Process_2023,Regulation Of Blood Coagulation (GO:0030193),2/29,0.9416203780776708,0.9999960968655396,0,0,0.4270551038843722,0.0256886803842262,PLAU;FOXA2
GO_Biological_Process_2023,Regulation Of Developmental Growth (GO:0048638),2/29,0.9416203780776708,0.9999960968655396,0,0,0.4270551038843722,0.0256886803842262,GHR;DLL1
GO_Biological_Process_2023,Regulation Of Voltage-Gated Calcium Channel Activity (GO:1901385),2/29,0.9416203780776708,0.9999960968655396,0,0,0.4270551038843722,0.0256886803842262,S100G;AKAP5
GO_Biological_Process_2023,Golgi Vesicle Transport (GO:0048193),22/197,0.9418056516459948,0.9999960968655396,0,0,0.723371662443968,0.0433707175513796,TRAPPC2;STX17;PEF1;BICD2;YIF1B;LMAN1;RINT1;RABIF;TFG;TMED3;TRAPPC12;BNIP1;YIPF7;RANGRF;HYOU1;GOPC;TRAPPC13;ERGIC2;SEC22A;SEC24C;ARF5;SEC31A
GO_Biological_Process_2023,Regulation Of Angiogenesis (GO:0045765),23/205,0.9424595204997424,0.9999960968655396,0,0,0.7271118509603668,0.043090327664852,XBP1;RAMP2;OR10J5;PLXND1;STAT1;CD160;WNT5A;PDE3B;GDF2;VEGFB;VASH2;EMP2;HHEX;AGO1;CCN6;COL4A3;ERBB2;ANGPTL3;PPARG;EPHA1;GLUL;NODAL;GTF2I
GO_Biological_Process_2023,Visual Perception (GO:0007601),10/101,0.9427201729385636,0.9999960968655396,0,0,0.6328759555661729,0.0373306829591995,RD3;CRYGS;S100G;COL2A1;GNAT2;RDH10;OPA3;GUCA1B;RABGGTA;IMPG2
GO_Biological_Process_2023,Eye Development (GO:0001654),5/58,0.9433194658288032,0.9999960968655396,0,0,0.5436124813656052,0.0317199392248712,MEIS1;SLC39A5;ZDHHC16;TSKU;STRA6
GO_Biological_Process_2023,Memory (GO:0007613),5/58,0.9433194658288032,0.9999960968655396,0,0,0.5436124813656052,0.0317199392248712,TAFA2;EIF4EBP2;SLC2A4;VLDLR;NFATC4
GO_Biological_Process_2023,Protein Secretion (GO:0009306),6/67,0.9437105676404872,0.9999960968655396,0,0,0.5667081878239206,0.0328326706503847,RAB3A;SNX19;TANGO2;MON1A;MEN1;PDIA4
GO_Biological_Process_2023,Associative Learning (GO:0008306),1/18,0.943752860540328,0.9999960968655396,0,0,0.3392163502719069,0.0196375558865324,TAFA2
GO_Biological_Process_2023,Autophagy Of Nucleus (GO:0044804),1/18,0.943752860540328,0.9999960968655396,0,0,0.3392163502719069,0.0196375558865324,ATG3
GO_Biological_Process_2023,Establishment Of Vesicle Localization (GO:0051650),1/18,0.943752860540328,0.9999960968655396,0,0,0.3392163502719069,0.0196375558865324,TMEM230
GO_Biological_Process_2023,Excitatory Postsynaptic Potential (GO:0060079),1/18,0.943752860540328,0.9999960968655396,0,0,0.3392163502719069,0.0196375558865324,FOXM1
GO_Biological_Process_2023,Glycerolipid Catabolic Process (GO:0046503),1/18,0.943752860540328,0.9999960968655396,0,0,0.3392163502719069,0.0196375558865324,PNPLA6
GO_Biological_Process_2023,Intracellular Sodium Ion Homeostasis (GO:0006883),1/18,0.943752860540328,0.9999960968655396,0,0,0.3392163502719069,0.0196375558865324,ATP1A3
GO_Biological_Process_2023,Maintenance Of Gastrointestinal Epithelium (GO:0030277),1/18,0.943752860540328,0.9999960968655396,0,0,0.3392163502719069,0.0196375558865324,TFF2
GO_Biological_Process_2023,Maintenance Of Protein Localization In Organelle (GO:0072595),1/18,0.943752860540328,0.9999960968655396,0,0,0.3392163502719069,0.0196375558865324,SUPT7L
GO_Biological_Process_2023,Maintenance Of Protein Location In Nucleus (GO:0051457),1/18,0.943752860540328,0.9999960968655396,0,0,0.3392163502719069,0.0196375558865324,SUPT7L
GO_Biological_Process_2023,Mesenchyme Morphogenesis (GO:0072132),1/18,0.943752860540328,0.9999960968655396,0,0,0.3392163502719069,0.0196375558865324,HEY1
GO_Biological_Process_2023,Negative Regulation Of ERBB Signaling Pathway (GO:1901185),1/18,0.943752860540328,0.9999960968655396,0,0,0.3392163502719069,0.0196375558865324,PTPN3
GO_Biological_Process_2023,Negative Regulation Of Lipid Catabolic Process (GO:0050995),1/18,0.943752860540328,0.9999960968655396,0,0,0.3392163502719069,0.0196375558865324,PDE3B
GO_Biological_Process_2023,Negative Regulation Of Nervous System Development (GO:0051961),1/18,0.943752860540328,0.9999960968655396,0,0,0.3392163502719069,0.0196375558865324,ELAPOR2
GO_Biological_Process_2023,Negative Regulation Of Signal Transduction By P53 Class Mediator (GO:1901797),1/18,0.943752860540328,0.9999960968655396,0,0,0.3392163502719069,0.0196375558865324,SNAI2
GO_Biological_Process_2023,Neuromuscular Synaptic Transmission (GO:0007274),1/18,0.943752860540328,0.9999960968655396,0,0,0.3392163502719069,0.0196375558865324,SLC5A7
GO_Biological_Process_2023,Peptide Antigen Assembly With MHC Protein Complex (GO:0002501),1/18,0.943752860540328,0.9999960968655396,0,0,0.3392163502719069,0.0196375558865324,TAPBPL
GO_Biological_Process_2023,Positive Regulation Of CREB Transcription Factor Activity (GO:0032793),1/18,0.943752860540328,0.9999960968655396,0,0,0.3392163502719069,0.0196375558865324,CRTC1
GO_Biological_Process_2023,Positive Regulation Of Cytokine Production Involved In Inflammatory Response (GO:1900017),1/18,0.943752860540328,0.9999960968655396,0,0,0.3392163502719069,0.0196375558865324,TICAM1
GO_Biological_Process_2023,Positive Regulation Of Epidermal Cell Differentiation (GO:0045606),1/18,0.943752860540328,0.9999960968655396,0,0,0.3392163502719069,0.0196375558865324,NUMA1
GO_Biological_Process_2023,Positive Regulation Of Macrophage Migration (GO:1905523),1/18,0.943752860540328,0.9999960968655396,0,0,0.3392163502719069,0.0196375558865324,CSF1
GO_Biological_Process_2023,Positive Regulation Of Osteoclast Differentiation (GO:0045672),1/18,0.943752860540328,0.9999960968655396,0,0,0.3392163502719069,0.0196375558865324,CSF1
GO_Biological_Process_2023,Positive Regulation Of Phosphoprotein Phosphatase Activity (GO:0032516),1/18,0.943752860540328,0.9999960968655396,0,0,0.3392163502719069,0.0196375558865324,PPP1R15B
GO_Biological_Process_2023,Positive Regulation Of Response To Endoplasmic Reticulum Stress (GO:1905898),1/18,0.943752860540328,0.9999960968655396,0,0,0.3392163502719069,0.0196375558865324,XBP1
GO_Biological_Process_2023,Positive Regulation Of Stress-Activated Protein Kinase Signaling Cascade (GO:0070304),1/18,0.943752860540328,0.9999960968655396,0,0,0.3392163502719069,0.0196375558865324,RNF13
GO_Biological_Process_2023,Positive Regulation Of Triglyceride Metabolic Process (GO:0090208),1/18,0.943752860540328,0.9999960968655396,0,0,0.3392163502719069,0.0196375558865324,SREBF1
GO_Biological_Process_2023,Regulation Of RIG-I Signaling Pathway (GO:0039535),1/18,0.943752860540328,0.9999960968655396,0,0,0.3392163502719069,0.0196375558865324,SEC14L1
GO_Biological_Process_2023,Regulation Of T Cell Cytokine Production (GO:0002724),1/18,0.943752860540328,0.9999960968655396,0,0,0.3392163502719069,0.0196375558865324,XCL1
GO_Biological_Process_2023,Regulation Of cAMP-mediated Signaling (GO:0043949),1/18,0.943752860540328,0.9999960968655396,0,0,0.3392163502719069,0.0196375558865324,PDE3B
GO_Biological_Process_2023,Regulation Of Epidermal Cell Differentiation (GO:0045604),1/18,0.943752860540328,0.9999960968655396,0,0,0.3392163502719069,0.0196375558865324,DLL1
GO_Biological_Process_2023,Regulation Of Epithelial Cell Differentiation (GO:0030856),1/18,0.943752860540328,0.9999960968655396,0,0,0.3392163502719069,0.0196375558865324,DLL1
GO_Biological_Process_2023,Regulation Of Nervous System Process (GO:0031644),1/18,0.943752860540328,0.9999960968655396,0,0,0.3392163502719069,0.0196375558865324,NPTX1
GO_Biological_Process_2023,Regulation Of Oligodendrocyte Differentiation (GO:0048713),1/18,0.943752860540328,0.9999960968655396,0,0,0.3392163502719069,0.0196375558865324,TMEM98
GO_Biological_Process_2023,Regulation Of Oxidative Stress-Induced Intrinsic Apoptotic Signaling Pathway (GO:1902175),1/18,0.943752860540328,0.9999960968655396,0,0,0.3392163502719069,0.0196375558865324,SFPQ
GO_Biological_Process_2023,Response To Axon Injury (GO:0048678),1/18,0.943752860540328,0.9999960968655396,0,0,0.3392163502719069,0.0196375558865324,NREP
GO_Biological_Process_2023,Response To Ethanol (GO:0045471),1/18,0.943752860540328,0.9999960968655396,0,0,0.3392163502719069,0.0196375558865324,GLRA2
GO_Biological_Process_2023,Vesicle Transport Along Actin Filament (GO:0030050),1/18,0.943752860540328,0.9999960968655396,0,0,0.3392163502719069,0.0196375558865324,MYO19
GO_Biological_Process_2023,Vesicle-Mediated Transport In Synapse (GO:0099003),1/18,0.943752860540328,0.9999960968655396,0,0,0.3392163502719069,0.0196375558865324,RAB3A
GO_Biological_Process_2023,Organelle Organization (GO:0006996),51/418,0.9442140816411644,0.9999960968655396,0,0,0.7984120533019962,0.0458307338349988,ABCD2;DYRK3;NUMA1;UBXN2B;MAST3;SNX11;TMED3;TRAPPC12;MLST8;ABCD1;CEP55;PRKCI;PARP1;TANGO2;SIRT4;PLAAT1;SIRT5;LIG4;PLAAT3;BCS1L;RAB32;PEX7;HAX1;WDR81;FAM161A;NOA1;FAM161B;AJUBA;PPID;STX17;CDCA8;FITM1;MIEF2;PRDX3;LMAN1;SLC9A3R1;TERT;MSTO1;BNIP1;PACSIN3;SEC31B;SEC31A;CCL24;PTCD2;PEX10;PEX12;KLHL20;SEC23IP;DES;PNPLA3;CEP89
GO_Biological_Process_2023,Autophagy Of Mitochondrion (GO:0000422),4/49,0.9443216358562584,0.9999960968655396,0,0,0.5122711864406779,0.0293472247700477,ATG3;SPATA33;FBXL4;OGT
GO_Biological_Process_2023,Nuclear Export (GO:0051168),4/49,0.9443216358562584,0.9999960968655396,0,0,0.5122711864406779,0.0293472247700477,XPO1;NUP155;STRADB;RANBP17
GO_Biological_Process_2023,Positive Regulation Of Nervous System Development (GO:0051962),4/49,0.9443216358562584,0.9999960968655396,0,0,0.5122711864406779,0.0293472247700477,MME;LIG4;TRIM32;EPHB3
GO_Biological_Process_2023,Positive Regulation Of Cellular Component Biogenesis (GO:0044089),9/93,0.9444345915580288,0.9999960968655396,0,0,0.617099199611933,0.0352788493329354,CLDN3;CDK2;TPPP;BID;MTLN;FNIP2;MTSS1;TIRAP;CRB3
GO_Biological_Process_2023,Regulation Of Peptidyl-Serine Phosphorylation (GO:0033135),9/93,0.9444345915580288,0.9999960968655396,0,0,0.617099199611933,0.0352788493329354,BCAR3;MLXIPL;HAX1;HRC;TNKS1BP1;CREBL2;GPD1L;GAS6;FNIP2
GO_Biological_Process_2023,Intracellular Monoatomic Cation Homeostasis (GO:0030003),21/190,0.9444769810184934,0.9999960968655396,0,0,0.7150160285831297,0.040844549835581,SLC46A1;SLC30A5;IREB2;GDF2;RMDN3;ATP1A3;ATP2A1;CYB561A3;SLC39A12;TMEM165;TMEM199;ANKRD9;CSRP3;CXCL12;ATP7B;SLC39A9;DHRS7C;RGN;SLC39A5;HAMP;ELANE
GO_Biological_Process_2023,Regulation Of Protein Binding (GO:0043393),12/118,0.9446164780240842,0.9999960968655396,0,0,0.6518476713312725,0.0371398536308,DNAJB2;TERT;DTX3L;NVL;DDX11;PLK1;MITD1;TRIM21;GAS8;AURKB;PSME3IP1;AURKA
GO_Biological_Process_2023,Adenylate Cyclase-Activating G Protein-Coupled Receptor Signaling Pathway (GO:0007189),11/110,0.9456111632104982,0.9999960968655396,0,0,0.6398233095480802,0.0357813680573119,GLP1R;CXCL11;CXCL9;RAMP2;ADCY9;ADGRF1;ADRB3;TBXA2R;ADRA1B;ADRA2B;ADGRL2
GO_Biological_Process_2023,Sensory Perception Of Light Stimulus (GO:0050953),10/102,0.946953533684588,0.9999960968655396,0,0,0.6259599480151229,0.034118105872013,RD3;CRYGS;S100G;COL2A1;GNAT2;RDH10;OPA3;GUCA1B;RABGGTA;IMPG2
GO_Biological_Process_2023,Cellular Response To Heat (GO:0034605),3/40,0.9476783288539012,0.9999960968655396,0,0,0.4673358550010532,0.0251146988839324,ATXN3;HIKESHI;HSPA1B
GO_Biological_Process_2023,Negative Regulation Of Cell-Cell Adhesion (GO:0022408),3/40,0.9476783288539012,0.9999960968655396,0,0,0.4673358550010532,0.0251146988839324,RDX;NF2;MBL2
GO_Biological_Process_2023,Positive Regulation Of Monoatomic Ion Transport (GO:0043270),3/40,0.9476783288539012,0.9999960968655396,0,0,0.4673358550010532,0.0251146988839324,PRSS8;GPD1L;SCN4B
GO_Biological_Process_2023,Positive Regulation Of Myeloid Leukocyte Differentiation (GO:0002763),3/40,0.9476783288539012,0.9999960968655396,0,0,0.4673358550010532,0.0251146988839324,HAX1;CSF1;FADD
GO_Biological_Process_2023,Regulation Of Autophagosome Assembly (GO:2000785),3/40,0.9476783288539012,0.9999960968655396,0,0,0.4673358550010532,0.0251146988839324,PIP4K2B;TMEM39A;RNF186
GO_Biological_Process_2023,Regulation Of Protein Dephosphorylation (GO:0035304),3/40,0.9476783288539012,0.9999960968655396,0,0,0.4673358550010532,0.0251146988839324,MFHAS1;CDCA2;DYNLL1
GO_Biological_Process_2023,Regulation Of Response To External Stimulus (GO:0032101),13/127,0.9476879677019504,0.9999960968655396,0,0,0.6565257073319136,0.0352751124035175,GUCY2D;WNT5A;ERAP1;XIAP;TIRAP;ZMPSTE24;RNF135;UFL1;NLRP6;SHPK;XCL1;CD36;FOXA2
GO_Biological_Process_2023,Chordate Embryonic Development (GO:0043009),5/59,0.9486375855891072,0.9999960968655396,0,0,0.5335141855996383,0.0281313729413021,INTU;PTCH1;WNT5A;LIG4;PROX1
GO_Biological_Process_2023,Negative Regulation Of Protein-Containing Complex Assembly (GO:0031333),5/59,0.9486375855891072,0.9999960968655396,0,0,0.5335141855996383,0.0281313729413021,TRAF3IP1;CPTP;CRYAB;LCMT1;SVIP
GO_Biological_Process_2023,Cytoplasmic Translational Initiation (GO:0002183),2/30,0.9488217155577986,0.9999960968655396,0,0,0.4117789392179636,0.0216325445191185,NCBP2;DHX29
GO_Biological_Process_2023,Intrinsic Apoptotic Signaling Pathway In Response To Endoplasmic Reticulum Stress (GO:0070059),2/30,0.9488217155577986,0.9999960968655396,0,0,0.4117789392179636,0.0216325445191185,ATP2A1;RNF186
GO_Biological_Process_2023,Negative Regulation Of Blood Coagulation (GO:0030195),2/30,0.9488217155577986,0.9999960968655396,0,0,0.4117789392179636,0.0216325445191185,PLAU;F11
GO_Biological_Process_2023,Negative Regulation Of Interleukin-1 Production (GO:0032692),2/30,0.9488217155577986,0.9999960968655396,0,0,0.4117789392179636,0.0216325445191185,CPTP;GAS6
GO_Biological_Process_2023,Negative Regulation Of Myeloid Leukocyte Differentiation (GO:0002762),2/30,0.9488217155577986,0.9999960968655396,0,0,0.4117789392179636,0.0216325445191185,INHBA;TCTA
GO_Biological_Process_2023,Phospholipid Dephosphorylation (GO:0046839),2/30,0.9488217155577986,0.9999960968655396,0,0,0.4117789392179636,0.0216325445191185,INPP5B;SACM1L
GO_Biological_Process_2023,Positive Regulation Of Cell Communication (GO:0010647),2/30,0.9488217155577986,0.9999960968655396,0,0,0.4117789392179636,0.0216325445191185,RIMS4;KCTD13
GO_Biological_Process_2023,Positive Regulation Of Interleukin-10 Production (GO:0032733),2/30,0.9488217155577986,0.9999960968655396,0,0,0.4117789392179636,0.0216325445191185,XCL1;HSPD1
GO_Biological_Process_2023,Positive Regulation Of Locomotion (GO:0040017),2/30,0.9488217155577986,0.9999960968655396,0,0,0.4117789392179636,0.0216325445191185,CFAP20;TRIM32
GO_Biological_Process_2023,Regulation Of Calcium-Mediated Signaling (GO:0050848),2/30,0.9488217155577986,0.9999960968655396,0,0,0.4117789392179636,0.0216325445191185,JPT2;RGN
GO_Biological_Process_2023,Regulation Of Potassium Ion Transport (GO:0043266),2/30,0.9488217155577986,0.9999960968655396,0,0,0.4117789392179636,0.0216325445191185,KCNE1;KCNN2
GO_Biological_Process_2023,Neutrophil Migration (GO:1990266),7/77,0.9495736707040456,0.9999960968655396,0,0,0.5760434340006787,0.0298057331383939,CCL24;CXCL9;CXCL11;XCL1;EMP2;PRTN3;PPIB
GO_Biological_Process_2023,Negative Regulation Of Cell Projection Organization (GO:0031345),4/50,0.9499386307470316,0.9999960968655396,0,0,0.501105379513633,0.0257357178096668,KANK1;HDAC2;FKBP4;TSKU
GO_Biological_Process_2023,Positive Regulation Of Cell Death (GO:0010942),4/50,0.9499386307470316,0.9999960968655396,0,0,0.501105379513633,0.0257357178096668,SLC6A6;WNT5A;AXIN2;PRODH
GO_Biological_Process_2023,Positive Regulation Of Developmental Growth (GO:0048639),4/50,0.9499386307470316,0.9999960968655396,0,0,0.501105379513633,0.0257357178096668,GHR;PPIB;MAP3K13;DLL1
GO_Biological_Process_2023,Positive Regulation Of Fat Cell Differentiation (GO:0045600),4/50,0.9499386307470316,0.9999960968655396,0,0,0.501105379513633,0.0257357178096668,XBP1;SIRT6;PPARG;CREBL2
GO_Biological_Process_2023,Regulation Of Interleukin-12 Production (GO:0032655),4/50,0.9499386307470316,0.9999960968655396,0,0,0.501105379513633,0.0257357178096668,IL16;LTB;TIRAP;HSPD1
GO_Biological_Process_2023,Negative Regulation Of Intracellular Signal Transduction (GO:1902532),26/231,0.9502372745650944,0.9999960968655396,0,0,0.7294848727175797,0.0372355069654342,USP10;NPRL2;WWC1;PDE3B;UBR2;IFI35;SLC9A3R1;NUAK2;DEPTOR;TNFAIP8L1;CGNL1;EPM2A;ENDOG;STAT1;NR1H4;SORD;ESR1;DUSP7;TBC1D7;PPIF;MKRN2;PPARG;STAMBP;GPD1L;AJUBA;PPEF2
GO_Biological_Process_2023,Inositol Phosphate-Mediated Signaling (GO:0048016),1/19,0.9520677577671512,0.9999960968655396,0,0,0.3203521842194378,0.0157354021937212,NFATC4
GO_Biological_Process_2023,Negative Regulation Of RNA Splicing (GO:0033119),1/19,0.9520677577671512,0.9999960968655396,0,0,0.3203521842194378,0.0157354021937212,SRSF6
GO_Biological_Process_2023,Negative Regulation Of Execution Phase Of Apoptosis (GO:1900118),1/19,0.9520677577671512,0.9999960968655396,0,0,0.3203521842194378,0.0157354021937212,DFFA
GO_Biological_Process_2023,Negative Regulation Of Leukocyte Cell-Cell Adhesion (GO:1903038),1/19,0.9520677577671512,0.9999960968655396,0,0,0.3203521842194378,0.0157354021937212,ILDR2
GO_Biological_Process_2023,Negative Regulation Of Protein Dephosphorylation (GO:0035308),1/19,0.9520677577671512,0.9999960968655396,0,0,0.3203521842194378,0.0157354021937212,MFHAS1
GO_Biological_Process_2023,Negative Regulation Of Telomere Maintenance Via Telomerase (GO:0032211),1/19,0.9520677577671512,0.9999960968655396,0,0,0.3203521842194378,0.0157354021937212,PINX1
GO_Biological_Process_2023,Positive Regulation Of Axon Extension (GO:0045773),1/19,0.9520677577671512,0.9999960968655396,0,0,0.3203521842194378,0.0157354021937212,MAP3K13
GO_Biological_Process_2023,Positive Regulation Of calcineurin-NFAT Signaling Cascade (GO:0070886),1/19,0.9520677577671512,0.9999960968655396,0,0,0.3203521842194378,0.0157354021937212,CHP2
GO_Biological_Process_2023,Positive Regulation Of Calcineurin-Mediated Signaling (GO:0106058),1/19,0.9520677577671512,0.9999960968655396,0,0,0.3203521842194378,0.0157354021937212,CHP2
GO_Biological_Process_2023,Positive Regulation Of Hormone Secretion (GO:0046887),1/19,0.9520677577671512,0.9999960968655396,0,0,0.3203521842194378,0.0157354021937212,PPARG
GO_Biological_Process_2023,Positive Regulation Of Mitochondrial Fission (GO:0090141),1/19,0.9520677577671512,0.9999960968655396,0,0,0.3203521842194378,0.0157354021937212,MIEF2
GO_Biological_Process_2023,Regulation Of Behavior (GO:0050795),1/19,0.9520677577671512,0.9999960968655396,0,0,0.3203521842194378,0.0157354021937212,STRA6
GO_Biological_Process_2023,Regulation Of Insulin-Like Growth Factor Receptor Signaling Pathway (GO:0043567),1/19,0.9520677577671512,0.9999960968655396,0,0,0.3203521842194378,0.0157354021937212,MYORG
GO_Biological_Process_2023,Regulation Of Neuroinflammatory Response (GO:0150077),1/19,0.9520677577671512,0.9999960968655396,0,0,0.3203521842194378,0.0157354021937212,IL18
GO_Biological_Process_2023,Regulation Of Smooth Muscle Cell Migration (GO:0014910),1/19,0.9520677577671512,0.9999960968655396,0,0,0.3203521842194378,0.0157354021937212,PLAU
GO_Biological_Process_2023,Regulation Of Transcription Involved In G1/S Transition Of Mitotic Cell Cycle (GO:0000083),1/19,0.9520677577671512,0.9999960968655396,0,0,0.3203521842194378,0.0157354021937212,TFDP1
GO_Biological_Process_2023,Sphingosine Metabolic Process (GO:0006670),1/19,0.9520677577671512,0.9999960968655396,0,0,0.3203521842194378,0.0157354021937212,ASAH2
GO_Biological_Process_2023,Vesicle Docking (GO:0048278),1/19,0.9520677577671512,0.9999960968655396,0,0,0.3203521842194378,0.0157354021937212,STX17
GO_Biological_Process_2023,Regulation Of Protein Serine/Threonine Kinase Activity (GO:0071900),11/112,0.9531782778350189,0.9999960968655396,0,0,0.6270795275246179,0.0300705469370513,CCNA2;ETAA1;CCNB1;CDK7;CDKN2C;CCND1;CCNE2;CCNH;PPEF2;TELO2;CDKN3
GO_Biological_Process_2023,Cellular Response To Calcium Ion (GO:0071277),6/69,0.9532649484550704,0.9999960968655396,0,0,0.5486528396976158,0.0262598410158252,SYT5;WNT5A;CHP2;PPIF;CAPN3;ECT2
GO_Biological_Process_2023,O-glycan Processing (GO:0016266),3/41,0.9534619523900688,0.9999960968655396,0,0,0.4550107902762667,0.0216838840369453,ST6GAL1;C1GALT1;POMGNT1
GO_Biological_Process_2023,Negative Regulation Of mRNA Catabolic Process (GO:1902373),3/41,0.9534619523900688,0.9999960968655396,0,0,0.4550107902762667,0.0216838840369453,IREB2;AXIN2;RBM24
GO_Biological_Process_2023,Negative Regulation Of Proteolysis (GO:0045861),3/41,0.9534619523900688,0.9999960968655396,0,0,0.4550107902762667,0.0216838840369453,GAS1;TRIM21;PTPN3
GO_Biological_Process_2023,Positive Regulation Of Ossification (GO:0045778),3/41,0.9534619523900688,0.9999960968655396,0,0,0.4550107902762667,0.0216838840369453,CCNA2;PKDCC;WNT5A
GO_Biological_Process_2023,Regulation Of Release Of Cytochrome C From Mitochondria (GO:0090199),3/41,0.9534619523900688,0.9999960968655396,0,0,0.4550107902762667,0.0216838840369453,TNFSF10;PPIF;BID
GO_Biological_Process_2023,Stem Cell Differentiation (GO:0048863),3/41,0.9534619523900688,0.9999960968655396,0,0,0.4550107902762667,0.0216838840369453,UFL1;SHH;KIT
GO_Biological_Process_2023,Negative Regulation Of Peptidase Activity (GO:0010466),5/60,0.9534987998385926,0.9999960968655396,0,0,0.5237831005887974,0.0249410388959839,SERPINA10;SERPINA9;SERPINA6;SERPINA7;SERPINA5
GO_Biological_Process_2023,Protein Localization To Organelle (GO:0033365),14/137,0.9539231164292676,0.9999960968655396,0,0,0.6551684088269454,0.0309057362149559,BBS1;TRAM1;IFT140;RPA1;BICD2;DNAJA1;MAVS;CSRP3;HHEX;NUAK2;TTC21B;GET1;RNF186;BANP
GO_Biological_Process_2023,Positive Regulation Of Inflammatory Response (GO:0050729),10/104,0.9546030724323898,0.9999960968655396,0,0,0.6125693802035153,0.0284597625950843,SETD4;CEBPA;LGALS1;NLRP6;FEM1A;TRADD;WNT5A;IL18;IL16;IFI35
GO_Biological_Process_2023,Positive Regulation Of Vasculature Development (GO:1904018),10/104,0.9546030724323898,0.9999960968655396,0,0,0.6125693802035153,0.0284597625950843,XBP1;RAMP2;WNT5A;VASH2;GDF2;ANGPTL3;VEGFB;EMP2;EPHA1;NODAL
GO_Biological_Process_2023,Positive Regulation Of Actin Filament Bundle Assembly (GO:0032233),4/51,0.9550305549515262,0.9999960968655396,0,0,0.4904147133068878,0.0225649344723743,ARHGEF15;NF2;EPHA1;MTSS1
GO_Biological_Process_2023,Receptor Internalization (GO:0031623),4/51,0.9550305549515262,0.9999960968655396,0,0,0.4904147133068878,0.0225649344723743,RAMP2;DMBT1;NEDD4;CD36
GO_Biological_Process_2023,Regulation Of Stress-Activated MAPK Cascade (GO:0032872),4/51,0.9550305549515262,0.9999960968655396,0,0,0.4904147133068878,0.0225649344723743,RAP2A;NBR1;FOXM1;TIRAP
GO_Biological_Process_2023,Regulation Of Substrate Adhesion-Dependent Cell Spreading (GO:1900024),4/51,0.9550305549515262,0.9999960968655396,0,0,0.4904147133068878,0.0225649344723743,KANK1;AP1AR;TRIOBP;LIMS2
GO_Biological_Process_2023,Regulation Of Synapse Assembly (GO:0051963),4/51,0.9550305549515262,0.9999960968655396,0,0,0.4904147133068878,0.0225649344723743,RAP2A;RAB17;PDLIM5;EPHB3
GO_Biological_Process_2023,Regulation Of Telomere Maintenance Via Telomerase (GO:0032210),4/51,0.9550305549515262,0.9999960968655396,0,0,0.4904147133068878,0.0225649344723743,XRCC5;PINX1;MAP3K4;AURKB
GO_Biological_Process_2023,B Cell Proliferation (GO:0042100),2/31,0.9551701483421144,0.9999960968655396,0,0,0.3975563031492384,0.0182342333440342,CR2;HSPD1
GO_Biological_Process_2023,Phospholipid Translocation (GO:0045332),2/31,0.9551701483421144,0.9999960968655396,0,0,0.3975563031492384,0.0182342333440342,PLSCR2;ATP11A
GO_Biological_Process_2023,Positive Regulation Of Rho Protein Signal Transduction (GO:0035025),2/31,0.9551701483421144,0.9999960968655396,0,0,0.3975563031492384,0.0182342333440342,COL3A1;LPAR6
GO_Biological_Process_2023,Positive Regulation Of Leukocyte Migration (GO:0002687),2/31,0.9551701483421144,0.9999960968655396,0,0,0.3975563031492384,0.0182342333440342,CSF1;XCL1
GO_Biological_Process_2023,Regulation Of Cell Morphogenesis (GO:0022604),2/31,0.9551701483421144,0.9999960968655396,0,0,0.3975563031492384,0.0182342333440342,MOV10;CLDN3
GO_Biological_Process_2023,Regulation Of Dendrite Morphogenesis (GO:0048814),2/31,0.9551701483421144,0.9999960968655396,0,0,0.3975563031492384,0.0182342333440342,RAP2A;NEDD4
GO_Biological_Process_2023,Regulation Of Transmembrane Receptor Protein Serine/Threonine Kinase Signaling Pathway (GO:0090092),2/31,0.9551701483421144,0.9999960968655396,0,0,0.3975563031492384,0.0182342333440342,XIAP;NREP
GO_Biological_Process_2023,Positive Regulation Of Cell Migration (GO:0030335),31/272,0.9558907742631256,0.9999960968655396,0,0,0.7395275416179875,0.0333612893719794,GRB7;LRRC15;CSF1;TRADD;CLDN1;PLAU;FAM110C;FBXO5;CGA;ACVR1;CCL24;SEMA6C;SEMA4A;XBP1;WNT5B;FZD4;ARHGEF39;RDX;FN1;SEMA4G;ELP6;CCNA2;CLDN3;CXCL12;KIT;ANGPTL3;SNAI2;EPHA1;KIF20B;CEP43;TRIM32
GO_Biological_Process_2023,Regulation Of Macromolecule Metabolic Process (GO:0060255),17/162,0.9559161639443916,0.9999960968655396,0,0,0.6746668545196247,0.0304173985811698,TCF19;EOLA1;IHH;ATXN7L3B;AHR;PROX1;CIAO3;TSKU;NKAPL;SHH;NPC1;CDK4;CDK2;C1D;ANKRA2;TARDBP;TBC1D16
GO_Biological_Process_2023,Positive Regulation Of Supramolecular Fiber Organization (GO:1902905),9/96,0.9564070651565992,0.9999960968655396,0,0,0.5957145366196358,0.0265519835106037,CCL24;OCLN;PSRC1;NUMA1;PDXP;PROX1;MET;MTSS1;LMOD2
GO_Biological_Process_2023,Positive Regulation Of Cellular Component Organization (GO:0051130),11/113,0.9566017107984884,0.9999960968655396,0,0,0.6208950450720553,0.0275479702818785,CDC20;LMAN1;CLDN3;TPPP;BID;AJUBA;MTLN;DLL1;FNIP2;TIRAP;CRB3
GO_Biological_Process_2023,Regulation Of Actin Filament-Based Process (GO:0032970),6/70,0.9574700389005896,0.9999960968655396,0,0,0.5400483378561737,0.0234709594707557,BST2;CAPN10;MLST8;ARHGEF19;CELSR1;DYNLL1
GO_Biological_Process_2023,Sensory Organ Development (GO:0007423),6/70,0.9574700389005896,0.9999960968655396,0,0,0.5400483378561737,0.0234709594707557,MEIS1;SLC39A5;OLIG1;BHLHA15;ZDHHC16;STRA6
GO_Biological_Process_2023,Transmembrane Receptor Protein Serine/Threonine Kinase Signaling Pathway (GO:0007178),13/130,0.9577182993884734,0.9999960968655396,0,0,0.6395783747024821,0.0276308059117089,ACVR1;GDF11;LEFTY1;HPGD;TGFBRAP1;GDF2;SMAD9;INHBA;INHBC;COL3A1;SLC39A5;PPARG;NODAL
GO_Biological_Process_2023,Positive Regulation Of Protein Modification By Small Protein Conjugation Or Removal (GO:1903322),7/79,0.9578045820869396,0.9999960968655396,0,0,0.5599762470308789,0.0241414199578657,HDAC3;CENPX;TBC1D7;UBE2D1;DCUN1D2;XIAP;TSPYL5
GO_Biological_Process_2023,Regulation Of Neuron Differentiation (GO:0045664),7/79,0.9578045820869396,0.9999960968655396,0,0,0.5599762470308789,0.0241414199578657,HEY1;ZC4H2;CDK5RAP1;NREP;ECT2;DLL1;TRIM32
GO_Biological_Process_2023,Gene Expression (GO:0010467),34/296,0.9578699575278944,0.9999960968655396,0,0,0.7459165533828297,0.0321066756201762,MRPS15;MRPL18;DIS3L;MRPL14;NOL9;GSPT2;MRPL35;YARS2;HSPD1;EXOSC7;EXOSC5;HHEX;XPO1;EXOSC4;NUP85;CASP3;EXOSC8;EIF4EBP2;MRPL9;EXOSC3;EXOSC2;DDX17;UPF1;NUP133;NCBP2;ABCC6;MRPS21;HARS2;MRPS5;TSPAN15;TSPAN14;MRPL51;HNRNPF;EEF1A2
GO_Biological_Process_2023,Lysosomal Transport (GO:0007041),10/105,0.9580481416861228,0.9999960968655396,0,0,0.6060855263157895,0.025975158917797,AP3M1;DTX3L;NPC1;NEDD4;TGFBRAP1;PCSK9;EPG5;VIPAS39;RILP;IGF2R
GO_Biological_Process_2023,Keratinocyte Differentiation (GO:0030216),3/42,0.9586431889573392,0.9999960968655396,0,0,0.4433177801527513,0.0187241200783996,TGM1;CASP3;WNT5A
GO_Biological_Process_2023,Regulation Of Osteoclast Differentiation (GO:0045670),3/42,0.9586431889573392,0.9999960968655396,0,0,0.4433177801527513,0.0187241200783996,CSF1;PRXL2A;TCTA
GO_Biological_Process_2023,Stress-Activated MAPK Cascade (GO:0051403),3/42,0.9586431889573392,0.9999960968655396,0,0,0.4433177801527513,0.0187241200783996,MAP3K13;MAP4K3;MAP2K6
GO_Biological_Process_2023,Regulation Of Endothelial Cell Migration (GO:0010594),8/88,0.9586606826245904,0.9999960968655396,0,0,0.5758995247793618,0.0243133784722712,DLL4;DNAJA4;WNT5A;GDF2;EMP2;PROX1;NR2F2;GLUL
GO_Biological_Process_2023,Fc-gamma Receptor Signaling Pathway Involved In Phagocytosis (GO:0038096),1/20,0.9591537852137104,0.9999960968655396,0,0,0.3034737198567023,0.0126560246108203,VAV2
GO_Biological_Process_2023,Actin Filament-Based Transport (GO:0099515),1/20,0.9591537852137104,0.9999960968655396,0,0,0.3034737198567023,0.0126560246108203,MYO19
GO_Biological_Process_2023,Ameboidal-Type Cell Migration (GO:0001667),1/20,0.9591537852137104,0.9999960968655396,0,0,0.3034737198567023,0.0126560246108203,PKN3
GO_Biological_Process_2023,Cellular Response To pH (GO:0071467),1/20,0.9591537852137104,0.9999960968655396,0,0,0.3034737198567023,0.0126560246108203,PKD2L1
GO_Biological_Process_2023,Cilium-Dependent Cell Motility (GO:0060285),1/20,0.9591537852137104,0.9999960968655396,0,0,0.3034737198567023,0.0126560246108203,GAS8
GO_Biological_Process_2023,Gamma-Aminobutyric Acid Signaling Pathway (GO:0007214),1/20,0.9591537852137104,0.9999960968655396,0,0,0.3034737198567023,0.0126560246108203,GABBR2
GO_Biological_Process_2023,Negative Regulation Of Reproductive Process (GO:2000242),1/20,0.9591537852137104,0.9999960968655396,0,0,0.3034737198567023,0.0126560246108203,NODAL
GO_Biological_Process_2023,Positive Regulation Of Epithelial Cell Differentiation (GO:0030858),1/20,0.9591537852137104,0.9999960968655396,0,0,0.3034737198567023,0.0126560246108203,FOXJ1
GO_Biological_Process_2023,Regulation Of Calcium Ion Import (GO:0090279),1/20,0.9591537852137104,0.9999960968655396,0,0,0.3034737198567023,0.0126560246108203,CXCL12
GO_Biological_Process_2023,Regulation Of Phosphatase Activity (GO:0010921),1/20,0.9591537852137104,0.9999960968655396,0,0,0.3034737198567023,0.0126560246108203,CHP2
GO_Biological_Process_2023,Response To Fibroblast Growth Factor (GO:0071774),1/20,0.9591537852137104,0.9999960968655396,0,0,0.3034737198567023,0.0126560246108203,DLL4
GO_Biological_Process_2023,Response To Ketone (GO:1901654),1/20,0.9591537852137104,0.9999960968655396,0,0,0.3034737198567023,0.0126560246108203,HSD3B2
GO_Biological_Process_2023,Rho Protein Signal Transduction (GO:0007266),4/52,0.9596406812316832,0.9999960968655396,0,0,0.4801694915254237,0.0197812328177081,RACGAP1;ARHGAP29;CELSR1;RHOBTB2
GO_Biological_Process_2023,Arachidonic Acid Metabolic Process (GO:0019369),4/52,0.9596406812316832,0.9999960968655396,0,0,0.4801694915254237,0.0197812328177081,CBR1;CYP1A2;CYP2E1;PTGDS
GO_Biological_Process_2023,Icosanoid Metabolic Process (GO:0006690),4/52,0.9596406812316832,0.9999960968655396,0,0,0.4801694915254237,0.0197812328177081,HPGD;PTGR1;LTC4S;FADS1
GO_Biological_Process_2023,Negative Regulation Of Response To Stimulus (GO:0048585),4/52,0.9596406812316832,0.9999960968655396,0,0,0.4801694915254237,0.0197812328177081,COL3A1;DDAH1;ERBB3;AQP11
GO_Biological_Process_2023,Regulation Of Peptide Hormone Secretion (GO:0090276),4/52,0.9596406812316832,0.9999960968655396,0,0,0.4801694915254237,0.0197812328177081,PER2;UQCC2;PASK;GCK
GO_Biological_Process_2023,Negative Regulation Of Proteasomal Ubiquitin-Dependent Protein Catabolic Process (GO:0032435),2/32,0.9607604246146147,0.9999960968655396,0,0,0.3842818428184282,0.0153828786783226,SVIP;OGT
GO_Biological_Process_2023,Positive Regulation Of Synapse Assembly (GO:0051965),2/32,0.9607604246146147,0.9999960968655396,0,0,0.3842818428184282,0.0153828786783226,SEMA4A;EPHB3
GO_Biological_Process_2023,Regulation Of Calcium Ion Transmembrane Transporter Activity (GO:1901019),2/32,0.9607604246146147,0.9999960968655396,0,0,0.3842818428184282,0.0153828786783226,S100G;HRC
GO_Biological_Process_2023,Generation Of Neurons (GO:0048699),18/172,0.9610944828694512,0.9999960968655396,0,0,0.6724760253370607,0.0266855686119286,BTG4;CTF1;WNT5B;FZD4;FZD7;WNT5A;WNT9B;PCSK9;CELSR1;POU3F2;NGRN;SHH;RACGAP1;CASP3;ERBB2;LHX6;PLXNB2;MET
GO_Biological_Process_2023,Regulation Of Protein Localization To Plasma Membrane (GO:1903076),7/80,0.9614476448312108,0.9999960968655396,0,0,0.5522728012234406,0.0217126974038283,LRRC15;PRKCI;CNPY4;RANGRF;SIRT6;AKAP5;PLS1
GO_Biological_Process_2023,Positive Regulation Of Apoptotic Signaling Pathway (GO:2001235),5/62,0.961984066613782,0.9999960968655396,0,0,0.505345255305099,0.0195858637636234,SLC9A3R1;TNFSF10;LTB;FADD;BID
GO_Biological_Process_2023,Sodium Ion Transport (GO:0006814),8/89,0.9620808985293804,0.9999960968655396,0,0,0.5687561288375952,0.0219862565143354,SLC5A6;SLC6A6;SLC6A12;PKD2L1;SCN4B;SLC17A3;SLC17A4;SCN2B
GO_Biological_Process_2023,Cellular Component Assembly (GO:0022607),29/260,0.9632596727412592,0.9999960968655396,0,0,0.7217005217005217,0.0270148770596143,DET1;LIN7A;LIMD2;SYCE3;SLC9A3R1;TSPAN4;CAPN3;PLS3;OTX2;PIERCE2;NEFH;PLS1;CARD10;WNT5A;FOXJ1;PDE4DIP;FANCC;SHROOM1;MTSS2;OCLN;TFAP4;TLCD2;ANKS4B;PPIH;NDUFAF1;TLCD1;GAS6;GAS8;PPID
GO_Biological_Process_2023,Ephrin Receptor Signaling Pathway (GO:0048013),3/43,0.963279078490692,0.9999960968655396,0,0,0.4322094205354117,0.0161698655350967,EPHA1;NGEF;EPHB3
GO_Biological_Process_2023,Neurotransmitter Secretion (GO:0007269),3/43,0.963279078490692,0.9999960968655396,0,0,0.4322094205354117,0.0161698655350967,RAB3A;PDZD11;LIN7A
GO_Biological_Process_2023,Positive Regulation Of T Cell Mediated Immunity (GO:0002711),3/43,0.963279078490692,0.9999960968655396,0,0,0.4322094205354117,0.0161698655350967,XCL1;FADD;HSPD1
GO_Biological_Process_2023,Positive Regulation Of Biomineral Tissue Development (GO:0070169),3/43,0.963279078490692,0.9999960968655396,0,0,0.4322094205354117,0.0161698655350967,CCNA2;PKDCC;FBXO5
GO_Biological_Process_2023,Positive Regulation Of Stress Fiber Assembly (GO:0051496),3/43,0.963279078490692,0.9999960968655396,0,0,0.4322094205354117,0.0161698655350967,ARHGEF15;NF2;EPHA1
GO_Biological_Process_2023,Regulation Of Cellular Component Size (GO:0032535),3/43,0.963279078490692,0.9999960968655396,0,0,0.4322094205354117,0.0161698655350967,SLC9A3R1;RDX;VAV2
GO_Biological_Process_2023,Actin Cytoskeleton Reorganization (GO:0031532),4/53,0.9638095502255318,0.9999960968655396,0,0,0.4703424420615704,0.0173375589218534,RAP2A;KIT;PLEK2;ASB2
GO_Biological_Process_2023,Positive Regulation Of NIK/NF-kappaB Signaling (GO:1901224),4/53,0.9638095502255318,0.9999960968655396,0,0,0.4703424420615704,0.0173375589218534,PTP4A3;TRADD;TERF2IP;IFI35
GO_Biological_Process_2023,Spindle Assembly (GO:0051225),7/81,0.9648034284425528,0.9999960968655396,0,0,0.5447775566540413,0.0195198698762454,WRAP73;TPX2;HDAC3;NUMA1;HAUS7;SAC3D1;CCDC61
GO_Biological_Process_2023,Second-Messenger-Mediated Signaling (GO:0019932),6/72,0.9648657264000748,0.9999960968655396,0,0,0.5236215616134205,0.0187280220659488,DDAH1;RCAN2;CD36;CCR5;NCALD;CAMKK2
GO_Biological_Process_2023,Antigen Processing And Presentation Of Endogenous Peptide Antigen (GO:0002483),1/21,0.9651925060507166,0.9999960968655396,0,0,0.2882831019302404,0.0102132099609239,ERAP1
GO_Biological_Process_2023,Endocardial Cushion Morphogenesis (GO:0003203),1/21,0.9651925060507166,0.9999960968655396,0,0,0.2882831019302404,0.0102132099609239,HEY1
GO_Biological_Process_2023,Innate Immune Response In Mucosa (GO:0002227),1/21,0.9651925060507166,0.9999960968655396,0,0,0.2882831019302404,0.0102132099609239,H2BC21
GO_Biological_Process_2023,Negative Regulation Of Osteoclast Differentiation (GO:0045671),1/21,0.9651925060507166,0.9999960968655396,0,0,0.2882831019302404,0.0102132099609239,TCTA
GO_Biological_Process_2023,Positive Regulation Of Blood Coagulation (GO:0030194),1/21,0.9651925060507166,0.9999960968655396,0,0,0.2882831019302404,0.0102132099609239,PLAU
GO_Biological_Process_2023,Positive Regulation Of Heart Contraction (GO:0045823),1/21,0.9651925060507166,0.9999960968655396,0,0,0.2882831019302404,0.0102132099609239,HRC
GO_Biological_Process_2023,Positive Regulation Of Natural Killer Cell Mediated Cytotoxicity (GO:0045954),1/21,0.9651925060507166,0.9999960968655396,0,0,0.2882831019302404,0.0102132099609239,CD160
GO_Biological_Process_2023,Positive Regulation Of Transcription Regulatory Region DNA Binding (GO:2000679),1/21,0.9651925060507166,0.9999960968655396,0,0,0.2882831019302404,0.0102132099609239,HAND2
GO_Biological_Process_2023,Positive Regulation Of Translational Initiation (GO:0045948),1/21,0.9651925060507166,0.9999960968655396,0,0,0.2882831019302404,0.0102132099609239,KHDRBS1
GO_Biological_Process_2023,Positive Regulation Of Vacuole Organization (GO:0044090),1/21,0.9651925060507166,0.9999960968655396,0,0,0.2882831019302404,0.0102132099609239,PIP4K2B
GO_Biological_Process_2023,Regulation Of Cardiac Conduction (GO:1903779),1/21,0.9651925060507166,0.9999960968655396,0,0,0.2882831019302404,0.0102132099609239,ATP2A1
GO_Biological_Process_2023,Regulation Of Dendritic Spine Development (GO:0060998),1/21,0.9651925060507166,0.9999960968655396,0,0,0.2882831019302404,0.0102132099609239,PPFIA2
GO_Biological_Process_2023,Response To Cadmium Ion (GO:0046686),1/21,0.9651925060507166,0.9999960968655396,0,0,0.2882831019302404,0.0102132099609239,HAAO
GO_Biological_Process_2023,Inositol Lipid-Mediated Signaling (GO:0048017),2/33,0.9656779209164192,0.9999960968655396,0,0,0.3718637992831541,0.0129873117917257,TNFAIP8L3;OGT
GO_Biological_Process_2023,Positive Regulation Of RNA Metabolic Process (GO:0051254),2/33,0.9656779209164192,0.9999960968655396,0,0,0.3718637992831541,0.0129873117917257,SUPV3L1;PNPT1
GO_Biological_Process_2023,Positive Regulation Of Reproductive Process (GO:2000243),2/33,0.9656779209164192,0.9999960968655396,0,0,0.3718637992831541,0.0129873117917257,INHBA;LHFPL2
GO_Biological_Process_2023,Regulation Of Activated T Cell Proliferation (GO:0046006),2/33,0.9656779209164192,0.9999960968655396,0,0,0.3718637992831541,0.0129873117917257,IL18;FADD
GO_Biological_Process_2023,Signal Transduction By P53 Class Mediator (GO:0072331),2/33,0.9656779209164192,0.9999960968655396,0,0,0.3718637992831541,0.0129873117917257,USP10;PDK2
GO_Biological_Process_2023,Ubiquitin-Dependent Protein Catabolic Process Via The Multivesicular Body Sorting Pathway (GO:0043162),2/33,0.9656779209164192,0.9999960968655396,0,0,0.3718637992831541,0.0129873117917257,TOM1L1;NEDD4
GO_Biological_Process_2023,Embryonic Organ Morphogenesis (GO:0048562),3/44,0.9674221670541664,0.9999960968655396,0,0,0.4216429321189179,0.0139649424300228,MFAP5;PPP1R35;TCF21
GO_Biological_Process_2023,Regulation Of Cell-Substrate Adhesion (GO:0010810),3/44,0.9674221670541664,0.9999960968655396,0,0,0.4216429321189179,0.0139649424300228,ATXN3;FZD4;FZD7
GO_Biological_Process_2023,Regulation Of Canonical Wnt Signaling Pathway (GO:0060828),22/207,0.9675529724528332,0.9999960968655396,0,0,0.6838649017366616,0.0225573546922287,APC2;TMEM88B;AMER2;KANK1;JRK;RNF14;FZD7;WNT5A;XIAP;NRARP;AXIN2;NKD1;SLC9A3R1;HHEX;SDHAF2;RUVBL2;GID8;RUVBL1;SNAI2;RSPO1;SOX4;LGR4
GO_Biological_Process_2023,Peptidyl-Tyrosine Modification (GO:0018212),4/54,0.9675750139391948,0.9999960968655396,0,0,0.4609084745762712,0.0151926141490831,TPST1;PKDCC;ERBB2;EPHA1
GO_Biological_Process_2023,Regulation Of Exocytosis (GO:0017157),4/54,0.9675750139391948,0.9999960968655396,0,0,0.4609084745762712,0.0151926141490831,RAB3A;STXBP6;CPLANE2;SYTL4
GO_Biological_Process_2023,Granulocyte Chemotaxis (GO:0071621),6/73,0.9681043807121076,0.9999960968655396,0,0,0.5157759371392697,0.0167190658819817,CCL24;CXCL9;CXCL11;XCL1;PPIB;MEN1
GO_Biological_Process_2023,Positive Regulation Of MAP Kinase Activity (GO:0043406),8/91,0.9681660431808076,0.9999960968655396,0,0,0.5549857270221416,0.0179547174284624,GHR;WNT5A;KIT;ERBB2;DVL2;MAP3K13;MAP3K4;ELANE
GO_Biological_Process_2023,"Mitochondrial Electron Transport, NADH To Ubiquinone (GO:0006120)",2/34,0.9699993429330108,0.9999960968655396,0,0,0.3602218834688347,0.0109723170994072,NDUFS8;NDUFAF1
GO_Biological_Process_2023,Negative Regulation Of Interleukin-6 Production (GO:0032715),2/34,0.9699993429330108,0.9999960968655396,0,0,0.3602218834688347,0.0109723170994072,FOXJ1;GAS6
GO_Biological_Process_2023,Protein Targeting To Vacuole (GO:0006623),2/34,0.9699993429330108,0.9999960968655396,0,0,0.3602218834688347,0.0109723170994072,AP3M1;NEDD4
GO_Biological_Process_2023,Regulation Of Blood Circulation (GO:1903522),2/34,0.9699993429330108,0.9999960968655396,0,0,0.3602218834688347,0.0109723170994072,PER2;DES
GO_Biological_Process_2023,Fc Receptor Mediated Stimulatory Signaling Pathway (GO:0002431),1/22,0.9703386654114506,0.9999960968655396,0,0,0.2745392095205844,0.0082664109648941,VAV2
GO_Biological_Process_2023,Fc-epsilon Receptor Signaling Pathway (GO:0038095),1/22,0.9703386654114506,0.9999960968655396,0,0,0.2745392095205844,0.0082664109648941,VAV2
GO_Biological_Process_2023,Cytoskeleton-Dependent Intracellular Transport (GO:0030705),1/22,0.9703386654114506,0.9999960968655396,0,0,0.2745392095205844,0.0082664109648941,TUBA1B
GO_Biological_Process_2023,Mammary Gland Development (GO:0030879),1/22,0.9703386654114506,0.9999960968655396,0,0,0.2745392095205844,0.0082664109648941,TBX3
GO_Biological_Process_2023,Natural Killer Cell Mediated Immunity (GO:0002228),1/22,0.9703386654114506,0.9999960968655396,0,0,0.2745392095205844,0.0082664109648941,CEBPG
GO_Biological_Process_2023,Negative Regulation Of Axonogenesis (GO:0050771),1/22,0.9703386654114506,0.9999960968655396,0,0,0.2745392095205844,0.0082664109648941,RNF6
GO_Biological_Process_2023,Negative Regulation Of Cell Communication (GO:0010648),1/22,0.9703386654114506,0.9999960968655396,0,0,0.2745392095205844,0.0082664109648941,ERBB3
GO_Biological_Process_2023,Negative Regulation Of Cell Development (GO:0010721),1/22,0.9703386654114506,0.9999960968655396,0,0,0.2745392095205844,0.0082664109648941,RFLNA
GO_Biological_Process_2023,Organelle Fission (GO:0048285),1/22,0.9703386654114506,0.9999960968655396,0,0,0.2745392095205844,0.0082664109648941,MTFP1
GO_Biological_Process_2023,Platelet Dense Granule Organization (GO:0060155),1/22,0.9703386654114506,0.9999960968655396,0,0,0.2745392095205844,0.0082664109648941,AP3M1
GO_Biological_Process_2023,Positive Regulation Of Receptor Internalization (GO:0002092),1/22,0.9703386654114506,0.9999960968655396,0,0,0.2745392095205844,0.0082664109648941,PCSK9
GO_Biological_Process_2023,Regulation Of Catabolic Process (GO:0009894),1/22,0.9703386654114506,0.9999960968655396,0,0,0.2745392095205844,0.0082664109648941,SIRT6
GO_Biological_Process_2023,Regulation Of Dopamine Secretion (GO:0014059),1/22,0.9703386654114506,0.9999960968655396,0,0,0.2745392095205844,0.0082664109648941,SYT5
GO_Biological_Process_2023,Regulation Of Mononuclear Cell Migration (GO:0071675),1/22,0.9703386654114506,0.9999960968655396,0,0,0.2745392095205844,0.0082664109648941,CSF1
GO_Biological_Process_2023,Vesicle Transport Along Microtubule (GO:0047496),1/22,0.9703386654114506,0.9999960968655396,0,0,0.2745392095205844,0.0082664109648941,NDE1
GO_Biological_Process_2023,Positive Regulation Of Cell Projection Organization (GO:0031346),11/118,0.970601509877648,0.9999960968655396,0,0,0.591706599852017,0.0176561026975007,PRKCI;PLK5;PLXND1;FZD4;WNT5A;DVL2;PLXNB2;PTK6;PLXNB1;MAP3K13;PLXNA3
GO_Biological_Process_2023,Regulation Of Apoptotic Signaling Pathway (GO:2001233),3/45,0.9711207071743662,0.9999960968655396,0,0,0.4115796098174953,0.0120611372227224,BCL2L12;DEPTOR;CSNK2A1
GO_Biological_Process_2023,Autophagosome Assembly (GO:0000045),5/65,0.972072848852237,0.9999960968655396,0,0,0.4799932180400135,0.0135955822807797,ATG3;UBXN2B;STX17;RAB23;MFN2
GO_Biological_Process_2023,Regulation Of Translational Initiation (GO:0006446),5/65,0.972072848852237,0.9999960968655396,0,0,0.4799932180400135,0.0135955822807797,KHDRBS1;PPP1R15B;KLHL25;NCBP2;EIF4EBP2
GO_Biological_Process_2023,Protein Localization (GO:0008104),40/351,0.9727409290841588,0.9999960968655396,0,0,0.7386450156357931,0.0204142958461353,CUTA;RTP3;STX17;CBY1;CELSR1;GGA2;CSRP3;HHEX;RAB23;TMED3;TBC1D13;MFN2;CAPN3;BBS7;ABCD1;SEC31B;SEC31A;SNX6;EXOC8;WNT5A;FOXJ1;EMP2;TIMM44;CPLANE2;TIMM21;AXIN2;RAB32;ARL4C;GRIN3B;OCLN;RAP2A;SEC23IP;UNC50;IFT27;ANKS4B;GOPC;LAMTOR2;VIPAS39;RAB17;ARF5
GO_Biological_Process_2023,Regulation Of Cysteine-Type Endopeptidase Activity Involved In Apoptotic Process (GO:0043281),7/84,0.9733376242081088,0.9999960968655396,0,0,0.5234599130086066,0.0141461188640562,CSNK2A1;LAMP3;TNFSF10;XIAP;DHCR24;GAS6;NODAL
GO_Biological_Process_2023,Positive Regulation Of Protein Kinase B Signaling (GO:0051897),8/93,0.973350719335431,0.9999960968655396,0,0,0.5418633441156503,0.0146361679512002,MFHAS1;HAX1;FAM110C;IL18;TNFAIP8L3;GAS6;MYORG;TSPYL5
GO_Biological_Process_2023,Calcium Ion Homeostasis (GO:0055074),9/102,0.9736829917336196,0.9999960968655396,0,0,0.5570841776658086,0.0148571558166617,CSRP3;CXCL12;DHRS7C;RGN;CIB2;RMDN3;ATP2A1;ELANE;TMEM165
GO_Biological_Process_2023,Glutamate Receptor Signaling Pathway (GO:0007215),2/35,0.9737934230932852,0.9999960968655396,0,0,0.3492855383099285,0.0092756578816363,GRIN3B;HOMER2
GO_Biological_Process_2023,Positive Regulation Of Substrate Adhesion-Dependent Cell Spreading (GO:1900026),2/35,0.9737934230932852,0.9999960968655396,0,0,0.3492855383099285,0.0092756578816363,TRIOBP;LIMS2
GO_Biological_Process_2023,Regulation Of Axon Extension (GO:0030516),2/35,0.9737934230932852,0.9999960968655396,0,0,0.3492855383099285,0.0092756578816363,RNF6;MAP3K13
GO_Biological_Process_2023,Regulation Of Postsynaptic Membrane Potential (GO:0060078),2/35,0.9737934230932852,0.9999960968655396,0,0,0.3492855383099285,0.0092756578816363,CHRNA4;FOXM1
GO_Biological_Process_2023,Positive Regulation Of Cell-Cell Adhesion (GO:0022409),3/46,0.9744188792936402,0.9999960968655396,0,0,0.4019843490184643,0.0104170251993212,FOXA1;NODAL;FOXA2
GO_Biological_Process_2023,Regulation Of Cytokine Production Involved In Inflammatory Response (GO:1900015),3/46,0.9744188792936402,0.9999960968655396,0,0,0.4019843490184643,0.0104170251993212,CHID1;ABCD2;TICAM1
GO_Biological_Process_2023,Regulation Of Interleukin-10 Production (GO:0032653),3/46,0.9744188792936402,0.9999960968655396,0,0,0.4019843490184643,0.0104170251993212,XCL1;DLL1;HSPD1
GO_Biological_Process_2023,Actin Nucleation (GO:0045010),1/23,0.9747241507819688,0.9999960968655396,0,0,0.2620447618754425,0.0067085477542746,LMOD2
GO_Biological_Process_2023,Axon Extension (GO:0048675),1/23,0.9747241507819688,0.9999960968655396,0,0,0.2620447618754425,0.0067085477542746,SSNA1
GO_Biological_Process_2023,Endocardial Cushion Development (GO:0003197),1/23,0.9747241507819688,0.9999960968655396,0,0,0.2620447618754425,0.0067085477542746,HEY1
GO_Biological_Process_2023,Negative Regulation Of Actin Filament Polymerization (GO:0030837),1/23,0.9747241507819688,0.9999960968655396,0,0,0.2620447618754425,0.0067085477542746,KANK1
GO_Biological_Process_2023,Nuclear Membrane Reassembly (GO:0031468),1/23,0.9747241507819688,0.9999960968655396,0,0,0.2620447618754425,0.0067085477542746,UBXN2B
GO_Biological_Process_2023,Positive Regulation Of Lamellipodium Assembly (GO:0010592),1/23,0.9747241507819688,0.9999960968655396,0,0,0.2620447618754425,0.0067085477542746,OCLN
GO_Biological_Process_2023,"Positive Regulation Of mRNA Splicing, Via Spliceosome (GO:0048026)",1/23,0.9747241507819688,0.9999960968655396,0,0,0.2620447618754425,0.0067085477542746,RBMXL1
GO_Biological_Process_2023,Potassium Ion Homeostasis (GO:0055075),1/23,0.9747241507819688,0.9999960968655396,0,0,0.2620447618754425,0.0067085477542746,ATP1A3
GO_Biological_Process_2023,Regulation Of Extracellular Matrix Organization (GO:1903053),1/23,0.9747241507819688,0.9999960968655396,0,0,0.2620447618754425,0.0067085477542746,AXIN2
GO_Biological_Process_2023,Regulation Of Nucleic Acid-Templated Transcription (GO:1903506),53/452,0.9748367950700152,0.9999960968655396,0,0,0.7622391034463096,0.0194258248924098,SPIN4;RNF14;WWC1;ONECUT1;AHR;RUVBL2;RUVBL1;FADS1;SOX4;HES6;ACTR6;TFEB;HIC1;SAP30;THAP1;PTP4A3;SFPQ;NR5A2;TERF2IP;ZSCAN26;MZF1;AJUBA;CEBPA;GCM1;MYCBP;DLX4;TCF7;TGFBRAP1;CREBL2;RNF6;SERTAD3;RBBP4;DVL2;PCGF1;DMAP1;MSC;KAT14;SKOR2;NFYA;TAF12;NFYB;FZD7;SNAI3;NFXL1;SMARCA2;ESR1;KLF1;MLXIPL;TADA3;SNAI2;RBAK;GZF1;PHF19
GO_Biological_Process_2023,Negative Regulation Of Immune Response (GO:0050777),5/66,0.9748406290924428,0.9999960968655396,0,0,0.4720966818426919,0.0120296271167607,COL3A1;PARP1;MKRN2;TRIM21;AURKB
GO_Biological_Process_2023,Regulation Of Endocytosis (GO:0030100),5/66,0.9748406290924428,0.9999960968655396,0,0,0.4720966818426919,0.0120296271167607,RUFY1;RUBCN;PACSIN3;RAB17;DLL1
GO_Biological_Process_2023,Central Nervous System Development (GO:0007417),31/283,0.975337294428278,0.9999960968655396,0,0,0.706783637163384,0.0176497478409394,AMIGO2;JRKL;CELSR1;GBA2;PCDH18;DLL1;PTS;C3;SHH;SNTG2;RBBP4;CDK5RAP1;DHX37;NPTX1;TPPP;SOX4;MBL2;UTP3;PTCH1;WWP1;LIG4;CTNS;FOXJ1;LSR;PROX1;ALDH3A2;MEIS1;POMK;PLXNB2;TAGLN3;ADGRL2
GO_Biological_Process_2023,Vesicle Organization (GO:0016050),8/94,0.9756425067330692,0.9999960968655396,0,0,0.5355310314340296,0.0132056831349078,TRAPPC2;EXOC8;STX17;ANXA8;SNX11;TRAPPC13;PHETA1;PLEKHJ1
GO_Biological_Process_2023,Cellular Respiration (GO:0045333),7/85,0.9757299927796024,0.9999960968655396,0,0,0.516718435958341,0.0126954503582036,NDUFS8;COX15;LYRM7;SDHAF4;MTLN;SLC25A14;SIRT3
GO_Biological_Process_2023,Negative Regulation Of Response To External Stimulus (GO:0032102),14/146,0.9758519746852108,0.9999960968655396,0,0,0.6101731601731601,0.0149152980965189,MVK;PARP1;FEM1A;TRAF3IP1;NR1H4;AHR;AURKB;SIGIRR;MFHAS1;CLDN3;PPARG;TRIM21;ELANE;TRIM45
GO_Biological_Process_2023,Metal Ion Transport (GO:0030001),17/171,0.9758619340625548,0.9999960968655396,0,0,0.6348999995578136,0.0155132504442813,RAMP2;KCNJ10;CHRNA4;KCNJ15;KCNJ16;ATP2A1;MAGT1;SLC5A6;CACNG6;KCNS2;KCNMB1;KCNN1;KCNN2;CCR5;SCN4B;SLC17A3;SLC17A4
GO_Biological_Process_2023,Endomembrane System Organization (GO:0010256),20/196,0.9765089257485512,0.9999960968655396,0,0,0.653389725475615,0.015531980781205,EXOC8;STX17;UBXN2B;NUP155;TANGO2;OSBPL2;PHETA1;LMNB2;LMAN1;SLC9A3R1;SEC23IP;TMED3;TRAPPC12;BNIP1;ANXA8;TLCD2;TLCD1;SEC31B;SEC31A;PLEKHJ1
GO_Biological_Process_2023,Positive Regulation Of Response To External Stimulus (GO:0032103),15/155,0.9769080164968856,0.9999960968655396,0,0,0.6163175035240364,0.0143988904299456,SETD4;CEBPA;FEM1A;TRADD;WNT5A;IL18;IL16;IFI35;TIRAP;LGALS1;NLRP6;PLAU;POLR3G;FADD;SLC15A4
GO_Biological_Process_2023,Blood Vessel Diameter Maintenance (GO:0097746),2/36,0.977121601962622,0.9999960968655396,0,0,0.3389925075721345,0.0078457002357979,CRP;PER2
GO_Biological_Process_2023,Negative Regulation Of Protein Kinase B Signaling (GO:0051898),2/36,0.977121601962622,0.9999960968655396,0,0,0.3389925075721345,0.0078457002357979,SLC9A3R1;SORD
GO_Biological_Process_2023,Positive Regulation Of Signaling Receptor Activity (GO:2000273),2/36,0.977121601962622,0.9999960968655396,0,0,0.3389925075721345,0.0078457002357979,HDAC2;ADRA2B
GO_Biological_Process_2023,Regulation Of T Cell Mediated Cytotoxicity (GO:0001914),2/36,0.977121601962622,0.9999960968655396,0,0,0.3389925075721345,0.0078457002357979,XCL1;FADD
GO_Biological_Process_2023,Regulation Of Intracellular Protein Transport (GO:0033157),2/36,0.977121601962622,0.9999960968655396,0,0,0.3389925075721345,0.0078457002357979,CEP131;KIF20B
GO_Biological_Process_2023,Peptidyl-Tyrosine Phosphorylation (GO:0018108),5/67,0.977351096342131,0.9999960968655396,0,0,0.4644548726194774,0.0106403498698351,PKDCC;ERBB2;PTK6;EPHA1;PRLR
GO_Biological_Process_2023,Negative Regulation Of Tumor Necrosis Factor Production (GO:0032720),3/47,0.9773570266181232,0.9999960968655396,0,0,0.3928252364375712,0.0089969793690972,NR1H4;DICER1;GAS6
GO_Biological_Process_2023,Positive Regulation Of Epithelial To Mesenchymal Transition (GO:0010718),3/47,0.9773570266181232,0.9999960968655396,0,0,0.3928252364375712,0.0089969793690972,EMP2;AXIN2;BCL9L
GO_Biological_Process_2023,Positive Regulation Of Lymphocyte Activation (GO:0051251),3/47,0.9773570266181232,0.9999960968655396,0,0,0.3928252364375712,0.0089969793690972,XRCC6;TICAM1;HSPD1
GO_Biological_Process_2023,Positive Regulation Of Peptidyl-Tyrosine Phosphorylation (GO:0050731),12/130,0.9776087481783614,0.9999960968655396,0,0,0.5851432785260805,0.013251003705209,ACVR1;GHR;HAX1;CTF1;DLG3;ERBB3;DGKQ;KIT;IL18;PTK6;PARP9;GAS6
GO_Biological_Process_2023,Macroautophagy (GO:0016236),9/104,0.9778775277450292,0.9999960968655396,0,0,0.5452917523009562,0.0121986367489197,STX17;UBA5;SNX14;NBR1;EPG5;PIP4K2B;VIPAS39;ZFYVE1;SNAP29
GO_Biological_Process_2023,Negative Regulation Of Binding (GO:0051100),7/86,0.9779231507381476,0.9999960968655396,0,0,0.5101476292131453,0.0113886326087688,DNAJB2;TFAP4;DDX11;MITD1;AURKB;AURKA;PSME3IP1
GO_Biological_Process_2023,Fc-gamma Receptor Signaling Pathway (GO:0038094),1/24,0.9784613673203414,0.9999960968655396,0,0,0.2506367879385739,0.0054573590188177,VAV2
GO_Biological_Process_2023,Endosome Transport Via Multivesicular Body Sorting Pathway (GO:0032509),1/24,0.9784613673203414,0.9999960968655396,0,0,0.2506367879385739,0.0054573590188177,RILP
GO_Biological_Process_2023,Lipid Translocation (GO:0034204),1/24,0.9784613673203414,0.9999960968655396,0,0,0.2506367879385739,0.0054573590188177,ATP11A
GO_Biological_Process_2023,Natural Killer Cell Mediated Cytotoxicity (GO:0042267),1/24,0.9784613673203414,0.9999960968655396,0,0,0.2506367879385739,0.0054573590188177,CEBPG
GO_Biological_Process_2023,Negative Regulation Of Ossification (GO:0030279),1/24,0.9784613673203414,0.9999960968655396,0,0,0.2506367879385739,0.0054573590188177,TMEM53
GO_Biological_Process_2023,Positive Regulation Of Cellular Response To Transforming Growth Factor Beta Stimulus (GO:1903846),1/24,0.9784613673203414,0.9999960968655396,0,0,0.2506367879385739,0.0054573590188177,MEN1
GO_Biological_Process_2023,Positive Regulation Of Natural Killer Cell Mediated Immunity (GO:0002717),1/24,0.9784613673203414,0.9999960968655396,0,0,0.2506367879385739,0.0054573590188177,CD160
GO_Biological_Process_2023,Positive Regulation Of Transforming Growth Factor Beta Receptor Signaling Pathway (GO:0030511),1/24,0.9784613673203414,0.9999960968655396,0,0,0.2506367879385739,0.0054573590188177,MEN1
GO_Biological_Process_2023,Protein K48-linked Deubiquitination (GO:0071108),1/24,0.9784613673203414,0.9999960968655396,0,0,0.2506367879385739,0.0054573590188177,OTUB2
GO_Biological_Process_2023,Regulation Of Actin Nucleation (GO:0051125),1/24,0.9784613673203414,0.9999960968655396,0,0,0.2506367879385739,0.0054573590188177,ARPIN
GO_Biological_Process_2023,Regulation Of Endoplasmic Reticulum Stress-Induced Intrinsic Apoptotic Signaling Pathway (GO:1902235),1/24,0.9784613673203414,0.9999960968655396,0,0,0.2506367879385739,0.0054573590188177,XBP1
GO_Biological_Process_2023,Regulation Of Heterotypic Cell-Cell Adhesion (GO:0034114),1/24,0.9784613673203414,0.9999960968655396,0,0,0.2506367879385739,0.0054573590188177,MBL2
GO_Biological_Process_2023,Regulation Of Muscle Cell Differentiation (GO:0051147),1/24,0.9784613673203414,0.9999960968655396,0,0,0.2506367879385739,0.0054573590188177,OR10J5
GO_Biological_Process_2023,Response To Copper Ion (GO:0046688),1/24,0.9784613673203414,0.9999960968655396,0,0,0.2506367879385739,0.0054573590188177,ATP7B
GO_Biological_Process_2023,Chloride Transport (GO:0006821),6/77,0.978499060488769,0.9999960968655396,0,0,0.4866034743058077,0.0105765466052849,GLRA2;SLC26A1;CLCNKA;CLCN3;CLCN2;SLC26A6
GO_Biological_Process_2023,Sphingolipid Biosynthetic Process (GO:0030148),6/77,0.978499060488769,0.9999960968655396,0,0,0.4866034743058077,0.0105765466052849,ASAH2;PRKD3;SPNS2;ELOVL6;KDSR;HACD3
GO_Biological_Process_2023,Potassium Ion Transport (GO:0006813),11/122,0.9787132140106716,0.9999960968655396,0,0,0.5702491482307996,0.0122698325437868,KCNE1;KCNJ10;KCNS2;KCNK12;KCNMB1;KCNJ15;KCNN1;KCNJ16;PKD2L1;KCNN2;CCDC51
GO_Biological_Process_2023,Regulation Of GTPase Activity (GO:0043087),22/214,0.9790121569405024,0.9999960968655396,0,0,0.6586587653478854,0.0139709551970426,BCAR3;CCL24;FICD;PLXND1;DOCK9;RDX;ASAP3;VAV2;TBC1D2;TBC1D7;ERBB2;PLXNB2;XCL1;RGL3;PRTN3;PLXNB1;EPHA1;RAB11FIP2;ECT2;NGEF;EPHB3;PLXNA3
GO_Biological_Process_2023,Glycosaminoglycan Biosynthetic Process (GO:0006024),4/58,0.9792700447607724,0.9999960968655396,0,0,0.4266666666666667,0.0089377438475669,HS3ST3B1;CHST7;CHST13;B4GALT7
GO_Biological_Process_2023,Regulation Of Bone Mineralization (GO:0030500),4/58,0.9792700447607724,0.9999960968655396,0,0,0.4266666666666667,0.0089377438475669,CCNA2;PKDCC;NBR1;NOTUM
GO_Biological_Process_2023,Regulation Of Phagocytosis (GO:0050764),4/58,0.9792700447607724,0.9999960968655396,0,0,0.4266666666666667,0.0089377438475669,IL15RA;PRTN3;GAS6;MBL2
GO_Biological_Process_2023,Cellular Response To Transforming Growth Factor Beta Stimulus (GO:0071560),8/96,0.9796926777503208,0.9999960968655396,0,0,0.5232981546627168,0.0107361684254937,LEFTY1;CLEC3B;COL3A1;HPGD;WNT5A;TGFBRAP1;XCL1;SMAD9
GO_Biological_Process_2023,Regulation Of Macroautophagy (GO:0016241),8/96,0.9796926777503208,0.9999960968655396,0,0,0.5232981546627168,0.0107361684254937,EPM2A;EXOC8;CASP3;NEDD4;ATP6V1H;ATP6V0D2;WDR24;SNX6
GO_Biological_Process_2023,Regulation Of Neuron Apoptotic Process (GO:0043523),9/105,0.9797365176387666,0.9999960968655396,0,0,0.5395797962648556,0.011046063386211,BACE1;PRKCI;EGLN3;ERBB3;SIGMAR1;LIG4;PCSK9;SNX6;NFATC4
GO_Biological_Process_2023,Regulation Of Cell Migration (GO:0030334),50/434,0.9797843212798516,0.9999960968655396,0,0,0.7470837637741047,0.0152575511552762,CSF1;PLXND1;TRADD;ZMYND8;CLDN1;CSRP3;SHH;PLAU;FAM110C;ARPIN;PLEKHG3;ACVR1;SEMA6C;TBCCD1;WNT5B;DYNLL1;SAP30;CCNA2;RAP2A;CLDN3;KIT;ANGPTL3;EPHA1;KANK1;LRRC15;GRB7;HDAC2;NKD1;RBBP4;CGA;PLXNA3;CCL24;SEMA4A;XBP1;FZD4;ARHGEF39;RDX;SEMA4G;ELP6;BST2;CXCL12;BRMS1L;SNAI2;PLXNB2;PLXNB1;NF2;CEP43;OGT;TRIM32;RIGI
GO_Biological_Process_2023,Cellular Response To Mechanical Stimulus (GO:0071260),3/48,0.979971897198354,0.9999960968655396,0,0,0.38407319552694,0.0077703323246676,CASP2;FADD;TLR5
GO_Biological_Process_2023,Regulation Of Intrinsic Apoptotic Signaling Pathway (GO:2001242),3/48,0.979971897198354,0.9999960968655396,0,0,0.38407319552694,0.0077703323246676,SLC9A3R1;PPIF;BID
GO_Biological_Process_2023,Negative Regulation Of Canonical Wnt Signaling Pathway (GO:0090090),10/114,0.9799888362514256,0.9999960968655396,0,0,0.553341868729097,0.0111853072946299,APC2;TMEM88B;SLC9A3R1;AMER2;SDHAF2;RUVBL2;WNT5A;SNAI2;AXIN2;NKD1
GO_Biological_Process_2023,Mitochondrion Disassembly (GO:0061726),2/37,0.980038681637714,0.9999960968655396,0,0,0.3292876500193573,0.006639504940891,ATG3;FBXL4
GO_Biological_Process_2023,Negative Regulation Of Smooth Muscle Cell Proliferation (GO:0048662),2/37,0.980038681637714,0.9999960968655396,0,0,0.3292876500193573,0.006639504940891,MFN2;PPARG
GO_Biological_Process_2023,Positive Regulation Of Exocytosis (GO:0045921),2/37,0.980038681637714,0.9999960968655396,0,0,0.3292876500193573,0.006639504940891,RAB3A;SYTL4
GO_Biological_Process_2023,Positive Regulation Of Immune Effector Process (GO:0002699),2/37,0.980038681637714,0.9999960968655396,0,0,0.3292876500193573,0.006639504940891,XBP1;MBL2
GO_Biological_Process_2023,Positive Regulation Of Signaling (GO:0023056),2/37,0.980038681637714,0.9999960968655396,0,0,0.3292876500193573,0.006639504940891,RIMS4;KCTD13
GO_Biological_Process_2023,Positive Regulation Of Tumor Necrosis Factor Production (GO:0032760),6/78,0.9805528180848828,0.9999960968655396,0,0,0.4798168249660787,0.009423010480585,SETD4;MAVS;WNT5A;FADD;TIRAP;RIGI
GO_Biological_Process_2023,Proteolysis Involved In Protein Catabolic Process (GO:0051603),6/78,0.9805528180848828,0.9999960968655396,0,0,0.4798168249660787,0.009423010480585,ATXN3;PEX10;OMA1;PEX12;TRIM21;ANKZF1
GO_Biological_Process_2023,Positive Regulation Of Nucleic Acid-Templated Transcription (GO:1903508),66/557,0.9811404423075578,0.9999960968655396,0,0,0.7705386711499512,0.0146707999177529,CIITA;RNF14;KDM8;RORC;AHR;FOXM1;EDRF1;SHH;HHEX;SALL1;SOX18;RUVBL2;RUVBL1;CAPN3;SOX4;ACVR1;PCID2;ANKRD49;DTX3L;PRMT2;WNT5A;TFEB;HNF1B;PARP9;SUPT7L;MED22;NR5A2;PSRC1;TFAM;PPARG;GCM1;HDAC2;CREBL2;RNF6;CAMKK2;SEC14L2;SERTAD3;RBBP4;NUP85;TNNI2;OTX2;DMAP1;NFE2;XRCC6;NEK4;NFYA;TAF12;FZD4;STAT1;FZD7;NR1H4;GDF2;NR2F2;INHBA;NR0B2;SMARCA2;ESR1;KLF1;TADA2B;MLXIPL;TFAP4;TMEM98;TADA3;NAA16;OGT;FOXA2
GO_Biological_Process_2023,Aerobic Respiration (GO:0009060),4/59,0.9814978362990918,0.9999960968655396,0,0,0.418884437596302,0.0078228636438758,NDUFS8;SLC25A14;SIRT3;TEFM
GO_Biological_Process_2023,Anterior/Posterior Pattern Specification (GO:0009952),4/59,0.9814978362990918,0.9999960968655396,0,0,0.418884437596302,0.0078228636438758,HES7;HES6;HHEX;HEY1
GO_Biological_Process_2023,Positive Regulation Of Protein Binding (GO:0032092),4/59,0.9814978362990918,0.9999960968655396,0,0,0.418884437596302,0.0078228636438758,DTX3L;TERT;NVL;TRIM21
GO_Biological_Process_2023,Lamellipodium Assembly (GO:0030032),1/25,0.9816461145438848,0.9999960968655396,0,0,0.2401794784964443,0.0044491825885811,KIT
GO_Biological_Process_2023,Negative Regulation Of Response To Wounding (GO:1903035),1/25,0.9816461145438848,0.9999960968655396,0,0,0.2401794784964443,0.0044491825885811,CLDN3
GO_Biological_Process_2023,Osteoclast Differentiation (GO:0030316),1/25,0.9816461145438848,0.9999960968655396,0,0,0.2401794784964443,0.0044491825885811,CSF1
GO_Biological_Process_2023,Peptide Hormone Secretion (GO:0030072),1/25,0.9816461145438848,0.9999960968655396,0,0,0.2401794784964443,0.0044491825885811,SNX19
GO_Biological_Process_2023,Regulation Of B Cell Activation (GO:0050864),1/25,0.9816461145438848,0.9999960968655396,0,0,0.2401794784964443,0.0044491825885811,FOXJ1
GO_Biological_Process_2023,Secretory Granule Organization (GO:0033363),1/25,0.9816461145438848,0.9999960968655396,0,0,0.2401794784964443,0.0044491825885811,AP3M1
GO_Biological_Process_2023,Sodium Ion Homeostasis (GO:0055078),1/25,0.9816461145438848,0.9999960968655396,0,0,0.2401794784964443,0.0044491825885811,ATP1A3
GO_Biological_Process_2023,"Wound Healing, Spreading Of Cells (GO:0044319)",1/25,0.9816461145438848,0.9999960968655396,0,0,0.2401794784964443,0.0044491825885811,CCNA2
GO_Biological_Process_2023,Phagocytosis (GO:0006909),5/69,0.981685394874228,0.9999960968655396,0,0,0.4498876737877246,0.0083159009173466,CD36;GAS6;RAB11FIP2;MET;ELANE
GO_Biological_Process_2023,Negative Regulation Of Apoptotic Process (GO:0043066),56/482,0.9817285995748942,0.9999960968655396,0,0,0.7538953527930871,0.0139021198048214,FCMR;APIP;PIDD1;SHH;LAMP3;MLST8;CAPN3;CASP2;TMEM14A;PRKCI;DFFA;PCID2;CSNK2A1;ANXA4;WNT5A;LIG4;PRLR;SUPV3L1;RNF144B;HAX1;PTRH2;CAT;PPIF;BIRC5;NAA35;GAS6;CRYAB;HDAC2;ASAH2;HDAC3;XIAP;DLL1;HSPD1;PRDX3;SOCS2;NUAK2;ERBB3;FIGNL1;ERBB2;BNIP1;TXNDC5;SNX6;XBP1;PLK1;NR1H4;DHCR24;TBX3;NFATC4;KLHL20;DNAJA1;IL7;CDK1;SNAI2;NAA16;HSPA1B;MAD2L1
GO_Biological_Process_2023,Negative Regulation Of Tumor Necrosis Factor Superfamily Cytokine Production (GO:1903556),3/49,0.982296886917448,0.9999960968655396,0,0,0.3757016781341623,0.0067106659617911,NR1H4;DICER1;GAS6
GO_Biological_Process_2023,Unsaturated Fatty Acid Metabolic Process (GO:0033559),3/49,0.982296886917448,0.9999960968655396,0,0,0.3757016781341623,0.0067106659617911,GSTM2;PTGR1;FADS1
GO_Biological_Process_2023,Vesicle Fusion (GO:0006906),6/79,0.9824225173629328,0.9999960968655396,0,0,0.4732161112246984,0.0083919203859558,STX17;TGFBRAP1;YIPF7;PIP4K2B;VIPAS39;STXBP6
GO_Biological_Process_2023,Regulation Of Intracellular Signal Transduction (GO:1902531),32/297,0.9824412928994116,0.9999960968655396,0,0,0.6934924386243592,0.0122850034275755,JPT2;WWC1;NOP2;ARHGAP19;AKAP5;AURKB;AURKA;SYDE2;PIDD1;UFL1;NUAK2;RACGAP1;CAPN3;ECT2;FBXO9;MAP2K6;PLEKHG3;GBP7;ARHGEF15;USP2;WNT5A;PLEKHG6;ARHGEF19;ARHGAP29;DYNLL1;WDR54;VAV2;TTI1;RGN;NF2;NGEF;TELO2
GO_Biological_Process_2023,Negative Regulation Of Type I Interferon Production (GO:0032480),2/38,0.9825934461748884,0.9999960968655396,0,0,0.3201219512195122,0.0056212867708592,GBP7;TRAF3IP1
GO_Biological_Process_2023,Positive Regulation Of Bone Mineralization (GO:0030501),2/38,0.9825934461748884,0.9999960968655396,0,0,0.3201219512195122,0.0056212867708592,CCNA2;PKDCC
GO_Biological_Process_2023,Regulation Of Neurotransmitter Secretion (GO:0046928),2/38,0.9825934461748884,0.9999960968655396,0,0,0.3201219512195122,0.0056212867708592,RIMS4;PREPL
GO_Biological_Process_2023,Tumor Necrosis Factor-Mediated Signaling Pathway (GO:0033209),2/38,0.9825934461748884,0.9999960968655396,0,0,0.3201219512195122,0.0056212867708592,STAT1;TRADD
GO_Biological_Process_2023,Negative Regulation Of Macromolecule Biosynthetic Process (GO:0010558),8/98,0.983113438081062,0.9999960968655396,0,0,0.5116089613034623,0.0087130923059911,GRB7;HDAC2;CSNK2A1;IFRD2;SHMT1;GDF2;NHLRC1;PASK
GO_Biological_Process_2023,Positive Regulation Of Protein-Containing Complex Assembly (GO:0031334),8/98,0.983113438081062,0.9999960968655396,0,0,0.5116089613034623,0.0087130923059911,MAVS;TPPP;CD36;BID;AJUBA;MTLN;FNIP2;TIRAP
GO_Biological_Process_2023,Regulation Of Vesicle-Mediated Transport (GO:0060627),7/89,0.98345090120082,0.9999960968655396,0,0,0.4913967904524651,0.0082002158421387,RUFY1;RINT1;RAB3A;GAS1;PACSIN3;CPLANE2;RAB17
GO_Biological_Process_2023,Positive Regulation Of Phagocytosis (GO:0050766),4/60,0.9834977441486924,0.9999960968655396,0,0,0.4113801452784503,0.0068453388172375,C3;IL15RA;GAS6;MBL2
GO_Biological_Process_2023,Mitochondrial ATP Synthesis Coupled Electron Transport (GO:0042775),5/70,0.9835480939520432,0.9999960968655396,0,0,0.4429402404987349,0.0073478211642561,NDUFS8;SDHAF2;COX15;NDUFAF1;COA6
GO_Biological_Process_2023,Neutrophil Chemotaxis (GO:0030593),5/70,0.9835480939520432,0.9999960968655396,0,0,0.4429402404987349,0.0073478211642561,CCL24;CXCL9;CXCL11;XCL1;PPIB
GO_Biological_Process_2023,Positive Regulation Of Protein Transport (GO:0051222),5/70,0.9835480939520432,0.9999960968655396,0,0,0.4429402404987349,0.0073478211642561,CEP131;ACSL3;KIF20B;SYTL4;PPID
GO_Biological_Process_2023,Regulation Of G Protein-Coupled Receptor Signaling Pathway (GO:0008277),5/70,0.9835480939520432,0.9999960968655396,0,0,0.4429402404987349,0.0073478211642561,C3;GUCY2D;PDE6G;DGKQ;RPGRIP1L
GO_Biological_Process_2023,Regulation Of Actin Filament Polymerization (GO:0030833),5/70,0.9835480939520432,0.9999960968655396,0,0,0.4429402404987349,0.0073478211642561,KANK1;CCL24;HAX1;GBA2;LMOD2
GO_Biological_Process_2023,Positive Regulation Of Protein Phosphorylation (GO:0001934),42/377,0.9838898003294164,0.9999960968655396,0,0,0.7194747416762343,0.0116852624904196,BCAR3;HDAC3;CSF1;FBH1;BRAT1;CDCA8;CREBL2;AURKB;CAMKK2;C3;GHR;CCND1;ERBB2;P2RY1;DVL2;TNKS1BP1;RSPO1;FNIP2;ACVR1;GDF11;XRCC6;LEFTY1;XRCC5;PLK1;GDF2;VEGFB;INHBA;AXIN2;INHBC;TOM1L1;CCNA2;RAP2A;MAVS;RAD50;CLDN3;HAX1;DGKQ;BIRC5;PPARG;GAS6;CACUL1;NODAL
GO_Biological_Process_2023,Glycoprotein Biosynthetic Process (GO:0009101),6/80,0.9841231640911312,0.9999960968655396,0,0,0.4667937951520041,0.0074706719941736,B3GALNT2;NPC1;AQP11;CHST13;B4GALT7;DDOST
GO_Biological_Process_2023,Positive Regulation Of Immune Response (GO:0050778),6/80,0.9841231640911312,0.9999960968655396,0,0,0.4667937951520041,0.0074706719941736,XBP1;POLR3G;IFI35;FADD;SLC15A4;TIRAP
GO_Biological_Process_2023,Cell-Cell Adhesion Mediated By Cadherin (GO:0044331),1/26,0.9843600393344556,0.9999960968655396,0,0,0.230558753809685,0.0036344256471467,CDH15
GO_Biological_Process_2023,Dendritic Spine Organization (GO:0097061),1/26,0.9843600393344556,0.9999960968655396,0,0,0.230558753809685,0.0036344256471467,EPHB3
GO_Biological_Process_2023,Negative Regulation Of Interleukin-1 Beta Production (GO:0032691),1/26,0.9843600393344556,0.9999960968655396,0,0,0.230558753809685,0.0036344256471467,CPTP
GO_Biological_Process_2023,Organelle Membrane Fusion (GO:0090174),1/26,0.9843600393344556,0.9999960968655396,0,0,0.230558753809685,0.0036344256471467,STX17
GO_Biological_Process_2023,Positive Regulation Of Monooxygenase Activity (GO:0032770),1/26,0.9843600393344556,0.9999960968655396,0,0,0.230558753809685,0.0036344256471467,TERT
GO_Biological_Process_2023,Protein Targeting To Lysosome (GO:0006622),1/26,0.9843600393344556,0.9999960968655396,0,0,0.230558753809685,0.0036344256471467,NEDD4
GO_Biological_Process_2023,Regulation Of Epidermal Growth Factor-Activated Receptor Activity (GO:0007176),1/26,0.9843600393344556,0.9999960968655396,0,0,0.230558753809685,0.0036344256471467,SNX6
GO_Biological_Process_2023,Response To Glucocorticoid (GO:0051384),1/26,0.9843600393344556,0.9999960968655396,0,0,0.230558753809685,0.0036344256471467,HSD3B2
GO_Biological_Process_2023,Plasma Membrane Bounded Cell Projection Morphogenesis (GO:0120039),3/50,0.984362280786086,0.9999960968655396,0,0,0.367686395524056,0.0057952075546992,PLXNB1;DICER1;KIF20B
GO_Biological_Process_2023,Cellular Response To Molecule Of Bacterial Origin (GO:0071219),10/117,0.9845389627901532,0.9999960968655396,0,0,0.5377323750507924,0.008378841259998,UPF1;XBP1;CXCL11;CXCL9;SHPK;WNT5A;AHR;TICAM1;CCR5;TIRAP
GO_Biological_Process_2023,Positive Regulation Of Protein Serine/Threonine Kinase Activity (GO:0071902),10/117,0.9845389627901532,0.9999960968655396,0,0,0.5377323750507924,0.008378841259998,GHR;ETAA1;PSRC1;CCND1;WNT5A;KIT;ERBB2;PROX1;TELO2;ELANE
GO_Biological_Process_2023,Axon Development (GO:0061564),8/99,0.9846158480908632,0.9999960968655396,0,0,0.5059570436352514,0.0078442142210375,RAB3A;SSNA1;VASH2;OLIG1;BHLHA15;NREP;NEFH;EPHB3
GO_Biological_Process_2023,Brain Development (GO:0007420),16/169,0.9846756566275406,0.9999960968655396,0,0,0.6012893925439474,0.0092856968446294,MKKS;UTP3;PTCH1;AMIGO2;CTNS;FOXJ1;PROX1;PCDH18;CENPF;MEIS1;RBBP4;CDK5RAP1;DHX37;POMK;PLXNB2;ADGRL2
GO_Biological_Process_2023,RNA Transport (GO:0050658),2/39,0.9848292424653354,0.9999960968655396,0,0,0.311451695598037,0.004761165416059,NUP155;TST
GO_Biological_Process_2023,Fibroblast Growth Factor Receptor Signaling Pathway (GO:0008543),2/39,0.9848292424653354,0.9999960968655396,0,0,0.311451695598037,0.004761165416059,FLRT2;SHCBP1
GO_Biological_Process_2023,Negative Regulation Of Ubiquitin-Dependent Protein Catabolic Process (GO:2000059),2/39,0.9848292424653354,0.9999960968655396,0,0,0.311451695598037,0.004761165416059,CSNK2A1;OGT
GO_Biological_Process_2023,Regulation Of Nitric Oxide Biosynthetic Process (GO:0045428),2/39,0.9848292424653354,0.9999960968655396,0,0,0.311451695598037,0.004761165416059,DDAH1;CD36
GO_Biological_Process_2023,Regulation Of Receptor-Mediated Endocytosis (GO:0048259),2/39,0.9848292424653354,0.9999960968655396,0,0,0.311451695598037,0.004761165416059,C3;RSPO1
GO_Biological_Process_2023,Synapse Assembly (GO:0007416),5/71,0.985231357873126,0.9999960968655396,0,0,0.4362033354912297,0.0064901753400741,ADGRF1;PLXND1;WNT5A;PLXNB2;PLXNB1
GO_Biological_Process_2023,Negative Regulation Of Cytokine Production (GO:0001818),17/178,0.9853054546229044,0.9999960968655396,0,0,0.6070439900435015,0.0089864240679193,CHID1;ABCD2;GBP7;TRAF3IP1;HOMER2;ANXA4;FN1;NR1H4;FOXJ1;SSC5D;INHBA;DLL1;SIGIRR;XCL1;GAS6;ELANE;LGR4
GO_Biological_Process_2023,Cellular Response To Salt (GO:1902075),9/109,0.985824088223968,0.9999960968655396,0,0,0.517874363327674,0.0073938734405461,SYT5;WNT5A;P2RY1;CHP2;PPIF;CIB2;CAPN3;PDXP;ECT2
GO_Biological_Process_2023,Negative Regulation Of MAP Kinase Activity (GO:0043407),3/51,0.9861954873860056,0.9999960968655396,0,0,0.3600050830227042,0.0050043158038167,DNAJA1;PPARG;DUSP7
GO_Biological_Process_2023,Positive Regulation Of Leukocyte Mediated Cytotoxicity (GO:0001912),3/51,0.9861954873860056,0.9999960968655396,0,0,0.3600050830227042,0.0050043158038167,CD160;XCL1;FADD
GO_Biological_Process_2023,Regulated Exocytosis (GO:0045055),3/51,0.9861954873860056,0.9999960968655396,0,0,0.3600050830227042,0.0050043158038167,RAB3A;RAB11FIP1;RAB11FIP2
GO_Biological_Process_2023,Sensory Perception (GO:0007600),3/51,0.9861954873860056,0.9999960968655396,0,0,0.3600050830227042,0.0050043158038167,TTC8;MME;CHRNA4
GO_Biological_Process_2023,Regulation Of Actin Cytoskeleton Organization (GO:0032956),7/91,0.9863881015793888,0.9999960968655396,0,0,0.4796403121818798,0.0065736573822724,BST2;HAX1;CAPN10;MLST8;ARHGEF19;CELSR1;DYNLL1
GO_Biological_Process_2023,Regulation Of Epithelial Cell Proliferation (GO:0050678),7/91,0.9863881015793888,0.9999960968655396,0,0,0.4796403121818798,0.0065736573822724,EPB41L4B;UHRF1;ERBB2;AQP11;SRSF6;MTSS1;NODAL
GO_Biological_Process_2023,Activation Of Phospholipase C Activity (GO:0007202),1/27,0.9866727258341608,0.9999960968655396,0,0,0.2216780848680611,0.0029742281087641,AVPR1A
GO_Biological_Process_2023,Clathrin-Dependent Endocytosis (GO:0072583),1/27,0.9866727258341608,0.9999960968655396,0,0,0.2216780848680611,0.0029742281087641,DLL1
GO_Biological_Process_2023,Positive Regulation Of Cytosolic Calcium Ion Concentration Involved In Phospholipase C-activating G Protein-Coupled Signaling Pathway (GO:0051482),1/27,0.9866727258341608,0.9999960968655396,0,0,0.2216780848680611,0.0029742281087641,LPAR6
GO_Biological_Process_2023,Regulation Of Immunoglobulin Production (GO:0002637),1/27,0.9866727258341608,0.9999960968655396,0,0,0.2216780848680611,0.0029742281087641,XBP1
GO_Biological_Process_2023,Regulation Of Peptidase Activity (GO:0052547),1/27,0.9866727258341608,0.9999960968655396,0,0,0.2216780848680611,0.0029742281087641,PSMB8
GO_Biological_Process_2023,"Synaptic Transmission, Glutamatergic (GO:0035249)",1/27,0.9866727258341608,0.9999960968655396,0,0,0.2216780848680611,0.0029742281087641,GRIN3B
GO_Biological_Process_2023,Regulation Of Cellular Localization (GO:0060341),5/72,0.9867511610213868,0.9999960968655396,0,0,0.4296675321257395,0.0057306425132255,UFL1;PARP1;WWC1;TRIM68;TRIM21
GO_Biological_Process_2023,Transforming Growth Factor Beta Receptor Signaling Pathway (GO:0007179),5/72,0.9867511610213868,0.9999960968655396,0,0,0.4296675321257395,0.0057306425132255,LEFTY1;COL3A1;HPGD;TGFBRAP1;SMAD9
GO_Biological_Process_2023,Negative Regulation Of Secretion By Cell (GO:1903531),2/40,0.986784522133874,0.9999960968655396,0,0,0.3032377692197974,0.0040341477268073,HMGCR;STXBP6
GO_Biological_Process_2023,Regulation Of Cytosolic Calcium Ion Concentration (GO:0051480),2/40,0.986784522133874,0.9999960968655396,0,0,0.3032377692197974,0.0040341477268073,WNT5A;HRC
GO_Biological_Process_2023,External Encapsulating Structure Organization (GO:0045229),9/110,0.9870547555346036,0.9999960968655396,0,0,0.5127166366891358,0.0066805769571072,TGM1;MMP11;COL15A1;COL3A1;MMP13;MMP15;COL4A3;COL9A1;MMP19
GO_Biological_Process_2023,Positive Regulation Of Tumor Necrosis Factor Superfamily Cytokine Production (GO:1903557),6/82,0.9870721741245831,0.9999960968655396,0,0,0.4544561879597229,0.0059134373053609,SETD4;MAVS;WNT5A;FADD;TIRAP;RIGI
GO_Biological_Process_2023,Sodium Ion Transmembrane Transport (GO:0035725),6/82,0.9870721741245831,0.9999960968655396,0,0,0.4544561879597229,0.0059134373053609,SLC6A6;SLC6A12;ATP1A3;PKD2L1;SCN4B;SCN2B
GO_Biological_Process_2023,Potassium Ion Transmembrane Transport (GO:0071805),12/137,0.987303472706962,0.9999960968655396,0,0,0.5521468388851122,0.0070552312606814,KCNE1;KCNJ10;KCNE3;KCNS2;KCNK12;KCNJ15;KCNN1;ATP1A3;KCNJ16;PKD2L1;KCNN2;CCDC51
GO_Biological_Process_2023,Positive Regulation Of Neuron Projection Development (GO:0010976),7/92,0.987666596093106,0.9999960968655396,0,0,0.4739695403101858,0.0058820053784022,PRKCI;PLK5;WNT5A;COBL;PLXNB2;PTK6;VLDLR
GO_Biological_Process_2023,Negative Regulation Of Transcription By RNA Polymerase II (GO:0000122),92/763,0.987874576898219,0.9999960968655396,0,0,0.7844711680158634,0.0095701840605799,SUV39H2;CIITA;THRB;KDM1B;ZMYND8;WWC1;RORC;TCF21;UBE2D1;FOXM1;PHF6;DCAF1;SHH;HHEX;SALL1;HEY1;CCND1;SOX18;GET1;MYOZ2;SOX4;MEN1;LEFTY1;PCID2;PARP1;USP2;SIRT6;DICER1;ZBTB33;PROX1;PARP9;HIC1;SAP30;THAP1;MYH2;SFPQ;RARB;PPARG;MZF1;PPID;KANK2;CEBPA;MAGEH1;HDAC2;HDAC3;DLX4;UHRF1;ZBTB46;NR1I3;ZBTB45;CXXC5;ZBTB5;AURKB;DLL4;PURA;RBBP4;BEND3;HSF4;PCGF1;NDN;DMAP1;CRYM;E2F6;FNIP2;ELANE;E2F8;HEXIM1;CBX8;SKOR2;CBX5;STAT1;CBX2;PTCH1;PLK1;CBX1;NR1H4;FOXJ1;NR2F2;NR0B2;SMARCA2;ESR1;TBX3;SOX30;THAP11;PER2;BRMS1L;SNAI2;TRIM37;MAGED2;HAMP;OGT;GZF1
GO_Biological_Process_2023,Cellular Response To Growth Factor Stimulus (GO:0071363),14/155,0.9878894832639752,0.9999960968655396,0,0,0.5709219858156028,0.006956368412122,ACVR1;RAMP2;PLK5;WNT5A;GDF2;SMAD9;KNSTRN;MTSS2;DLL4;CLEC3B;ERBB2;SNAI2;GAS1;XCL1
GO_Biological_Process_2023,T Cell Activation (GO:0042110),9/111,0.9881854350235578,0.9999960968655396,0,0,0.5076600419454709,0.0060334947084359,DPP4;DLL4;TRGC1;KIT;CD7;SOX4;DDOST;CD276;HSPD1
GO_Biological_Process_2023,Negative Regulation Of Inflammatory Response (GO:0050728),9/111,0.9881854350235578,0.9999960968655396,0,0,0.5076600419454709,0.0060334947084359,MFHAS1;MVK;FEM1A;MKRN2;NR1H4;PPARG;AHR;ELANE;TRIM45
GO_Biological_Process_2023,Inorganic Anion Transmembrane Transport (GO:0098661),4/63,0.9883380393360504,0.9999960968655396,0,0,0.3903935650675093,0.004579509636403,SLC5A6;GLRA2;CLCN3;SLC25A11
GO_Biological_Process_2023,Protein Catabolic Process (GO:0030163),8/102,0.9884101061491068,0.9999960968655396,0,0,0.489722812035071,0.005708982939279,UTP25;CASP3;TRIM24;CAPN3;PCSK9;TRIM21;RNF5;ELANE
GO_Biological_Process_2023,Detection Of Chemical Stimulus Involved In Sensory Perception Of Bitter Taste (GO:0001580),2/41,0.9884933409522422,0.9999960968655396,0,0,0.2954450698353137,0.0034192959681767,RTP3;GNAT2
GO_Biological_Process_2023,Lymphocyte Migration (GO:0072676),2/41,0.9884933409522422,0.9999960968655396,0,0,0.2954450698353137,0.0034192959681767,CCL24;XCL1
GO_Biological_Process_2023,Positive Regulation Of Actin Filament Polymerization (GO:0030838),2/41,0.9884933409522422,0.9999960968655396,0,0,0.2954450698353137,0.0034192959681767,CCL24;LMOD2
GO_Biological_Process_2023,Protein Localization To Lysosome (GO:0061462),2/41,0.9884933409522422,0.9999960968655396,0,0,0.2954450698353137,0.0034192959681767,AP3M1;NEDD4
GO_Biological_Process_2023,Negative Regulation Of Protein Metabolic Process (GO:0051248),13/147,0.9885371177718768,0.9999960968655396,0,0,0.557877054712835,0.0064318133692382,GRB7;CSNK2A1;IFRD2;SHMT1;AZIN2;HMGCR;AZIN1;NHLRC1;PFDN4;CRYAB;RILP;BANP;MAD2L1
GO_Biological_Process_2023,Antigen Processing And Presentation Of Peptide Antigen Via MHC Class II (GO:0002495),1/28,0.9886434769894458,0.9999960968655396,0,0,0.2134552432554464,0.002437979217464,MARCHF8
GO_Biological_Process_2023,Protein Localization To Golgi Apparatus (GO:0034067),1/28,0.9886434769894458,0.9999960968655396,0,0,0.2134552432554464,0.002437979217464,BICD2
GO_Biological_Process_2023,Regulation Of Calcium Ion-Dependent Exocytosis (GO:0017158),1/28,0.9886434769894458,0.9999960968655396,0,0,0.2134552432554464,0.002437979217464,SYT5
GO_Biological_Process_2023,Regulation Of Chemotaxis (GO:0050920),1/28,0.9886434769894458,0.9999960968655396,0,0,0.2134552432554464,0.002437979217464,ELANE
GO_Biological_Process_2023,Actin Polymerization Or Depolymerization (GO:0008154),3/53,0.9892619437078888,0.9999960968655396,0,0,0.3455642155201626,0.0037307545670129,MSRB2;COBL;MSRB1
GO_Biological_Process_2023,Spermatid Development (GO:0007286),3/53,0.9892619437078888,0.9999960968655396,0,0,0.3455642155201626,0.0037307545670129,MKKS;PLD6;SOX30
GO_Biological_Process_2023,Negative Regulation Of Neuron Apoptotic Process (GO:0043524),5/74,0.9893581082688728,0.9999960968655396,0,0,0.4171642561221932,0.0044632076813261,PRKCI;ERBB3;LIG4;SNX6;NFATC4
GO_Biological_Process_2023,Positive Regulation Of Lymphocyte Proliferation (GO:0050671),5/74,0.9893581082688728,0.9999960968655396,0,0,0.4171642561221932,0.0044632076813261,IL7;IL18;TYK2;TIRAP;CD276
GO_Biological_Process_2023,Proteolysis (GO:0006508),35/330,0.9895719960523568,0.9999960968655396,0,0,0.6808519286265903,0.0071372050169091,ENPEP;RNPEPL1;HTRA4;IHH;CPOX;PEPD;PCSK4;ZMPSTE24;DPP4;SHH;PLAU;UBD;CASP3;RNPEP;FBXO3;CAPN3;CASP2;HABP2;ELANE;MBL2;MME;PTCH1;ERAP1;VASH2;BACE1;SPCS3;MMP15;CAPN10;XPNPEP3;UBA3;ATG4C;MMP19;PRTN3;OGT;FBXL6
GO_Biological_Process_2023,Lipid Modification (GO:0030258),2/42,0.9899858183642634,0.9999960968655396,0,0,0.2880420054200542,0.0028990450924238,DGKQ;CYP2E1
GO_Biological_Process_2023,Monoatomic Cation Transport (GO:0006812),2/42,0.9899858183642634,0.9999960968655396,0,0,0.2880420054200542,0.0028990450924238,PKD2L1;CNGA3
GO_Biological_Process_2023,Monocyte Chemotaxis (GO:0002548),2/42,0.9899858183642634,0.9999960968655396,0,0,0.2880420054200542,0.0028990450924238,CCL24;XCL1
GO_Biological_Process_2023,Sensory Perception Of Bitter Taste (GO:0050913),2/42,0.9899858183642634,0.9999960968655396,0,0,0.2880420054200542,0.0028990450924238,RTP3;GNAT2
GO_Biological_Process_2023,Receptor-Mediated Endocytosis (GO:0006898),10/122,0.9900565142538672,0.9999960968655396,0,0,0.513574825310559,0.0051322828442528,DPP4;RAMP2;ADRB3;NEDD4;LRP3;CLEC9A;VLDLR;CD36;DLL1;IGF2R
GO_Biological_Process_2023,Axon Guidance (GO:0007411),13/149,0.9902679455835728,0.9999960968655396,0,0,0.5496079764785887,0.0053750123222884,SEMA6C;SEMA4A;PLXND1;WNT5A;SEMA4G;NTN3;SHH;CXCL12;PLXNB2;OTX2;PLXNB1;EPHB3;PLXNA3
GO_Biological_Process_2023,Positive Regulation Of Cell Differentiation (GO:0045597),29/283,0.9902728448907384,0.9999960968655396,0,0,0.6554519146645131,0.0064068936289167,SMARCD2;SMARCB1;PKDCC;CSF1;ZC4H2;CREBL2;LRP3;BLOC1S5;BLOC1S6;DPF3;FBXO5;CD36;ECT2;SOX4;BCL9L;ACVR1;XBP1;ZHX3;IL18;SIRT6;AXIN2;SMARCA2;ADRA2B;XKR8;CCNA2;SLC6A6;PPARG;RBM24;TRIM32
GO_Biological_Process_2023,RNA Biosynthetic Process (GO:0032774),1/29,0.9903228335040182,0.9999960968655396,0,0,0.2058197474723042,0.0020014518511459,TAF12
GO_Biological_Process_2023,Peptide Biosynthetic Process (GO:0043043),14/158,0.9904647870889848,0.9999960968655396,0,0,0.5589285714285714,0.0053550745871506,MRPS15;GGT6;MRPL18;MRPS21;MRPL14;YARS2;GSPT2;HARS2;MRPL35;MRPS5;MRPL51;EEF1A2;EIF4EBP2;MRPL9
GO_Biological_Process_2023,Mesenchymal Cell Differentiation (GO:0048762),3/54,0.9905376206941836,0.9999960968655396,0,0,0.3387685131660254,0.0032208186183184,DDX17;WNT5A;SNAI2
GO_Biological_Process_2023,Monoatomic Anion Transmembrane Transport (GO:0098656),3/54,0.9905376206941836,0.9999960968655396,0,0,0.3387685131660254,0.0032208186183184,SLC5A6;GLRA2;CLCN3
GO_Biological_Process_2023,Regulation Of Cytokine Production (GO:0001817),15/167,0.9907013816278882,0.9999960968655396,0,0,0.5672579287620207,0.0052993918720244,BTNL9;CRP;GBP7;EOLA1;TRIL;ZBTB45;ZBTB33;CLEC9A;AGPAT1;SNAI2;TRIM21;LURAP1;LGR4;CD276;RIGI
GO_Biological_Process_2023,Antimicrobial Humoral Immune Response Mediated By Antimicrobial Peptide (GO:0061844),4/65,0.9907765691380976,0.9999960968655396,0,0,0.3775493192553487,0.0034984588565005,CXCL9;CXCL11;H2BC21;HMGN2
GO_Biological_Process_2023,Positive Regulation Of T Cell Proliferation (GO:0042102),4/65,0.9907765691380976,0.9999960968655396,0,0,0.3775493192553487,0.0034984588565005,IL18;TYK2;FADD;CD276
GO_Biological_Process_2023,T Cell Receptor Signaling Pathway (GO:0050852),7/95,0.9908587482641826,0.9999960968655396,0,0,0.4577305117685165,0.0042034717375103,BTNL9;KHDRBS1;TRGC1;EIF2B4;CSK;EIF2B1;CD276
GO_Biological_Process_2023,Regulation Of Cell Motility (GO:2000145),10/123,0.9909116630493128,0.9999960968655396,0,0,0.5089998557137361,0.0046471115875432,PLEKHG3;CSRP3;TBCCD1;PLXND1;PLXNB2;PLXNB1;CFAP20;TRIM32;PLXNA3;RIGI
GO_Biological_Process_2023,Neuron Development (GO:0048666),13/150,0.9910393502393082,0.9999960968655396,0,0,0.5455639747143953,0.0049106419765608,XBP1;LGI4;WNT5A;GBA2;POU3F2;GPRIN2;BLOC1S5;BLOC1S6;ADGRF1;TDP2;NEDD4;STMN1;TBC1D24
GO_Biological_Process_2023,Lysosome Organization (GO:0007040),2/43,0.991288556744568,0.9999960968655396,0,0,0.281000066098222,0.0024586409027438,TFEB;TMEM165
GO_Biological_Process_2023,Positive Regulation Of Receptor-Mediated Endocytosis (GO:0048260),2/43,0.991288556744568,0.9999960968655396,0,0,0.281000066098222,0.0024586409027438,C3;PCSK9
GO_Biological_Process_2023,Skeletal System Morphogenesis (GO:0048705),2/43,0.991288556744568,0.9999960968655396,0,0,0.281000066098222,0.0024586409027438,MMP13;RFLNA
GO_Biological_Process_2023,Negative Regulation Of DNA-templated Transcription (GO:0045892),126/1025,0.9914961522254117,0.9999960968655396,0,0,0.8002455974184738,0.0068342668866681,KDM1B;WWC1;ZMYND8;RORC;UBE2D1;AHR;DCAF1;SALL1;CCND1;SOX18;CAPN3;MYOZ2;SOX4;MEN1;RBFOX2;USP2;WNT5A;DICER1;ZBTB33;HIC1;SAP30;THAP1;WDR82;MZF1;PPID;KHDRBS1;DLX4;ZBTB5;NDN;DMAP1;ELANE;SNX6;HEXIM1;CBX8;XRCC6;CBX5;ZBTB14;XRCC5;CBX2;PTCH1;PLK1;CBX1;NR2F2;NR0B2;SMARCA2;ESR1;NFATC4;SOX30;THAP11;MLXIPL;DAP;SNAI2;MAGED2;RBAK;HAMP;OGT;CREBZF;SUV39H2;CIITA;THRB;ZC3H4;KDM8;CBY1;TCF21;ZC3H8;FOXM1;PHF6;SHH;HHEX;HEY1;BCL7A;GET1;EID2B;LEFTY1;ZHX3;PARP1;PRMT2;ACTR6;SIRT6;PROX1;PARP9;SFPQ;MYH2;LANCL2;BIRC5;RARB;XCL1;PPARG;GAS6;CRYAB;KANK2;CEBPA;MAGEH1;HDAC2;HDAC3;UHRF1;ZBTB46;CIPC;NR1I3;ZBTB45;CXXC5;AURKB;DLL4;PURA;RBBP4;CCDC85B;BEND3;HSF4;PCGF1;CRYM;E2F6;FNIP2;E2F8;SKOR2;STAT1;NR1H4;FOXJ1;WWP1;TBX3;PER2;CENPF;TFAP4;NMNAT1;BRMS1L;TRIM37;GZF1
GO_Biological_Process_2023,Cellular Response To Fibroblast Growth Factor Stimulus (GO:0044344),3/55,0.9916663646754716,0.9999960968655396,0,0,0.3322341839793551,0.0027803197755576,DLL4;FLRT2;SHCBP1
GO_Biological_Process_2023,Ceramide Metabolic Process (GO:0006672),3/55,0.9916663646754716,0.9999960968655396,0,0,0.3322341839793551,0.0027803197755576,PLA2G15;ABCA2;ASAH2
GO_Biological_Process_2023,Neuron Projection Guidance (GO:0097485),10/124,0.9916976664311568,0.9999960968655396,0,0,0.5045051487414187,0.0042060543257188,SEMA6C;SEMA4A;SHH;CXCL12;WNT5A;OTX2;SEMA4G;EPHB3;PLXNA3;NTN3
GO_Biological_Process_2023,Protein Dephosphorylation (GO:0006470),10/124,0.9916976664311568,0.9999960968655396,0,0,0.5045051487414187,0.0042060543257188,DUSP12;PPP1R15B;UBLCP1;SDHAF2;PDXP;PPEF2;PTPRF;MTMR7;DUSP7;PTPN3
GO_Biological_Process_2023,Regulation Of Apoptotic Process (GO:0042981),83/705,0.9917114673293014,0.9999960968655396,0,0,0.7633671228304779,0.0063535607106352,TOP2A;FOXA1;FCMR;TRADD;APIP;PCSK9;PIDD1;SHH;LGALS1;AIFM1;RUVBL2;CASP3;RUVBL1;TNFSF10;TRIM24;MLST8;CAPN3;CASP2;SKP2;TMEM14A;SOX4;PRKCI;DFFA;PCID2;ACTN3;PRMT2;ANXA4;SIGMAR1;WNT5A;PRLR;SUPV3L1;RNF144B;HAX1;IRF3;CAT;PPIF;GAS1;BIRC5;NAA35;GAS6;CRYAB;PPID;MCM2;HDAC2;HDAC3;HTRA4;XIAP;OMA1;HSPD1;PRDX3;SOCS2;NUAK2;ERBB3;FIGNL1;UBD;ERBB2;BNIP1;HS1BP3;FADD;DMAP1;BID;ECT2;LCMT1;TXNDC5;EGLN3;XBP1;PLK5;STAT1;PLK1;NR1H4;DHCR24;TBX3;KLHL20;DNAJA1;TFAP4;IL7;CDK1;PDCD2;NAA16;NF2;TARDBP;HSPA1B;MAD2L1
GO_Biological_Process_2023,Cellular Response To Lipid (GO:0071396),22/228,0.991739911081676,0.9999960968655396,0,0,0.6133856077563942,0.0050876609746031,UPF1;XBP1;CXCL9;WNT5B;FZD4;IRS1;FZD7;INSIG1;WNT5A;WNT9B;NR1H4;RORC;ATP1A3;PTK6;AHR;TICAM1;ESR1;CXCL11;RUVBL2;SHPK;CCR5;HSPA1B
GO_Biological_Process_2023,Embryonic Skeletal System Morphogenesis (GO:0048704),1/30,0.9917538678166792,0.9999960968655396,0,0,0.1987108376052407,0.0016453892440888,COL2A1
GO_Biological_Process_2023,Innate Immune Response Activating Cell Surface Receptor Signaling Pathway (GO:0002220),1/30,0.9917538678166792,0.9999960968655396,0,0,0.1987108376052407,0.0016453892440888,MBL2
GO_Biological_Process_2023,Lamellipodium Organization (GO:0097581),1/30,0.9917538678166792,0.9999960968655396,0,0,0.1987108376052407,0.0016453892440888,KIT
GO_Biological_Process_2023,Negative Regulation Of Calcium Ion Transmembrane Transporter Activity (GO:1901020),1/30,0.9917538678166792,0.9999960968655396,0,0,0.1987108376052407,0.0016453892440888,GSTM2
GO_Biological_Process_2023,Positive Regulation Of Phosphate Metabolic Process (GO:0045937),1/30,0.9917538678166792,0.9999960968655396,0,0,0.1987108376052407,0.0016453892440888,FZD7
GO_Biological_Process_2023,Cellular Response To Oxygen-Containing Compound (GO:1901701),44/406,0.9919888106832,0.9999960968655396,0,0,0.6968692449355433,0.005605233843936,KCNE1;CXCL9;IRS1;SHMT1;INSIG1;MPV17L;AQP9;RORC;CIB2;PDXP;AHR;CAMKK2;PRDX3;GLRA2;RUVBL2;P2RY1;CHP2;CAPN3;MPV17;CCR5;ECT2;PDK2;SYT5;UPF1;XBP1;WNT5B;FZD4;ERCC6L2;FZD7;WNT5A;WNT9B;NR1H4;PTK6;PEX10;TICAM1;PEX12;ESR1;TIRAP;CXCL11;SHPK;CDK2;PPIF;LAMTOR2;SLC26A6
GO_Biological_Process_2023,Positive Regulation Of Transcription By RNA Polymerase II (GO:0045944),114/938,0.9920398805230892,0.9999960968655396,0,0,0.7902485300150417,0.0063156428329737,FOXA1;SMARCB1;CRTC1;KDM1B;ZMYND8;AHR;ABRA;SPIB;SALL1;SOX18;RUVBL2;NAMPT;CHP2;SOX4;GTF2I;MEN1;ACVR1;DDX17;WNT5A;HNF1B;BHLHA15;POU3F2;RFX5;HOXB2;MZF1;GCM1;BCL2L12;DVL2;OTX2;FADD;CGA;ZBED4;BCL9L;XBP1;XRCC6;GDF2;SMAD9;NR2F2;INHBA;SMARCA2;ESR1;SOX30;MLXIPL;CDK7;MAVS;AGO1;MKRN2;OGT;RIGI;SETD4;CREBZF;CIITA;THRB;ONECUT2;ONECUT1;MED19;TCF21;FOXM1;MED18;MED11;SHH;HHEX;CSRP3;DBP;HEY1;SREBF1;PARP1;NCBP2;IL18;TFEB;CKAP2;ABHD14B;OLIG1;PROX1;BAZ1B;KLF15;CCNA2;MED22;SFPQ;HAX1;NR5A2;TFDP1;IRF3;MED21;HAND2;RARB;PPARG;MET;CEBPA;HDAC2;HDAC3;ATF6B;UHRF1;NR1I3;CEBPG;DLL1;HSF2;LEO1;RXRG;E2F8;SPAG8;TAF12;NFYA;STAT1;NFYB;STAT2;MACC1;NR1H4;FOXJ1;TBX3;MEIS1;SSBP3;FOXA3;FOXA2
GO_Biological_Process_2023,Monoatomic Cation Homeostasis (GO:0055080),5/77,0.9923740222394912,0.9999960968655396,0,0,0.3997117667005764,0.0030598751994573,CIB2;SLC39A5;XIAP;SLC39A12;HAMP
GO_Biological_Process_2023,Positive Regulation Of Synaptic Transmission (GO:0050806),5/77,0.9923740222394912,0.9999960968655396,0,0,0.3997117667005764,0.0030598751994573,RIMS4;KCTD13;AKAP5;FOXM1;NFATC4
GO_Biological_Process_2023,Cellular Response To Ketone (GO:1901655),2/44,0.9924250226914476,0.9999960968655396,0,0,0.2742934572202865,0.0020856762002854,AHR;GAS6
GO_Biological_Process_2023,Positive Regulation Of Chemotaxis (GO:0050921),2/44,0.9924250226914476,0.9999960968655396,0,0,0.2742934572202865,0.0020856762002854,XCL1;MET
GO_Biological_Process_2023,Regulation Of B Cell Proliferation (GO:0030888),2/44,0.9924250226914476,0.9999960968655396,0,0,0.2742934572202865,0.0020856762002854,IL7;TIRAP
GO_Biological_Process_2023,Synaptic Vesicle Recycling (GO:0036465),2/44,0.9924250226914476,0.9999960968655396,0,0,0.2742934572202865,0.0020856762002854,SYT5;RAB3A
GO_Biological_Process_2023,Positive Regulation Of T Cell Activation (GO:0050870),8/107,0.9928541372230688,0.9999960968655396,0,0,0.4648521878664445,0.0033336952471586,XBP1;SMARCD2;SMARCB1;IL7;TYK2;SMARCA2;CD276;HSPD1
GO_Biological_Process_2023,Leukocyte Cell-Cell Adhesion (GO:0007159),1/31,0.992973287479844,0.9999960968655396,0,0,0.1920758550626481,0.0013544259891466,NT5E
GO_Biological_Process_2023,Modulation Of Excitatory Postsynaptic Potential (GO:0098815),1/31,0.992973287479844,0.9999960968655396,0,0,0.1920758550626481,0.0013544259891466,TMEM25
GO_Biological_Process_2023,Positive Regulation Of Lamellipodium Organization (GO:1902745),1/31,0.992973287479844,0.9999960968655396,0,0,0.1920758550626481,0.0013544259891466,OCLN
GO_Biological_Process_2023,Presynaptic Endocytosis (GO:0140238),1/31,0.992973287479844,0.9999960968655396,0,0,0.1920758550626481,0.0013544259891466,SYT5
GO_Biological_Process_2023,Regulation Of Long-Term Synaptic Potentiation (GO:1900271),1/31,0.992973287479844,0.9999960968655396,0,0,0.1920758550626481,0.0013544259891466,AKAP5
GO_Biological_Process_2023,Actin Filament Organization (GO:0007015),12/144,0.9929837285930068,0.9999960968655396,0,0,0.5226500216303072,0.0036799794195381,ACTA1;PLS3;COBL;EMP2;PRSS8;TAGLN3;PROX1;MYO19;CGNL1;PLS1;LMOD2;RFLNA
GO_Biological_Process_2023,Protein Autophosphorylation (GO:0046777),14/162,0.9931132747971152,0.9999960968655396,0,0,0.5436936936936937,0.0037572214396301,CAD;PTK6;PASK;AURKB;AURKA;CAMKK2;EEF2K;KIT;ERBB2;MAP3K21;FAM20C;EPHA1;MAP3K13;EPHB3
GO_Biological_Process_2023,Negative Regulation Of Neuron Death (GO:1901215),6/88,0.9931228240521606,0.9999960968655396,0,0,0.421054373365986,0.002905667895575,PRKCI;CSF1;ERBB3;LIG4;SNX6;NFATC4
GO_Biological_Process_2023,Negative Regulation Of Protein Kinase Activity (GO:0006469),6/88,0.9931228240521606,0.9999960968655396,0,0,0.421054373365986,0.002905667895575,DEPTOR;SH3BP5L;PTK6;CEP85;EPHA1;CEP43
GO_Biological_Process_2023,Epidermal Growth Factor Receptor Signaling Pathway (GO:0007173),2/45,0.9934158929118604,0.9999960968655396,0,0,0.2678987836389991,0.0017697066636242,GRB7;ERBB2
GO_Biological_Process_2023,Aerobic Electron Transport Chain (GO:0019646),4/68,0.9935408432483732,0.9999960968655396,0,0,0.3597881355932203,0.0023314657486906,NDUFS8;SDHAF2;COX15;NDUFAF1
GO_Biological_Process_2023,Endocytosis (GO:0006897),17/189,0.9935612434347528,0.9999960968655396,0,0,0.5678512324710391,0.003668077493613,LRP3;CLEC9A;VLDLR;IGF2R;RHOBTB2;AP3M1;NEURL1B;ADRB3;MYL1;ATP6V1H;CD36;OCIAD2;RAB17;RAB11FIP2;GAS6;MET;ELANE
GO_Biological_Process_2023,Adenylate Cyclase-Modulating G Protein-Coupled Receptor Signaling Pathway (GO:0007188),14/163,0.99365859576663,0.9999960968655396,0,0,0.5400127836369447,0.0034353433515532,GLP1R;GABBR2;ADCYAP1R1;CXCL9;RAMP2;AKAP5;ADRA1B;CXCL11;ADCY9;ADGRF1;GNAT2;ADRB3;TBXA2R;ADGRL2
GO_Biological_Process_2023,Positive Regulation Of Peptidyl-Serine Phosphorylation (GO:0033138),6/89,0.9938219827415952,0.9999960968655396,0,0,0.4159569076850141,0.0025777599014093,BCAR3;HAX1;TNKS1BP1;CREBL2;GAS6;FNIP2
GO_Biological_Process_2023,Positive Regulation Of Endocytosis (GO:0045807),5/79,0.9939107627975532,0.9999960968655396,0,0,0.3888629219249768,0.0023751172583298,C3;IL15RA;GAS6;DLL1;MBL2
GO_Biological_Process_2023,Female Gamete Generation (GO:0007292),1/32,0.9940123756046548,0.9999960968655396,0,0,0.1858689359099002,0.0011162585885671,METTL3
GO_Biological_Process_2023,Regulation Of Natural Killer Cell Mediated Cytotoxicity (GO:0042269),1/32,0.9940123756046548,0.9999960968655396,0,0,0.1858689359099002,0.0011162585885671,CD160
GO_Biological_Process_2023,Cell-Matrix Adhesion (GO:0007160),8/109,0.9941334579562064,0.9999960968655396,0,0,0.4555934208492132,0.0026806286794625,COL3A1;ACTN3;FN1;ANGPTL3;EMP2;MSLN;DYNLL1;PPFIA2
GO_Biological_Process_2023,Extracellular Structure Organization (GO:0043062),8/109,0.9941334579562064,0.9999960968655396,0,0,0.4555934208492132,0.0026806286794625,MMP11;COL15A1;COL3A1;MMP13;MMP15;COL4A3;COL9A1;MMP19
GO_Biological_Process_2023,Response To Molecule Of Bacterial Origin (GO:0002237),4/69,0.9942703892239956,0.9999960968655396,0,0,0.354232073011734,0.0020354486513919,PRDX3;FBXO3;AHR;TIRAP
GO_Biological_Process_2023,Phosphorylation (GO:0016310),46/429,0.9945776322416816,0.9999960968655396,0,0,0.6882050416425742,0.003741854878673,DYRK3;PANK3;PKN3;CDCA8;RSKR;AURKB;CAMKK2;AURKA;NUAK2;ERBB2;MLST8;MAP3K21;STK38L;CSK;IKBKE;FNIP2;XYLB;NADK;PDK2;MAP4K3;EPHB3;PDK1;ACVR1;PRKCI;CSNK2A1;NEK4;TAF12;GLYCTK;STRADB;PLK1;PTK6;PASK;HASPIN;GCK;BCKDK;CDK4;DGKQ;SHPK;CDK2;CDK1;POMK;BIRC5;FAM20C;GAS6;MAP3K13;GALK2
GO_Biological_Process_2023,Regulation Of JNK Cascade (GO:0046328),8/110,0.9946886364899578,0.9999960968655396,0,0,0.4511001956790863,0.0024023426388908,MFHAS1;RAP2A;HDAC3;FZD7;XIAP;TIRAP;KLHL31;MEN1
GO_Biological_Process_2023,Positive Regulation Of Ion Transmembrane Transporter Activity (GO:0032414),1/33,0.994897791832768,0.9999960968655396,0,0,0.1800499492041991,0.0009210039012715,PDZK1
GO_Biological_Process_2023,Regulation Of Lamellipodium Assembly (GO:0010591),1/33,0.994897791832768,0.9999960968655396,0,0,0.1800499492041991,0.0009210039012715,OCLN
GO_Biological_Process_2023,Neuron Projection Development (GO:0031175),17/192,0.9949046176317564,0.9999960968655396,0,0,0.5580174132983122,0.002850580671353,VASH2;OLIG1;BHLHA15;DICER1;TSKU;GPRIN2;BLOC1S5;BLOC1S6;ADGRF1;NEDD4;STMN1;TBC1D24;PLXNB1;KIF20B;NEFH;EPHB3;PLXNA3
GO_Biological_Process_2023,Negative Regulation Of Extrinsic Apoptotic Signaling Pathway (GO:2001237),4/70,0.9949202056428594,0.9999960968655396,0,0,0.34884437596302,0.0017765738374207,TERT;SNAI2;HSPA1B;MEN1
GO_Biological_Process_2023,Regulation Of Interleukin-2 Production (GO:0032663),2/47,0.995031443065447,0.9999960968655396,0,0,0.2559620596205962,0.001274931981723,HOMER2;XCL1
GO_Biological_Process_2023,Cytoskeleton Organization (GO:0007010),8/111,0.9951937259643958,0.9999960968655396,0,0,0.4466942175996414,0.0021521107898571,CCL24;PRKCI;DES;MAST3;MLST8;PACSIN3;AJUBA;KLHL20
GO_Biological_Process_2023,Positive Regulation Of Apoptotic Process (GO:0043065),26/270,0.9954393208449508,0.9999960968655396,0,0,0.6114675714413688,0.0027950860081558,TOP2A;FOXA1;TRADD;HTRA4;PCSK9;OMA1;HSPD1;PIDD1;LGALS1;AIFM1;UBD;CASP3;TNFSF10;CASP2;FADD;BID;ECT2;SOX4;PRMT2;DYNLL1;BACE1;DNAJA1;TFAP4;PTRH2;PDCD2;PPID
GO_Biological_Process_2023,Cell-Cell Junction Assembly (GO:0007043),4/71,0.9954986249209264,0.9999960968655396,0,0,0.3436175056918796,0.0015502430130299,RAMP2;GJB1;CLDN12;CDH15
GO_Biological_Process_2023,Extracellular Matrix Organization (GO:0030198),15/176,0.9955017068864234,0.9999960968655396,0,0,0.535262553917228,0.0024131995781272,COL15A1;COL27A1;EXOC8;MMP11;COL3A1;COL2A1;MMP13;FLRT2;OPTC;MMP15;COL4A3;COL9A1;MMP19;GAS6;ELANE
GO_Biological_Process_2023,Positive Regulation Of Hydrolase Activity (GO:0051345),15/176,0.9955017068864234,0.9999960968655396,0,0,0.535262553917228,0.0024131995781272,BCAR3;CCL24;DOCK9;ASAP3;TBC1D2;WRN;TBC1D7;ERBB2;CHP2;XCL1;PRTN3;PLXNB1;RGL3;ECT2;RAB11FIP2
GO_Biological_Process_2023,Regulation Of Protein Secretion (GO:0050708),7/102,0.9955439479684663,0.9999960968655396,0,0,0.4238279784973122,0.0018928199156661,PER2;UQCC2;SIRT6;HMGCR;SYTL4;PPID;GCK
GO_Biological_Process_2023,Positive Regulation Of Cytokine Production (GO:0001819),32/320,0.9955745812388956,0.9999960968655396,0,0,0.6372347707049966,0.0028262890887015,SETD4;CEBPG;XIAP;CLEC9A;AGPAT1;HSPD1;C3;G3BP1;FADD;IKBKE;LURAP1;ELANE;CD276;MBL2;XBP1;WNT5A;GDF2;IL18;NR1H4;IL16;TYK2;TICAM1;TIRAP;MAVS;IRF3;IL7;XCL1;LTB;TLR5;NODAL;HSPA1B;RIGI
GO_Biological_Process_2023,Embryonic Skeletal System Development (GO:0048706),1/34,0.995652255839139,0.9999960968655396,0,0,0.1745836283594495,0.0007606998157696,WNT5A
GO_Biological_Process_2023,Regulation Of T Cell Receptor Signaling Pathway (GO:0050856),1/34,0.995652255839139,0.9999960968655396,0,0,0.1745836283594495,0.0007606998157696,CD160
GO_Biological_Process_2023,Regulation Of Neuronal Synaptic Plasticity (GO:0048168),1/34,0.995652255839139,0.9999960968655396,0,0,0.1745836283594495,0.0007606998157696,RAB3A
GO_Biological_Process_2023,Chloride Transmembrane Transport (GO:1902476),2/48,0.9956861796464644,0.9999960968655396,0,0,0.2503829386119948,0.0010824434322511,GLRA2;CLCN3
GO_Biological_Process_2023,Oligosaccharide Metabolic Process (GO:0009311),2/48,0.9956861796464644,0.9999960968655396,0,0,0.2503829386119948,0.0010824434322511,ST6GAL2;B3GALT1
GO_Biological_Process_2023,Negative Regulation Of Cellular Process (GO:0048523),59/537,0.9960210831120924,0.9999960968655396,0,0,0.7063917734371048,0.0028162807533051,BTG4;PLXND1;PDE3B;PINX1;IFI35;TCHP;SHH;BCL7A;CCN6;CCN5;DACT2;WDR6;GET1;SOX4;MEN1;PROX1;AXIN2;DYNLL1;RNF167;CLDN3;PSRC1;NME6;DDAH1;MYL2;COL4A3;CRYAB;GAS8;KANK2;CEBPA;NDRG3;HPGD;DLL1;DNAJB2;DLL4;SLC9A3R1;SERTAD3;RBBP4;ERBB3;CCDC85B;CLMN;UTP20;PLXNA3;CDKN2C;GDF2;INHBA;SMARCA2;AICDA;BST2;FABP3;TFAP4;TMEM98;DLG3;FABP7;PLXNB2;AQP11;PLXNB1;NF2;HSPA1B;CDKN3
GO_Biological_Process_2023,Plasma Membrane Bounded Cell Projection Organization (GO:0120036),10/132,0.9960459425549336,0.9999960968655396,0,0,0.4712001069137562,0.0018668455352,GPRIN2;BLOC1S5;SLC9A3R1;BLOC1S6;ADGRF1;FAM161A;NEDD4;STMN1;TBC1D24;FAM161B
GO_Biological_Process_2023,Regulation Of NIK/NF-kappaB Signaling (GO:1901222),5/83,0.99614249280575,0.9999960968655396,0,0,0.3688342854161776,0.0014255321809214,PTP4A3;TRADD;MKRN2;TERF2IP;IFI35
GO_Biological_Process_2023,Autophagosome Organization (GO:1905037),3/61,0.9961521683627458,0.9999960968655396,0,0,0.2977599644772666,0.0011479401709571,ATG3;UBXN2B;RAB23
GO_Biological_Process_2023,Positive Regulation Of Cell Junction Assembly (GO:1901890),3/61,0.9961521683627458,0.9999960968655396,0,0,0.2977599644772666,0.0011479401709571,CLDN3;EPHB3;CRB3
GO_Biological_Process_2023,Antibacterial Humoral Response (GO:0019731),2/49,0.9962559109683522,0.9999960968655396,0,0,0.2450412270080147,0.0009191779882377,DMBT1;H2BC21
GO_Biological_Process_2023,Heterophilic Cell-Cell Adhesion Via Plasma Membrane Cell Adhesion Molecules (GO:0007157),2/49,0.9962559109683522,0.9999960968655396,0,0,0.2450412270080147,0.0009191779882377,AMIGO2;NECTIN3
GO_Biological_Process_2023,Dendrite Morphogenesis (GO:0048813),1/35,0.9962951291344568,0.9999960968655396,0,0,0.1694388557996852,0.0006289148251626,EPHB3
GO_Biological_Process_2023,Intrinsic Apoptotic Signaling Pathway By P53 Class Mediator (GO:0072332),1/35,0.9962951291344568,0.9999960968655396,0,0,0.1694388557996852,0.0006289148251626,PDK2
GO_Biological_Process_2023,Macrophage Activation (GO:0042116),1/35,0.9962951291344568,0.9999960968655396,0,0,0.1694388557996852,0.0006289148251626,IFI35
GO_Biological_Process_2023,Response To Nutrient Levels (GO:0031667),1/35,0.9962951291344568,0.9999960968655396,0,0,0.1694388557996852,0.0006289148251626,MLST8
GO_Biological_Process_2023,"Retrograde Transport, Endosome To Golgi (GO:0042147)",6/94,0.9964140627284782,0.9999960968655396,0,0,0.3922073516713951,0.0014089586917903,LMAN1;PREPL;RHOBTB3;PHETA1;PLEKHJ1;SNX6
GO_Biological_Process_2023,Regulation Of Inflammatory Response (GO:0050727),22/240,0.996500942101127,0.9999960968655396,0,0,0.5792082305968935,0.0020302371681123,SETD4;CEBPA;MVK;FEM1A;TRADD;WNT5A;IL18;NR1H4;XIAP;IL16;IFI35;AHR;MFHAS1;UFL1;LGALS1;NLRP6;SHPK;XCL1;PPARG;ELANE;SNX6;TRIM45
GO_Biological_Process_2023,Cellular Response To Lipopolysaccharide (GO:0071222),9/124,0.9965704404851468,0.9999960968655396,0,0,0.4499269210895401,0.0015457032114238,UPF1;XBP1;CXCL11;CXCL9;SHPK;WNT5A;IL18;TICAM1;CCR5
GO_Biological_Process_2023,Regulation Of T Cell Activation (GO:0050863),3/62,0.9966226549686842,0.9999960968655396,0,0,0.292695954832892,0.0009902083091212,METTL3;ILDR2;HSPD1
GO_Biological_Process_2023,Positive Regulation Of Intracellular Signal Transduction (GO:1902533),57/525,0.9967034804789024,0.9999960968655396,0,0,0.6969676854039988,0.0023013629119166,BCAR3;RNF13;TRADD;WWC1;IFI35;ADRA1B;TMEM101;LGALS1;TFG;FAM110C;TRIM68;TNFSF10;MLST8;TNFAIP8L3;GET1;IKBKE;TRIM21;PARP1;ARRDC3;WNT5A;IL18;TICAM1;ADRA2B;JMJD8;TIRAP;PTP4A3;HAX1;ADRB3;KIT;TERF2IP;PPARG;LTB;GAS6;TSPYL5;AVPI1;HDAC3;CXXC5;WDR24;SLC9A3R1;ERBB3;UBD;ERBB2;FADD;BID;ECT2;LURAP1;HEXIM1;FN1;BST2;MFHAS1;MAVS;NEDD4;LAMTOR2;PLXNB1;TRIM32;MYORG;NODAL
GO_Biological_Process_2023,Positive Regulation Of Stress-Activated MAPK Cascade (GO:0032874),7/105,0.9967502784768054,0.9999960968655396,0,0,0.4107809394541664,0.0013370974360591,MFHAS1;FZD7;HAND2;SORD;XIAP;MAP3K4;TIRAP
GO_Biological_Process_2023,Cell Chemotaxis (GO:0060326),2/50,0.996751453683122,0.9999960968655396,0,0,0.2399220867208672,0.0007806667147975,CXCL12;KIT
GO_Biological_Process_2023,Regulation Of Epithelial Cell Migration (GO:0010632),2/50,0.996751453683122,0.9999960968655396,0,0,0.2399220867208672,0.0007806667147975,EMP2;GLUL
GO_Biological_Process_2023,Intracellular Protein Transport (GO:0006886),32/325,0.9967892682122494,0.9999960968655396,0,0,0.6261735731989637,0.0020137098699582,RPAIN;STX17;HIKESHI;GGA2;LMAN1;XPO1;NUP85;RAB23;TMED3;KPNA6;TBC1D13;KPNA2;SEC31B;SEC31A;SNX6;NUP155;NUP133;STRADB;RANBP17;TIMM44;TIMM21;BCS1L;RANBP6;RAB32;ARL4C;SEC23IP;IFT27;RANGRF;VIPAS39;RAB17;ARF5;SPRN
GO_Biological_Process_2023,Lytic Vacuole Organization (GO:0080171),1/36,0.9968429116025532,0.9999960968655396,0,0,0.164588070243336,0.0005204410591003,TFEB
GO_Biological_Process_2023,Negative Regulation Of Sequestering Of Calcium Ion (GO:0051283),1/36,0.9968429116025532,0.9999960968655396,0,0,0.164588070243336,0.0005204410591003,XCL1
GO_Biological_Process_2023,Positive Regulation Of RNA Splicing (GO:0033120),1/36,0.9968429116025532,0.9999960968655396,0,0,0.164588070243336,0.0005204410591003,RBMXL1
GO_Biological_Process_2023,Transmembrane Receptor Protein Tyrosine Kinase Signaling Pathway (GO:0007169),27/284,0.9969043210944656,0.9999960968655396,0,0,0.6026050231375932,0.001868365082077,BCAR3;GRB7;CSF1;IRS1;SOCS2;GHR;FLRT2;ERBB3;CASP3;NAMPT;STMN1;ERBB2;BLNK;PDK2;EPHB3;VEGFB;PTK6;PRLR;SHCBP1;MTSS1;NFATC4;VAV2;KIT;CD7;EPHA1;MET;NGEF
GO_Biological_Process_2023,Ras Protein Signal Transduction (GO:0007265),11/144,0.9969150656054536,0.9999960968655396,0,0,0.4753039581624806,0.0014685478817935,CCNA2;GPSM2;RAP2A;MRAS;RACGAP1;G3BP1;CDK2;ARHGAP29;RGL3;CELSR1;HACD3
GO_Biological_Process_2023,Epidermis Development (GO:0008544),5/85,0.9969389400761566,0.9999960968655396,0,0,0.3595710410308579,0.0011023565552956,ALDH3A2;HDAC2;FABP5;DLL1;OVOL3
GO_Biological_Process_2023,Positive Regulation Of Ras Protein Signal Transduction (GO:0046579),2/51,0.9971822847157484,0.9999960968655396,0,0,0.2350118909352359,0.0006631312940249,COL3A1;LPAR6
GO_Biological_Process_2023,Regulation Of Protein Kinase B Signaling (GO:0051896),10/136,0.9973019888757082,0.9999960968655396,0,0,0.4561335403726708,0.001232316516463,SLC9A3R1;MFHAS1;HAX1;FAM110C;IL18;SORD;TNFAIP8L3;GAS6;MYORG;TSPYL5
GO_Biological_Process_2023,Regulation Of Phosphoprotein Phosphatase Activity (GO:0043666),1/37,0.9973096639425592,0.9999960968655396,0,0,0.1600067727734507,0.0004310520880579,PPP1R15B
GO_Biological_Process_2023,Synaptic Vesicle Cycle (GO:0099504),1/37,0.9973096639425592,0.9999960968655396,0,0,0.1600067727734507,0.0004310520880579,RAB3A
GO_Biological_Process_2023,Endocytic Recycling (GO:0032456),3/64,0.9974013330281238,0.9999960968655396,0,0,0.2830660348534256,0.0007365517970859,ARL4C;CMTM6;RAB17
GO_Biological_Process_2023,Positive Regulation Of Cysteine-Type Endopeptidase Activity (GO:2001056),3/64,0.9974013330281238,0.9999960968655396,0,0,0.2830660348534256,0.0007365517970859,TNFSF10;FADD;NODAL
GO_Biological_Process_2023,Positive Regulation Of Interleukin-1 Production (GO:0032732),3/64,0.9974013330281238,0.9999960968655396,0,0,0.2830660348534256,0.0007365517970859,WNT5A;IL16;CD36
GO_Biological_Process_2023,Positive Regulation Of Macroautophagy (GO:0016239),3/64,0.9974013330281238,0.9999960968655396,0,0,0.2830660348534256,0.0007365517970859,EPM2A;PIP4K2B;WDR24
GO_Biological_Process_2023,Regulation Of Secretion By Cell (GO:1903530),3/64,0.9974013330281238,0.9999960968655396,0,0,0.2830660348534256,0.0007365517970859,RAB3A;SIRT6;CPLANE2
GO_Biological_Process_2023,Regulation Of Protein Localization (GO:0032880),6/97,0.9974279635218654,0.9999960968655396,0,0,0.379210341896909,0.0009765992958255,ABCA2;UFL1;SHH;PARP1;TRIM68;TRIM21
GO_Biological_Process_2023,Cytosolic Transport (GO:0016482),9/127,0.997452108287186,0.9999960968655396,0,0,0.4384104054559581,0.0011184476864976,PREPL;WDR81;RHOBTB3;EMP2;PHETA1;RILP;PLEKHJ1;SNX6;KLHL20
GO_Biological_Process_2023,Regulation Of Tumor Necrosis Factor Production (GO:0032680),9/127,0.997452108287186,0.9999960968655396,0,0,0.4384104054559581,0.0011184476864976,SETD4;MAVS;WNT5A;NR1H4;DICER1;FADD;GAS6;TIRAP;RIGI
GO_Biological_Process_2023,Regulation Of Neuron Projection Development (GO:0010975),14/174,0.9975126390640788,0.9999960968655396,0,0,0.5025595238095238,0.0012516041692641,KANK1;PRKCI;HDAC2;PLK5;WNT5A;PTK6;TSKU;PLXNB2;RAB17;RTN4IP1;FKBP4;PDLIM5;EPHB3;PPFIA2
GO_Biological_Process_2023,Adenylate Cyclase-Inhibiting G Protein-Coupled Receptor Signaling Pathway (GO:0007193),2/52,0.997556701161496,0.9999960968655396,0,0,0.2302981029810298,0.0005633756156255,GABBR2;AKAP5
GO_Biological_Process_2023,Positive Regulation Of Programmed Cell Death (GO:0043068),22/245,0.9975898421450052,0.9999960968655396,0,0,0.566053261062407,0.0013659244222362,TOP2A;FOXA1;PRMT2;TRADD;HTRA4;OMA1;HSPD1;DNAJA1;PIDD1;LGALS1;TFAP4;AIFM1;UBD;CASP3;TNFSF10;CASP2;PDCD2;FADD;BID;ECT2;SOX4;PPID
GO_Biological_Process_2023,Response To Tumor Necrosis Factor (GO:0034612),7/108,0.997640111413468,0.9999960968655396,0,0,0.3985089720373462,0.0009415481866301,CCL24;UBD;TRADD;CASP3;XCL1;TRIM32;MAP4K3
GO_Biological_Process_2023,Calcium-Dependent Cell-Cell Adhesion Via Plasma Membrane Cell Adhesion Molecules (GO:0016339),1/38,0.9977073686658082,0.9999960968655396,0,0,0.1556731130046402,0.0003573108044252,CDH15
GO_Biological_Process_2023,Membrane Fission (GO:0090148),1/38,0.9977073686658082,0.9999960968655396,0,0,0.1556731130046402,0.0003573108044252,EXOC8
GO_Biological_Process_2023,Cell Morphogenesis Involved In Neuron Differentiation (GO:0048667),4/77,0.9978421580361218,0.9999960968655396,0,0,0.3152635244950081,0.0006810238983473,RAB3A;CFAP418;SSNA1;NEFH
GO_Biological_Process_2023,Positive Regulation Of JNK Cascade (GO:0046330),4/77,0.9978421580361218,0.9999960968655396,0,0,0.3152635244950081,0.0006810238983473,MFHAS1;FZD7;XIAP;TIRAP
GO_Biological_Process_2023,Positive Regulation Of Cell Adhesion (GO:0045785),5/88,0.99784371301907,0.9999960968655396,0,0,0.3465132146081784,0.0007479886626192,EPB41L4B;TMEM102;CXCL12;ERBB2;NODAL
GO_Biological_Process_2023,Positive Regulation Of Plasma Membrane Bounded Cell Projection Assembly (GO:0120034),5/88,0.99784371301907,0.9999960968655396,0,0,0.3465132146081784,0.0007479886626192,OCLN;PPP1R35;CCP110;FAM98A;TAPT1
GO_Biological_Process_2023,Glycoprotein Metabolic Process (GO:0009100),2/53,0.9978819620022912,0.9999960968655396,0,0,0.2257691694564004,0.0004786948056589,ERP44;B4GALT7
GO_Biological_Process_2023,Release Of Sequestered Calcium Ion Into Cytosol (GO:0051209),1/39,0.9980462365130957,0.9999960968655396,0,0,0.151567540592083,0.0002964167851367,XCL1
GO_Biological_Process_2023,Golgi Organization (GO:0007030),9/130,0.9981145510933312,0.9999960968655396,0,0,0.4274649567132975,0.0008067240930159,LMAN1;SEC23IP;UBXN2B;STX17;TANGO2;TRAPPC12;CDK1;TMED3;YIPF7
GO_Biological_Process_2023,ERBB Signaling Pathway (GO:0038127),2/54,0.99816441337076,0.9999960968655396,0,0,0.2214144256827183,0.0004067988308779,GRB7;PTK6
GO_Biological_Process_2023,Regulation Of Blood Vessel Endothelial Cell Migration (GO:0043535),2/54,0.99816441337076,0.9999960968655396,0,0,0.2214144256827183,0.0004067988308779,GDF2;PPARG
GO_Biological_Process_2023,Regulation Of Focal Adhesion Assembly (GO:0051893),2/54,0.99816441337076,0.9999960968655396,0,0,0.2214144256827183,0.0004067988308779,DYNLL1;PHLDB2
GO_Biological_Process_2023,Synaptic Vesicle Endocytosis (GO:0048488),1/40,0.998334968982888,0.9999960968655396,0,0,0.1476725103545286,0.0002460842359575,SYT5
GO_Biological_Process_2023,Protein Modification Process (GO:0036211),79/711,0.9984024088606974,0.9999960968655396,0,0,0.7136521739130435,0.0011410360870413,DYRK3;FBXO22;TRIOBP;DCAF1;TGM1;DUSP12;OGFOD1;SENP8;IKBKE;PDK2;EPHB3;PDK1;ACVR1;JMJD4;PRKCI;CSNK2A1;PARP1;STRADB;FN3KRP;SIRT6;PASK;BAZ1B;HASPIN;RABGGTA;DDOST;CCNA2;SDHAF2;NPC1;MMP15;ATG4C;BIRC5;FAM20C;GAS6;PPEF2;B4GALT7;PIGH;LIPT1;PKN3;CDCA8;PDXP;RSKR;AURKB;MTMR7;CAMKK2;AURKA;NUAK2;OARD1;ERBB2;MAP3K21;STK38L;CSK;FNIP2;LCMT1;MAP4K3;B3GALNT2;FN3K;SLC35A1;EGLN3;METAP1D;NEK4;TAF12;GLYCTK;PLK1;FN1;PTK6;HS3ST6;BCKDK;COL3A1;GGCX;UBLCP1;CDK4;CDK2;CDK1;STT3A;UBA3;AQP11;F13B;MAP3K13;PTPN3
GO_Biological_Process_2023,Intermediate Filament Organization (GO:0045109),3/68,0.9984685370461944,0.9999960968655396,0,0,0.2655840262753173,0.0004070438632787,DES;KRT79;KRT23
GO_Biological_Process_2023,Calcium Ion Transport (GO:0006816),7/112,0.9984691202596288,0.9999960968655396,0,0,0.3832371903630811,0.0005871395852874,CACNG6;RAMP2;CHRNA4;ATP2A1;CCR5;GAS6;TMEM165
GO_Biological_Process_2023,Calcium Ion Transmembrane Transport (GO:0070588),4/80,0.998514587336324,0.9999960968655396,0,0,0.3027653880463871,0.0004500658911295,ATP2A1;GAS6;SLC25A23;TMEM165
GO_Biological_Process_2023,Regulation Of Heart Contraction (GO:0008016),3/69,0.9986593428739384,0.9999960968655396,0,0,0.261544622778103,0.0003508769177202,DES;HRC;ATP2A1
GO_Biological_Process_2023,Cellular Response To Interleukin-1 (GO:0071347),4/81,0.998689437443065,0.9999960968655396,0,0,0.2988157605106757,0.0003918735907009,UPF1;CCL24;USP10;XCL1
GO_Biological_Process_2023,Cell-Cell Adhesion Via Plasma-Membrane Adhesion Molecules (GO:0098742),13/172,0.9986982428114832,0.9999960968655396,0,0,0.4694655264221514,0.0006115282408353,AMIGO2;CLDN2;CLDN1;PTPRF;MYOT;MPZ;CLDN8;CLDN12;PLXNB2;DSG2;CDH15;NECTIN3;MPZL2
GO_Biological_Process_2023,Regulation Of MAP Kinase Activity (GO:0043405),7/114,0.9987700185086994,0.9999960968655396,0,0,0.3760294803205541,0.0004627939733693,GHR;KIT;ERBB2;PPARG;PPEF2;ELANE;DUSP7
GO_Biological_Process_2023,Ceramide Biosynthetic Process (GO:0046513),1/42,0.9987905908751928,0.9999960968655396,0,0,0.1404524543044279,0.000169967280557,ASAH2
GO_Biological_Process_2023,Regulation Of Neurotransmitter Receptor Activity (GO:0099601),1/42,0.9987905908751928,0.9999960968655396,0,0,0.1404524543044279,0.000169967280557,NPTX1
GO_Biological_Process_2023,Positive Regulation Of Interleukin-1 Beta Production (GO:0032731),2/57,0.9988069271375168,0.9999960968655396,0,0,0.20930032027593,0.0002498596122473,WNT5A;CD36
GO_Biological_Process_2023,Negative Regulation Of Amide Metabolic Process (GO:0034249),5/93,0.9988076030088624,0.9999960968655396,0,0,0.32672862911927,0.0003898226921983,GRB7;CSNK2A1;IFRD2;SHMT1;NHLRC1
GO_Biological_Process_2023,Positive Regulation Of DNA-templated Transcription (GO:0045893),148/1243,0.998860624603372,0.9999960968655396,0,0,0.768330095001904,0.0008759154998308,FOXA1;SMARCB1;CRTC1;KDM1B;RORC;AHR;ABRA;SPIB;SALL1;SOX18;RUVBL2;RUVBL1;NAMPT;CHP2;CAPN3;SOX4;GTF2I;HMGN1;MEN1;ACVR1;DDX17;PCID2;ANKRD49;WNT5A;HNF1B;BHLHA15;POU3F2;SUPT7L;RFX5;TFAM;HOXB2;MZF1;GCM1;CREBL2;BCL2L12;SEC14L2;TERT;NUP85;DVL2;OTX2;FADD;DMAP1;CGA;ZBED4;BCL9L;NFE2;XBP1;XRCC6;NEK4;FZD4;FZD7;GDF2;NR2F2;INHBA;NR0B2;SMARCA2;ESR1;SOX30;TADA2B;MLXIPL;CDK7;MAVS;TMEM98;AGO1;TADA3;MKRN2;OGT;RIGI;SETD4;CREBZF;CIITA;THRB;ONECUT2;RNF14;KDM8;ONECUT1;MED19;TCF21;ZC3H8;FOXM1;EDRF1;SHH;HHEX;CSRP3;DBP;HEY1;SREBF1;DTX3L;PARP1;PRMT2;ACTR6;IL18;TFEB;CKAP2;ABHD14B;OLIG1;PROX1;BAZ1B;PARP9;KLF15;CCNA2;MED22;SFPQ;HAX1;NR5A2;PSRC1;TFDP1;IRF3;MED21;HAND2;RARB;PPARG;MET;CEBPA;HDAC2;HDAC3;ATF6B;UHRF1;NR1I3;CEBPG;RNF6;DLL1;CAMKK2;SERTAD3;RBBP4;HSF2;ERBB2;LEO1;TNNI2;RXRG;E2F8;SPAG8;TAF12;NFYA;STAT1;NFYB;STAT2;MACC1;NR1H4;FOXJ1;TBX3;KLF1;MEIS1;TFAP4;NAA16;SSBP3;FOXA3;FOXA2
GO_Biological_Process_2023,Learning (GO:0007612),1/43,0.998969183327912,0.9999960968655396,0,0,0.137100285424024,0.0001413981502755,STRA6
GO_Biological_Process_2023,Regulation Of Filopodium Assembly (GO:0051489),1/43,0.998969183327912,0.9999960968655396,0,0,0.137100285424024,0.0001413981502755,RAB17
GO_Biological_Process_2023,Cellular Response To Cytokine Stimulus (GO:0071345),28/308,0.9989716400331644,0.9999960968655396,0,0,0.5730006835269993,0.0005895541528355,CEBPA;ASAH2;USP10;SHMT1;NPR2;TRADD;TCF7;GHR;UPF1;CCL24;XBP1;PNPT1;MME;STAT1;WNT5A;LIFR;TYK2;PRLR;EPOR;GREM2;CXCL12;HAX1;IL7;SHPK;KIT;XCL1;GAS6;SLC26A6
GO_Biological_Process_2023,Phospholipase C-activating G Protein-Coupled Receptor Signaling Pathway (GO:0007200),4/83,0.9989808944724392,0.9999960968655396,0,0,0.291216477150826,0.0002969316496358,LPAR6;P2RY1;ADRA1B;ESR1
GO_Biological_Process_2023,Neuron Projection Morphogenesis (GO:0048812),10/146,0.9989922349525828,0.9999960968655396,0,0,0.4223445492327365,0.0004258386834124,RAB3A;NRN1;SSNA1;PLXNB1;DICER1;SLC39A12;KIF20B;NEFH;EPHB3;PLXNA3
GO_Biological_Process_2023,Protein Phosphorylation (GO:0006468),51/500,0.9990700039217182,0.9999960968655396,0,0,0.6493911912030178,0.0006042122621751,DYRK4;DYRK3;MAST3;EEF2K;PBK;IKBKE;PDK2;EPHB3;PDK1;ACVR1;PRKCI;CSNK2A1;STRADB;CAD;PASK;HASPIN;DGKQ;KIT;BIRC5;FAM20C;GAS6;EPHA1;PKDCC;PKN3;CDCA8;RSKR;AURKB;CAMKK2;AURKA;PRDX4;NUAK2;ERBB2;MAP3K21;STK38L;CSK;FNIP2;MAP4K3;SRPK3;NEK4;TAF12;GLYCTK;PLK1;DCLK3;GDF2;PTK6;BCKDK;SBK1;CDK4;CDK2;CDK1;MAP3K13
GO_Biological_Process_2023,Regulation Of MAPK Cascade (GO:0043408),16/204,0.999109870404106,0.9999960968655396,0,0,0.4883333574728792,0.0004348735497838,BCAR3;WWC1;FN1;APIP;ADRA1B;ADRA2B;WDR54;TIRAP;DUSP7;CCNA2;ADRB3;KIT;NBR1;ERBB2;PPEF2;AVPI1
GO_Biological_Process_2023,Positive Regulation Of Leukocyte Cell-Cell Adhesion (GO:1903039),1/44,0.9991213462573152,0.9999960968655396,0,0,0.1339040313752667,0.0001177069977516,HSPD1
GO_Biological_Process_2023,Calcium-Mediated Signaling (GO:0019722),4/85,0.9992085696775476,0.9999960968655396,0,0,0.2839924670433145,0.0002248492377596,RCAN2;CCR5;NCALD;CAMKK2
GO_Biological_Process_2023,Response To Interleukin-1 (GO:0070555),4/85,0.9992085696775476,0.9999960968655396,0,0,0.2839924670433145,0.0002248492377596,UPF1;CCL24;USP10;XCL1
GO_Biological_Process_2023,Positive Regulation Of Secretion By Cell (GO:1903532),3/73,0.9992150210793648,0.9999960968655396,0,0,0.2465411240741637,0.0001936055835643,RAB3A;SYTL4;PPID
GO_Biological_Process_2023,Proton Motive Force-Driven ATP Synthesis (GO:0015986),2/60,0.9992259683927898,0.9999960968655396,0,0,0.1984393981870853,0.0001536578420004,VPS9D1;NDUFS8
GO_Biological_Process_2023,Natural Killer Cell Activation (GO:0030101),1/45,0.9992509893488556,0.9999960968655396,0,0,0.130853061601453,9.804706060626842e-05,EMP2
GO_Biological_Process_2023,Intracellular Calcium Ion Homeostasis (GO:0006874),9/139,0.9992520360410284,0.9999960968655396,0,0,0.3976596578294371,0.0002975463828556,CSRP3;CXCL12;DHRS7C;HRC;RGN;RMDN3;ATP2A1;ELANE;TMEM165
GO_Biological_Process_2023,Response To Lipopolysaccharide (GO:0032496),11/159,0.9992700917682122,0.9999960968655396,0,0,0.4267524405139084,0.0003116038542151,PRDX3;UPF1;XBP1;CXCL11;CXCL9;SHPK;WNT5A;FBXO3;TICAM1;CCR5;TIRAP
GO_Biological_Process_2023,B Cell Receptor Signaling Pathway (GO:0050853),1/46,0.999361444148722,0.9999960968655396,0,0,0.1279376904842533,8.172145549223169e-05,BLNK
GO_Biological_Process_2023,Homotypic Cell-Cell Adhesion (GO:0034109),1/46,0.999361444148722,0.9999960968655396,0,0,0.1279376904842533,8.172145549223169e-05,DSC2
GO_Biological_Process_2023,Anterograde Trans-Synaptic Signaling (GO:0098916),15/199,0.9993911829013846,0.9999960968655396,0,0,0.4677167625782209,0.0002848406791054,SYT5;GABBR2;CHRNA5;CHRNA4;SLC1A2;ATXN3;GLRA2;DLG3;KCNMB1;MPZ;KCNN1;NPTX1;APBA3;SCN2B;MBL2
GO_Biological_Process_2023,Defense Response To Gram-negative Bacterium (GO:0050829),3/75,0.9994002724868212,0.9999960968655396,0,0,0.2396645205015249,0.000143776524557,DMBT1;MR1;ELANE
GO_Biological_Process_2023,Antimicrobial Humoral Response (GO:0019730),5/100,0.9994874526253292,0.9999960968655396,0,0,0.3025289571844157,0.0001551001742566,CXCL11;CXCL9;H2BC21;PRTN3;HMGN2
GO_Biological_Process_2023,Oxidative Phosphorylation (GO:0006119),2/63,0.9994985016756102,0.9999960968655396,0,0,0.1886467635168155,9.46297661236072e-05,NDUFS8;TEFM
GO_Biological_Process_2023,Negative Regulation Of ERK1 And ERK2 Cascade (GO:0070373),1/48,0.9995357240873088,0.9999960968655396,0,0,0.122479123286092,5.687731115395666e-05,SLC9A3R1
GO_Biological_Process_2023,Small GTPase Mediated Signal Transduction (GO:0007264),6/112,0.999537826979792,0.9999960968655396,0,0,0.3252604900028161,0.0001503613721807,CCNA2;MRAS;G3BP1;CDK2;RGL3;HACD3
GO_Biological_Process_2023,Modulation Of Chemical Synaptic Transmission (GO:0050804),7/123,0.9995484845587196,0.9999960968655396,0,0,0.3466704889835367,0.0001565624266492,USP46;RNF167;RIMS4;GRIN3B;KCTD13;EIF4EBP2;NPTX1
GO_Biological_Process_2023,Regulation Of Signal Transduction (GO:0009966),14/193,0.9995557422675544,0.9999960968655396,0,0,0.4487097632349029,0.0001993870748458,ACVR1;INTU;PTCH1;DLL1;SOCS2;TSPAN15;ERBB3;PIGBOS1;DGKQ;GAS1;OTX2;CSK;CD36;OGT
GO_Biological_Process_2023,Cellular Response To Virus (GO:0098586),2/64,0.9995661326116798,0.9999960968655396,0,0,0.1855931462540432,8.054028682100573e-05,IRF3;TYK2
GO_Biological_Process_2023,Antigen Receptor-Mediated Signaling Pathway (GO:0050851),8/134,0.9995716162546866,0.9999960968655396,0,0,0.3646591019299777,0.0001562475011822,BTNL9;KHDRBS1;TRGC1;EIF2B4;BLNK;CSK;EIF2B1;CD276
GO_Biological_Process_2023,Regulation Of Peptidyl-Tyrosine Phosphorylation (GO:0050730),4/90,0.9995813768785744,0.9999960968655396,0,0,0.2674024438312968,0.0001119642827677,GHR;ACVR1;HAX1;DGKQ
GO_Biological_Process_2023,Negative Regulation Of T Cell Activation (GO:0050868),1/49,0.9996040292535224,0.9999960968655396,0,0,0.1199204199119539,4.749438200408893e-05,ILDR2
GO_Biological_Process_2023,Regulation Of Cell Communication (GO:0010646),1/49,0.9996040292535224,0.9999960968655396,0,0,0.1199204199119539,4.749438200408893e-05,SOCS2
GO_Biological_Process_2023,Cellular Response To Metal Ion (GO:0071248),8/135,0.999615943537856,0.9999960968655396,0,0,0.3617663881627831,0.0001389654061499,SYT5;GLRA2;TIGAR;WNT5A;CHP2;PPIF;CAPN3;ECT2
GO_Biological_Process_2023,Inorganic Cation Import Across Plasma Membrane (GO:0098659),5/103,0.9996445255394276,0.9999960968655396,0,0,0.2932159639033639,0.0001042493166825,KCNJ10;KCNJ15;ATP1A3;KCNJ16;SLC39A12
GO_Biological_Process_2023,"G Protein-Coupled Receptor Signaling Pathway, Coupled To Cyclic Nucleotide Second Messenger (GO:0007187)",1/50,0.9996622213281784,0.9999960968655396,0,0,0.1174661534102296,3.968426390924198e-05,OR10J5
GO_Biological_Process_2023,Supramolecular Fiber Organization (GO:0097435),27/316,0.9997053166283472,0.9999960968655396,0,0,0.5348591978040035,0.0001576373394606,MAP10;KRT23;LMOD2;KATNA1;STMN1;CAPN3;PRSS8;CD36;TPPP;BID;CGNL1;COL27A1;TMOD4;KRT79;EMP2;MYO19;BACE1;COL3A1;COL2A1;KIF18B;DES;OPTC;KATNBL1;CENPJ;TAGLN3;TARDBP;B4GALT7
GO_Biological_Process_2023,Axonogenesis (GO:0007409),13/188,0.999713169059636,0.9999960968655396,0,0,0.4261388254723854,0.0001222473330327,SEMA6C;SEMA4A;RAB3A;SSNA1;WNT5A;SEMA4G;NTN3;SHH;CXCL12;OTX2;NEFH;EPHB3;PLXNA3
GO_Biological_Process_2023,Monoatomic Cation Transmembrane Transport (GO:0098655),23/281,0.9997166959060214,0.9999960968655396,0,0,0.5106122999531869,0.0001446790500639,SLC36A1;SLC46A1;KCNE1;COX15;KCNK12;SLC30A5;SLC6A12;ATP1A3;PKD2L1;ATP2A1;TMEM165;SLC6A6;KCNS2;SLC39A9;KCNN1;SLC39A5;ATP6V1H;KCNN2;CNGA3;GAS6;SCN4B;SCN2B;CCDC51
GO_Biological_Process_2023,Negative Regulation Of MAPK Cascade (GO:0043409),5/105,0.9997217338684632,0.9999960968655396,0,0,0.2873177348253645,7.996192045495005e-05,SLC9A3R1;PPARG;FOXM1;PPEF2;DUSP7
GO_Biological_Process_2023,Inflammatory Response (GO:0006954),18/236,0.9997295942627376,0.9999960968655396,0,0,0.4732520060995425,0.0001279873626587,CRP;CCL24;CIITA;CXCL9;WNT5A;IL18;NFATC4;TPST1;MFHAS1;CXCL11;NLRP6;TBXA2R;KIT;BLNK;XCL1;CCR5;TLR5;MEN1
GO_Biological_Process_2023,Positive Regulation Of Gene Expression (GO:0010628),46/480,0.9997456321069406,0.9999960968655396,0,0,0.6054741726304046,0.0001540327809215,CRP;DNMT1;RAMP2;SMARCB1;CSF1;ASH2L;LRP3;CLEC9A;TENT4A;AGPAT1;DLL1;DLL4;EPB41L4B;METTL14;RBBP5;LAMP3;ERBB2;FAM47E;CD36;LURAP1;SOX4;MEN1;RDX;METTL3;WNT5A;FN1;INHBA;PASK;TICAM1;NR0B2;OCLN;CLDN3;DNAJA4;DGKQ;HAND2;TADA3;PRR16;PLXNB2;PPARG;FAM98B;FAM98A;GAS6;OGT;RBM24;HSPA1B;RIGI
GO_Biological_Process_2023,Neuropeptide Signaling Pathway (GO:0007218),2/68,0.9997569782856092,0.9999960968655396,0,0,0.1743040157674304,4.236480872974148e-05,GLRA2;KISS1R
GO_Biological_Process_2023,Inorganic Cation Transmembrane Transport (GO:0098662),23/284,0.999778115324538,0.9999960968655396,0,0,0.504652995917599,0.0001119871908003,SLC36A1;SLC46A1;KCNE1;COX15;KCNK12;SLC30A5;SLC6A12;ATP1A3;PKD2L1;ATP2A1;TMEM165;SLC6A6;KCNS2;SLC39A9;KCNN1;SLC39A5;ATP6V1H;KCNN2;GAS6;RHBG;SCN4B;SCN2B;CCDC51
GO_Biological_Process_2023,Cell Junction Assembly (GO:0034329),4/95,0.9997795555215774,0.9999960968655396,0,0,0.2526355000931272,5.5698240459434144e-05,ADGRF1;PLXND1;FN1;CDH15
GO_Biological_Process_2023,Cytokine-Mediated Signaling Pathway (GO:0019221),20/257,0.9997831701909112,0.9999960968655396,0,0,0.4834631944983735,0.0001048405988587,IL15RA;CCL24;CEBPA;CXCL9;STAT1;TRADD;IL18;LIFR;TYK2;PRLR;ADIPOR2;EPOR;GHR;GREM2;CXCL11;CXCL12;IL7;KIT;TFF2;XCL1
GO_Biological_Process_2023,Proton Motive Force-Driven Mitochondrial ATP Synthesis (GO:0042776),1/53,0.999790009236554,0.9999960968655396,0,0,0.1106697230977623,2.3242060038034564e-05,NDUFS8
GO_Biological_Process_2023,Synapse Organization (GO:0050808),7/131,0.9998177890834918,0.9999960968655396,0,0,0.324151406022527,5.906930647845382e-05,ADGRF1;PLXND1;MYOT;ZC4H2;NEDD4;PTPRF;PPFIA2
GO_Biological_Process_2023,Regulation Of Interleukin-1 Beta Production (GO:0032651),3/84,0.9998225970010444,0.9999960968655396,0,0,0.2129221732745961,3.777638300398846e-05,CPTP;WNT5A;CD36
GO_Biological_Process_2023,Integrin-Mediated Signaling Pathway (GO:0007229),3/85,0.9998450459819862,0.9999960968655396,0,0,0.2103131637890421,3.259139491932075e-05,COL3A1;ANGPTL3;FN1
GO_Biological_Process_2023,Positive Regulation Of Endothelial Cell Migration (GO:0010595),3/85,0.9998450459819862,0.9999960968655396,0,0,0.2103131637890421,3.259139491932075e-05,WNT5A;PROX1;MET
GO_Biological_Process_2023,Neuron Migration (GO:0001764),1/55,0.9998467676160468,0.9999960968655396,0,0,0.106558302291455,1.632943382112235e-05,CELSR1
GO_Biological_Process_2023,"Regulation Of Synaptic Transmission, Glutamatergic (GO:0051966)",1/55,0.9998467676160468,0.9999960968655396,0,0,0.106558302291455,1.632943382112235e-05,RNF167
GO_Biological_Process_2023,Nervous System Development (GO:0007399),39/433,0.9998859125116196,0.9999960968655396,0,0,0.5654526299292126,6.451475057967454e-05,PLXND1;INTU;ZC4H2;ZMYND8;PCSK9;JRKL;VLDLR;CELSR1;GBA2;PTS;ATXN3;SHH;SNTG2;DPYSL4;ERBB3;BTBD2;ERBB2;NPTX1;ECT2;SOX4;MBL2;APC2;GDF11;RBFOX2;FN1;WWP1;LIG4;PROX1;INHBA;POU3F2;SLC25A16;ALDH3A2;GJB1;ADGRF1;FABP7;HOXB2;TAGLN3;MET;FGF11
GO_Biological_Process_2023,Dephosphorylation (GO:0016311),8/147,0.9998974216173998,0.9999960968655396,0,0,0.3303003218606377,3.3883410671231946e-05,DUSP12;UBLCP1;SDHAF2;PDXP;THNSL2;PPEF2;MTMR7;PTPN3
GO_Biological_Process_2023,Endosomal Transport (GO:0016197),11/180,0.9999121419173866,0.9999960968655396,0,0,0.3732595849744756,3.279531214063307e-05,ARL4C;PREPL;CMTM6;RHOBTB3;ANXA8;RAB17;AP5B1;PHETA1;RILP;PLEKHJ1;SNX6
GO_Biological_Process_2023,Regulation Of T Cell Proliferation (GO:0042129),2/77,0.9999331332979758,0.9999960968655396,0,0,0.1533062330623306,1.0251424947933686e-05,TYK2;CD276
GO_Biological_Process_2023,Positive Regulation Of Macromolecule Metabolic Process (GO:0010604),30/364,0.9999421975915472,0.9999960968655396,0,0,0.5133645158383643,2.967456306857325e-05,CRP;RAMP2;DNMT1;CSF1;UHRF1;LRP3;DLL1;DLL4;EPB41L4B;LAMP3;CD36;DTX3L;RDX;WNT5A;FN1;INHBA;TICAM1;NR0B2;OCLN;CLDN3;DNAJA4;DGKQ;HAND2;TADA3;PPARG;FAM98B;FAM98A;GAS6;HSPA1B;RIGI
GO_Biological_Process_2023,Positive Regulation Of Epithelial Cell Migration (GO:0010634),3/95,0.999958882202994,0.9999960968655396,0,0,0.1873425367966643,7.703270770420053e-06,EPB41L4B;WNT5A;PROX1
GO_Biological_Process_2023,Regulation Of Gene Expression (GO:0010468),122/1127,0.9999649236983104,0.9999960968655396,0,0,0.6875938106079771,2.4118670940100616e-05,CSF1;WWC1;IHH;AHR;TSKU;RUVBL2;LAMP3;RUVBL1;FADS1;SOX4;HES6;WNT5A;CNPY2;DICER1;ZBTB33;TICAM1;SUPT7L;HIC1;SAP30;THAP1;CLDN3;DGKQ;ZSCAN26;MZF1;ANKRA2;AJUBA;GCM1;DNMT1;DLX4;TCF7;ILDR2;CREBL2;ATXN7L3B;CIAO3;NKAPL;TERT;DVL2;DMAP1;MSC;KAT14;CD276;BTNL9;SETDB1;FZD7;SNAI3;RDX;FN1;NFXL1;INHBA;NR0B2;SMARCA2;ESR1;TADA2B;MLXIPL;OCLN;TMEM98;CDK4;HNRNPF;CDK2;TADA3;SNAI2;RBAK;OGT;RIGI;PHF19;EOLA1;SPIN4;RNF14;ONECUT1;SPOUT1;EPB41L4B;SHH;CD36;METTL16;TCF19;ACTR6;SORD;TFEB;PROX1;PARP9;UPK3B;RBL2;ACTA1;SFPQ;PTP4A3;NR5A2;RBL1;NPC1;PTRH2;HAND2;C1D;TERF2IP;PPARG;GAS6;MCM2;CRP;CEBPA;RAMP2;MYCBP;SRSF1;TGFBRAP1;LRP3;ZBTB45;RNF6;DLL1;AURKA;DLL4;SERTAD3;RBBP4;METTL4;PCGF1;SKOR2;TAF12;NFYA;NFYB;KLF1;DNAJA4;FAM98B;FAM98A;TARDBP;HSPA1B;GZF1
GO_Biological_Process_2023,Positive Regulation Of ERK1 And ERK2 Cascade (GO:0070374),10/179,0.9999657487202144,0.9999960968655396,0,0,0.3392116349369694,1.161863159243942e-05,MFHAS1;CCL24;HAND2;P2RY1;XCL1;TNFAIP8L3;CD36;GAS6;NODAL;TIRAP
GO_Biological_Process_2023,Sensory Perception Of Chemical Stimulus (GO:0007606),4/110,0.9999665985063828,0.9999960968655396,0,0,0.2166933162775823,7.238001301257778e-06,OR5M9;MKKS;OR10J5;CD36
GO_Biological_Process_2023,Chemical Synaptic Transmission (GO:0007268),19/273,0.999974199039655,0.9999960968655396,0,0,0.4279708648003326,1.1042201761842112e-05,SYT5;GABBR2;CHRNA5;CHRNA4;SLC1A2;LIN7A;SLC5A7;ATXN3;GRIN3B;GLRA2;DLG3;PDZD11;KCNMB1;MPZ;KCNN1;NPTX1;APBA3;SCN2B;MBL2
GO_Biological_Process_2023,Defense Response To Bacterium (GO:0042742),12/204,0.999976124746909,0.9999960968655396,0,0,0.3580472467709041,8.54857068524118e-06,CRP;MAVS;GBP7;DMBT1;NLRP6;H2BC21;IL18;TFEB;MR1;ELANE;TIRAP;MBL2
GO_Biological_Process_2023,Cellular Response To Tumor Necrosis Factor (GO:0071356),4/119,0.9999873751838882,0.9999960968655396,0,0,0.1996285924834193,2.5202901798842303e-06,CCL24;STAT1;TRADD;XCL1
GO_Biological_Process_2023,Regulation Of ERK1 And ERK2 Cascade (GO:0070372),15/244,0.9999878463228866,0.9999960968655396,0,0,0.3748044295136479,4.555279698728896e-06,CCL24;FN1;APIP;TIRAP;CCNA2;SLC9A3R1;MFHAS1;HAND2;ERBB2;P2RY1;XCL1;TNFAIP8L3;CD36;GAS6;NODAL
GO_Biological_Process_2023,Regulation Of Transcription By RNA Polymerase II (GO:0006357),221/2028,0.9999915698490324,0.9999960968655396,0,0,0.6819475265013017,5.748944832754697e-06,SMARCAL1;SMARCB1;ZMYND8;ABRA;SPIB;DCAF1;SOX18;NAMPT;DPF3;MYOZ2;SOX4;DDX17;HES7;ACVR1;HES6;ZFP2;HNF1B;BHLHA15;DICER1;OVOL3;THAP1;ZSCAN22;RFX5;ZSCAN26;HOXB2;ZBTB5;ZBTB3;CIAO1;ZSCAN12;FADD;CGA;KAT14;ZBED4;ELANE;HEXIM1;NFE2;XBP1;XRCC6;PLK1;GDF2;NR2F2;SMARCA2;NR0B2;NFATC4;SOX30;THAP11;TADA2B;TMEM98;AGO1;SNAI2;MAGED2;MKX;RBAK;HAMP;SETD4;SUV39H2;TCF24;MED19;TCF21;PHF6;MED18;SHH;CSRP3;HEY1;BBS7;BRD3;SREBF1;LEFTY1;ZHX3;PARP1;ANXA4;IL18;TFEB;SIRT6;PROX1;BAZ1B;PARP9;NR5A2;MED21;RARB;PPARG;KANK2;MAGEH1;NR1I3;PURA;HSF2;LEO1;HSF4;PCGF1;RXRG;NFYA;NFYB;STAT1;DMRT2;STAT2;PCGF3;NR1H4;ELP2;TARBP1;PER2;TFAP4;FOXA3;GZF1;FOXA2;FOXA1;CRTC1;KDM1B;WWC1;RORC;UBE2D1;AHR;SALL1;CCND1;RUVBL2;RUVBL1;CHP2;GTF2I;MEN1;USP2;WNT5A;ZBTB33;POU3F2;HIC1;SAP30;MYCL;DGKQ;MZF1;PPID;HOMEZ;GCM1;DLX4;TCF7;BCL2L12;TTC21B;ZKSCAN8;DVL2;NDN;OTX2;ZKSCAN4;DMAP1;MSC;BCL9L;CBX8;MGAM;CBX5;CBX2;PTCH1;CBX1;SMAD9;INHBA;ESR1;MLXIPL;CDK7;MAVS;CDK4;TADA3;MKRN2;LHX6;OGT;RIGI;CREBZF;CIITA;THRB;ONECUT2;RNF14;ONECUT1;FOXM1;HHEX;DBP;BCL7A;SIX5;GET1;CKAP2;ABHD14B;OLIG1;KLF15;KLF17;CCNA2;MYH2;SFPQ;TFDP1;HAX1;IRF3;HAND2;ELF5;MET;MCM2;CEBPA;HDAC2;SMARCD2;HDAC3;ATF6B;UHRF1;ZBTB46;CEBPG;ZBTB45;CXXC5;DLL1;ZBTB41;AURKB;NTN3;ZBTB40;DLL4;RBBP4;BEND3;CRYM;E2F6;FNIP2;E2F8;SKOR2;SPAG8;TAF12;MACC1;FOXJ1;TBX3;KLF1;MEIS1;TEF;BRMS1L;TRIM37;SSBP3
GO_Biological_Process_2023,Regulation Of DNA-templated Transcription (GO:0006355),205/1922,0.9999916840444736,0.9999960968655396,0,0,0.6657675910316728,5.536516698620303e-06,SMARCAL1;SMARCB1;SPIB;SOX18;DPF3;SOX4;DDX17;HES7;ACVR1;HES6;RBFOX2;ZFP2;HNF1B;OVOL3;THAP1;ZSCAN22;RFX5;TFAM;ZSCAN26;ZBTB5;ZBTB3;CIAO1;SEC14L2;NUP85;ZSCAN12;KAT14;SNX6;HEXIM1;NFE2;XBP1;XRCC6;XRCC5;FZD4;SNAI3;FZD7;GDF2;NR2F2;SMARCA2;NR0B2;NFATC4;SOX30;THAP11;TADA2B;TMEM98;SNAI2;MKX;RBAK;SUV39H2;SPIN4;TCF24;KDM8;TCF21;MED18;SHH;EDRF1;HEY1;BBS7;BRD3;SREBF1;ZHX3;PARP1;PRMT2;ANXA4;TFEB;PROX1;BAZ1B;PARP9;MED22;NR5A2;MED21;PPARG;GAS6;CRYAB;MYCBP;CIPC;CAMKK2;PURA;SERTAD3;HSF2;METTL4;HSF4;PCGF1;NFYA;NFYB;STAT1;DMRT2;STAT2;PCGF3;NR1H4;ELP2;WWP1;TARBP1;PER2;CENPF;TFAP4;NMNAT1;FOXA3;GZF1;FOXA2;FOXA1;WWC1;RORC;AHR;SALL1;RUVBL2;RUVBL1;CAPN3;FADS1;MEN1;PCID2;ANKRD49;WNT5A;ZBTB33;POU3F2;HIC1;SUPT7L;SAP30;MYCL;DGKQ;MZF1;AJUBA;HOMEZ;KHDRBS1;GCM1;DLX4;TCF7;CREBL2;TTC21B;ZKSCAN8;DVL2;OTX2;ZKSCAN4;DMAP1;MSC;MGAM;CBX5;NEK4;ZBTB14;NFXL1;SMAD9;INHBA;ESR1;MLXIPL;DAP;TADA3;LHX6;OGT;PHF19;CREBZF;CIITA;ONECUT2;RNF14;ONECUT1;CBY1;ZC3H8;FOXM1;HHEX;DBP;BCL7A;SIX5;GET1;EID2B;TSFM;DTX3L;ACTR6;KLF15;KLF17;MYH2;SFPQ;PTP4A3;TFDP1;PSRC1;IRF3;HAND2;ELF5;LANCL2;XCL1;TERF2IP;BIRC5;MCM2;CEBPA;HDAC2;SMARCD2;HDAC3;ATF6B;ZBTB46;CEBPG;TGFBRAP1;RNF6;ZBTB41;NTN3;ZBTB40;RBBP4;CCDC85B;TNNI2;E2F6;E2F8;SKOR2;TAF12;TBX3;KLF1;MTRES1;TEF;POLR3G;NAA16
GO_Biological_Process_2023,Detection Of Chemical Stimulus Involved In Sensory Perception (GO:0050907),5/141,0.9999932720934892,0.9999960968655396,0,0,0.210814234137195,1.4183432296889809e-06,OR2C1;OR10J5;OR2V2;PKD2L1;OR2A14
GO_Biological_Process_2023,Positive Regulation Of MAPK Cascade (GO:0043410),20/310,0.9999933050065456,0.9999960968655396,0,0,0.3938603295489269,2.636901155263423e-06,BCAR3;CCL24;WWC1;ADRA1B;ADRA2B;TIRAP;GHR;MFHAS1;ADRB3;HAND2;KIT;ERBB2;P2RY1;XCL1;TNFAIP8L3;CD36;GAS6;ELANE;NODAL;AVPI1
GO_Biological_Process_2023,Vesicle-Mediated Transport (GO:0016192),30/411,0.9999933892806718,0.9999960968655396,0,0,0.4487704255846268,2.966705132361917e-06,SNAP47;C2CD6;RAB3A;STX17;TGFBRAP1;NCALD;RHOBTB2;AP3M1;EPG5;ATP6V1H;ANXA8;SNAP29;RILP;RUBCN;PRKCI;EXOC8;DTX3L;CACFD1;RAB3IL1;AP5B1;SYTL4;NECAP1;RAB36;MYL1;IFT27;MITD1;VIPAS39;OCIAD2;RAB17;ARF5
GO_Biological_Process_2023,Calcium Ion Transmembrane Import Into Cytosol (GO:0097553),1/83,0.9999948940073656,0.9999960968655396,0,0,0.0700569078159457,3.577109685382161e-07,XCL1
GO_Biological_Process_2023,Sensory Perception Of Smell (GO:0007608),6/230,0.9999951963788608,0.9999960968655396,0,0,0.1528457549912773,7.342148631754602e-07,OR5M9;OR2C1;MKKS;OR10J5;OR2V2;OR2A14
GO_Biological_Process_2023,Detection Of Chemical Stimulus Involved In Sensory Perception Of Smell (GO:0050911),4/139,0.9999953584071608,0.9999960968655396,0,0,0.1698531073446327,7.883907964805207e-07,OR2C1;OR10J5;OR2V2;OR2A14
GO_Biological_Process_2023,Cytoplasmic Translation (GO:0002181),1/93,0.9999960968655396,0.9999960968655396,0,0,0.0624052179802411,2.435764321644545e-07,FTSJ1
