Gene_set,Term,Overlap,P-value,Adjusted P-value,Old P-value,Old Adjusted P-value,Odds Ratio,Combined Score,Genes
GO_Biological_Process_2023,Response To Lipopolysaccharide (GO:0032496),39/159,6.739841535647955e-14,2.3987096025371067e-10,0,0,5.048604166666666,153.11484913638478,CD274;CD80;GSTP1;SERPINE1;TNFAIP3;CXCL1;PTPN22;TNFRSF11A;CXCL13;CXCL2;ZFP36;SBNO2;ZC3H12A;ANKRD1;PDE4B;CCL2;CD14;NOS3;IRAK3;NR1D1;PPBP;PDCD1LG2;SELE;SELP;CXCL10;IL1A;IL6;SLPI;CD6;TNIP2;TNFSF4;EHHADH;IL1B;TNIP3;MAPKAPK2;TRIB1;S100A9;S100A8;PF4
GO_Biological_Process_2023,Neutrophil Migration (GO:1990266),26/77,3.293947892292535e-13,5.729741652671441e-10,0,0,7.863504841342968,226.0090769201096,CCL11;ITGB2;CXCL1;CXCL13;CXCL2;TREM1;CCL8;CCL7;CCL5;CCL4;CXCR2;PDE4B;CCL3;CCL2;CCL17;CD177;FCER1G;CCL22;SYK;PPBP;CXCL10;KLF5;PECAM1;S100A9;S100A8;PF4
GO_Biological_Process_2023,Cellular Response To Lipopolysaccharide (GO:0071222),33/124,4.829790659739904e-13,5.729741652671441e-10,0,0,5.613963151276584,159.2052755271333,CD274;CD80;GSTP1;SERPINE1;TNFAIP3;CXCL1;PTPN22;CXCL13;CXCL2;ZFP36;SBNO2;CCL5;ZC3H12A;ANKRD1;PDE4B;CCL3;CCL2;CD14;LYN;TGFB1;NR1D1;PPBP;PDCD1LG2;CXCL10;IL1A;IL6;CD6;TNIP2;TNFSF4;EHHADH;IL1B;TNIP3;PF4
GO_Biological_Process_2023,Inflammatory Response (GO:0006954),47/236,7.75341522221259e-13,6.898601193963646e-10,0,0,3.874525052377401,108.04296291756158,CEBPB;CCL11;NRROS;TNFAIP6;C5AR1;ITGB2;CXCR4;ADM;CXCL1;MEFV;CXCL13;AGER;CXCL2;THBS1;RELB;CCL8;CCL7;CCL5;CXCR2;CCL4;C3AR1;BDKRB2;CCL3;OLR1;CCL2;CD14;CCL17;TNFRSF4;CCR1;PLA2G2D;CCL22;TGFB1;VCAM1;PPBP;FOS;SELE;IL1A;CXCL10;IL6;TNFSF4;IL1B;MAPKAPK2;REL;ADAM8;S100A9;S100A8;PF4
GO_Biological_Process_2023,Neutrophil Chemotaxis (GO:0030593),24/70,1.82936496878151e-12,1.3021419847786784e-09,0,0,8.036500268384327,217.2029124268396,FCER1G;CCL11;CCL22;SYK;ITGB2;CXCL1;PPBP;CXCL13;CXCL2;TREM1;CXCL10;CCL8;KLF5;CCL7;CCL5;CCL4;CXCR2;PDE4B;CCL3;CCL2;S100A9;CCL17;S100A8;PF4
GO_Biological_Process_2023,Cytokine-Mediated Signaling Pathway (GO:0019221),48/257,5.121314655718078e-12,2.622844908705606e-09,0,0,3.577452906367132,93.00522524253616,FOXC1;CCL11;CSF3R;EPO;PTPRJ;CSF2RB;CXCL1;TNFRSF11A;CXCL13;IL2RG;CXCL2;LRP8;IL18RAP;SOCS1;CCL8;CCL7;CCL5;CXCR2;CCL4;STAT4;CCL3;IL21R;CCL2;CD300LF;CCL17;CCR1;LYN;EGR1;FCER1G;CCL22;SYK;IL1R1;IL31RA;IRAK3;PPBP;OSMR;EREG;NFKBIA;IL1A;CXCL10;IL6;TNIP2;IL1B;TRAF5;IL17F;IL7R;PF4;BIRC3
GO_Biological_Process_2023,Granulocyte Chemotaxis (GO:0071621),24/73,5.158728395880652e-12,2.622844908705606e-09,0,0,7.543260267069791,196.05183117320632,FCER1G;CCL11;CCL22;SYK;ITGB2;CXCL1;PPBP;CXCL13;CXCL2;TREM1;CXCL10;CCL8;KLF5;CCL7;CCL5;CCL4;CXCR2;PDE4B;CCL3;CCL2;S100A9;CCL17;S100A8;PF4
GO_Biological_Process_2023,Cellular Response To Chemokine (GO:1990869),21/59,1.9528311139636208e-11,8.68765741824566e-09,0,0,8.495009074410163,209.47975271274024,CCR1;RIPOR2;FOXC1;CCL11;CCL22;DUSP1;STK39;CXCL1;PPBP;CXCL13;CXCL2;CXCL10;CCL8;CCL7;CCL5;ZC3H12A;CCL4;CCL3;CCL2;CCL17;PF4
GO_Biological_Process_2023,Chemokine-Mediated Signaling Pathway (GO:0070098),20/57,7.95546355763936e-11,3.14594386684872e-08,0,0,8.302773651420083,193.07748994071545,CCR1;LYN;FOXC1;CCL11;CCL22;MPL;STK39;CXCL1;PPBP;CXCL13;CXCL2;CXCL10;CCL8;CCL7;CCL5;CCL4;CCL3;CCL2;CCL17;PF4
GO_Biological_Process_2023,Regulation Of Angiogenesis (GO:0045765),38/205,1.050539967251967e-09,3.460619728503892e-07,0,0,3.522872656020182,72.83173383763952,FOXC1;BTG1;FLT1;ROCK2;SERPINE1;ECSCR;PTPRM;HSPB1;TNFAIP3;CXCL13;THBS1;HK2;GPNMB;ADAMTS1;ZC3H12A;HMOX1;EMILIN2;PRKCB;NOS3;SPHK1;NRG1;KLF4;DCN;RUNX1;RHOB;IL1A;CXCL10;IL6;LRG1;RGCC;IL1B;RHOJ;SPRY2;GHRL;IL17F;ANGPTL4;EPHA2;PF4
GO_Biological_Process_2023,Cellular Response To Cytokine Stimulus (GO:0071345),49/308,1.0695930602287947e-09,3.460619728503892e-07,0,0,2.9414944356120825,60.759472523803055,RIPOR2;CSF3R;AQP4;PTPRJ;ZFP36;ZC3H12A;ANKRD1;SOX9;DUSP1;IRAK3;OSMR;EREG;IL1A;IL1B;HCLS1;IRF8;NFAT5;FOXC1;CCL11;PDE1B;STK39;CXCR4;CSF2RB;IL2RG;LRP8;ZFP36L2;ZFP36L1;SBNO2;SOCS1;CCL8;CCL7;CCL5;CCL4;STAT4;CCL3;IL21R;CCL2;CCL17;CCR1;EGR1;CCL22;IL31RA;NR1D1;NFKBIA;NLRP12;IL6;IL7R;GSDME;PF4
GO_Biological_Process_2023,Regulation Of Cell Population Proliferation (GO:0042127),91/766,1.427482954878593e-09,4.233676530344096e-07,0,0,2.123920505871725,43.25863893130023,TRIM71;BTG3;BTG2;CDKN1A;TES;BTG1;ATP8A2;EPO;HILPDA;KIF14;IRS2;PTPRJ;CXCL1;AREG;IGF1R;ESM1;ADAMTS1;MYC;EMILIN2;TIMP1;SOX9;IER5;JUNB;CD33;PDGFRA;KLF11;MAGI2;NRG1;GAB2;NGF;OSMR;EREG;RUNX1;BTC;IL1A;IL1B;HCLS1;ATF5;SGK1;PLPP1;HBEGF;DOT1L;TNFRSF11A;THBS1;ZFP36L1;ADGRG1;GPNMB;SERTAD1;GRK5;CXCR2;STAT4;HES1;S1PR3;STX3;FGF21;JAG2;LYN;JUN;CDKN2B;CADM4;JUND;TFAP2D;TGFB1;CDKN2A;TGFB3;NOS3;IL31RA;LIF;OSGIN1;HMGA1;IFNLR1;MYO16;BMP6;FOSL1;ACER2;CXCL10;GDF9;IL6;RGCC;NR4A3;TNFSF4;MDM2;GHRL;IL7R;SLC25A33;CD200;GSDME;LGMN;PF4;FGFR1;BNIPL
GO_Biological_Process_2023,Cellular Response To Molecule Of Bacterial Origin (GO:0071219),27/117,2.02485690083265e-09,5.543435161587233e-07,0,0,4.621534653465346,92.5128029749445,CD274;CD80;GSTP1;SERPINE1;TNFAIP3;CXCL1;CXCL13;CXCL2;ZFP36;SBNO2;ZC3H12A;ANKRD1;PDE4B;CCL2;CD14;NR1D1;PPBP;PDCD1LG2;CXCL10;IL1A;IL6;TNIP2;TNFSF4;EHHADH;IL1B;TNIP3;PF4
GO_Biological_Process_2023,Cellular Response To Lipid (GO:0071396),39/228,6.862559109606253e-09,1.7445605622206185e-06,0,0,3.193597883597884,60.03065156445373,CD274;RAMP3;ROCK2;GSTP1;CD80;SERPINE1;ADCY3;TNFAIP3;RORA;CXCL1;CXCL13;CXCL2;ZFP36;SBNO2;ZC3H12A;NRIP1;PDK4;ANKRD1;PDE4B;PDK3;CCL2;SOX9;CD14;LYN;SYK;WNT7B;ACOD1;NR1D1;PPBP;PDCD1LG2;IL1A;CXCL10;IL6;TNIP2;TNFSF4;IL1B;EHHADH;TNIP3;PF4
GO_Biological_Process_2023,Regulation Of Inflammatory Response (GO:0050727),40/240,9.463110371665025e-09,2.2452806541837213e-06,0,0,3.0960800667222688,57.20275646264037,TNFAIP6;SERPINE1;TNFAIP3;RORA;AOAH;MEFV;PTGS2;METRNL;PLA2G7;AGER;SBNO2;CCL5;CASP4;NFKBIZ;CCL3;CCN3;IL1R1;SPHK1;PRKCD;MMP3;ACOD1;NR1D1;MMP8;KLF4;SELE;NFKBIA;NLRP12;IL6;ELF4;TNFSF4;IL1B;GHRL;FBXL2;DNASE1;S100A9;CD200;S100A8;PTGES;PPARD;BIRC3
GO_Biological_Process_2023,Positive Regulation Of MAPK Cascade (GO:0043410),47/310,1.1290897308626124e-08,2.5115189700875235e-06,0,0,2.7732602648837625,50.74863554909638,NECAB2;NDRG4;CCL11;RAMP3;FLT1;ROCK2;C5AR1;LPAR1;PTPRJ;PTPN22;IQGAP1;AGER;THBS1;PIK3R5;IGF1R;CCL8;GPNMB;CCL7;GLIPR2;CCL5;CCL4;CCL3;CCL2;CCN2;CCL17;FGF21;CCR1;PDGFRA;CCL22;TGFB1;GDF15;GPR55;SEMA4C;LIF;LAPTM5;NRG1;MMP8;MID1;MARCO;IL6;DOK3;IL1B;SPRY2;GHRL;ADAM8;GSDME;FGFR1
GO_Biological_Process_2023,Positive Regulation Of Intracellular Signal Transduction (GO:1902533),67/525,1.3993577063632864e-08,2.929596515851139e-06,0,0,2.284567491840172,41.315643228554606,FLT1;PTPRJ;SPATC1L;LITAF;BBC3;IGF1R;AKAP13;GJA1;SOX9;PDGFRA;VWF;PRKCB;SPHK1;HGF;RHOC;MMP8;DCN;FGR;FRMD6;DOK3;DDIT3;IL1B;TRAF5;HCLS1;ADAM8;ALPK1;HCST;S100A9;S100A8;HBEGF;BIRC3;NFAT5;RAMP3;ROCK2;SLC20A1;LPAR1;IQGAP1;LRP2;AGER;THBS1;PIK3R5;CCL5;CCL4;CCL3;HMOX1;FLNA;PMAIP1;LYN;MAP3K3;TGFB1;RBPMS;GDF15;TGFB3;PLK2;LAPTM5;LIF;TNFRSF10B;BMP6;SELP;NLRP12;IL6;TNIP2;REL;SPRY2;GHRL;GSDME;FGFR1
GO_Biological_Process_2023,Lymphocyte Chemotaxis (GO:0048247),15/44,2.9169066243235453e-08,5.767372597759716e-06,0,0,7.915821501014198,137.34074633665486,CCL11;CCL22;CXCL13;CYP7B1;MSMP;CH25H;CXCL10;CCL8;KLF5;CCL7;CCL5;CCL4;CCL3;CCL2;CCL17
GO_Biological_Process_2023,Regulation Of ERK1 And ERK2 Cascade (GO:0070372),39/244,4.6785967102931926e-08,8.763750364175513e-06,0,0,2.9418048780487807,49.6508487887175,NECAB2;NDRG4;CCL11;RAMP3;GSTP1;C5AR1;PTPN22;AGER;SPRED3;DUSP10;CCL8;GPNMB;CCL7;GLIPR2;CCL5;CCL4;CCL3;TIMP3;CCL2;CCN2;FAM83D;CCL17;FGF21;CCR1;LYN;DUSP4;PDGFRA;CCL22;TGFB1;SYK;GPR55;NRG1;DUSP29;DUSP6;MARCO;IL1B;CNKSR3;SPRY2;EPHA2
GO_Biological_Process_2023,Cellular Response To Oxygen-Containing Compound (GO:1901701),54/406,9.199938477503833e-08,1.637129052071807e-05,0,0,2.3832134637514386,38.6115946755949,CPNE8;CD80;SERPINE1;TNFAIP3;RORA;CXCL1;CXCL13;CXCL2;ZFP36;ZC3H12A;SESN2;PDK4;ANKRD1;PDE4B;PDK3;SOX9;SCN5A;PDGFRA;PRKCD;MMP3;ACOD1;FOS;PDCD1LG2;IL1A;RASA4;IL1B;EHHADH;DPEP1;SQSTM1;CD274;RAMP3;ROCK2;GSTP1;IQGAP1;ZFP36L1;SBNO2;NRIP1;CCL2;CD14;LYN;EGR1;JUN;WNT7B;NR1D1;SYT13;PPBP;CXCL10;IL6;NR4A3;TNIP2;TNFSF4;TNIP3;LGMN;PF4
GO_Biological_Process_2023,Response To Molecule Of Bacterial Origin (GO:0002237),18/69,1.337981701669218e-07,2.2675604172574985e-05,0,0,5.40829599653129,85.5967403565317,NOS3;TNFAIP3;PTPN22;IRAK3;TNFRSF11A;CXCL2;SELE;SELP;IL6;SLPI;CD6;EHHADH;IL1B;MAPKAPK2;CD14;TRIB1;S100A9;S100A8
GO_Biological_Process_2023,Leukocyte Cell-Cell Adhesion (GO:0007159),12/31,1.4202795164792397e-07,2.29762490870437e-05,0,0,9.647149658988548,152.10894286022216,SELP;VCAM1;LRG1;SYK;SELL;CCL5;ITGB2;PECAM1;OLR1;SELE;CD177;FERMT3
GO_Biological_Process_2023,Response To Cytokine (GO:0034097),25/125,1.6165631824099757e-07,2.5014558113900447e-05,0,0,3.8428747940691927,60.09408150609148,CD274;NFAT5;CXCR4;TNFRSF11A;MEFV;RELB;TIMP3;TIMP1;IL1R1;SPHK1;MX2;IFNLR1;IRAK3;OSMR;SELE;SELP;CH25H;PLSCR1;NLRP12;SELL;IL1B;MAPKAPK2;REL;HCLS1;BCL2L1
GO_Biological_Process_2023,Apoptotic Process (GO:0006915),36/228,2.080079317237183e-07,3.084584287519639e-05,0,0,2.894170822942644,44.5288140026148,PPP1R15A;ITGB2;CXCR4;HK2;BBC3;BCL2L11;MYC;CASP4;PMAIP1;CD14;RELT;IER3;PLK3;DMPK;APAF1;GADD45A;ZBTB16;PRKCD;EMP1;PAWR;TNFRSF10B;CIDEC;RHOB;NFKBIA;IL1A;PLSCR1;IFI27;IL1B;DDIT4;MDM2;PMP22;MAL;PDCD1;PPARD;BCL2L1;BNIPL
GO_Biological_Process_2023,Negative Regulation Of MAPK Cascade (GO:0043409),22/105,3.7974425153114106e-07,5.406039164797325e-05,0,0,4.068032194513469,60.14084350123746,LYN;DUSP4;DUSP5;DUSP2;DUSP1;GSTP1;PRKCD;SPRY4;PTPRJ;IRAK3;DUSP29;DUSP8;DUSP16;DUSP6;IGF1R;SPRED3;DUSP10;MYC;IL1B;CNKSR3;TIMP3;SPRY2
GO_Biological_Process_2023,Regulation Of Platelet Activation (GO:0010543),11/28,3.977587013578974e-07,5.444704685125988e-05,0,0,9.876604713546657,145.5556747364783,LYN;SELP;THBD;PDGFRA;GP9;FCER1G;SYK;NOS3;FLNA;NRG1;GP5
GO_Biological_Process_2023,Negative Regulation Of Cytokine Production (GO:0001818),30/178,5.118884065916442e-07,6.74744755207282e-05,0,0,3.120682717456911,45.20358594864611,CD274;TNFAIP3;PTPN22;MEFV;AGER;THBS1;ZFP36;GPNMB;ZC3H12A;TIGIT;CD33;HAVCR2;SRGN;LAPTM5;ACOD1;INHBB;IRAK3;PDCD1LG2;MMP8;KLF4;IL6;NLRP12;RNF125;RGCC;NAV3;ELF4;DDIT3;TNFSF4;GHRL;CD200
GO_Biological_Process_2023,Monocyte Chemotaxis (GO:0002548),13/42,8.75059803032555e-07,0.0001112263513926,0,0,6.8491871519378975,95.539130809055,CCL11;FLT1;CCL22;TNFRSF11A;MSMP;IL6;CCL8;CCL7;CCL5;CCL4;CCL3;CCL2;CCL17
GO_Biological_Process_2023,Regulation Of Monocyte Chemotaxis (GO:0090025),10/25,1.1130257353567693e-06,0.000133481571211,0,0,10.168700840791972,139.39690702510006,CCR1;LYN;CXCL10;DUSP1;CCL5;SERPINE1;CCN3;ANO6;PLA2G7;LGMN
GO_Biological_Process_2023,Regulation Of MAPK Cascade (GO:0043408),32/204,1.1251607576096891e-06,0.000133481571211,0,0,2.865301246604112,39.24770633547016,FLT1;ROCK2;GSTP1;LPAR1;PTPRJ;IQGAP1;DUSP16;IGF1R;SPRED3;GRAP2;FAM83D;MAP4K4;LYN;DUSP4;DUSP5;DUSP2;SYK;DUSP1;GDF15;LIF;LAPTM5;DUSP29;DUSP8;MMP8;DUSP6;IL6;DOK3;IL1B;GHRL;EPHA2;GSDME;FGFR1
GO_Biological_Process_2023,Lipopolysaccharide-Mediated Signaling Pathway (GO:0031663),9/20,1.175747360748712e-06,0.0001349833824807,0,0,12.472283813747229,170.29165610831546,LYN;TGFB1;CD6;CCL5;EHHADH;IL1B;CCL3;CCL2;PTPN22
GO_Biological_Process_2023,Regulation Of p38MAPK Cascade (GO:1900744),12/37,1.3173306935848264e-06,0.0001465118730771,0,0,7.329486552567237,99.24053747907377,PER1;DUSP10;GADD45B;DUSP1;GADD45A;SPHK1;IL1B;ZC3H12A;STK39;PTPN22;RELL1;GADD45G
GO_Biological_Process_2023,Positive Regulation Of Cytokine Production (GO:0001819),43/320,1.4057685794046346e-06,0.0001516100113363,0,0,2.3991282614732623,32.32807668307419,ITK;CD274;CEBPB;ROCK2;CD80;SERPINE1;HILPDA;RORA;PTPN22;PTGS2;AGER;PDE4B;HMOX1;CD14;TIGIT;HAVCR2;EGR1;FCER1G;TGFB1;SYK;IL1R1;SPHK1;CRTAM;EIF2AK3;LAPTM5;MMP8;EREG;RUNX1;BATF;FGR;IL1A;IL6;RGCC;STING1;CD6;DDIT3;TNFSF4;IL1B;EHHADH;CD28;IL17F;RAB7B;CD200
GO_Biological_Process_2023,Regulation Of Apoptotic Process (GO:0042981),76/705,1.6388913512696408e-06,0.0001715533623284,0,0,1.883774624860053,25.09468586348999,PRR7;CITED2;KIF14;HSPB1;IGF1R;RASSF2;MYC;PIM1;ANKRD1;EMILIN2;CD38;PIM3;SOX9;PHLDA1;IER3;KLF11;APAF1;TNFRSF12A;SPHK1;HGF;PLAUR;PAWR;NRG1;ANO6;DUSP6;THOC6;RHOB;MORF4L1;DPEP1;ANGPTL4;ATF5;SGK1;SQSTM1;BIRC3;GSTP1;HTRA1;LRP2;FSTL1;LRP8;THBS1;SOCS3;BCL2L11;GRK5;UBB;FLNA;PMAIP1;SPDEF;MAP4K4;PLK3;EGR1;JUN;STIL;EGR3;GADD45B;GADD45A;TGFB3;PLK2;FZD9;IL31RA;OSGIN1;DKKL1;ASNS;TNFRSF10B;CIDEC;GADD45G;ACER2;CXCL10;GCLC;IL6;KRT18;STK17B;MDM2;CD28;SPRY2;GHRL;BCL2L1
GO_Biological_Process_2023,Cellular Response To Interleukin-1 (GO:0071347),18/81,1.7450492601201715e-06,0.000177446580479,0,0,4.375336375336375,58.011393917696985,EGR1;CCL11;CCL22;IL1R1;IRAK3;NR1D1;CCL8;CCL7;TNIP2;IL1B;CCL5;ZC3H12A;CCL4;ANKRD1;CCL3;CCL2;SOX9;CCL17
GO_Biological_Process_2023,Positive Regulation Of Cell Population Proliferation (GO:0008284),57/483,2.177521178891411e-06,0.0002152721632131,0,0,2.0755284669097493,27.05933585321217,CDKN1A;EPO;HILPDA;KIF14;IRS2;AREG;IGF1R;GJA1;ESM1;MYC;PIM1;TIMP1;SOX9;SCN5A;PDGFRA;PRKCH;SPHK1;NRG1;GAB2;OSMR;EREG;BTC;IL1B;HCLS1;HBEGF;DOT1L;C5AR1;CSF2RB;TNFRSF11A;THBS1;SERTAD1;GRK5;CCL5;CXCR2;HMOX1;HES1;S1PR3;STX3;FGF21;LYN;MAP3K3;TGFB1;TGFB3;FZD9;IL31RA;LIF;BMP6;FOSL1;GDF9;IL6;NR4A3;TNFSF4;MDM2;IL7R;SLC25A33;LGMN;FGFR1
GO_Biological_Process_2023,Regulation Of Tumor Necrosis Factor Production (GO:0032680),23/127,3.046222004052192e-06,0.00029301362466,0,0,3.393147456983806,43.0984303178944,SYK;GSTP1;HSPB1;TNFAIP3;PTPN22;PTPRJ;IRAK3;MMP8;AGER;THBS1;IL1A;ZFP36;IL6;ELF4;EHHADH;ZC3H12A;MAPKAPK2;CCL3;GHRL;CD14;CD33;HAVCR2;PF4
GO_Biological_Process_2023,Response To Lipid (GO:0033993),21/110,3.4012275345533152e-06,0.0003185518104072,0,0,3.617202634637737,45.54555175605897,TGFB1;SYK;GPX3;NOS3;PTPN22;APOA4;IRAK3;TNFRSF11A;SELE;ACER2;SELP;SLPI;CD6;EHHADH;IL1B;MAPKAPK2;SOX9;FFAR1;TRIB1;S100A9;S100A8
GO_Biological_Process_2023,Response To Interleukin-1 (GO:0070555),18/85,3.640831160344213e-06,0.0003322491820426,0,0,4.113242143092889,51.511359414220806,CCL11;CCL22;IL1R1;IRAK3;TNFRSF11A;NR1D1;SELE;CCL8;CCL7;IL1B;CCL5;ZC3H12A;CCL4;ANKRD1;CCL3;CCL2;SOX9;CCL17
GO_Biological_Process_2023,Regulation Of Cell Migration (GO:0030334),52/434,3.888314633574173e-06,0.0003431626427926,0,0,2.107711375856244,26.256887708473165,FLT1;SERPINE2;CITED2;SERPINE1;FAM107A;KIF14;PTPRJ;ACTG1;IGF1R;DOCK10;DUSP10;EMILIN2;PDGFRA;MMP7;SPHK1;HGF;MAGI2;RHOC;RHOD;RHOB;FGR;NAV3;IL1B;PECAM1;DPEP1;SGK1;VCL;HBEGF;EPHA2;CEMIP;CCL11;ROCK2;SEMA3D;CXCR4;PRKX;THBS1;GPNMB;CCL7;CCL5;CCL3;FLNA;MAP4K4;FGF21;SPAG9;CCR1;ACE;TGFB1;SEMA4C;OSGIN1;STK24;SPRY2;FERMT3
GO_Biological_Process_2023,Negative Regulation Of Inflammatory Response (GO:0050728),21/111,3.953264499718107e-06,0.0003431626427926,0,0,3.576819923371648,44.49910530149419,LYN;TNFAIP6;SYK;PLK2;GSTP1;PRKCD;RHBDF2;TNFAIP3;RORA;NR1D1;AOAH;METRNL;MEFV;KLF4;FGR;NLRP12;ELF4;CCN3;GHRL;CD200;PPARD
GO_Biological_Process_2023,Negative Regulation Of Apoptotic Process (GO:0043066),56/482,4.305913283852829e-06,0.0003648748899341,0,0,2.037392004889296,25.173040308113464,CITED2;KIF14;HSPB1;IGF1R;MYC;ZC3H12A;PIM1;PDK4;CD38;PIM3;SOX9;IER3;PRKCG;PRKCH;SPHK1;HGF;PRKCD;PLAUR;NGF;THOC6;HCLS1;DPEP1;ADAM8;ANGPTL4;ATF5;BIRC3;GSTP1;ALOX12;LRP2;FSTL1;THBS1;SOCS3;GRK5;FLNA;CCL2;MAP4K4;PLK3;STIL;EGR3;TGFB3;PLK2;FZD9;IL31RA;ASNS;KLF4;NR4A2;GCLC;IL6;KRT18;MDM2;CD28;SPRY2;GHRL;RETREG1;LGMN;BCL2L1
GO_Biological_Process_2023,Lymphocyte Migration (GO:0072676),12/41,4.457877688172244e-06,0.0003689671323768,0,0,6.317173931371722,77.8328751092288,CCL11;CCL8;CCL22;KLF5;CCL7;CCL5;CCL4;CRTAM;CCL3;CCL2;CCL17;MSMP
GO_Biological_Process_2023,Integrated Stress Response Signaling (GO:0140467),10/29,5.428954393790821e-06,0.0004391283792613,0,0,8.026208727677616,97.30786045765169,FOSL1;CEBPB;JUN;CEBPD;DDIT3;EIF2AK3;NFE2L3;FOS;JUNB;BATF
GO_Biological_Process_2023,Negative Regulation Of Intracellular Signal Transduction (GO:1902532),33/231,6.258778982246366e-06,0.0004949998755069,0,0,2.5653676064123827,30.73701724594548,DGKG;GSTP1;TNFAIP3;PTPRJ;RORA;SLA2;DUSP16;THBS1;IGF1R;SPRED3;ZC3H12A;CCN3;LYN;DUSP4;DUSP5;DUSP2;DUSP1;MAGI2;PLAUR;NR1D1;DUSP29;DUSP8;DUSP6;PER1;NLRP12;PIK3IP1;DDIT3;TNIP3;DDIT4;MDM2;DEPDC5;EPHA2;BCL2L1
GO_Biological_Process_2023,Positive Regulation Of Fat Cell Differentiation (GO:0045600),13/50,7.648098030962056e-06,0.0005917300193955,0,0,5.365989153917376,63.21700564851221,CDS1;CEBPB;ZBTB16;GDF3;METRNL;PTGS2;MEDAG;ZFP36L1;ZFP36;SULT1E1;ZC3H12A;PIM1;PPARD
GO_Biological_Process_2023,Response To Tumor Necrosis Factor (GO:0034612),20/108,9.330433856692313e-06,0.0006911601608573,0,0,3.481430382578865,40.322724088054194,CCL11;CCL22;SPHK1;TNFRSF11A;NR1D1;SELE;ZFP36L2;ZFP36L1;NFKBIA;ZFP36;CCL8;CCL7;CCL5;ZC3H12A;CCL4;ANKRD1;CCL3;CCL2;CCL17;GSDME
GO_Biological_Process_2023,Negative Regulation Of MAP Kinase Activity (GO:0043407),13/51,9.686585228946828e-06,0.0006911601608573,0,0,5.224499871211471,60.315642041521535,LYN;DUSP1;GSTP1;PRKCD;SPRY4;PTPN22;PTPRJ;IRAK3;DUSP16;DUSP10;IL1B;SPRY2;ANKS1B
GO_Biological_Process_2023,Cellular Response To Growth Factor Stimulus (GO:0071363),25/155,9.902352430609664e-06,0.0006911601608573,0,0,2.9513052845013306,34.00711817049991,FOXC1;FLT1;HSPB1;IQGAP1;LRP2;ZFP36L2;ZFP36L1;TMEM100;ZFP36;CCL5;ANKRD1;CCL2;SOX9;EGR3;TGFB1;HGF;SPHK1;MAGI2;PTPN12;KLF4;BMP6;NR4A1;MAPKAPK2;SPRY2;LGMN
GO_Biological_Process_2023,Positive Regulation Of Response To External Stimulus (GO:0032103),25/155,9.902352430609664e-06,0.0006911601608573,0,0,2.9513052845013306,34.00711817049991,SERPINE1;PLAT;MEFV;PLA2G7;THBS1;THBD;CCL5;CASP4;NFKBIZ;CCL3;EMILIN2;STX3;TGFB1;ACOD1;NRG1;BMP6;EREG;NFKBIA;PLSCR1;NLRP12;TNFSF4;IL1B;ADAM8;S100A9;S100A8
GO_Biological_Process_2023,Negative Regulation Of Cell Population Proliferation (GO:0008285),46/379,9.904233830774468e-06,0.0006911601608573,0,0,2.1337884405780465,24.586680224660604,BTG3;BTG2;CDKN1A;NDRG4;TES;BTG1;ATP8A2;GSTP1;TNFAIP3;PTPRJ;CXCL1;THBS1;ADGRG1;DUSP10;GPNMB;ADAMTS1;MYC;HMOX1;CCN3;HES1;SOX9;CD33;LYN;KLF11;CDKN2B;TGFB1;CDKN2A;TGFB3;NOS3;MAGI2;HMGA1;IFNLR1;NRG1;NGF;MYO16;EREG;IL1A;IL6;RGCC;IL1B;ATF5;TRIB1;PLPP1;CD200;GSDME;BNIPL
GO_Biological_Process_2023,Regulation Of Macrophage Activation (GO:0043030),10/31,1.0727201182658365e-05,0.0007341944040207,0,0,7.261032972993917,83.08602440668976,IL6;TNIP2;SPHK1;EHHADH;ZC3H12A;IL31RA;MMP8;THBS1;GPR137B;CD200
GO_Biological_Process_2023,Regulation Of Fat Cell Differentiation (GO:0045598),16/75,1.1315224567341544e-05,0.0007598280044371,0,0,4.146957329157254,47.231195865703725,CDS1;CEBPB;TGFB1;ZBTB16;RORA;GDF3;NR1D1;ZFP36L2;MEDAG;ZFP36L1;ZFP36;IL6;SULT1E1;ZC3H12A;TRIB3;PPARD
GO_Biological_Process_2023,Positive Regulation Of Angiogenesis (GO:0045766),21/119,1.226226806221812e-05,0.0008081742969154,0,0,3.283427163969036,37.13222410556825,FOXC2;BTG1;FLT1;PRKCB;NOS3;SPHK1;SERPINE1;HSPB1;KLF4;THBS1;HK2;RUNX1;RHOB;IL1A;PKM;LRG1;IL1B;ZC3H12A;HMOX1;EMILIN2;ANGPTL4
GO_Biological_Process_2023,Positive Regulation Of ERK1 And ERK2 Cascade (GO:0070374),27/179,1.5764162845172422e-05,0.0010200846466539,0,0,2.727348228243877,30.15839315018046,NECAB2;NDRG4;CCL11;RAMP3;C5AR1;PTPN22;TNFRSF11A;AGER;CCL8;CCL7;GPNMB;GLIPR2;CCL5;CCL4;CCL3;CCL2;CCN2;CCL17;FGF21;CCR1;PDGFRA;TGFB1;CCL22;GPR55;NRG1;MARCO;SPRY2
GO_Biological_Process_2023,Positive Regulation Of Cell Motility (GO:2000147),31/221,1.7105422857653986e-05,0.0010871107133998,0,0,2.508282502614151,27.531197247711727,CEMIP;CCL11;FLT1;ROCK2;SEMA3D;FAM107A;CXCR4;THBS1;IGF1R;GPNMB;CCL7;CCL5;CCL3;MAP4K4;CCR1;SPAG9;PDGFRA;TGFB1;MMP7;SPHK1;HGF;SEMA4C;RHOC;RHOD;FGR;IL1B;PECAM1;SPRY2;EPHA2;FERMT3;HBEGF
GO_Biological_Process_2023,Negative Regulation Of Angiogenesis (GO:0016525),17/86,1.7689006025013245e-05,0.0011044767095267,0,0,3.768637776038331,41.238572267108,FOXC1;ROCK2;SERPINE1;ECSCR;PTPRM;NRG1;KLF4;THBS1;DCN;KLF2;CXCL10;RGCC;SPRY2;GHRL;IL17F;ADAMTS9;PF4
GO_Biological_Process_2023,Regulation Of Interleukin-2 Production (GO:0032663),12/47,2.0865788985886665e-05,0.0012803679827719,0,0,5.2325532658051,56.39331763497778,IL1A;ZFP36;NAV3;CD80;IL1B;PDE4B;LAPTM5;CD28;TNFAIP3;IL17F;HAVCR2;RUNX1
GO_Biological_Process_2023,Regulation Of Interleukin-6 Production (GO:0032675),20/114,2.143608285690673e-05,0.0012930681167412,0,0,3.2581641736337774,35.026681975823415,SYK;TNFAIP3;PTPN22;IRAK3;MMP8;AGER;EREG;IL1A;IL6;NLRP12;ELF4;TNFSF4;EHHADH;IL1B;ZC3H12A;MAPKAPK2;GHRL;IL17F;RAB7B;CD200
GO_Biological_Process_2023,Regulation Of Plasminogen Activation (GO:0010755),7/16,2.3983559726761675e-05,0.0014226248177924,0,0,11.83838383838384,125.93840801222328,SERPINE2;SERPINE1;PLAUR;PLAT;THBS1;RUNX1;S100A10
GO_Biological_Process_2023,Positive Regulation Of Reactive Oxygen Species Metabolic Process (GO:2000379),12/48,2.6264630993862e-05,0.0015323905197894,0,0,5.08693289866884,53.65334302771761,CDKN1A;TGFB1;SYK;GADD45A;GSTP1;ITGB2;ZC3H12A;PRKCD;ACOD1;MMP8;THBS1;CD177
GO_Biological_Process_2023,Cellular Response To Peptide Hormone Stimulus (GO:0071375),17/89,2.8246324953917345e-05,0.0016025990811294,0,0,3.6110315511911257,37.82392041988916,GOT1;INSIG2;PRKCD;IRS2;INHBB;SORBS1;ZFP36L1;NR4A2;NR4A1;PKM;RAB31;NR4A3;TRIB3;PCK1;CPEB2;LPIN2;SLC25A33
GO_Biological_Process_2023,Positive Regulation Of Apoptotic Process (GO:0043065),35/270,2.836857041617151e-05,0.0016025990811294,0,0,2.291687283523008,23.99448996989197,PRR7;BTG1;HTRA1;RASSF2;BCL2L11;CTSL;ZC3H12A;ANKRD1;CCL3;PMAIP1;EMILIN2;PHLDA1;SPDEF;KLF11;JUN;GADD45B;TNFRSF12A;APAF1;GADD45A;TGFB3;FZD9;DKKL1;PAWR;TNFRSF10B;ANO6;NRG1;DUSP6;GADD45G;RHOB;IL6;DDIT3;STK17B;SIK1;SQSTM1;CDK5R1
GO_Biological_Process_2023,Fc Receptor Mediated Stimulatory Signaling Pathway (GO:0002431),8/22,3.099547871965946e-05,0.001723639199426,0,0,8.702332598352095,90.34473840775472,LYN;VAV3;FGR;FCER1G;NR4A3;SYK;LIMK1;PRKCD
GO_Biological_Process_2023,Cellular Response To Glucocorticoid Stimulus (GO:0071385),7/17,3.859159866302446e-05,0.0021130384560262,0,0,10.653977272727271,108.27078787412228,ZFP36;BCL2L11;KLF9;FAM107A;PCK1;ZFP36L2;ZFP36L1
GO_Biological_Process_2023,Positive Regulation Of Lymphocyte Proliferation (GO:0050671),15/74,3.999340326859727e-05,0.0021566139732263,0,0,3.8845962113659023,39.338513513695,VAV3;CD274;VCAM1;CD80;IRS2;PDCD1LG2;SLC7A1;TNFSF13B;IL6;CD6;IL1B;CCL5;CD28;CD38;TNFRSF4
GO_Biological_Process_2023,Cellular Response To Tumor Necrosis Factor (GO:0071356),20/119,4.074482045409751e-05,0.0021643405372557,0,0,3.092781796637416,31.26240076642065,CCL11;CCL22;TNFRSF11A;NR1D1;ZFP36L2;ZFP36L1;NFKBIA;ZFP36;CCL8;CCL7;CCL5;ZC3H12A;TRAF5;CCL4;ANKRD1;CCL3;CCL2;CCL17;GSDME;BIRC3
GO_Biological_Process_2023,SMAD Protein Signal Transduction (GO:0060395),12/51,5.03636361778584e-05,0.002635943840544,0,0,4.694878064071218,46.461645481114914,GDF9;JUN;TGFB1;GDF15;TGFB3;MAGI2;BMP8A;INHBB;FOS;GDF3;BMP6;INHBE
GO_Biological_Process_2023,Negative Regulation Of Interleukin-1 Production (GO:0032692),9/30,5.696338658927001e-05,0.002938154969148,0,0,6.529616724738676,63.81460920782765,NLRP12;ELF4;GSTP1;ZC3H12A;TNFAIP3;GHRL;FFAR1;MEFV;CD33
GO_Biological_Process_2023,Neutrophil Activation (GO:0042119),7/18,5.977587236751642e-05,0.0029547545799443,0,0,9.6849173553719,94.18493463203356,FCER1G;SYK;CCL5;PRKCD;CXCR2;DNASE1;CAMP
GO_Biological_Process_2023,Positive Regulation Of Monocyte Chemotaxis (GO:0090026),7/18,5.977587236751642e-05,0.0029547545799443,0,0,9.6849173553719,94.18493463203356,CCR1;CXCL10;CCL5;SERPINE1;ANO6;PLA2G7;LGMN
GO_Biological_Process_2023,Regulation Of Epidermal Cell Differentiation (GO:0045604),7/18,5.977587236751642e-05,0.0029547545799443,0,0,9.6849173553719,94.18493463203356,ERRFI1;KLF7;ZFP36;ROCK2;MAFF;GDF3;ZFP36L1
GO_Biological_Process_2023,Eosinophil Chemotaxis (GO:0048245),8/24,6.377758731536466e-05,0.002986637279676,0,0,7.613728675873274,73.54944681409745,CCL11;CCL22;CCL8;CCL7;CCL5;CCL4;CCL3;CCL2
GO_Biological_Process_2023,Eosinophil Migration (GO:0072677),8/24,6.377758731536466e-05,0.002986637279676,0,0,7.613728675873274,73.54944681409745,CCL11;CCL22;CCL8;CCL7;CCL5;CCL4;CCL3;CCL2
GO_Biological_Process_2023,Positive Regulation Of p38MAPK Cascade (GO:1900745),8/24,6.377758731536466e-05,0.002986637279676,0,0,7.613728675873274,73.54944681409745,GADD45B;GADD45A;SPHK1;IL1B;ZC3H12A;STK39;RELL1;GADD45G
GO_Biological_Process_2023,Protein Kinase B Signaling (GO:0043491),8/24,6.377758731536466e-05,0.002986637279676,0,0,7.613728675873274,73.54944681409745,PLK3;TGFB1;CCL5;IL1B;CCL3;CCL2;ZFP36L1;EPHA2
GO_Biological_Process_2023,Positive Regulation Of Vasculature Development (GO:1904018),18/104,6.550724208945685e-05,0.0030277957739789,0,0,3.201245643106108,30.83871925242405,BTG1;FLT1;PRKCB;NOS3;SPHK1;SERPINE1;HSPB1;THBS1;HK2;RUNX1;RHOB;IL1A;LRG1;IL1B;ZC3H12A;HMOX1;EMILIN2;ANGPTL4
GO_Biological_Process_2023,Positive Regulation Of Cell Differentiation (GO:0045597),35/283,7.5348337124708e-05,0.0034380093823953,0,0,2.1700346961740435,20.600982867213148,CDS1;RIPOR2;FOXC1;CEBPB;BTG1;MEDAG;ZFP36L1;TMEM100;GJA1;ZFP36;SULT1E1;GLIPR2;GPC1;ZC3H12A;CCN2;SOX9;PRKCH;TGFB1;TGFB3;WNT7B;HGF;ZBTB16;SUCO;GDF3;NGF;BMP6;IL6;LRG1;RGCC;IL1B;ADAM8;ASB4;PPARD;PF4;FGFR1
GO_Biological_Process_2023,B Cell Receptor Signaling Pathway (GO:0050853),11/46,8.805789875991937e-05,0.0039365701010747,0,0,4.792601209865054,44.75099057161668,IGHG3;VAV3;LAT2;IGHM;ITK;IGHG1;SYK;PRKCB;CD38;IGLC1;MS4A1
GO_Biological_Process_2023,Regulation Of B Cell Activation (GO:0050864),8/25,8.871755264590666e-05,0.0039365701010747,0,0,7.165480001911407,66.85430675838741,IL6;SH3KBP1;TNIP2;TNFSF4;LAPTM5;TNFAIP3;ZFP36L2;ZFP36L1
GO_Biological_Process_2023,Regulation Of Neuroinflammatory Response (GO:0150077),7/19,8.959319420822072e-05,0.0039365701010747,0,0,8.877367424242424,82.73911682678086,IL6;SPHK1;IL1B;MMP3;NR1D1;MMP8;PTGS2
GO_Biological_Process_2023,MAPK Cascade (GO:0000165),17/98,0.0001005660956897,0.0043648138360954,0,0,3.208260087692712,29.53105680086233,DUSP5;MAP3K3;TGFB1;IL31RA;ZFP36L2;DUSP6;ZFP36L1;ZFP36;MYC;IL1B;CCL5;MAPKAPK2;CCL3;CCL2;SOX9;FGFR1;MAP4K4
GO_Biological_Process_2023,Regulation Of Superoxide Anion Generation (GO:0032928),6/14,0.0001088777752555,0.0046686265317406,0,0,11.406934306569344,104.09152233537546,TGFB1;SYK;GSTP1;ITGB2;PRKCD;CD177
GO_Biological_Process_2023,Cellular Response To Insulin Stimulus (GO:0032869),17/99,0.0001145162075071,0.0048519426490213,0,0,3.1689653107660374,28.75770800536707,FOXC2;GOT1;INSIG2;IRS2;INHBB;SORBS1;SOGA1;IGF1R;ZFP36L1;RAB31;PKM;PDK4;TRIB3;PCK1;CPEB2;LPIN2;SLC25A33
GO_Biological_Process_2023,Negative Regulation Of Interleukin-1 Beta Production (GO:0032691),8/26,0.0001212217857436,0.0050756274760183,0,0,6.767036736167524,61.02438445474926,ELF4;GSTP1;ZC3H12A;TNFAIP3;GHRL;FFAR1;MEFV;CD33
GO_Biological_Process_2023,Negative Regulation Of Mitotic Cell Cycle Phase Transition (GO:1901991),10/40,0.0001229996949192,0.0050901850490413,0,0,5.080282072145375,45.73944929750304,CDKN1A;GPR132;RGCC;GPNMB;FAM107A;CCL2;KLF4;ZFP36L2;MYO16;ZFP36L1
GO_Biological_Process_2023,Negative Regulation Of DNA-binding Transcription Factor Activity (GO:0043433),22/149,0.0001287426533079,0.0052666103807232,0,0,2.6523722332572026,23.75914170877716,CDKN2A;TNFAIP3;IRAK3;COMMD1;KLF4;NFKBIA;FOXS1;NLRP12;DDIT3;TNFSF4;ZC3H12A;BHLHE40;ID1;PIM1;ID3;FLNA;SIK1;HES1;TRIB1;TNFRSF4;CD200;HAVCR2
GO_Biological_Process_2023,Response To Fibroblast Growth Factor (GO:0071774),7/20,0.0001304854509972,0.0052772468193084,0,0,8.194055944055943,73.28967524164102,NR4A1;ZFP36;EGR3;CCL5;ZFP36L2;IER2;ZFP36L1
GO_Biological_Process_2023,Negative Regulation Of T Cell Activation (GO:0050868),11/49,0.0001620767862223,0.0064092364685035,0,0,4.41353077318704,38.51882653823572,RIPOR2;CD274;CEBPB;PLA2G2D;GPNMB;CD80;LAPTM5;PTPN22;PDCD1LG2;TIGIT;HAVCR2
GO_Biological_Process_2023,Negative Regulation Of Tumor Necrosis Factor Superfamily Cytokine Production (GO:1903556),11/49,0.0001620767862223,0.0064092364685035,0,0,4.41353077318704,38.51882653823572,CD274;ELF4;EHHADH;GSTP1;ZC3H12A;TNFAIP3;PTPN22;IRAK3;GHRL;CD33;HAVCR2
GO_Biological_Process_2023,Positive Regulation Of Cell Migration (GO:0030335),33/272,0.0001719594936186,0.0066522709510141,0,0,2.120589521014176,18.38180353201894,CEMIP;CCL11;FLT1;ROCK2;SEMA3D;FAM107A;CXCR4;THBS1;IGF1R;GPNMB;CCL7;GLIPR2;CCL5;CCL3;SOX9;MAP4K4;CCR1;SPAG9;PDGFRA;TGFB1;MMP7;SPHK1;HGF;SEMA4C;RHOC;RHOD;FGR;IL1B;PECAM1;SPRY2;EPHA2;FERMT3;HBEGF
GO_Biological_Process_2023,Negative Regulation Of Platelet Activation (GO:0010544),6/15,0.0001719609237126,0.0066522709510141,0,0,10.138956474722898,87.88694147705941,PDGFRA;THBD;SERPINE2;NOS3;PRKCD;ALOX12
GO_Biological_Process_2023,Negative Regulation Of Transmembrane Transport (GO:0034763),5/10,0.0001753901335152,0.0067119729589322,0,0,15.19935170178282,131.45155870473184,PRKCB;IL1B;IRS2;THBS1;CTTNBP2NL
GO_Biological_Process_2023,Transmembrane Receptor Protein Tyrosine Kinase Signaling Pathway (GO:0007169),34/284,0.0001785303200191,0.0067594617973205,0,0,2.0892082987551865,18.03143893504644,TRIM71;FOXC2;FOXC1;FLT1;ARHGEF28;PTPRJ;IRS2;PLAT;SOGA1;IGF1R;UBASH3B;PDK4;BDKRB2;MPZL1;ANKS1B;FGF21;LYN;PDGFRA;SYK;GDF15;HGF;EIF2AK3;IL31RA;NRG1;SORBS1;NGF;FGR;DOK3;NR4A3;DDIT4;MAPKAPK2;EPHA2;CDK5R1;FGFR1
GO_Biological_Process_2023,Negative Regulation Of Biomineral Tissue Development (GO:0070168),7/21,0.0001853009870338,0.0069419601353014,0,0,7.608360389610389,65.38266639623808,CCR1;SRGN;TGFB1;NOS3;ROCK2;CCL3;SOX9
GO_Biological_Process_2023,Negative Regulation Of Plasminogen Activation (GO:0010757),4/6,0.0001987470503978,0.0072921727048023,0,0,30.37894736842105,258.934278782654,SERPINE2;SERPINE1;PLAT;THBS1
GO_Biological_Process_2023,Regulation Of Natural Killer Cell Chemotaxis (GO:2000501),4/6,0.0001987470503978,0.0072921727048023,0,0,30.37894736842105,258.934278782654,CCL7;CCL5;CCL4;CCL3
GO_Biological_Process_2023,Phosphorylation (GO:0016310),46/429,0.0002056043738645,0.0074667955773865,0,0,1.8501922660252688,15.707312242589111,DGKG;RNASEL;CCL11;CERK;ROCK2;STK39;CSF2RB;HK2;HK1;LIPE;GRK5;PIM1;PDK4;CCL2;PDK3;PIM3;MAP3K6;MAP4K4;PRKCG;LYN;BRD2;CDKL4;PRKCH;TGFB1;DMPK;SYK;PRKCB;PLK2;SPHK1;PRKCD;LIMK1;EIF2AK3;IRAK3;CSNK1E;FGR;CDK8;STK24;STK17B;HKDC1;MAPKAPK2;SIK1;TRIB1;SGK1;HCST;DGKH;FGFR1
GO_Biological_Process_2023,Calcium-Mediated Signaling (GO:0019722),15/85,0.0002079954023095,0.0074773296648469,0,0,3.272233893557423,27.741981223195285,CHRM3;VCAM1;DMPK;SPHK1;EIF2AK3;CXCR4;DEFB1;PTPRJ;SELE;SLC8A1;LAT2;SELP;RCAN1;CCL3;TNNI3
GO_Biological_Process_2023,Positive Regulation Of Inflammatory Response (GO:0050729),17/104,0.0002127866900817,0.0075730783000095,0,0,2.9860413492108284,25.24763757898559,SERPINE1;MEFV;MMP8;OSMR;PLA2G7;NFKBIA;IL6;NLRP12;TNFSF4;EHHADH;IL1B;CASP4;NFKBIZ;CCL3;ADAM8;S100A9;S100A8
GO_Biological_Process_2023,Positive Regulation Of Hydrolase Activity (GO:0051345),24/176,0.0002275799988355,0.0080193783748099,0,0,2.4183235867446395,20.284919377293047,CCL11;CCL22;RHOC;C9ORF72;DOCK10;SNX18;CCL8;CCL7;RGS1;CTSL;RASGEF1B;CCL5;CCL4;CCL3;CCL2;RAPGEF5;RALGDS;CCL17;RGS6;CD200;S100A10;PICALM;PLIN5;MAP4K4
GO_Biological_Process_2023,Positive Regulation Of Cellular Process (GO:0048522),59/594,0.00023120641538,0.0080672905131134,0,0,1.7033644859813084,14.260907593158423,EPO;CITED2;HILPDA;KIF14;IRS2;PTPRJ;AREG;IGF1R;ZFP36;ESM1;MYC;TIMP1;CCN2;SOX9;IER5;MFSD2A;PDGFRA;SPHK1;NRG1;GAB2;OSMR;RHOD;EREG;BTC;IL1B;HCLS1;ADAM8;S100A9;S100A8;HBEGF;DOT1L;TNFRSF11A;THBS1;ZFP36L1;ADGRG1;SERTAD1;GRK5;CCL5;CXCR2;HES1;S1PR3;STX3;FGF21;LYN;EGR2;TGFB1;TGFB3;IL31RA;LIF;BMP6;FOSL1;GDF9;IL6;TNFSF4;MDM2;IL7R;SLC25A33;LGMN;FGFR1
GO_Biological_Process_2023,Negative Regulation Of Blood Vessel Morphogenesis (GO:2000181),14/77,0.0002425441276474,0.0083001399067046,0,0,3.391927437641723,28.235512793221147,FOXC1;ROCK2;ECSCR;PTPRM;NRG1;KLF4;THBS1;DCN;CXCL10;RGCC;SPRY2;GHRL;IL17F;PF4
GO_Biological_Process_2023,Regulation Of Immune Response (GO:0050776),14/77,0.0002425441276474,0.0083001399067046,0,0,3.391927437641723,28.235512793221147,LYN;RSAD2;SYK;PTPN22;CXCL13;SLA2;LRP8;FGR;PLSCR1;C6;C7;TNFSF4;PDCD1;BIRC3
GO_Biological_Process_2023,Regulation Of Fibrinolysis (GO:0051917),6/16,0.0002607479272178,0.0088381130758873,0,0,9.124574209245742,75.29558866574399,THBD;SERPINE1;PLAUR;NRG1;PLAT;THBS1
GO_Biological_Process_2023,Positive Regulation Of Phospholipase C Activity (GO:0010863),9/36,0.0002676619008079,0.0089868745752401,0,0,5.076964769647696,41.76202541011719,ITK;PDGFRA;FLT1;C5AR1;GPR55;LPAR1;ARHGAP6;SELE;FGFR1
GO_Biological_Process_2023,Peptidyl-Tyrosine Dephosphorylation (GO:0035335),8/29,0.0002819875630081,0.0093396120232302,0,0,5.799388805075239,47.402160334754186,DUSP5;DUSP10;UBASH3B;DUSP1;PTPN22;PTPRJ;PTPN12;DUSP6
GO_Biological_Process_2023,Positive Regulation Of Programmed Cell Death (GO:0043068),30/245,0.0002834161558046,0.0093396120232302,0,0,2.1404581914709446,17.484534422257557,PRR7;HTRA1;RASSF2;BCL2L11;ANKRD1;PMAIP1;EMILIN2;PHLDA1;SPDEF;KLF11;JUN;GADD45B;SYK;TNFRSF12A;APAF1;GADD45A;TGFB3;FZD9;DKKL1;LAPTM5;PAWR;TNFRSF10B;ANO6;NRG1;DUSP6;GADD45G;RHOB;IL6;STK17B;SQSTM1
GO_Biological_Process_2023,Positive Regulation Of Biosynthetic Process (GO:0009891),10/44,0.0002871574278493,0.0093760851900543,0,0,4.4816445699516585,36.549962493768646,TGFB1;RGCC;TGFB3;CCL5;SUCO;HSD17B13;SORBS1;PCK1;MMP8;RUNX1
GO_Biological_Process_2023,Regulation Of Response To External Stimulus (GO:0032101),19/127,0.000304427568476,0.0096963742583225,0,0,2.6897920461445053,21.779454305411264,PDGFRA;IL1R1;CXCR4;PTPN22;NRG1;PTGS2;AGER;SELE;GUCY2F;LRP8;FGR;SBNO2;STK24;TNFSF4;CASP4;FBXL2;CD55;PTGES;BIRC3
GO_Biological_Process_2023,Biogenic Amine Biosynthetic Process (GO:0042401),5/11,0.0003051401845833,0.0096963742583225,0,0,12.665451107509456,102.52352439352715,MOXD1;SMOX;HDC;SAT1;SLC38A2
GO_Biological_Process_2023,Negative Regulation Of Fibrinolysis (GO:0051918),5/11,0.0003051401845833,0.0096963742583225,0,0,12.665451107509456,102.52352439352715,THBD;SERPINE1;NRG1;PLAT;THBS1
GO_Biological_Process_2023,Response To Insulin (GO:0032868),14/79,0.0003200639607526,0.0100805985514933,0,0,3.287208791208791,26.452135300356364,GOT1;INSIG2;SLC2A1;IRS2;INHBB;SORBS1;ZFP36L1;PKM;RAB31;TRIB3;PCK1;CPEB2;LPIN2;SLC25A33
GO_Biological_Process_2023,Positive Regulation Of Epithelial Cell Apoptotic Process (GO:1904037),7/23,0.0003502182012978,0.0108384919862534,0,0,6.656605113636363,52.96630178673349,IL6;GSN;RGCC;ECSCR;CCL2;ANO6;THBS1
GO_Biological_Process_2023,Regulation Of Toll-Like Receptor 4 Signaling Pathway (GO:0034143),7/23,0.0003502182012978,0.0108384919862534,0,0,6.656605113636363,52.96630178673349,LYN;EHHADH;TNFAIP3;PTPN22;NR1D1;CD14;RAB7B
GO_Biological_Process_2023,Intrinsic Apoptotic Signaling Pathway In Response To Endoplasmic Reticulum Stress (GO:0070059),8/30,0.0003638149465805,0.0111390668597146,0,0,5.535484823868252,43.83475818178333,PPP1R15A;CEBPB;DDIT3;CASP4;TNFRSF10B;TRIB3;CHAC1;BBC3
GO_Biological_Process_2023,Negative Regulation Of Protein Serine/Threonine Kinase Activity (GO:0071901),14/80,0.0003661901721232,0.0111390668597146,0,0,3.237229437229437,25.614117470025832,LYN;CDKN1A;DUSP1;CDKN2A;GADD45A;GSTP1;PRKCD;SPRY4;PTPRJ;IRAK3;SLC8A1;RASIP1;IL1B;SPRY2
GO_Biological_Process_2023,Negative Regulation Of Insulin Secretion (GO:0046676),6/17,0.0003819248355972,0.0112336404123197,0,0,8.29462508294625,65.28107775523168,KLF7;MIDN;BMP8A;INHBB;CCN3;PIM3
GO_Biological_Process_2023,Negative Regulation Of Leukocyte Activation (GO:0002695),6/17,0.0003819248355972,0.0112336404123197,0,0,8.29462508294625,65.28107775523168,ZC3H12A;IL31RA;CD300LF;CD200;CD33;HAVCR2
GO_Biological_Process_2023,Positive Regulation Of Lymphocyte Chemotaxis (GO:0140131),6/17,0.0003819248355972,0.0112336404123197,0,0,8.29462508294625,65.28107775523168,CCL7;CCL5;CCL4;STK39;CCL3;CXCL13
GO_Biological_Process_2023,Regulation Of Inflammatory Response To Antigenic Stimulus (GO:0002861),6/17,0.0003819248355972,0.0112336404123197,0,0,8.29462508294625,65.28107775523168,LYN;FGR;PLA2G2D;SYK;PLK2;RHBDF2
GO_Biological_Process_2023,Regulation Of Peptidyl-Tyrosine Phosphorylation (GO:0050730),15/90,0.0003963285027708,0.0115617470603406,0,0,3.053267973856209,23.91706368356312,CADM4;TGFB1;CD80;ITGB3;HGF;ITGB2;PRKCD;LIF;PTPRJ;NRG1;LRP8;BMP6;IL6;PECAM1;HCLS1
GO_Biological_Process_2023,Negative Regulation Of Programmed Cell Death (GO:0043069),41/381,0.0004128154998552,0.0118848602161643,0,0,1.8542202690759109,14.44902961146259,CITED2;GSTP1;KIF14;HSPB1;LRP2;FSTL1;THBS1;IGF1R;SOCS3;GRK5;MYC;PIM1;CD38;FLNA;PIM3;SOX9;IER3;MAP4K4;PLK3;STIL;EGR3;PLK2;SPHK1;HGF;IL31RA;LAPTM5;PLAUR;ASNS;THOC6;GCLC;IL6;KRT18;CD28;MDM2;DPEP1;SPRY2;GHRL;ANGPTL4;ATF5;BCL2L1;BIRC3
GO_Biological_Process_2023,Antimicrobial Humoral Response (GO:0019730),16/100,0.0004140833567868,0.0118848602161643,0,0,2.9088502122026245,22.658323678367022,WFDC12;IGHM;DEFB1;CXCL1;NRG1;PPBP;CXCL13;CXCL14;CXCL2;WFDC2;JCHAIN;CXCL10;SLPI;S100A9;CAMP;PF4
GO_Biological_Process_2023,Positive Regulation Of Blood Vessel Endothelial Cell Migration (GO:0043536),10/46,0.0004214013162532,0.0119981382763622,0,0,4.232212277370943,32.89243612056336,FOXC2;MAP3K3;TGFB1;NOS3;RHOJ;HSPB1;HMOX1;PTGS2;THBS1;FGFR1
GO_Biological_Process_2023,Cellular Response To Hypoxia (GO:0071456),13/72,0.0004293063797327,0.0121262016307038,0,0,3.3611579616777725,26.06019953640973,PLK3;TGFB1;HILPDA;RORA;PTGS2;ZFP36L1;RGCC;MYC;MDM2;HMOX1;PMAIP1;ADAM8;CPEB2
GO_Biological_Process_2023,Phospholipid Translocation (GO:0045332),8/31,0.0004639672948577,0.0129162715879805,0,0,5.294529014940133,40.63919779440569,ABCC1;ATP8B4;PLSCR1;ATP8A2;ATP10D;ABCA4;ANO6;MFSD2A
GO_Biological_Process_2023,Fc-gamma Receptor Signaling Pathway (GO:0038094),7/24,0.0004681649437621,0.0129162715879805,0,0,6.264705882352941,48.02955719069091,LYN;VAV3;FGR;FCER1G;SYK;LIMK1;PRKCD
GO_Biological_Process_2023,Positive Regulation Of Vascular Endothelial Growth Factor Production (GO:0010575),7/24,0.0004681649437621,0.0129162715879805,0,0,6.264705882352941,48.02955719069091,IL1A;IL6;TGFB1;IL1B;EIF2AK3;RORA;PTGS2
GO_Biological_Process_2023,Positive Regulation Of Tumor Necrosis Factor Superfamily Cytokine Production (GO:1903557),14/82,0.0004756637461364,0.0130222097884584,0,0,3.141680672268908,24.036368505125523,SYK;HSPB1;PTPRJ;MMP8;AGER;THBS1;IL1A;IL6;EHHADH;CCL3;IL17F;CD14;HAVCR2;PF4
GO_Biological_Process_2023,Negative Regulation Of Tumor Necrosis Factor Production (GO:0032720),10/47,0.0005059455496285,0.0136317253980628,0,0,4.117608251050074,31.248864618337493,ELF4;GSTP1;EHHADH;ZC3H12A;TNFAIP3;PTPN22;IRAK3;GHRL;CD33;HAVCR2
GO_Biological_Process_2023,Positive Regulation Of Smooth Muscle Cell Proliferation (GO:0048661),10/47,0.0005059455496285,0.0136317253980628,0,0,4.117608251050074,31.248864618337493,GJA1;JUN;IL6;TGFB1;NR4A3;CCL5;HMOX1;THBS1;MEF2D;EREG
GO_Biological_Process_2023,Positive Regulation Of Intrinsic Apoptotic Signaling Pathway (GO:2001244),9/39,0.0005094182292616,0.0136317253980628,0,0,4.5685365853658535,34.63974636836056,BCL2L11;UBB;MYC;DDIT3;PMAIP1;S100A9;S100A8;BBC3;GSDME
GO_Biological_Process_2023,Regulation Of Collagen Biosynthetic Process (GO:0032965),6/18,0.0005430002058882,0.0143150943167136,0,0,7.603000811030008,57.162407827579,IL6;TGFB1;RGCC;TGFB3;SUCO;RUNX1
GO_Biological_Process_2023,Regulation Of Epithelial Cell Differentiation (GO:0030856),6/18,0.0005430002058882,0.0143150943167136,0,0,7.603000811030008,57.162407827579,KLF7;CEBPB;MAFF;PRKX;SOX9;APOLD1
GO_Biological_Process_2023,Regulation Of I-kappaB kinase/NF-kappaB Signaling (GO:0043122),28/232,0.0005615784932579,0.0146960136581241,0,0,2.103252861838377,15.742340790005812,SLC20A1;GSTP1;LPAR1;HSPB1;TNFAIP3;RORA;LITAF;AKAP13;GJA1;ZC3H12A;HMOX1;FLNA;MAP3K3;PRKCB;PLK2;TNFRSF10B;NR1D1;RHOC;PER1;NLRP12;TNIP2;IL1B;TNIP3;TRAF5;REL;ALPK1;SQSTM1;BIRC3
GO_Biological_Process_2023,Negative Regulation Of Signal Transduction (GO:0009968),31/267,0.0005723023177275,0.01477663262623,0,0,2.0143780166124143,15.039030374669563,NDRG4;TNFAIP3;PTPRJ;APCDD1;THBS1;SOCS1;UBASH3B;GPC1;CCL5;PIP4K2A;CHAC1;LYN;CADM4;PRKCB;GDF15;PRKCD;SPRY4;IRAK3;NRG1;NR1D1;PTPN12;DCN;NR4A2;PTPRE;NLRP12;IL1B;SPRY2;TRIB1;RAB7B;LGMN;PLIN5
GO_Biological_Process_2023,Positive Regulation Of T Cell Proliferation (GO:0042102),12/65,0.0005729629959032,0.01477663262623,0,0,3.452138211007058,25.76913959012897,CD274;IL6;VCAM1;SYK;CD6;CD80;IL1B;CCL5;TNFSF4;CD28;PDCD1LG2;SLC7A1
GO_Biological_Process_2023,Negative Regulation Of ERK1 And ERK2 Cascade (GO:0070373),10/48,0.0006040726981349,0.0153834992534724,0,0,4.009036015588197,29.71423730945505,SPRED3;DUSP4;LYN;DUSP10;GSTP1;CNKSR3;TIMP3;SPRY2;DUSP29;DUSP6
GO_Biological_Process_2023,Antigen Receptor-Mediated Signaling Pathway (GO:0050851),19/134,0.0006051390546462,0.0153834992534724,0,0,2.5251176051318605,18.71125347715623,VAV3;IGHM;ITK;SYK;PRKCB;THEMIS;PTPN22;PTPRJ;SLA2;IGHG3;LAT2;IGHG1;ZC3H12A;NFKBIZ;CD28;PDE4B;CD38;IGLC1;MS4A1
GO_Biological_Process_2023,Regulation Of Platelet Aggregation (GO:0090330),7/25,0.0006157285293239,0.0155416867791757,0,0,5.91635101010101,43.73783408939472,LYN;IL6;SERPINE2;SYK;PRKCD;EMILIN2;ALOX12
GO_Biological_Process_2023,Endothelial Cell Migration (GO:0043542),9/40,0.0006216047190384,0.0155795154581534,0,0,4.420928402832415,32.64062584844901,NR4A1;EGR3;NOS3;ID1;LPXN;PRKX;CCN3;FSTL1;S100A9
GO_Biological_Process_2023,Positive Regulation Of Defense Response (GO:0031349),18/124,0.0006277315849487,0.0156230539219057,0,0,2.5944555189838208,19.12995286329305,SERPINE1;ACOD1;MEFV;PLA2G7;EREG;NFKBIA;PLSCR1;NLRP12;TNFSF4;IL1B;CCL5;CASP4;NFKBIZ;CCL3;EMILIN2;ADAM8;S100A9;S100A8
GO_Biological_Process_2023,Positive Regulation Of miRNA Metabolic Process (GO:2000630),10/49,0.0007174054099356,0.0175639008428714,0,0,3.906031587073085,28.279158765264583,FOSL1;EGR1;JUN;TGFB1;KLF5;MYC;ZC3H12A;MRTFA;FOS;KLF4
GO_Biological_Process_2023,Positive Regulation Of Pathway-Restricted SMAD Protein Phosphorylation (GO:0010862),10/49,0.0007174054099356,0.0175639008428714,0,0,3.906031587073085,28.279158765264583,GDF9;TGFB1;RBPMS;GDF15;TGFB3;BMP8A;INHBB;GDF3;BMP6;INHBE
GO_Biological_Process_2023,Intrinsic Apoptotic Signaling Pathway (GO:0097193),16/105,0.0007205196749253,0.0175639008428714,0,0,2.7446966843367298,19.859356706697795,PPP1R15A;CDKN1A;CEBPB;APAF1;PRKCD;TNFRSF10B;BBC3;BCL2L11;STK24;DDIT3;CASP4;PMAIP1;TRIB3;CHAC1;EPHA2;BCL2L1
GO_Biological_Process_2023,Regulation Of Cell Adhesion Mediated By Integrin (GO:0033628),8/33,0.0007311554734374,0.0177019206119988,0,0,4.870446791226645,35.16893342562139,LYN;FOXC2;SYK;SERPINE1;LIF;NRG1;EPHA2;FERMT3
GO_Biological_Process_2023,Regulation Of Acute Inflammatory Response (GO:0002673),6/19,0.0007522660428916,0.0179282527126263,0,0,7.017780273254726,50.47482681511265,PLA2G2D;IL6;GSTP1;DNASE1;OSMR;PTGES
GO_Biological_Process_2023,Negative Regulation Of Cell Activation (GO:0050866),5/13,0.0007656910402695,0.0179282527126263,0,0,9.498075364667748,68.14614346474558,PDGFRA;THBD;NOS3;NR1D1;CD200
GO_Biological_Process_2023,Positive Regulation Of Leukocyte Degranulation (GO:0043302),5/13,0.0007656910402695,0.0179282527126263,0,0,9.498075364667748,68.14614346474558,FGR;SYK;ITGB2;GAB2;CD177
GO_Biological_Process_2023,Positive Regulation Of Superoxide Anion Generation (GO:0032930),5/13,0.0007656910402695,0.0179282527126263,0,0,9.498075364667748,68.14614346474558,TGFB1;SYK;GSTP1;ITGB2;PRKCD
GO_Biological_Process_2023,Response To Chemokine (GO:1990868),5/13,0.0007656910402695,0.0179282527126263,0,0,9.498075364667748,68.14614346474558,RIPOR2;FOXC1;DUSP1;ZC3H12A;STK39
GO_Biological_Process_2023,Regulation Of GTPase Activity (GO:0043087),26/214,0.000786330993018,0.0180877911621115,0,0,2.117565031309747,15.136635936726709,GPSM1;CCL11;C9ORF72;RASIP1;DOCK10;CCL8;CCL7;RGS1;RASGEF1B;CCL5;CCL4;CCL3;CCL2;RALGDS;CCL17;RGS6;S100A10;MAP4K4;VAV3;CCL22;GPR137B;SNX18;RASA4;RAPGEF5;CPEB2;PICALM
GO_Biological_Process_2023,Acute Inflammatory Response (GO:0002526),7/26,0.0007979160473311,0.0180877911621115,0,0,5.604665071770335,39.980918474330814,CEBPB;IL6;PLSCR1;CD6;EHHADH;TNFSF4;ANO6
GO_Biological_Process_2023,Regulation Of Epidermal Growth Factor-Activated Receptor Activity (GO:0007176),7/26,0.0007979160473311,0.0180877911621115,0,0,5.604665071770335,39.980918474330814,BTC;ERRFI1;GPRC5A;CBLB;AREG;EREG;HBEGF
GO_Biological_Process_2023,Regulation Of Vascular Endothelial Growth Factor Production (GO:0010574),7/26,0.0007979160473311,0.0180877911621115,0,0,5.604665071770335,39.980918474330814,IL1A;IL6;TGFB1;IL1B;EIF2AK3;RORA;PTGS2
GO_Biological_Process_2023,Response To Glucocorticoid (GO:0051384),7/26,0.0007979160473311,0.0180877911621115,0,0,5.604665071770335,39.980918474330814,ZFP36;IL6;BCL2L11;GOT1;FAM107A;ZFP36L2;ZFP36L1
GO_Biological_Process_2023,Regulation Of T Cell Proliferation (GO:0042129),13/77,0.0008350223737438,0.0186229266759404,0,0,3.097739090538336,21.95693587564692,CD274;CEBPB;PLA2G2D;VCAM1;CD80;PDCD1LG2;SLC7A1;IL6;GPNMB;CD6;IL1B;CCL5;CD28
GO_Biological_Process_2023,Regulation Of Glial Cell Proliferation (GO:0060251),4/8,0.0008385721678638,0.0186229266759404,0,0,15.187854251012146,107.5878724942681,IL6;PRKCH;IL1B;HES1
GO_Biological_Process_2023,Blood Circulation (GO:0008015),10/50,0.0008476859009559,0.0186229266759404,0,0,3.8081773799837264,26.93524009611187,CXCL10;GCLC;ACTC1;EPO;ROCK2;NOS3;BDKRB2;C3AR1;OLR1;TNNI3
GO_Biological_Process_2023,Cell Chemotaxis (GO:0060326),10/50,0.0008476859009559,0.0186229266759404,0,0,3.8081773799837264,26.93524009611187,PDGFRA;NR4A1;EGR3;HGF;ENC1;PRKCD;LPAR1;CCN3;EPHA2;HBEGF
GO_Biological_Process_2023,Pyruvate Metabolic Process (GO:0006090),10/50,0.0008476859009559,0.0186229266759404,0,0,3.8081773799837264,26.93524009611187,PFKFB2;LDHC;SDS;PKM;NR4A3;HKDC1;ME3;PCK1;HK2;HK1
GO_Biological_Process_2023,Regulation Of Insulin Secretion (GO:0050796),14/87,0.000877224452373,0.0191414196869618,0,0,2.9257142857142857,20.59336460091021,MIDN;BMP8A;PDX1;IRS2;INHBB;NR1D1;SLC8B1;IL6;IL1B;CCL5;CCN3;GHRL;FFAR1;SLC25A22
GO_Biological_Process_2023,Regulation Of miRNA Transcription (GO:1902893),11/59,0.0008820435034171,0.0191414196869618,0,0,3.492179017372421,24.561435052432103,FOSL1;EGR1;JUN;TGFB1;KLF5;MYC;MRTFA;SOX9;FOS;KLF4;PPARD
GO_Biological_Process_2023,Cellular Response To Vascular Endothelial Growth Factor Stimulus (GO:0035924),8/34,0.0009047997342918,0.0191677515139569,0,0,4.682871961507217,32.8166157405767,NR4A1;FOXC1;FLT1;EGR3;SPHK1;MAPKAPK2;HSPB1;SPRY2
GO_Biological_Process_2023,Negative Regulation Of Interleukin-6 Production (GO:0032715),8/34,0.0009047997342918,0.0191677515139569,0,0,4.682871961507217,32.8166157405767,NLRP12;ELF4;ZC3H12A;TNFAIP3;PTPN22;IRAK3;GHRL;CD200
GO_Biological_Process_2023,Negative Regulation Of Mitotic Cell Cycle (GO:0045930),8/34,0.0009047997342918,0.0191677515139569,0,0,4.682871961507217,32.8166157405767,BTG3;BTG2;FOXC1;BTG1;RGCC;HECA;ZFP36L2;ZFP36L1
GO_Biological_Process_2023,Superoxide Metabolic Process (GO:0006801),8/34,0.0009047997342918,0.0191677515139569,0,0,4.682871961507217,32.8166157405767,NRROS;SH3PXD2A;NCF2;NOS3;NCF4;SH3PXD2B;APOA4;ATP7A
GO_Biological_Process_2023,Negative Regulation Of Cellular Process (GO:0048523),52/537,0.000945995849207,0.019921888919099,0,0,1.6507907833140811,11.494905861083414,BTG3;RIPOR2;BTG2;CDKN1A;TES;BTG1;ATP8A2;PTPRJ;CXCL1;GJA1;ADAMTS1;MYC;SESN2;CCN3;CCN2;CD33;TSPYL2;KLF11;DUSP1;MAGI2;NRG1;NGF;TENT5C;EREG;CTTNBP2NL;RHOB;IL1A;IL1B;TXNIP;ATF5;PLPP1;THBS1;ADGRG1;GPNMB;LPXN;LYN;CDKN2B;TGFB1;CDKN2A;TGFB3;NOS3;EIF2AK3;OSGIN1;HMGA1;IFNLR1;MYO16;NR4A1;IL6;RGCC;CD200;GSDME;BNIPL
GO_Biological_Process_2023,Positive Regulation Of Phosphatidylinositol 3-Kinase Signaling (GO:0014068),12/69,0.0009981726745035,0.0208970385209296,0,0,3.209196585596019,22.174214266666308,FGR;SELP;PDGFRA;FLT1;HGF;CCL5;HCLS1;SOX9;HCST;DCN;IGF1R;FGFR1
GO_Biological_Process_2023,Fc-gamma Receptor Signaling Pathway Involved In Phagocytosis (GO:0038096),6/20,0.0010187446875911,0.0209868177125921,0,0,6.516162669447341,44.89104430787225,LYN;VAV3;FGR;SYK;LIMK1;PRKCD
GO_Biological_Process_2023,Positive Regulation Of Lipid Catabolic Process (GO:0050996),6/20,0.0010187446875911,0.0209868177125921,0,0,6.516162669447341,44.89104430787225,IL1B;PRKCD;APOA4;IRS2;PLIN5;PNPLA2
GO_Biological_Process_2023,Cellular Response To Epidermal Growth Factor Stimulus (GO:0071364),7/27,0.0010201515774876,0.0209868177125921,0,0,5.324147727272727,36.67168631782189,FOXC1;ZFP36;IQGAP1;SOX9;PTPN12;ZFP36L2;ZFP36L1
GO_Biological_Process_2023,Positive Regulation Of miRNA Transcription (GO:1902895),9/43,0.0010844497781628,0.0220546100598952,0,0,4.030200860832138,27.51290183933097,FOSL1;EGR1;JUN;TGFB1;KLF5;MYC;MRTFA;FOS;KLF4
GO_Biological_Process_2023,Positive Regulation Of Stress Fiber Assembly (GO:0051496),9/43,0.0010844497781628,0.0220546100598952,0,0,4.030200860832138,27.51290183933097,RGCC;ROCK2;TGFB3;GPR65;LIMK1;LPAR1;CCN2;RHOC;S100A10
GO_Biological_Process_2023,Platelet Aggregation (GO:0070527),8/35,0.0011099814878286,0.0224455915635344,0,0,4.509191563618859,30.677887730114737,PDGFRA;UBASH3B;ITGB3;HSPB1;FLNA;VCL;ACTG1;FERMT3
GO_Biological_Process_2023,Positive Regulation Of B Cell Activation (GO:0050871),10/52,0.0011666633297602,0.0234585016419014,0,0,3.626448138246348,24.491607197459075,VAV3;IL6;SYK;SH3KBP1;TNIP2;TNFSF4;CD38;IRS2;TNFRSF4;TNFSF13B
GO_Biological_Process_2023,Positive Regulation Of Protein Phosphorylation (GO:0001934),39/377,0.0011948762826418,0.0238908128647323,0,0,1.7714423076923076,11.921297668077436,CDKN1A;CEMIP;RAMP3;ROCK2;CD80;ITGB3;PTPRJ;KNDC1;IQGAP1;AGER;LRP8;RASSF2;GPNMB;SOX9;FGF21;LYN;TGFB1;RBPMS;GDF15;TGFB3;SPHK1;HGF;LIF;BMP8A;PLAUR;INHBB;GDF3;NGF;BMP6;EREG;INHBE;GDF9;MARCO;IL6;IL1B;PECAM1;HCLS1;SPRY2;MAPRE3
GO_Biological_Process_2023,Regulation Of Phosphatidylinositol 3-Kinase Signaling (GO:0014066),14/90,0.0012335995635098,0.0245272672990581,0,0,2.8097744360902257,18.81936034804108,PDGFRA;FLT1;HGF;DCN;IGF1R;FGR;SELP;PIK3IP1;CCL5;HCLS1;SOX9;FBXL2;HCST;FGFR1
GO_Biological_Process_2023,Negative Regulation Of Type II Interferon Production (GO:0032689),7/28,0.0012882584829589,0.0250776964638314,0,0,5.07034632034632,33.74043698482328,CD274;DDIT3;TNFSF4;ZC3H12A;LAPTM5;PDCD1LG2;HAVCR2
GO_Biological_Process_2023,Regulation Of Bone Resorption (GO:0045124),7/28,0.0012882584829589,0.0250776964638314,0,0,5.07034632034632,33.74043698482328,IL6;UBASH3B;SYK;ITGB3;TNFAIP3;TNFRSF11A;GPR137B
GO_Biological_Process_2023,Extracellular Matrix Disassembly (GO:0022617),9/44,0.0012894685172467,0.0250776964638314,0,0,3.914843205574913,26.0475077173566,ADAMTS4;ADAMTS15;GSN;MMP7;SH3PXD2B;MMP3;CAPG;ADAM8;MMP8
GO_Biological_Process_2023,Negative Regulation Of Immune System Process (GO:0002683),9/44,0.0012894685172467,0.0250776964638314,0,0,3.914843205574913,26.0475077173566,LYN;TNFAIP3;HMOX1;IRAK3;SOX9;NR1D1;PDCD1;RAB7B;CD200
GO_Biological_Process_2023,Positive Regulation Of T Cell Cytokine Production (GO:0002726),6/21,0.0013521236126131,0.0258720856843551,0,0,6.081427412814274,40.1743891682866,IL6;RSAD2;IL1R1;IL1B;TNFSF4;CD55
GO_Biological_Process_2023,Positive Regulation Of Blood Coagulation (GO:0030194),6/21,0.0013521236126131,0.0258720856843551,0,0,6.081427412814274,40.1743891682866,THBD;SERPINE1;EMILIN2;NRG1;PLAT;THBS1
GO_Biological_Process_2023,Regulation Of Lipid Storage (GO:0010883),6/21,0.0013521236126131,0.0258720856843551,0,0,6.081427412814274,40.1743891682866,NFKBIA;IL6;ITGB3;HILPDA;ZC3H12A;PLIN5
GO_Biological_Process_2023,Regulation Of Epithelial Cell Proliferation (GO:0050678),14/91,0.0013764647856428,0.0261969955727431,0,0,2.773135435992579,18.270072975832125,CDKN2B;TGFB1;C5AR1;NR1D1;BMP6;EREG;ZFP36L1;NR4A1;ZFP36;DUSP10;NR4A3;MYC;SCN5A;SOX9
GO_Biological_Process_2023,Fructose 6-Phosphate Metabolic Process (GO:0006002),4/9,0.0014354985750691,0.0268891548877424,0,0,12.149635627530364,79.5344677994003,GFPT2;HK2;PFKP;HK1
GO_Biological_Process_2023,Negative Regulation Of Bone Resorption (GO:0045779),4/9,0.0014354985750691,0.0268891548877424,0,0,12.149635627530364,79.5344677994003,IL6;UBASH3B;TNFAIP3;GPR137B
GO_Biological_Process_2023,Negative Regulation Of Toll-Like Receptor 4 Signaling Pathway (GO:0034144),4/9,0.0014354985750691,0.0268891548877424,0,0,12.149635627530364,79.5344677994003,LYN;TNFAIP3;NR1D1;RAB7B
GO_Biological_Process_2023,Positive Regulation Of Transcription By RNA Polymerase II (GO:0045944),81/938,0.0014855470939002,0.0276809534407901,0,0,1.4613212737528791,9.51608345321037,CITED2;PRDM5;RORA;LITAF;ETS2;MYC;ZC3H12A;SOX9;IER5;JUNB;IER2;LMO1;KDM6B;MLIP;HGF;MRTFA;FOS;DCN;RUNX1;PLSCR1;TOX2;ELF4;DDIT3;TFEC;IRF8;HCLS1;NCOA7;ATF5;SQSTM1;HOXB7;ATF3;PPARD;FOXC2;NFAT5;RNASEL;FOXC1;CEBPB;SATB2;DOT1L;RELB;SBNO2;GALR1;NRIP1;STAT4;HES1;MEF2D;S100A10;MLXIP;EGR1;JUN;EGR2;JUND;TGFB1;TGFB3;HMGA1;LIF;PDX1;NR1D1;KLF4;BMP6;KLF2;FOSL2;NFKBIA;NR4A2;CXCL10;PER1;KLF7;NR4A1;IL6;KLF6;RGCC;KLF5;NR4A3;STING1;TNIP2;ASXL3;MAFF;REL;LHX4;LPIN2;PF4
GO_Biological_Process_2023,Regulation Of Protein Secretion (GO:0050708),15/102,0.0015086315523488,0.0279646859104663,0,0,2.6304372323642102,17.08877304081253,MYOM1;TGFB1;RSAD2;TGFB3;RHBDF2;SLC8B1;BMP6;IL1A;IL6;IL1B;CCL5;ANKRD1;ADAM8;SLC25A22;CD33
GO_Biological_Process_2023,Cellular Response To Organic Substance (GO:0071310),13/82,0.001522710844935,0.0280794191560814,0,0,2.8724968673901223,18.634642880890148,NFAT5;RAMP3;TGFB1;SYK;TIPARP;CXCR4;NLRP12;STING1;IL1B;CCL5;CCL3;HCLS1;CCL2
GO_Biological_Process_2023,Regulation Of Focal Adhesion Assembly (GO:0051893),10/54,0.0015773623003632,0.0282248960932607,0,0,3.461239736666913,22.331923132253355,ROCK2;FAM107A;PTPRJ;NRG1;ARHGAP6;THBS1;VCL;ACTG1;MAP4K4;S100A10
GO_Biological_Process_2023,Regulation Of Smooth Muscle Cell Proliferation (GO:0048660),10/54,0.0015773623003632,0.0282248960932607,0,0,3.461239736666913,22.331923132253355,NDRG4;IL6;TGFB1;NR4A3;CCL5;TNFAIP3;HMOX1;TRIB1;THBS1;EREG
GO_Biological_Process_2023,Maintenance Of Blood-Brain Barrier (GO:0035633),7/29,0.0016084367941423,0.0282248960932607,0,0,4.8396177685950414,31.13080503305777,GJA1;IL6;PECAM1;ESAM;VCL;ACTG1;MFSD2A
GO_Biological_Process_2023,Regulation Of Blood Coagulation (GO:0030193),7/29,0.0016084367941423,0.0282248960932607,0,0,4.8396177685950414,31.13080503305777,THBD;SERPINE2;SERPINE1;PLAUR;EMILIN2;NRG1;THBS1
GO_Biological_Process_2023,3'-UTR-mediated mRNA Destabilization (GO:0061158),5/15,0.0016099055653082,0.0282248960932607,0,0,7.597649918962722,48.86489141800904,TRIM71;ZFP36;ZC3H12A;ZFP36L2;ZFP36L1
GO_Biological_Process_2023,B Cell Mediated Immunity (GO:0019724),5/15,0.0016099055653082,0.0282248960932607,0,0,7.597649918962722,48.86489141800904,FCER1G;MPL;IL21R;CSF2RB;SLA2
GO_Biological_Process_2023,Cellular Response To Corticosteroid Stimulus (GO:0071384),5/15,0.0016099055653082,0.0282248960932607,0,0,7.597649918962722,48.86489141800904,ZFP36;BCL2L11;FAM107A;ZFP36L2;ZFP36L1
GO_Biological_Process_2023,Negative Regulation Of Protein Processing (GO:0010955),5/15,0.0016099055653082,0.0282248960932607,0,0,7.597649918962722,48.86489141800904,SERPINE2;SERPINE1;PLAT;CHAC1;THBS1
GO_Biological_Process_2023,Positive Regulation Of Collagen Biosynthetic Process (GO:0032967),5/15,0.0016099055653082,0.0282248960932607,0,0,7.597649918962722,48.86489141800904,TGFB1;RGCC;TGFB3;SUCO;RUNX1
GO_Biological_Process_2023,Positive Regulation Of Endothelial Cell Apoptotic Process (GO:2000353),5/15,0.0016099055653082,0.0282248960932607,0,0,7.597649918962722,48.86489141800904,RGCC;ECSCR;CCL2;ANO6;THBS1
GO_Biological_Process_2023,Negative Regulation Of Endothelial Cell Migration (GO:0010596),8/37,0.0016309787055198,0.0284541824163978,0,0,4.197764643267319,26.943667243504645,TGFB1;RGCC;GADD45A;PTPRM;NRG1;THBS1;ADAMTS9;DCN
GO_Biological_Process_2023,Cellular Response To Decreased Oxygen Levels (GO:0036294),12/73,0.0016580197296011,0.0287582456487474,0,0,2.9981161569601986,19.194333357570983,TGFB1;RGCC;MYC;HILPDA;MDM2;HMOX1;PMAIP1;RORA;ADAM8;PTGS2;CPEB2;ZFP36L1
GO_Biological_Process_2023,Protein Dephosphorylation (GO:0006470),17/124,0.0016689085280854,0.0287582456487474,0,0,2.425302476406076,15.511229211092706,PPP1R15A;DUSP5;CTDP1;DUSP1;PPM1H;PTPRM;PPP2R2A;PTPN22;PTPRJ;DUSP29;PTPN12;DUSP16;DUSP6;CTTNBP2NL;PTPRE;DUSP10;UBASH3B
GO_Biological_Process_2023,Negative Regulation Of DNA-templated Transcription (GO:0045892),87/1025,0.0016726487354005,0.0287582456487474,0,0,1.4349763459488274,9.174301486746977,EPO;CITED2;MIDEAS;PRDM5;BHLHE41;SLA2;BACH1;ETS2;BACH2;ZFP36;DNMT3L;BASP1;MYC;TRPS1;CD38;SOX9;TNFRSF4;TGIF1;KLF11;MLIP;FST;ARID5A;TBR1;NRG1;FOXP2;EREG;RUNX1;IFI27;DDIT3;TFEC;ERF;DPEP1;IRF8;TRIB3;ATF5;ATF3;JDP2;PPARD;FOXC2;FOXC1;CEBPB;SATB1;ZBTB2;CIART;FOXS1;SBNO2;MNT;BTAF1;NFIL3;NRIP1;FLNA;HES1;SPDEF;PLK3;KDM4A;JUN;JUND;TGFB1;CDKN2A;GADD45A;ZBTB16;ZBTB10;HMGA1;IRF2BP2;NR1D1;KLF4;BMP6;KLF2;NR4A2;PER1;KLF7;GCLC;NR6A1;NR4A3;TNFSF4;ID1;BHLHE40;MAFF;MDM2;ID4;ID3;FOSB;GTF2IRD1;MAFK;MXD1;LHX9;CDK5R1
GO_Biological_Process_2023,Protein Phosphorylation (GO:0006468),48/500,0.0017398550536299,0.0297699237301395,0,0,1.632509306524598,10.37288817583504,RNASEL;CCL11;FLT1;PNCK;ROCK2;STK39;PRKX;CSF2RB;IGF1R;LIPE;GRK5;PIM1;PDK4;CCL2;PDK3;PIM3;MAP3K6;PCK1;MAP4K4;PRKCG;LYN;BRD2;MAP3K3;PDGFRA;CDKL4;PRKCH;TGFB1;CAMK1D;DMPK;SYK;PRKCB;PLK2;PRKCD;LIMK1;EIF2AK3;IRAK3;CSNK1E;FGR;CDK8;STK24;STK17B;MAPKAPK2;SIK1;TRIB1;SGK1;HCST;CDK5R1;FGFR1
GO_Biological_Process_2023,Regulation Of MAP Kinase Activity (GO:0043405),16/114,0.001761931456746,0.0300034165289918,0,0,2.491431241343635,15.799024180736083,LYN;TGFB1;FLT1;DUSP1;GSTP1;PRKCD;SPRY4;PTPRJ;IRAK3;THBS1;PIK3R5;IL1B;SPRY2;TRIB3;TRIB1;FGFR1
GO_Biological_Process_2023,Cellular Component Disassembly (GO:0022411),9/46,0.0017929497566493,0.0303862294472136,0,0,3.702834541858932,23.416329834507213,ADAMTS4;ADAMTS15;GSN;MMP7;SH3PXD2B;MMP3;CAPG;ADAM8;MMP8
GO_Biological_Process_2023,Regulation Of Interleukin-1 Beta Production (GO:0032651),13/84,0.001905388210987,0.0321387518620986,0,0,2.7912827700296394,17.481997999232558,EGR1;GSTP1;HSPB1;TNFAIP3;MEFV;IL6;NLRP12;ELF4;ZC3H12A;CCL3;GHRL;FFAR1;CD33
GO_Biological_Process_2023,Positive Regulation Of Multicellular Organismal Process (GO:0051240),39/387,0.0019263112858782,0.0323384050303798,0,0,1.7196048850574712,10.751224854524608,ITK;CEBPB;FOXC1;SERPINE1;HILPDA;CXCR4;TNFRSF11A;IGF1R;GJA1;GLIPR2;SOX9;FGF21;KDM6B;PRKCH;TGFB1;SYK;TGFB3;FST;ZBTB16;ELOVL3;CRTAM;EBF2;INHBB;EREG;GADD45G;BATF;FGR;IL1A;IL6;FABP4;LRG1;RGCC;IL1B;EHHADH;LCN2;CD28;ADAM8;GHRL;IL17F
GO_Biological_Process_2023,Regulation Of Cell Migration Involved In Sprouting Angiogenesis (GO:0090049),7/30,0.0019872360845586,0.0330494075931979,0,0,4.628952569169961,28.79676257335979,FOXC2;MAP3K3;RHOJ;HMOX1;PTGS2;KLF4;THBS1
GO_Biological_Process_2023,Response To Epidermal Growth Factor (GO:0070849),7/30,0.0019872360845586,0.0330494075931979,0,0,4.628952569169961,28.79676257335979,FOXC1;ZFP36;IQGAP1;SOX9;PTPN12;ZFP36L2;ZFP36L1
GO_Biological_Process_2023,Antimicrobial Humoral Immune Response Mediated By Antimicrobial Peptide (GO:0061844),11/65,0.0020092125430076,0.03325947646774,0,0,3.103163831584027,19.27068588367356,CXCL10;CXCL1;DEFB1;NRG1;PPBP;CXCL13;CXCL14;CXCL2;S100A9;CAMP;PF4
GO_Biological_Process_2023,Positive Regulation Of Stress-Activated MAPK Cascade (GO:0032874),15/105,0.0020250698629152,0.0333667761209043,0,0,2.542347494553377,15.768023256063522,GADD45B;GADD45A;SPHK1;WNT7B;SEMA4C;STK39;MMP8;MID1;GADD45G;RASSF2;IL1B;ZC3H12A;TRAF5;RELL1;CCN2
GO_Biological_Process_2023,Positive Regulation Of Transmembrane Receptor Protein Serine/Threonine Kinase Signaling Pathway (GO:0090100),14/95,0.0020934557411421,0.0343346036070273,0,0,2.635626102292769,16.259016951817287,CDKN2B;TGFB1;RBPMS;CITED2;GDF15;TGFB3;BMP8A;INHBB;GDF3;THBS1;BMP6;INHBE;GDF9;LRG1
GO_Biological_Process_2023,Positive Regulation Of Macromolecule Metabolic Process (GO:0010604),37/364,0.0021372816241031,0.0344342755941568,0,0,1.7352781042808367,10.66887245998576,MYOM1;RAMP3;CITED2;ROCK2;PTPN22;ACTG1;GJA1;MYC;ZC3H12A;CCL3;SOX9;SLC38A2;FGF21;EGR1;GSN;TGFB1;NOS3;EPHX2;EIF2AK3;LAPTM5;MMP8;NGF;KLF4;BMP6;KLF2;NFKBIA;ACTA2;IL1A;PLSCR1;IL6;NAT8;RGCC;ACTC1;IL1B;CD28;SPRY2;PF4
GO_Biological_Process_2023,Cellular Response To Granulocyte Macrophage Colony-Stimulating Factor Stimulus (GO:0097011),3/5,0.0021575845623762,0.0344342755941568,0,0,22.765776699029125,139.7537746241084,ZFP36;PDE1B;ZFP36L2
GO_Biological_Process_2023,Leukocyte Apoptotic Process (GO:0071887),3/5,0.0021575845623762,0.0344342755941568,0,0,22.765776699029125,139.7537746241084,IL6;CTSL;PLEKHO2
GO_Biological_Process_2023,Negative Regulation Of Trophoblast Cell Migration (GO:1901164),3/5,0.0021575845623762,0.0344342755941568,0,0,22.765776699029125,139.7537746241084,GJA1;ARHGDIB;TIMP1
GO_Biological_Process_2023,Positive Regulation Of Extrinsic Apoptotic Signaling Pathway Via Death Domain Receptors (GO:1902043),3/5,0.0021575845623762,0.0344342755941568,0,0,22.765776699029125,139.7537746241084,PMAIP1;TIMP3;THBS1
GO_Biological_Process_2023,Response To Granulocyte Macrophage Colony-Stimulating Factor (GO:0097012),3/5,0.0021575845623762,0.0344342755941568,0,0,22.765776699029125,139.7537746241084,ZFP36;PDE1B;ZFP36L2
GO_Biological_Process_2023,Skeletal System Development (GO:0001501),19/149,0.0021780604758886,0.0346058805075347,0,0,2.231960907944514,13.680403721813018,COL13A1;ANKRD11;ZBTB16;CHD7;EIF2AK3;GDF3;ETS2;BMP6;PAX1;ADAMTS4;AKAP13;GJA1;TRPS1;SH3PXD2B;GHRL;IL17F;SOX9;ATP7A;FGFR1
GO_Biological_Process_2023,Negative Regulation Of Inflammatory Response To Antigenic Stimulus (GO:0002862),5/16,0.002223161632645,0.0347027730288765,0,0,6.9065861205245325,42.19112552536937,LYN;FGR;SYK;PLK2;RHBDF2
GO_Biological_Process_2023,Positive Regulation Of Cell Migration Involved In Sprouting Angiogenesis (GO:0090050),5/16,0.002223161632645,0.0347027730288765,0,0,6.9065861205245325,42.19112552536937,FOXC2;MAP3K3;RHOJ;HMOX1;PTGS2
GO_Biological_Process_2023,Positive Regulation Of Collagen Metabolic Process (GO:0010714),5/16,0.002223161632645,0.0347027730288765,0,0,6.9065861205245325,42.19112552536937,TGFB1;RGCC;TGFB3;SUCO;RUNX1
GO_Biological_Process_2023,Regulation Of B Cell Receptor Signaling Pathway (GO:0050855),5/16,0.002223161632645,0.0347027730288765,0,0,6.9065861205245325,42.19112552536937,LYN;PRKCH;PRKCB;LPXN;PTPN22
GO_Biological_Process_2023,Regulation Of Interleukin-4 Production (GO:0032673),6/23,0.0022611979551274,0.0351088200114611,0,0,5.365392872477458,32.685225107998285,CEBPB;FCER1G;SYK;DDIT3;TNFSF4;HAVCR2
GO_Biological_Process_2023,Positive Regulation Of Epidermal Growth Factor-Activated Receptor Activity (GO:0045741),4/10,0.0022755750695009,0.0351088200114611,0,0,10.124156545209177,61.61078225419435,BTC;AREG;EREG;HBEGF
GO_Biological_Process_2023,Cellular Response To Type II Interferon (GO:0071346),11/66,0.0022787685930451,0.0351088200114611,0,0,3.046579804560261,18.535757341968026,CCL11;CCL8;CCL22;CCL7;CCL5;CCL4;CCL3;IRF8;CCL2;AQP4;CCL17
GO_Biological_Process_2023,Cellular Response To Transforming Growth Factor Beta Stimulus (GO:0071560),14/96,0.0023142910916177,0.0355024223925327,0,0,2.6033449477351915,15.798794165186854,JUN;NRROS;TGFB1;WFIKKN1;GDF15;TGFB3;FOS;ZFP36L2;ZFP36L1;GDF9;ID1;ANKRD1;LPXN;SOX9
GO_Biological_Process_2023,Negative Regulation Of Protein Secretion (GO:0050709),8/39,0.0023285624844402,0.035568042412545,0,0,3.926521841670816,23.804555004446943,MIDN;RSAD2;IL1B;RHBDF2;BMP8A;CCN3;INHBB;CD200
GO_Biological_Process_2023,Positive Regulation Of Protein Secretion (GO:0050714),12/76,0.0023592695880537,0.0358830789054846,0,0,2.8571210268948657,17.28387709555914,MYOM1;IL1A;TGFB1;TGFB3;ANKRD1;PDX1;IRS2;ADAM8;GHRL;FFAR1;CD33;BMP6
GO_Biological_Process_2023,Positive Regulation Of Mononuclear Cell Migration (GO:0071677),7/31,0.0024315242925189,0.0365241215645301,0,0,4.435842803030303,26.70038884857136,CCR1;CXCL10;CCL5;SERPINE1;ANO6;PLA2G7;LGMN
GO_Biological_Process_2023,Regulation Of Extrinsic Apoptotic Signaling Pathway Via Death Domain Receptors (GO:1902041),7/31,0.0024315242925189,0.0365241215645301,0,0,4.435842803030303,26.70038884857136,NOS3;SERPINE1;TNFAIP3;HMOX1;PMAIP1;THBS1;BCL2L1
GO_Biological_Process_2023,Regulation Of DNA Binding (GO:0051101),9/48,0.0024424672470801,0.0365241215645301,0,0,3.5125703564727955,21.127220551691018,NFKBIA;FOXC1;JUN;TGFB1;DOT1L;PLAUR;HES1;MMP8;NGF
GO_Biological_Process_2023,Regulation Of Intrinsic Apoptotic Signaling Pathway (GO:2001242),9/48,0.0024424672470801,0.0365241215645301,0,0,3.5125703564727955,21.127220551691018,DDIT3;EIF2AK3;PLAUR;PMAIP1;S100A9;S100A8;BBC3;BCL2L1;GSDME
GO_Biological_Process_2023,Regulation Of Type II Interferon Production (GO:0032649),13/87,0.0026252753795418,0.0390935358819644,0,0,2.6776927825051806,15.912375411349617,CD274;IL1R1;CRTAM;LAPTM5;PTPN22;PDCD1LG2;DDIT3;IL1B;TNFSF4;ZC3H12A;PDE4B;CD14;HAVCR2
GO_Biological_Process_2023,Positive Regulation Of Metabolic Process (GO:0009893),15/108,0.0026806992077959,0.0397525353356075,0,0,2.459940965633565,14.566977362851528,KDM6B;CEBPB;CAMK1D;SYK;ELOVL3;EBF2;CXCR4;IGF1R;GADD45G;JCHAIN;GJA1;FABP4;LCN2;GHRL;FGF21
GO_Biological_Process_2023,Positive Regulation Of Monoatomic Ion Transport (GO:0043270),8/40,0.0027553031927796,0.0406893114651567,0,0,3.803614947197401,22.41937292653861,CCR1;CCL5;CCL4;CNKSR3;CCL3;ANO6;FFAR1;SCN5A
GO_Biological_Process_2023,Positive Regulation Of Peptidyl-Tyrosine Phosphorylation (GO:0050731),17/130,0.0027819010277204,0.0407439743113464,0,0,2.295786683660907,13.509833983929356,LYN;ACE;TGFB1;EPO;CD80;HGF;ITGB3;IL31RA;LIF;PTPRJ;LRP8;BMP6;IL6;CCL5;PECAM1;HCLS1;HES1
GO_Biological_Process_2023,Transmembrane Receptor Protein Serine/Threonine Kinase Signaling Pathway (GO:0007178),17/130,0.0027819010277204,0.0407439743113464,0,0,2.295786683660907,13.509833983929356,JUN;NRROS;TGFB1;WFIKKN1;TGFB3;GDF15;MAGI2;BMP8A;INHBB;GDF3;FOS;BMP6;INHBE;TMEM100;GDF9;ID1;LPXN
GO_Biological_Process_2023,ERK1 And ERK2 Cascade (GO:0070371),6/24,0.0028588776995894,0.0413607550115395,0,0,5.067045147337118,29.679336013795886,DUSP5;MYC;SOX9;DUSP6;ZFP36L2;ZFP36L1
GO_Biological_Process_2023,Mononuclear Cell Differentiation (GO:1903131),6/24,0.0028588776995894,0.0413607550115395,0,0,5.067045147337118,29.679336013795886,LYN;PDE1B;IL31RA;LY6D;IRF8;RELB
GO_Biological_Process_2023,Negative Regulation Of Antigen Receptor-Mediated Signaling Pathway (GO:0050858),6/24,0.0028588776995894,0.0413607550115395,0,0,5.067045147337118,29.679336013795886,LAPTM5;LPXN;PTPN22;PTPRJ;UBASH3A;SLA2
GO_Biological_Process_2023,Negative Regulation Of G1/S Transition Of Mitotic Cell Cycle (GO:2000134),7/32,0.0029484529663736,0.0422327122742763,0,0,4.258181818181818,24.8101884798924,PLK3;CDKN1A;GPNMB;FAM107A;CCL2;KLF4;MYO16
GO_Biological_Process_2023,Positive Regulation Of Tumor Necrosis Factor Production (GO:0032760),12/78,0.0029487510639742,0.0422327122742763,0,0,2.7702452396828927,16.140483636990144,IL1A;IL6;SYK;EHHADH;CCL3;HSPB1;PTPRJ;CD14;MMP8;THBS1;HAVCR2;PF4
GO_Biological_Process_2023,Positive Regulation Of Cell Adhesion Mediated By Integrin (GO:0033630),5/17,0.0029903465841859,0.0422327122742763,0,0,6.33069962182604,36.79634313589687,FOXC2;SYK;CCL5;LIF;CXCL13
GO_Biological_Process_2023,Positive Regulation Of Glial Cell Differentiation (GO:0045687),5/17,0.0029903465841859,0.0422327122742763,0,0,6.33069962182604,36.79634313589687,EGR2;TGFB1;SERPINE2;CXCR4;HES1
GO_Biological_Process_2023,Positive Regulation Of Leukocyte Adhesion To Vascular Endothelial Cell (GO:1904996),5/17,0.0029903465841859,0.0422327122742763,0,0,6.33069962182604,36.79634313589687,SELP;NFAT5;IL6;ITGB2;SELE
GO_Biological_Process_2023,Regulation Of Receptor Signaling Pathway Via STAT (GO:1904892),5/17,0.0029903465841859,0.0422327122742763,0,0,6.33069962182604,36.79634313589687,IL6;TGFB1;DOT1L;HES1;IL7R
GO_Biological_Process_2023,Regulation Of Intracellular Signal Transduction (GO:1902531),31/297,0.0031561582956388,0.0443982900165165,0,0,1.7842982871084998,10.27470275725641,FAM13B;ARHGEF28;HSPB1;PTPN22;ARHGAP6;AGER;AKAP12;GNA13;AKAP13;RASSF2;ARHGAP40;GRAP2;GPAT3;FAM83D;MAP4K4;LYN;VAV3;PLK3;TGFB1;VWF;SEZ6L;RHOD;TIAM2;NFKBIA;NLRP12;DNMBP;IL1B;TRAF5;FBXL2;SGK1;SQSTM1
GO_Biological_Process_2023,Macrophage Chemotaxis (GO:0048246),4/11,0.0034015427514347,0.0467416627504103,0,0,8.677385772122614,49.31814938207863,KLF5;CCL5;CCL3;CCL2
GO_Biological_Process_2023,Negative Regulation Of Bone Remodeling (GO:0046851),4/11,0.0034015427514347,0.0467416627504103,0,0,8.677385772122614,49.31814938207863,IL6;UBASH3B;TNFAIP3;GPR137B
GO_Biological_Process_2023,Negative Regulation Of Cellular Response To Vascular Endothelial Growth Factor Stimulus (GO:1902548),4/11,0.0034015427514347,0.0467416627504103,0,0,8.677385772122614,49.31814938207863,CADM4;SPRY2;NRG1;DCN
GO_Biological_Process_2023,Regulation Of Cell Activation (GO:0050865),4/11,0.0034015427514347,0.0467416627504103,0,0,8.677385772122614,49.31814938207863,IL6;FCER1G;SYK;NRG1
GO_Biological_Process_2023,Regulation Of Homotypic Cell-Cell Adhesion (GO:0034110),4/11,0.0034015427514347,0.0467416627504103,0,0,8.677385772122614,49.31814938207863,LYN;SYK;CCL5;PLAUR
GO_Biological_Process_2023,Regulation Of Phospholipase C Activity (GO:1900274),4/11,0.0034015427514347,0.0467416627504103,0,0,8.677385772122614,49.31814938207863,PDGFRA;FLT1;BICD1;FGFR1
GO_Biological_Process_2023,Ras Protein Signal Transduction (GO:0007265),18/144,0.0034896645395836,0.0475851191432113,0,0,2.18029718029718,12.336011707078493,CDKN1A;ROCK2;CDKN2A;PLK2;LIMK1;ARHGAP6;RHOD;RHOB;EPS8;GNA13;RASSF1;ADGRG1;DOK3;RASGEF1B;GRAP2;ARHGDIB;RAPGEF5;RALGDS
GO_Biological_Process_2023,Regulation Of Cell Adhesion (GO:0030155),18/144,0.0034896645395836,0.0475851191432113,0,0,2.18029718029718,12.336011707078493,LYN;RIPOR2;DUSP1;ROCK2;KIF14;PLAUR;CXCR4;PTPRJ;NRG1;PRKX;RHOD;ADGRG1;CCL5;LPXN;ADAM8;STX3;CYTIP;EPHA2
GO_Biological_Process_2023,Regulation Of Cytokine Production (GO:0001817),20/167,0.0035511238932308,0.0479087450174048,0,0,2.0775365109128145,11.718326274429222,LYN;SRGN;ITK;CRTAM;HILPDA;LITAF;EREG;ZBTB2;BATF;FGR;IL1A;PER1;IL6;NLRP12;RGCC;GPNMB;MAPKAPK2;CD28;IRF8;IL17F
GO_Biological_Process_2023,Positive Regulation Of Phagocytosis (GO:0050766),10/60,0.0035517384300731,0.0479087450174048,0,0,3.0449145646867373,17.174286722247754,CAMK1D;FCER1G;RAB31;IL1B;CCL2;PTPRJ;ANO6;TULP1;IL2RG;CD300LF
GO_Biological_Process_2023,Positive Regulation Of Interleukin-2 Production (GO:0032743),6/25,0.003567242885533,0.0479087450174048,0,0,4.800102445895761,27.053196337395267,IL1A;CD80;IL1B;PDE4B;CD28;RUNX1
GO_Biological_Process_2023,Regulation Of Biomineral Tissue Development (GO:0070167),6/25,0.003567242885533,0.0479087450174048,0,0,4.800102445895761,27.053196337395267,CEBPB;TGFB1;ROCK2;NOS3;BMP2K;SOX9
GO_Biological_Process_2023,Positive Regulation Of Immune Response (GO:0050778),12/80,0.0036522565588008,0.0486830752538288,0,0,2.688479792895153,15.08885105491639,PLSCR1;C6;RSAD2;C7;CCL5;TNFSF4;ITGB2;NRG1;PCK1;CD177;EREG;GSDME
GO_Biological_Process_2023,Response To Type II Interferon (GO:0034341),12/80,0.0036522565588008,0.0486830752538288,0,0,2.688479792895153,15.08885105491639,CCL11;CCL8;CCL22;CCL7;CCL5;CCL4;CCL3;IRF8;CCL2;AQP4;MEFV;CCL17
GO_Biological_Process_2023,Positive Regulation Of Ras Protein Signal Transduction (GO:0046579),9/51,0.0037521221700449,0.049642389602937,0,0,3.261149825783972,18.21493609546943,AKAP13;ADGRG1;P2RY10;EPO;GPR65;GPR55;LPAR1;NGF;MAP4K4
GO_Biological_Process_2023,Positive Regulation Of Actin Filament Bundle Assembly (GO:0032233),9/51,0.0037521221700449,0.049642389602937,0,0,3.261149825783972,18.21493609546943,RGCC;ROCK2;TGFB3;GPR65;LIMK1;LPAR1;CCN2;RHOC;S100A10
GO_Biological_Process_2023,Negative Regulation Of I-kappaB kinase/NF-kappaB Signaling (GO:0043124),8/42,0.0037898535160705,0.0497715448844838,0,0,3.579490610216467,19.95719185446145,PER1;NLRP12;GSTP1;TNIP3;ZC3H12A;TNFAIP3;RORA;NR1D1
GO_Biological_Process_2023,Regulation Of Osteoclast Differentiation (GO:0045670),8/42,0.0037898535160705,0.0497715448844838,0,0,3.579490610216467,19.95719185446145,CCR1;CEBPB;TNFAIP6;UBASH3B;GPR55;CCL3;TNFRSF11A;GPR137B
GO_Biological_Process_2023,Negative Regulation Of Defense Response (GO:0031348),15/112,0.0038183383166631,0.0499612723125158,0,0,2.3579947442894684,13.12917313069558,TNFAIP6;PRKCD;TNFAIP3;RORA;IRAK3;NR1D1;AOAH;METRNL;MEFV;KLF4;NLRP12;ELF4;CCN3;GHRL;PPARD
GO_Biological_Process_2023,Dendritic Cell Migration (GO:0036336),5/18,0.0039316369577148,0.0508825306636619,0,0,5.843411046004239,32.36489731957802,CCR1;EPS8;CCL5;CXCR2;CXCR4
GO_Biological_Process_2023,Negative Regulation Of T Cell Receptor Signaling Pathway (GO:0050860),5/18,0.0039316369577148,0.0508825306636619,0,0,5.843411046004239,32.36489731957802,LAPTM5;PTPN22;PTPRJ;UBASH3A;SLA2
GO_Biological_Process_2023,Positive Regulation Of Interleukin-4 Production (GO:0032753),5/18,0.0039316369577148,0.0508825306636619,0,0,5.843411046004239,32.36489731957802,CEBPB;FCER1G;SYK;TNFSF4;HAVCR2
GO_Biological_Process_2023,Regulation Of Pathway-Restricted SMAD Protein Phosphorylation (GO:0060393),10/61,0.0040174552830827,0.0517681386811474,0,0,2.9850508144673653,16.468843522811913,GDF9;TGFB1;RBPMS;GDF15;TGFB3;BMP8A;INHBB;GDF3;BMP6;INHBE
GO_Biological_Process_2023,Negative Regulation Of Nucleic Acid-Templated Transcription (GO:1903507),43/456,0.0040573038257338,0.0517681386811474,0,0,1.5972612501720829,8.796495629967357,CITED2;MIDEAS;PRDM5;BHLHE41;CIART;FOXS1;SBNO2;DNMT3L;BTAF1;NFIL3;BASP1;CD38;HES1;SOX9;TNFRSF4;KDM4A;JUN;TGFB1;CDKN2A;ZBTB16;ARID5A;HMGA1;TBR1;NRG1;NR1D1;KLF4;FOXP2;EREG;PER1;GCLC;DDIT3;TNFSF4;ID1;BHLHE40;MDM2;ID4;ID3;DPEP1;TRIB3;ATF5;LHX9;PPARD;CDK5R1
GO_Biological_Process_2023,Glomerular Epithelial Cell Development (GO:0072310),3/6,0.0041164324941738,0.0517681386811474,0,0,15.176375404530743,83.36031509982385,MYO1E;MAGI2;IQGAP1
GO_Biological_Process_2023,Negative Regulation Of p38MAPK Cascade (GO:1903753),3/6,0.0041164324941738,0.0517681386811474,0,0,15.176375404530743,83.36031509982385,DUSP10;DUSP1;PTPN22
GO_Biological_Process_2023,Polyamine Biosynthetic Process (GO:0006596),3/6,0.0041164324941738,0.0517681386811474,0,0,15.176375404530743,83.36031509982385,SMOX;SAT1;SLC38A2
GO_Biological_Process_2023,Positive Regulation Of Aspartic-Type Endopeptidase Activity Involved In Amyloid Precursor Protein Catabolic Process (GO:1902961),3/6,0.0041164324941738,0.0517681386811474,0,0,15.176375404530743,83.36031509982385,LYN;ROCK2;PICALM
GO_Biological_Process_2023,Positive Regulation Of Gliogenesis (GO:0014015),3/6,0.0041164324941738,0.0517681386811474,0,0,15.176375404530743,83.36031509982385,IL6;PRKCH;LRP2
GO_Biological_Process_2023,Smooth Muscle Cell Migration (GO:0014909),3/6,0.0041164324941738,0.0517681386811474,0,0,15.176375404530743,83.36031509982385,ITGB3;CCN3;PLAT
GO_Biological_Process_2023,Rho Protein Signal Transduction (GO:0007266),9/52,0.0042932660293511,0.0538018795720445,0,0,3.1851389676687463,17.36126093443412,EPS8;GNA13;ROCK2;ARHGDIB;RHOJ;LIMK1;ARHGAP6;RHOD;RHOB
GO_Biological_Process_2023,Negative Regulation Of Insulin Receptor Signaling Pathway (GO:0046627),6/26,0.0043980434413203,0.0542868567027663,0,0,4.55985401459854,24.744483319054385,PTPRE;SOCS1;PRKCB;IL1B;PRKCD;PIP4K2A
GO_Biological_Process_2023,Positive Regulation Of Nuclear Division (GO:0051785),6/26,0.0043980434413203,0.0542868567027663,0,0,4.55985401459854,24.744483319054385,BTC;IL1A;RGCC;IL1B;CD28;EREG
GO_Biological_Process_2023,Regulation Of Keratinocyte Differentiation (GO:0045616),6/26,0.0043980434413203,0.0542868567027663,0,0,4.55985401459854,24.744483319054385,ERRFI1;FOXC1;ZFP36;PRKCH;ROCK2;ZFP36L1
GO_Biological_Process_2023,Regulation Of Endothelial Cell Apoptotic Process (GO:2000351),8/43,0.0044082330955604,0.0542868567027663,0,0,3.477033770453754,18.860409359328774,RGCC;TNIP2;SERPINE1;ECSCR;TNFAIP3;CCL2;ANO6;THBS1
GO_Biological_Process_2023,Response To Amyloid-Beta (GO:1904645),8/43,0.0044082330955604,0.0542868567027663,0,0,3.477033770453754,18.860409359328774,GJA1;RAMP3;VCAM1;CASP4;MMP3;AGER;IGF1R;LGMN
GO_Biological_Process_2023,Positive Regulation Of Protein Kinase B Signaling (GO:0051897),13/93,0.0047321550638864,0.0580749650771449,0,0,2.476070554649266,13.25533312641434,RAMP3;TGFB1;GDF15;PTPRJ;LRP2;THBS1;IGF1R;PIK3R5;CCL3;HCLS1;SPRY2;HBEGF;FGFR1
GO_Biological_Process_2023,Granulocyte Activation (GO:0036230),4/12,0.0048540963401022,0.0585617927946574,0,0,7.592307692307692,40.45130156991722,CCL5;CXCR2;PRKCD;CAMP
GO_Biological_Process_2023,Macrophage Migration (GO:1905517),4/12,0.0048540963401022,0.0585617927946574,0,0,7.592307692307692,40.45130156991722,KLF5;CCL5;CCL3;CCL2
GO_Biological_Process_2023,Negative Regulation Of JUN Kinase Activity (GO:0043508),4/12,0.0048540963401022,0.0585617927946574,0,0,7.592307692307692,40.45130156991722,DUSP10;GSTP1;PTPN22;DUSP16
GO_Biological_Process_2023,Negative Regulation Of Cell Cycle Phase Transition (GO:1901988),4/12,0.0048540963401022,0.0585617927946574,0,0,7.592307692307692,40.45130156991722,RGCC;ATF5;ZFP36L2;ZFP36L1
GO_Biological_Process_2023,Negative Regulation Of Coagulation (GO:0050819),4/12,0.0048540963401022,0.0585617927946574,0,0,7.592307692307692,40.45130156991722,PROCR;THBD;SERPINE2;SERPINE1
GO_Biological_Process_2023,Regulation Of NIK/NF-kappaB Signaling (GO:1901222),12/83,0.0049548115321271,0.059233371527786,0,0,2.574468817796756,13.663725886260364,NFKBIA;NFAT5;NLRP12;RASSF2;SPHK1;IL1B;ZC3H12A;LAPTM5;PTPN22;CCN3;MMP8;AGER
GO_Biological_Process_2023,Vascular Transport (GO:0010232),12/83,0.0049548115321271,0.059233371527786,0,0,2.574468817796756,13.663725886260364,ABCC1;SLC15A2;KCNJ8;SLC2A1;SLC2A3;LRP2;SLC28A2;AGER;SLC7A1;SLC38A2;SLC8A2;MFSD2A
GO_Biological_Process_2023,Macrophage Activation (GO:0042116),7/35,0.0050100397648239,0.059233371527786,0,0,3.8013392857142856,20.13307669617215,C1QA;SBNO2;CD93;SYK;EHHADH;C5AR1;ITGB2
GO_Biological_Process_2023,Positive Regulation Of Mitotic Nuclear Division (GO:0045840),7/35,0.0050100397648239,0.059233371527786,0,0,3.8013392857142856,20.13307669617215,BTC;IL1A;RGCC;IL1B;CDC16;CD28;EREG
GO_Biological_Process_2023,Negative Regulation Of Protein Phosphorylation (GO:0001933),18/149,0.0050186234775305,0.059233371527786,0,0,2.09651705834912,11.100218358702788,LYN;ERRFI1;CDKN1A;CADM4;TGFB1;GSTP1;PRKCD;HSPB1;C9ORF72;NLRP12;RASSF2;UBASH3B;CAMK2N2;ZC3H12A;CNKSR3;SPRY2;TRIB3;TRIB1
GO_Biological_Process_2023,Leukocyte Adhesion To Vascular Endothelial Cell (GO:0061756),5/19,0.0050671302170157,0.059233371527786,0,0,5.4257351238712666,28.674905162207907,SELP;VCAM1;LRG1;SELL;SELE
GO_Biological_Process_2023,Response To Fatty Acid (GO:0070542),5/19,0.0050671302170157,0.059233371527786,0,0,5.4257351238712666,28.674905162207907,GLDC;PDK4;PDK3;FFAR1;SOX9
GO_Biological_Process_2023,Positive Regulation Of Secretion By Cell (GO:1903532),11/73,0.0050912698341193,0.059233371527786,0,0,2.7015997688347166,14.265062753062288,MYOM1;IL1A;TGFB1;RGCC;TGFB3;IL1B;ANKRD1;ADAM8;CD33;BMP6;S100A10
GO_Biological_Process_2023,Regulation Of Rho Protein Signal Transduction (GO:0035023),11/73,0.0050912698341193,0.059233371527786,0,0,2.7015997688347166,14.265062753062288,EPS8;RIPOR2;AKAP13;ADGRG1;P2RY10;GPR65;ARHGEF28;ARHGDIB;GPR55;LPAR1;RASIP1
GO_Biological_Process_2023,G1/S Transition Of Mitotic Cell Cycle (GO:0000082),10/63,0.0050928383499585,0.059233371527786,0,0,2.872100342355344,15.16445995699046,TRIM71;KLF11;PLK3;CDKN1A;GPR132;MYC;PLK2;BCAT1;BACH1;USP29
GO_Biological_Process_2023,Regulation Of Cellular Catabolic Process (GO:0031329),10/63,0.0050928383499585,0.059233371527786,0,0,2.872100342355344,15.16445995699046,ACER2;DRAM1;DDIT3;HSPB1;PIP4K2A;TRIB3;FBXL2;SOGA1;C9ORF72;GPR137B
GO_Biological_Process_2023,Activation Of Phospholipase C Activity (GO:0007202),6/27,0.005363158117803,0.0615725152943909,0,0,4.3424863862820064,22.70339720968105,ITK;C5AR1;GPR55;LPAR1;ARHGAP6;SELE
GO_Biological_Process_2023,Cardiac Muscle Cell Differentiation (GO:0055007),6/27,0.005363158117803,0.0615725152943909,0,0,4.3424863862820064,22.70339720968105,KDM6B;AKAP13;NRG1;ALPK3;SIK1;SLC8A1
GO_Biological_Process_2023,Myeloid Cell Development (GO:0061515),6/27,0.005363158117803,0.0615725152943909,0,0,4.3424863862820064,22.70339720968105,GP9;ALAS2;CEBPB;NRROS;FLNA;GP5
GO_Biological_Process_2023,Negative Regulation Of Cellular Response To Insulin Stimulus (GO:1900077),6/27,0.005363158117803,0.0615725152943909,0,0,4.3424863862820064,22.70339720968105,PTPRE;SOCS1;PRKCB;IL1B;PRKCD;PIP4K2A
GO_Biological_Process_2023,Positive Regulation Of Leukocyte Chemotaxis (GO:0002690),9/54,0.0055565684374818,0.0633840611185829,0,0,3.0432520325203254,15.802921699938317,CCR1;CXCL10;IL6;CCL5;SERPINE1;ANO6;PLA2G7;THBS1;LGMN
GO_Biological_Process_2023,Regulation Of Blood Vessel Endothelial Cell Migration (GO:0043535),9/54,0.0055565684374818,0.0633840611185829,0,0,3.0432520325203254,15.802921699938317,TGFB1;RGCC;GADD45A;NOS3;HSPB1;NRG1;THBS1;EPHA2;FGFR1
GO_Biological_Process_2023,Positive Regulation Of Cellular Biosynthetic Process (GO:0031328),20/174,0.0056429268214476,0.0641635033786966,0,0,1.9823572653761328,10.263362161613562,EGR1;HGF;CIRBP;IRS2;APOA4;NR1D1;SORBS1;MMP8;PTGS2;KLF4;THBS1;KLF2;IL6;RGCC;IL1B;CCL5;CD28;ATP7A;MFSD2A;PLIN5
GO_Biological_Process_2023,Negative Regulation Of T Cell Proliferation (GO:0042130),7/36,0.0058933441259564,0.0667974896314616,0,0,3.670062695924765,18.841851138946264,CD274;CEBPB;PLA2G2D;GPNMB;CD80;CRTAM;PDCD1LG2
GO_Biological_Process_2023,Negative Regulation Of Cell Cycle (GO:0045786),12/85,0.0060118418453117,0.0677093200236218,0,0,2.503667481662592,12.803815874507766,TSPYL2;BTG3;NR4A1;BTG2;CDKN1A;FOXC1;BTG1;TGFB1;DUSP1;CDKN2A;HECA;RHOB
GO_Biological_Process_2023,Transport Across Blood-Brain Barrier (GO:0150104),12/85,0.0060118418453117,0.0677093200236218,0,0,2.503667481662592,12.803815874507766,ABCC1;SLC15A2;KCNJ8;SLC2A1;SLC2A3;LRP2;SLC28A2;AGER;SLC7A1;SLC38A2;SLC8A2;MFSD2A
GO_Biological_Process_2023,Regulation Of Stress Fiber Assembly (GO:0051492),11/75,0.0062641121312832,0.0703279970827667,0,0,2.616894849348534,13.27529408327672,RGCC;ROCK2;TGFB3;GPR65;LIMK1;LPAR1;CCN2;RHOC;ARHGAP6;ACTG1;S100A10
GO_Biological_Process_2023,Cellular Response To Fibroblast Growth Factor Stimulus (GO:0044344),9/55,0.0062871006502364,0.070364123315068,0,0,2.9769353128313893,15.090844994579047,TRIM71;NR4A1;ZFP36;EGR3;CCL5;ZFP36L2;ZFP36L1;FGF21;FGFR1
GO_Biological_Process_2023,Regulation Of Tyrosine Phosphorylation Of STAT Protein (GO:0042509),10/65,0.0063815626030611,0.0711974335557828,0,0,2.7673644500332863,13.987207170273384,LYN;SOCS3;IL6;SOCS1;EPO;CCL5;IL31RA;LIF;HCLS1;HES1
GO_Biological_Process_2023,Positive Regulation Of Phospholipase Activity (GO:0010518),5/20,0.0064165960337419,0.0713645790127732,0,0,5.063749324689357,25.566199468036377,GNA13;PDGFRA;FLT1;CCL5;FGFR1
GO_Biological_Process_2023,Regulation Of Lipid Biosynthetic Process (GO:0046890),6/28,0.0064744973034679,0.0716784514740434,0,0,4.144879451448794,20.889712918096247,AVIL;ASXL3;PDK4;HSD17B13;SORBS1;PCK1
GO_Biological_Process_2023,Acute-Phase Response (GO:0006953),4/13,0.0066711714867872,0.0716784514740434,0,0,6.748358074673864,33.80900266523682,CEBPB;IL6;PLSCR1;EHHADH
GO_Biological_Process_2023,Cytoplasmic Sequestering Of Protein (GO:0051220),4/13,0.0066711714867872,0.0716784514740434,0,0,6.748358074673864,33.80900266523682,NFKBIA;PTPRM;FLNA;DBN1
GO_Biological_Process_2023,Negative Regulation Of Fibroblast Growth Factor Receptor Signaling Pathway (GO:0040037),4/13,0.0066711714867872,0.0716784514740434,0,0,6.748358074673864,33.80900266523682,GPC1;SPRY4;SPRY2;THBS1
GO_Biological_Process_2023,Negative Regulation Of Interleukin-12 Production (GO:0032695),4/13,0.0066711714867872,0.0716784514740434,0,0,6.748358074673864,33.80900266523682,IRAK3;MEFV;TIGIT;THBS1
GO_Biological_Process_2023,Regulation Of T Cell Chemotaxis (GO:0010819),4/13,0.0066711714867872,0.0716784514740434,0,0,6.748358074673864,33.80900266523682,CXCL10;CCL5;STK39;CXCL13
GO_Biological_Process_2023,Regulation Of Macrophage Cytokine Production (GO:0010935),4/13,0.0066711714867872,0.0716784514740434,0,0,6.748358074673864,33.80900266523682,TGFB1;TGFB3;LAPTM5;IRAK3
GO_Biological_Process_2023,Response To Progesterone (GO:0032570),4/13,0.0066711714867872,0.0716784514740434,0,0,6.748358074673864,33.80900266523682,TGFB1;TGFB3;ACOD1;THBS1
GO_Biological_Process_2023,T Cell Differentiation (GO:0030217),8/46,0.0067339377878733,0.0716784514740434,0,0,3.202018042669631,16.011996044227825,JAG2;FCER1G;TGFB1;CHD7;CD28;PTPN22;ZFP36L2;ZFP36L1
GO_Biological_Process_2023,Homotypic Cell-Cell Adhesion (GO:0034109),8/46,0.0067339377878733,0.0716784514740434,0,0,3.202018042669631,16.011996044227825,PDGFRA;UBASH3B;ITGB3;HSPB1;FLNA;VCL;ACTG1;FERMT3
GO_Biological_Process_2023,Regulation Of Interleukin-10 Production (GO:0032653),8/46,0.0067339377878733,0.0716784514740434,0,0,3.202018042669631,16.011996044227825,CD274;IL6;SYK;TNFSF4;CD28;PDCD1LG2;TIGIT;MMP8
GO_Biological_Process_2023,Regulation Of Defense Response (GO:0031347),13/97,0.0067710476353172,0.0716784514740434,0,0,2.357657500194205,11.776733699734947,IL1R1;PTPN22;PTGS2;AGER;SELE;LRP8;FGR;SBNO2;TNFSF4;CASP4;FBXL2;PTGES;BIRC3
GO_Biological_Process_2023,"Blood Coagulation, Intrinsic Pathway (GO:0007597)",3/7,0.006873070937201,0.0716784514740434,0,0,11.381674757281552,56.682382277165054,GP9;FLNA;GP5
GO_Biological_Process_2023,Histone Lysine Demethylation (GO:0070076),3/7,0.006873070937201,0.0716784514740434,0,0,11.381674757281552,56.682382277165054,KDM6B;JMJD1C;UTY
GO_Biological_Process_2023,Leukocyte Aggregation (GO:0070486),3/7,0.006873070937201,0.0716784514740434,0,0,11.381674757281552,56.682382277165054,IL1B;S100A9;S100A8
GO_Biological_Process_2023,Negative Regulation Of Fatty Acid Oxidation (GO:0046322),3/7,0.006873070937201,0.0716784514740434,0,0,11.381674757281552,56.682382277165054,SOX9;MFSD2A;PLIN5
GO_Biological_Process_2023,Negative Regulation Of Leukocyte Proliferation (GO:0070664),3/7,0.006873070937201,0.0716784514740434,0,0,11.381674757281552,56.682382277165054,LYN;GSTP1;TNFAIP3
GO_Biological_Process_2023,Positive Regulation Of Aspartic-Type Peptidase Activity (GO:1905247),3/7,0.006873070937201,0.0716784514740434,0,0,11.381674757281552,56.682382277165054,LYN;ROCK2;PICALM
GO_Biological_Process_2023,Regulation Of Natural Killer Cell Mediated Cytotoxicity Directed Against Tumor Cell Target (GO:0002858),3/7,0.006873070937201,0.0716784514740434,0,0,11.381674757281552,56.682382277165054,TGFB1;CRTAM;PVR
GO_Biological_Process_2023,Regulation Of Response To Wounding (GO:1903034),3/7,0.006873070937201,0.0716784514740434,0,0,11.381674757281552,56.682382277165054,CADM4;STK24;TNFRSF12A
GO_Biological_Process_2023,Regulation Of Vascular Wound Healing (GO:0061043),3/7,0.006873070937201,0.0716784514740434,0,0,11.381674757281552,56.682382277165054,FOXC2;SERPINE1;TNFAIP3
GO_Biological_Process_2023,Negative Regulation Of Stress-Activated MAPK Cascade (GO:0032873),7/37,0.0068878983995849,0.0716784514740434,0,0,3.547537878787878,17.659605468265735,PER1;DUSP10;DUSP1;GSTP1;MYC;PTPN22;ANKS1B
GO_Biological_Process_2023,Cellular Response To Peptide (GO:1901653),9/56,0.0070892591887263,0.0735588147308369,0,0,2.913440581214323,14.419125629844736,GJA1;VCAM1;CASP4;MDM2;PTPN22;AGER;IGF1R;ZFP36L1;LGMN
GO_Biological_Process_2023,Positive Regulation Of Cold-Induced Thermogenesis (GO:0120162),13/98,0.007376280949062,0.0760956767360953,0,0,2.329795605028308,11.438098215732122,KDM6B;CEBPB;SYK;ELOVL3;EBF2;CXCR4;IGF1R;GADD45G;GJA1;FABP4;LCN2;GHRL;FGF21
GO_Biological_Process_2023,Cell-Matrix Adhesion (GO:0007160),14/109,0.0073765126366824,0.0760956767360953,0,0,2.245533834586466,11.024345727673715,VCAM1;COL13A1;ITGB3;ITGA2;ITGB2;ITGAE;SORBS1;RHOD;FBLN5;ITGA11;ITGBL1;ADAMTS9;VCL;FERMT3
GO_Biological_Process_2023,Positive Regulation Of Epithelial To Mesenchymal Transition (GO:0010718),8/47,0.0076849490859975,0.0790483635753332,0,0,3.119748380511987,15.188468557292977,FOXC1;IL6;TGFB1;LRG1;RGCC;GLIPR2;TGFB3;IL1B
GO_Biological_Process_2023,Positive Regulation Of Calcium Ion Transport (GO:0051928),6/29,0.0077439075130854,0.0794252646659111,0,0,3.9644557283402095,19.270620155675463,CCR1;CCL5;CCL4;CCL3;CCL2;FFAR1
GO_Biological_Process_2023,Myeloid Cell Differentiation (GO:0030099),9/57,0.0079673947519445,0.0811339449514488,0,0,2.852591463414634,13.784856487979106,LYN;ALAS2;CEBPB;CDKN2B;EPO;ZBTB16;HCLS1;PRKX;RUNX1
GO_Biological_Process_2023,Regulation Of JNK Cascade (GO:0046328),14/110,0.0079843788073283,0.0811339449514488,0,0,2.2220238095238094,10.7329711585242,GADD45B;GADD45A;WNT7B;MMP8;IGF1R;GADD45G;PER1;RASSF2;DUSP10;IL1B;TRAF5;CCN2;ANKS1B;MAP4K4
GO_Biological_Process_2023,Negative Regulation Of Interleukin-2 Production (GO:0032703),5/21,0.0079992479466675,0.0811339449514488,0,0,4.7470117504051865,22.920508317344137,ZFP36;NAV3;LAPTM5;TNFAIP3;HAVCR2
GO_Biological_Process_2023,Connective Tissue Development (GO:0061448),7/38,0.008001689990997,0.0811339449514488,0,0,3.43291788856305,16.57447947692718,SPTLC2;ZBTB16;SH3PXD2B;GHRL;IL17F;SOX9;ATP7A
GO_Biological_Process_2023,Defense Response To Bacterium (GO:0042742),22/204,0.0080657904430787,0.0815515573491971,0,0,1.8453682718267763,8.894903089714836,WFDC12;IGHM;CEBPB;FCER1G;SYK;SERPINE1;PRKCD;DEFB1;CXCL13;WFDC2;JCHAIN;SELP;FGR;IL6;SLPI;IL1B;EHHADH;CASP4;LCN2;S100A9;CAMP;S100A8
GO_Biological_Process_2023,Negative Regulation Of Transcription By RNA Polymerase II (GO:0000122),64/763,0.0083503016213101,0.0841890183292995,0,0,1.4074428514899704,6.7352581162085885,EPO;CITED2;PRDM5;BHLHE41;SLA2;BACH1;BACH2;ETS2;ZFP36;DNMT3L;MYC;TRPS1;SOX9;TGIF1;KLF11;MLIP;FST;ARID5A;RUNX1;IFI27;DDIT3;TFEC;ERF;IRF8;TRIB3;ATF3;JDP2;PPARD;FOXC2;CEBPB;FOXC1;SATB1;ZBTB2;MNT;NFIL3;NRIP1;HES1;SPDEF;PLK3;JUN;JUND;GADD45A;ZBTB16;ZBTB10;IRF2BP2;NR1D1;KLF4;KLF2;BMP6;NR4A2;KLF7;PER1;NR6A1;NR4A3;MAFF;ID1;BHLHE40;MDM2;ID4;FOSB;ID3;GTF2IRD1;MAFK;MXD1
GO_Biological_Process_2023,Regulation Of Tumor Necrosis Factor-Mediated Signaling Pathway (GO:0010803),8/48,0.0087334475550398,0.0867958197009579,0,0,3.0415922014622256,14.41895701998324,SYK;GSTP1;SPHK1;CASP4;MAPKAPK2;LAPTM5;TNFAIP3;CCDC3
GO_Biological_Process_2023,"Blood Coagulation, Fibrin Clot Formation (GO:0072378)",4/14,0.0088874110493924,0.0867958197009579,0,0,6.073198380566802,28.68444165252816,GP9;THBD;FLNA;GP5
GO_Biological_Process_2023,Endoderm Development (GO:0007492),4/14,0.0088874110493924,0.0867958197009579,0,0,6.073198380566802,28.68444165252816,DUSP4;DUSP5;DUSP2;DUSP1
GO_Biological_Process_2023,Hyaluronan Metabolic Process (GO:0030212),4/14,0.0088874110493924,0.0867958197009579,0,0,6.073198380566802,28.68444165252816,CEMIP;TGFB1;TNFAIP6;IL1B
GO_Biological_Process_2023,Positive Regulation Of Acute Inflammatory Response (GO:0002675),4/14,0.0088874110493924,0.0867958197009579,0,0,6.073198380566802,28.68444165252816,IL6;IL1B;OSMR;PTGS2
GO_Biological_Process_2023,Protein Activation Cascade (GO:0072376),4/14,0.0088874110493924,0.0867958197009579,0,0,6.073198380566802,28.68444165252816,GP9;THBD;FLNA;GP5
GO_Biological_Process_2023,Regulation Of Endothelial Cell Chemotaxis (GO:2001026),4/14,0.0088874110493924,0.0867958197009579,0,0,6.073198380566802,28.68444165252816,HSPB1;NRG1;THBS1;LGMN
GO_Biological_Process_2023,Regulation Of Leukocyte Activation (GO:0002694),4/14,0.0088874110493924,0.0867958197009579,0,0,6.073198380566802,28.68444165252816,LYN;PLSCR1;GPR137B;CD200
GO_Biological_Process_2023,Regulation Of Mast Cell Degranulation (GO:0043304),4/14,0.0088874110493924,0.0867958197009579,0,0,6.073198380566802,28.68444165252816,LYN;FGR;SYK;GAB2
GO_Biological_Process_2023,Regulation Of Microglial Cell Activation (GO:1903978),4/14,0.0088874110493924,0.0867958197009579,0,0,6.073198380566802,28.68444165252816,IL6;SPHK1;NR1D1;MMP8
GO_Biological_Process_2023,Regulation Of Sensory Perception Of Pain (GO:0051930),4/14,0.0088874110493924,0.0867958197009579,0,0,6.073198380566802,28.68444165252816,TMEM100;GPR171;CCL3;CCN3
GO_Biological_Process_2023,Regulation Of Phagocytosis (GO:0050764),9/58,0.0089258977270442,0.0867958197009579,0,0,2.7942259830761573,13.185389016339812,FGR;PLSCR1;CAMK1D;FCER1G;SYK;SPHK1;IL1B;TULP1;IL2RG
GO_Biological_Process_2023,Response To Organic Cyclic Compound (GO:0014070),9/58,0.0089258977270442,0.0867958197009579,0,0,2.7942259830761573,13.185389016339812,TGFB1;STING1;GLDC;TIPARP;IL1B;CCL5;CCL3;CCL2;PMAIP1
GO_Biological_Process_2023,Regulation Of Transcription By RNA Polymerase II (GO:0006357),151/2028,0.008984240823171,0.0868222207456617,0,0,1.248415415713435,5.882887060149033,EPO;PRDM5;JMJD1C;RORA;SLA2;BACH1;ETS2;BACH2;ZFP36;MYC;ZC3H12A;SOX9;JUNB;IER5;IER2;LMO1;MLIP;PRKCB;MAMSTR;FST;HGF;EBF1;ARID5A;MRTFA;EBF2;TBR1;FOXP2;RUNX1;IFI27;DDIT3;ERF;TRIB3;ZSCAN25;ATF5;SQSTM1;HOXB7;ATF3;ZBTB2;SBNO2;GALR1;HIVEP2;S100A10;EGR1;PLK3;JUN;EGR2;EGR3;TFAP2D;JUND;TGFB1;GADD45A;TGFB3;ZBTB16;ZBTB10;HMGA1;LIF;IRF2BP2;NR1D1;FLI1;BMP6;FOSL2;FOSL1;NFKBIA;NR4A2;CXCL10;NR4A1;IL6;RGCC;NR4A3;ID1;BHLHE40;MAFF;MDM2;NFE2L3;ID4;REL;ID3;GTF2IRD1;MAFK;LHX4;MXD1;ZBTB8B;LHX9;CITED2;MIDEAS;BHLHE41;HIF3A;CHD2;LITAF;CHD1;DNMT3L;TRPS1;ANKRD1;HAVCR2;TGIF1;KDM6B;BRD2;KLF11;FOS;BAZ1A;DCN;PAX1;PLSCR1;TOX2;ELF4;TFEC;IRF8;HCLS1;NCOA7;MAPRE3;LCORL;JDP2;PPARD;FOXC2;NFAT5;RNASEL;FOXC1;CEBPB;CEBPD;SATB1;SATB2;DOT1L;RELB;FOXS1;MNT;NFIL3;NRIP1;STAT4;HES1;MEF2D;SPDEF;MLXIP;PDX1;KLF4;KLF3;KLF2;BATF;PER1;KLF7;KLF6;KLF5;NR6A1;STING1;TNIP2;TNIP3;ASXL3;KLF9;FOSB;MAMLD1;LPIN2;PF4
GO_Biological_Process_2023,Negative Regulation Of Response To External Stimulus (GO:0032102),17/146,0.0090017981048466,0.0868222207456617,0,0,2.009312475418364,9.464526705365753,TNFAIP6;SERPINE1;PRKCD;TNFAIP3;RORA;IRAK3;NR1D1;AOAH;METRNL;MEFV;KLF4;NLRP12;ELF4;CCN3;GHRL;TRIB1;PPARD
GO_Biological_Process_2023,Regulation Of Cold-Induced Thermogenesis (GO:0120161),17/146,0.0090017981048466,0.0868222207456617,0,0,2.009312475418364,9.464526705365753,KDM6B;FOXC2;CEBPB;SYK;ELOVL3;EBF2;CXCR4;NR1D1;IGF1R;GADD45G;GJA1;FABP4;DDIT3;ID1;LCN2;GHRL;FGF21
GO_Biological_Process_2023,Peptidyl-Serine Phosphorylation (GO:0018105),18/158,0.0091326720866652,0.0878464323147069,0,0,1.9607932607932608,9.20768310499342,PRKCG;PRKCH;CAMK1D;PNCK;DMPK;PRKCB;ROCK2;PLK2;PRKCD;STK39;EIF2AK3;PRKX;CSNK1E;MAPKAPK2;PDK3;PCK1;SGK1;CDK5R1
GO_Biological_Process_2023,Negative Regulation Of Blood Coagulation (GO:0030195),6/30,0.0091830786799004,0.0879538262652583,0,0,3.799067315490673,17.819117840418215,THBD;PDGFRA;SERPINE2;NOS3;SERPINE1;PLAT
GO_Biological_Process_2023,Positive Regulation Of Protein Localization To Membrane (GO:1905477),11/79,0.0092378507480633,0.0879538262652583,0,0,2.462432937344319,11.535134181252133,NECAB2;CEMIP;PRKCH;RAMP3;TNFAIP6;ITGB2;STX3;SORBS1;SQSTM1;BBC3;EPHA2
GO_Biological_Process_2023,Negative Regulation Of Lymphocyte Proliferation (GO:0050672),7/39,0.0092426892450706,0.0879538262652583,0,0,3.325461647727273,15.576204274977512,LYN;CD274;CEBPB;PLA2G2D;GPNMB;CD80;PDCD1LG2
GO_Biological_Process_2023,Regulation Of Nitric Oxide Biosynthetic Process (GO:0045428),7/39,0.0092426892450706,0.0879538262652583,0,0,3.325461647727273,15.576204274977512,ROCK2;IL1B;ZC3H12A;PTGS2;KLF4;MMP8;KLF2
GO_Biological_Process_2023,Dephosphorylation (GO:0016311),17/147,0.0096098726110706,0.0912040976608011,0,0,1.9937492131436485,9.260893942050055,DUSP4;DUSP5;CTDP1;EPHX2;PPM1H;PTPRM;PPP2R2A;PTPN22;PTPRJ;DUSP29;PTPN12;DUSP8;DUSP16;CTTNBP2NL;PTPRE;DUSP10;PLPP1
GO_Biological_Process_2023,Positive Regulation Of Gene Expression (GO:0010628),43/480,0.0097623682187568,0.0923418437204335,0,0,1.5075652633109602,6.9788516641507,ITK;MYOM1;RAMP3;ROCK2;CITED2;HILPDA;PTPN22;THBS1;ACTG1;GJA1;MYC;ZC3H12A;CCL3;SOX9;SLC38A2;FGF21;EGR1;GSN;TGFB1;NOS3;EPHX2;CRTAM;EIF2AK3;CIRBP;NGF;KLF4;MMP8;BMP6;EREG;BATF;ACTA2;FGR;IL1A;PLSCR1;IL6;RGCC;NAT8;ACTC1;IL1B;CD28;SPRY2;IL17F;PF4
GO_Biological_Process_2023,Fc-epsilon Receptor Signaling Pathway (GO:0038095),5/22,0.0098335371649464,0.0923418437204335,0,0,4.467537420154447,20.648763957075897,LYN;VAV3;FCER1G;NR4A3;SYK
GO_Biological_Process_2023,Glucose Transmembrane Transport (GO:1904659),5/22,0.0098335371649464,0.0923418437204335,0,0,4.467537420154447,20.648763957075897,SLC2A1;SLC2A3;PPBP;SLC2A6;PPARD
GO_Biological_Process_2023,Hexose Transmembrane Transport (GO:0008645),5/22,0.0098335371649464,0.0923418437204335,0,0,4.467537420154447,20.648763957075897,SLC2A1;SLC2A3;PPBP;SLC5A10;SLC2A6
GO_Biological_Process_2023,Regulation Of Protein Kinase B Signaling (GO:0051896),16/136,0.010063733621157,0.0942548104149942,0,0,2.032270373398746,9.346039639047648,TGFB1;RAMP3;GDF15;MAGI2;PTPRJ;LRP2;THBS1;IGF1R;PIK3R5;DDIT3;CCL3;HCLS1;SPRY2;EPHA2;FGFR1;HBEGF
GO_Biological_Process_2023,Phosphate-Containing Compound Metabolic Process (GO:0006796),20/184,0.0102908730105043,0.0955175779551021,0,0,1.86048140218892,8.5144892153418,PRKCG;PFKFB2;DUSP4;DUSP5;PLA2G2D;PFKFB3;TGFB1;CERK;SLC20A1;EPHX2;GFPT2;SPHK1;DUSP8;DUSP16;HK2;HK1;DUSP10;HKDC1;PLPP1;PFKP
GO_Biological_Process_2023,Collagen-Activated Signaling Pathway (GO:0038065),3/8,0.0104937827986639,0.0955175779551021,0,0,9.104854368932038,41.490569260378926,UBASH3B;ITGA2;ITGA11
GO_Biological_Process_2023,Dehydroascorbic Acid Transport (GO:0070837),3/8,0.0104937827986639,0.0955175779551021,0,0,9.104854368932038,41.490569260378926,SLC2A1;SLC2A3;SLC2A6
GO_Biological_Process_2023,Endothelial Cell Chemotaxis (GO:0035767),3/8,0.0104937827986639,0.0955175779551021,0,0,9.104854368932038,41.490569260378926,NR4A1;EGR3;CXCL13
GO_Biological_Process_2023,Mesodermal Cell Differentiation (GO:0048333),3/8,0.0104937827986639,0.0955175779551021,0,0,9.104854368932038,41.490569260378926,KDM6B;ITGA2;ITGB3
GO_Biological_Process_2023,Negative Regulation Of Platelet Aggregation (GO:0090331),3/8,0.0104937827986639,0.0955175779551021,0,0,9.104854368932038,41.490569260378926,SERPINE2;PRKCD;ALOX12
GO_Biological_Process_2023,Negative Regulation Of Triglyceride Metabolic Process (GO:0090209),3/8,0.0104937827986639,0.0955175779551021,0,0,9.104854368932038,41.490569260378926,SIK1;CIDEC;PLIN5
GO_Biological_Process_2023,Regulation Of Aspartic-Type Endopeptidase Activity Involved In Amyloid Precursor Protein Catabolic Process (GO:1902959),3/8,0.0104937827986639,0.0955175779551021,0,0,9.104854368932038,41.490569260378926,LYN;ROCK2;PICALM
GO_Biological_Process_2023,Regulation Of Endothelial Cell Development (GO:1901550),3/8,0.0104937827986639,0.0955175779551021,0,0,9.104854368932038,41.490569260378926,ROCK2;IL1B;VCL
GO_Biological_Process_2023,Regulation Of Intrinsic Apoptotic Signaling Pathway By P53 Class Mediator (GO:1902253),3/8,0.0104937827986639,0.0955175779551021,0,0,9.104854368932038,41.490569260378926,UBB;MYC;MDM2
GO_Biological_Process_2023,Response To Leptin (GO:0044321),3/8,0.0104937827986639,0.0955175779551021,0,0,9.104854368932038,41.490569260378926,NR4A3;LRP2;NR1D1
GO_Biological_Process_2023,Positive Regulation Of DNA-templated Transcription (GO:0045893),97/1243,0.0105908962093051,0.0960288830423868,0,0,1.3055805161026093,5.937467494257072,EPO;CD80;RASL11A;PRDM5;RORA;ETS2;MYC;ZC3H12A;SOX9;JUNB;IER5;IER2;LMO1;MLIP;HGF;MRTFA;RUNX1;MORF4L1;DDIT3;ATF5;SQSTM1;HOXB7;ATF3;SBNO2;GALR1;S100A10;EGR1;JUN;EGR2;JUND;TGFB1;TGFB3;ZBTB16;IL31RA;EIF2AK3;HMGA1;LIF;NR1D1;FLI1;BMP6;FOSL2;FOSL1;NFKBIA;NR4A2;CXCL10;NR4A1;IL6;RGCC;NR4A3;MAFF;REL;LHX4;PICALM;CITED2;LITAF;CD38;KDM6B;FOS;DCN;PLSCR1;TOX2;ELF4;IL1B;TFEC;IRF8;HCLS1;NCOA7;MAPRE3;PPARD;FOXC2;NFAT5;RNASEL;FOXC1;CEBPB;SATB2;DOT1L;MLLT3;RELB;SCAF8;NFIL3;NRIP1;STAT4;HES1;MEF2D;MLXIP;PDX1;KLF4;KLF2;PER1;KLF7;KLF6;KLF5;STING1;TNIP2;ASXL3;LPIN2;PF4
GO_Biological_Process_2023,Positive Regulation Of Myeloid Leukocyte Differentiation (GO:0002763),7/40,0.0106188041784733,0.0960288830423868,0,0,3.224517906336088,14.655849429227176,CCR1;LIF;HCLS1;TNFRSF11A;ZFP36L1;RUNX1;PF4
GO_Biological_Process_2023,Positive Regulation Of GTPase Activity (GO:0043547),24/234,0.0106309019159034,0.0960288830423868,0,0,1.7449500293944735,7.92903590975312,CCL11;CCL22;GPR65;CXCL13;C9ORF72;TIAM2;DOCK10;SNX18;CCL8;CCL7;RGS1;RASGEF1B;CCL5;CCL4;CCL3;CCL2;RAPGEF5;RALGDS;CCL17;RGS6;EPHA2;S100A10;MAP4K4;PICALM
GO_Biological_Process_2023,Negative Regulation Of Epithelial Cell Proliferation (GO:0050680),10/70,0.0107131755687962,0.096283312750873,0,0,2.5360726878220774,11.50433817960657,CDKN2B;DUSP10;TGFB1;RGCC;KLF9;PTPRM;GHRL;SOX9;THBS1;EREG
GO_Biological_Process_2023,Negative Regulation Of Extrinsic Apoptotic Signaling Pathway (GO:2001237),10/70,0.0107131755687962,0.096283312750873,0,0,2.5360726878220774,11.50433817960657,IL1A;NOS3;IL1B;GSTP1;SERPINE1;TNFAIP3;HMOX1;THBS1;BCL2L1;PF4
GO_Biological_Process_2023,Negative Regulation Of Cell-Matrix Adhesion (GO:0001953),6/31,0.0108034552200378,0.0966067767038053,0,0,3.6469099756691,16.512804541057353,CDKN2A;SERPINE1;FAM107A;ARHGAP6;THBS1;MAP4K4
GO_Biological_Process_2023,Positive Regulation Of Rho Protein Signal Transduction (GO:0035025),6/31,0.0108034552200378,0.0966067767038053,0,0,3.6469099756691,16.512804541057353,AKAP13;ADGRG1;P2RY10;GPR65;GPR55;LPAR1
GO_Biological_Process_2023,Negative Regulation Of NF-kappaB Transcription Factor Activity (GO:0032088),11/81,0.0110832406984464,0.0986131341144274,0,0,2.391821777570964,10.768749796801584,NFKBIA;NLRP12;CDKN2A;DDIT3;ZC3H12A;TNFAIP3;IRAK3;COMMD1;KLF4;CD200;HAVCR2
GO_Biological_Process_2023,Regulation Of Interleukin-8 Production (GO:0032677),11/81,0.0110832406984464,0.0986131341144274,0,0,2.391821777570964,10.768749796801584,IL6;SYK;DDIT3;EHHADH;IL1B;SERPINE1;PTPN22;IL17F;CD14;KLF4;CD33
GO_Biological_Process_2023,Plasma Membrane Bounded Cell Projection Morphogenesis (GO:0120039),8/50,0.0111460523736707,0.0989246892715568,0,0,2.896445011798383,13.02435707540384,CNTNAP1;UBB;ATP7A;NGF;SGK1;NYAP2;MYO16;MAP4K4
GO_Biological_Process_2023,Dendritic Cell Chemotaxis (GO:0002407),4/15,0.0115337837683269,0.1013549047690752,0,0,5.520794994479205,24.63640871158604,CCR1;CCL5;CXCR2;CXCR4
GO_Biological_Process_2023,Negative Regulation Of Macrophage Activation (GO:0043031),4/15,0.0115337837683269,0.1013549047690752,0,0,5.520794994479205,24.63640871158604,ZC3H12A;IL31RA;NR1D1;CD200
GO_Biological_Process_2023,Platelet-Derived Growth Factor Receptor Signaling Pathway (GO:0048008),4/15,0.0115337837683269,0.1013549047690752,0,0,5.520794994479205,24.63640871158604,PDGFRA;NR4A3;PLAT;PTPRJ
GO_Biological_Process_2023,Positive Regulation Of Cell Activation (GO:0050867),4/15,0.0115337837683269,0.1013549047690752,0,0,5.520794994479205,24.63640871158604,SELP;GP9;FLNA;GP5
GO_Biological_Process_2023,Negative Regulation Of Cellular Response To Growth Factor Stimulus (GO:0090288),10/71,0.0117974374696951,0.1034164530902584,0,0,2.4943643372594004,11.07466071022679,CADM4;TNFAIP6;GPC1;SPRY4;SPRY2;LRP2;GDF3;CHRDL1;THBS1;SKIL
GO_Biological_Process_2023,Immune Response-Activating Cell Surface Receptor Signaling Pathway (GO:0002429),5/23,0.0119369695467964,0.1038720650783582,0,0,4.219115793264902,18.6827299732238,LYN;FCER1G;C5AR1;C3AR1;SLA2
GO_Biological_Process_2023,Negative Regulation Of Extrinsic Apoptotic Signaling Pathway Via Death Domain Receptors (GO:1902042),5/23,0.0119369695467964,0.1038720650783582,0,0,4.219115793264902,18.6827299732238,NOS3;SERPINE1;TNFAIP3;HMOX1;BCL2L1
GO_Biological_Process_2023,Negative Regulation Of Lymphocyte Activation (GO:0051250),5/23,0.0119369695467964,0.1038720650783582,0,0,4.219115793264902,18.6827299732238,GPNMB;LAPTM5;TNFAIP3;PTPN22;TIGIT
GO_Biological_Process_2023,Regulation Of Phosphorylation (GO:0042325),11/82,0.012105506961329,0.1050817055496834,0,0,2.35800798274992,10.408470796577689,LYN;CDKN1A;CDKN2B;SOCS1;CADM4;CDKN2A;CCL5;SESN2;HSPB1;THBS1;EREG
GO_Biological_Process_2023,Negative Regulation Of Cell Migration (GO:0030336),18/163,0.0123841536117809,0.1072389360202637,0,0,1.89267135474032,8.31135880532401,NDRG4;CITED2;SERPINE1;MAGI2;PTPRJ;RHOB;GJA1;ADGRG1;DUSP10;STK24;NAV3;ARHGDIB;DPEP1;HMOX1;EMILIN2;TIMP1;TRIB1;VCL
GO_Biological_Process_2023,Receptor Internalization (GO:0031623),8/51,0.0125216696780593,0.1081665591849835,0,0,2.828934691024503,12.39156724146539,FCER1G;RAB31;RAMP3;SYK;ITGB2;CXCR2;ADM;PICALM
GO_Biological_Process_2023,Regulation Of Neuron Apoptotic Process (GO:0043523),13/105,0.0128978043784238,0.1111459704184272,0,0,2.151721753315838,9.361491927472704,PRKCG;EGR1;TGFB3;FZD9;KIF14;NGF;UBB;DDIT3;CCL3;CCL2;RETREG1;LGMN;CDK5R1
GO_Biological_Process_2023,Second-Messenger-Mediated Signaling (GO:0019932),10/72,0.0129625211161145,0.1111653316921724,0,0,2.454001417360036,10.664336968927316,LAT2;CHRM3;RCAN1;NOS3;SPHK1;CCL3;EIF2AK3;PDX1;CXCR4;SELE
GO_Biological_Process_2023,Transforming Growth Factor Beta Receptor Signaling Pathway (GO:0007179),10/72,0.0129625211161145,0.1111653316921724,0,0,2.454001417360036,10.664336968927316,GDF9;JUN;NRROS;TGFB1;WFIKKN1;GDF15;TGFB3;ID1;LPXN;FOS
GO_Biological_Process_2023,Fat Cell Differentiation (GO:0045444),9/62,0.0136519303430457,0.1165161153258985,0,0,2.5827887712839392,11.090170457198711,NR4A2;TMEM120B;NR4A1;EGR2;NR4A3;INHBB;METRNL;ATF5;KLF4
GO_Biological_Process_2023,Phosphatidylinositol-Mediated Signaling (GO:0048015),9/62,0.0136519303430457,0.1165161153258985,0,0,2.5827887712839392,11.090170457198711,PDGFRA;PTAFR;GAB2;NYAP2;MYO16;IGF1R;PIK3R5;ZFP36L1;FGFR1
GO_Biological_Process_2023,Modulation By Host Of Symbiont Process (GO:0051851),7/42,0.013807435400529,0.1175613937571359,0,0,3.039935064935065,13.018667938191168,JUN;CTDP1;ROCK2;CCL5;CCL4;CCL3;CHD1
GO_Biological_Process_2023,Regulation Of Protein Phosphorylation (GO:0001932),26/265,0.0138491889134566,0.1176354733722962,0,0,1.661125809311262,7.10883542620366,CDKN1A;ROCK2;ITGB3;ITGB2;HSPB1;KNDC1;C9ORF72;AGER;SOCS1;GPNMB;ZC3H12A;SESN2;SOX9;FGF21;TSPYL2;LYN;CADM4;TGFB1;HGF;EIF2AK3;PLAUR;NRG1;FGR;MARCO;IL1B;PECAM1
GO_Biological_Process_2023,Cardiac Muscle Tissue Development (GO:0048738),8/52,0.0140177455370197,0.1185015590647343,0,0,2.7644930211948897,11.797283808583698,KDM6B;AKAP13;GJA1;ANKRD1;NRG1;SIK1;SCN5A;ADAMTS9
GO_Biological_Process_2023,Cell Cycle G1/S Phase Transition (GO:0044843),8/52,0.0140177455370197,0.1185015590647343,0,0,2.7644930211948897,11.797283808583698,TRIM71;PLK3;CDKN1A;GPR132;MYC;PLK2;BCAT1;USP29
GO_Biological_Process_2023,Lipid Translocation (GO:0034204),5/24,0.0143259461349359,0.1190793692405492,0,0,3.996843811311098,16.969331706424537,ABCC1;ATP8B4;ATP8A2;ABCA4;ATP10D
GO_Biological_Process_2023,Negative Regulation Of Cell Junction Assembly (GO:1901889),5/24,0.0143259461349359,0.1190793692405492,0,0,3.996843811311098,16.969331706424537,ROCK2;IL1B;FAM107A;ARHGAP6;THBS1
GO_Biological_Process_2023,Regulation Of Supramolecular Fiber Organization (GO:1902903),5/24,0.0143259461349359,0.1190793692405492,0,0,3.996843811311098,16.969331706424537,AKAP13;MAP1B;PRUNE1;MAPRE3;C9ORF72
GO_Biological_Process_2023,Negative Regulation Of Blood Vessel Endothelial Cell Migration (GO:0043537),6/33,0.0146318737845332,0.1190793692405492,0,0,3.376408038208525,14.263814686507626,TGFB1;RGCC;GADD45A;NRG1;KLF4;THBS1
GO_Biological_Process_2023,Positive Regulation Of DNA Binding (GO:0043388),6/33,0.0146318737845332,0.1190793692405492,0,0,3.376408038208525,14.263814686507626,FOXC1;TGFB1;PLAUR;HES1;MMP8;NGF
GO_Biological_Process_2023,Regulation Of Protein Polymerization (GO:0032271),6/33,0.0146318737845332,0.1190793692405492,0,0,3.376408038208525,14.263814686507626,FCHSD1;ARHGAP40;PRUNE1;HCLS1;ESAM;MAPRE3
GO_Biological_Process_2023,Negative Regulation Of Chemokine Production (GO:0032682),4/16,0.0146373319359151,0.1190793692405492,0,0,5.060458839406208,21.376289181530435,IL6;GSTP1;KLF4;MEFV
GO_Biological_Process_2023,Positive Regulation Of Homotypic Cell-Cell Adhesion (GO:0034112),4/16,0.0146373319359151,0.1190793692405492,0,0,5.060458839406208,21.376289181530435,IL6;CCL5;PLAUR;EMILIN2
GO_Biological_Process_2023,Regulation Of Establishment Of Endothelial Barrier (GO:1903140),4/16,0.0146373319359151,0.1190793692405492,0,0,5.060458839406208,21.376289181530435,ROCK2;IL1B;S1PR3;VCL
GO_Biological_Process_2023,Peptidyl-Serine Modification (GO:0018209),18/166,0.0147356866711742,0.1190793692405492,0,0,1.8540075702237864,7.819245525182564,PRKCG;PRKCH;CAMK1D;PNCK;DMPK;PRKCB;ROCK2;PLK2;PRKCD;STK39;EIF2AK3;PRKX;CSNK1E;MAPKAPK2;PDK3;PCK1;SGK1;CDK5R1
GO_Biological_Process_2023,B Cell Homeostasis (GO:0001782),3/9,0.0150229381255989,0.1190793692405492,0,0,7.586974110032362,31.851460493263268,DOCK10;LYN;TNFAIP3
GO_Biological_Process_2023,Carbohydrate Phosphorylation (GO:0046835),3/9,0.0150229381255989,0.1190793692405492,0,0,7.586974110032362,31.851460493263268,HKDC1;HK2;HK1
GO_Biological_Process_2023,Granulocyte Migration (GO:0097530),3/9,0.0150229381255989,0.1190793692405492,0,0,7.586974110032362,31.851460493263268,ITGB2;CCL3;CD177
GO_Biological_Process_2023,Muscle Cell Migration (GO:0014812),3/9,0.0150229381255989,0.1190793692405492,0,0,7.586974110032362,31.851460493263268,ITGB3;CCN3;PLAT
GO_Biological_Process_2023,Myelin Assembly (GO:0032288),3/9,0.0150229381255989,0.1190793692405492,0,0,7.586974110032362,31.851460493263268,CNTNAP1;GPC1;PMP22
GO_Biological_Process_2023,Negative Regulation Of Hormone Secretion (GO:0046888),3/9,0.0150229381255989,0.1190793692405492,0,0,7.586974110032362,31.851460493263268,GJA1;IL1B;LIF
GO_Biological_Process_2023,Negative Regulation Of Lipid Localization (GO:1905953),3/9,0.0150229381255989,0.1190793692405492,0,0,7.586974110032362,31.851460493263268,NFKBIA;IL6;ITGB3
GO_Biological_Process_2023,Negative Regulation Of Sodium Ion Transmembrane Transport (GO:1902306),3/9,0.0150229381255989,0.1190793692405492,0,0,7.586974110032362,31.851460493263268,HECW2;STK39;COMMD1
GO_Biological_Process_2023,Negative Regulation Of Vascular Endothelial Growth Factor Signaling Pathway (GO:1900747),3/9,0.0150229381255989,0.1190793692405492,0,0,7.586974110032362,31.851460493263268,SPRY2;NRG1;DCN
GO_Biological_Process_2023,Positive Regulation Of T Cell Apoptotic Process (GO:0070234),3/9,0.0150229381255989,0.1190793692405492,0,0,7.586974110032362,31.851460493263268,CD274;CCL5;PDCD1
GO_Biological_Process_2023,Positive Regulation Of Lipase Activity (GO:0060193),3/9,0.0150229381255989,0.1190793692405492,0,0,7.586974110032362,31.851460493263268,RHOC;FGFR1;PLIN5
GO_Biological_Process_2023,Positive Regulation Of Platelet Activation (GO:0010572),3/9,0.0150229381255989,0.1190793692405492,0,0,7.586974110032362,31.851460493263268,SELP;GP9;GP5
GO_Biological_Process_2023,Positive Regulation Of Vascular Endothelial Growth Factor Receptor Signaling Pathway (GO:0030949),3/9,0.0150229381255989,0.1190793692405492,0,0,7.586974110032362,31.851460493263268,PRKCB;IL1B;ITGB3
GO_Biological_Process_2023,Protein Localization To Microtubule Cytoskeleton (GO:0072698),3/9,0.0150229381255989,0.1190793692405492,0,0,7.586974110032362,31.851460493263268,MAPRE3;FAM83D;MID1
GO_Biological_Process_2023,Regulation Of Cell-Cell Adhesion Mediated By Integrin (GO:0033632),3/9,0.0150229381255989,0.1190793692405492,0,0,7.586974110032362,31.851460493263268,CCL5;CXCL13;FERMT3
GO_Biological_Process_2023,Regulation Of Mast Cell Activation (GO:0033003),3/9,0.0150229381255989,0.1190793692405492,0,0,7.586974110032362,31.851460493263268,LYN;PLSCR1;CD300LF
GO_Biological_Process_2023,Regulation Of Myeloid Leukocyte Mediated Immunity (GO:0002886),3/9,0.0150229381255989,0.1190793692405492,0,0,7.586974110032362,31.851460493263268,LYN;SYK;DNASE1
GO_Biological_Process_2023,Serine Family Amino Acid Catabolic Process (GO:0009071),3/9,0.0150229381255989,0.1190793692405492,0,0,7.586974110032362,31.851460493263268,SDS;GLDC;SDSL
GO_Biological_Process_2023,Regulation Of Protein Kinase Activity (GO:0045859),14/119,0.0154148829147752,0.1219145962081891,0,0,2.0305850340136056,8.472457289498758,TSPYL2;CDKN1A;GSTP1;C5AR1;HSPB1;IQGAP1;EREG;FGR;RASSF2;UBASH3B;CAMK2N2;TRIB3;MAPRE3;TRIB1
GO_Biological_Process_2023,Positive Regulation Of Endothelial Cell Migration (GO:0010595),11/85,0.01560498082869,0.12233464095125,0,0,2.262049916365877,9.410501188448542,FOXC2;TGFB1;ROCK2;NOS3;ITGB3;ZC3H12A;HSPB1;THBS1;RHOB;FGFR1;LGMN
GO_Biological_Process_2023,Intracellular Glucose Homeostasis (GO:0001678),7/43,0.0156350611502282,0.12233464095125,0,0,2.955334595959596,12.28898868903644,HKDC1;PDK3;NR1D1;PCK1;HK2;HK1;IGF1R
GO_Biological_Process_2023,Actin Polymerization Or Depolymerization (GO:0008154),8/53,0.0156398599698844,0.12233464095125,0,0,2.702915425579926,11.238539885302623,PSTPIP1;GSN;AVIL;FAM107A;SPIRE1;CAPG;GHRL;ARHGAP6
GO_Biological_Process_2023,Blood Vessel Morphogenesis (GO:0048514),8/53,0.0156398599698844,0.12233464095125,0,0,2.702915425579926,11.238539885302623,FLT1;TGFB1;SYK;LOX;ID1;HES1;TNNI3;RASIP1
GO_Biological_Process_2023,Positive Regulation Of Chemokine Production (GO:0032722),8/53,0.0156398599698844,0.12233464095125,0,0,2.702915425579926,11.238539885302623,EGR1;IL6;SYK;IL1B;TNFSF4;HMOX1;IL17F;AGER
GO_Biological_Process_2023,Positive Regulation Of Macroautophagy (GO:0016239),9/64,0.0166116500361349,0.1296510142074651,0,0,2.4886031042128605,10.197427049266269,GPSM1;SNX18;SPTLC2;STING1;HSPB8;SESN2;PIP4K2A;C9ORF72;DCN
GO_Biological_Process_2023,Cellular Response To Amyloid-Beta (GO:1904646),6/34,0.0168608450095891,0.1302850076980031,0,0,3.25564824469934,13.292034361887248,GJA1;VCAM1;CASP4;AGER;IGF1R;LGMN
GO_Biological_Process_2023,Negative Regulation Of JNK Cascade (GO:0046329),6/34,0.0168608450095891,0.1302850076980031,0,0,3.25564824469934,13.292034361887248,PER1;DUSP10;GSTP1;PTPN22;DUSP16;ANKS1B
GO_Biological_Process_2023,Positive Regulation Of Neuron Death (GO:1901216),6/34,0.0168608450095891,0.1302850076980031,0,0,3.25564824469934,13.292034361887248,C1QA;DDIT3;ITGB2;CCL3;CDK5R1;PICALM
GO_Biological_Process_2023,Regulation Of T Cell Receptor Signaling Pathway (GO:0050856),6/34,0.0168608450095891,0.1302850076980031,0,0,3.25564824469934,13.292034361887248,LAPTM5;PTPN22;PTPRJ;UBASH3A;SLA2;KCNN4
GO_Biological_Process_2023,Positive Regulation Of Phosphorylation (GO:0042327),23/231,0.0168759169847652,0.1302850076980031,0,0,1.6871164916497976,6.886586319918204,LYN;PDGFRA;CDKN1A;TGFB1;FLT1;ROCK2;HGF;ITGB3;PLAUR;KNDC1;AGER;THBS1;EREG;IGF1R;MARCO;GPNMB;IL1B;CCL5;PECAM1;SOX9;EPHA2;FGF21;FGFR1
GO_Biological_Process_2023,Regulation Of Protein Processing (GO:0070613),5/25,0.0170156271955914,0.1310792579850861,0,0,3.7967990275526735,15.466728264087967,SERPINE2;PLAUR;ADAM8;CHAC1;RUNX1
GO_Biological_Process_2023,ERBB Signaling Pathway (GO:0038127),8/54,0.0173934785137375,0.1334124785137757,0,0,2.6440151167308303,10.712650132060496,BTC;TGFB1;NRG1;SOX9;IQGAP1;AREG;EREG;HBEGF
GO_Biological_Process_2023,Regulation Of Lipid Metabolic Process (GO:0019216),8/54,0.0173934785137375,0.1334124785137757,0,0,2.6440151167308303,10.712650132060496,IL1B;IRS2;RORA;NR1D1;CCDC3;PCK1;PLPP1;PPARD
GO_Biological_Process_2023,Regulation Of Insulin Receptor Signaling Pathway (GO:0046626),7/44,0.01762793927443,0.1349200771563365,0,0,2.8753071253071254,11.611267013395924,PTPRE;SOCS1;PRKCB;IL1B;PRKCD;PIP4K2A;SORBS1
GO_Biological_Process_2023,Regulation Of DNA-templated Transcription (GO:0006355),141/1922,0.0180964642842098,0.1365234458774772,0,0,1.2243075818521552,4.911969403019625,EPO;CD80;PRDM5;JMJD1C;RORA;BACH1;ETS2;BACH2;BASP1;MYC;SOX9;TNFRSF4;JUNB;PRKCB;MAMSTR;EBF1;ARID5A;EBF2;TBR1;FOXP2;EREG;RUNX1;MORF4L1;DDIT3;ERF;DPEP1;TRIB3;ZSCAN25;ATF5;HOXB7;ATF3;ZFP36L2;SBNO2;HIVEP2;EGR1;JUN;EGR2;EGR3;TFAP2D;JUND;TGFB1;TGFB3;ZBTB16;IL31RA;ZBTB10;HMGA1;IRF2BP2;ZBTB11;NR1D1;FLI1;FOSL2;FOSL1;NR4A2;NR4A1;GCLC;IL6;NR4A3;TNFSF4;ID1;BHLHE40;MAFF;MDM2;NFE2L3;ID4;REL;ID3;GTF2IRD1;MAFK;LHX4;MXD1;ZBTB8B;LHX9;PICALM;PRR7;BTG1;CITED2;MIDEAS;CHD7;BHLHE41;HIF3A;CHD2;CHD1;DNMT3L;TRPS1;ANKRD1;CD38;HAVCR2;BRD2;KLF11;NRG1;FOS;BAZ1A;PAX1;TOX2;ELF4;IL1B;TFEC;IRF8;HCLS1;NCOA7;TESMIN;MAPRE3;LCORL;JDP2;PPARD;FOXC2;NFAT5;FOXC1;CEBPB;CEBPD;SATB1;SATB2;MLLT3;RELB;CIART;FOXS1;MNT;BTAF1;NFIL3;STAT4;HES1;SPDEF;MLXIP;KDM4A;CDKN2A;PDX1;KLF4;KLF3;KLF2;BATF;PER1;KLF7;KLF6;KLF5;NR6A1;TNIP2;TNIP3;KLF9;FOSB;MAMLD1;CDK5R1
GO_Biological_Process_2023,"DNA Damage Response, Signal Transduction By P53 Class Mediator Resulting In Cell Cycle Arrest (GO:0006977)",4/17,0.0182210274773255,0.1365234458774772,0,0,4.670943631267518,18.70796532304333,PLK3;CDKN1A;PLK2;MDM2
GO_Biological_Process_2023,Carbohydrate Derivative Transport (GO:1901264),4/17,0.0182210274773255,0.1365234458774772,0,0,4.670943631267518,18.70796532304333,SLC15A2;EHHADH;SLC15A3;MFSD2A
GO_Biological_Process_2023,Leukocyte Tethering Or Rolling (GO:0050901),4/17,0.0182210274773255,0.1365234458774772,0,0,4.670943631267518,18.70796532304333,SELP;VCAM1;SELL;SELE
GO_Biological_Process_2023,Myeloid Cell Activation Involved In Immune Response (GO:0002275),4/17,0.0182210274773255,0.1365234458774772,0,0,4.670943631267518,18.70796532304333,SBNO2;FCER1G;SYK;EHHADH
GO_Biological_Process_2023,Positive Regulation Of SMAD Protein Signal Transduction (GO:0060391),4/17,0.0182210274773255,0.1365234458774772,0,0,4.670943631267518,18.70796532304333,TGFB1;RBPMS;TGFB3;BMP6
GO_Biological_Process_2023,Positive Regulation Of Alpha-Beta T Cell Proliferation (GO:0046641),4/17,0.0182210274773255,0.1365234458774772,0,0,4.670943631267518,18.70796532304333,SYK;TNFSF4;PTPN22;CD55
GO_Biological_Process_2023,Positive Regulation Of Macrophage Activation (GO:0043032),4/17,0.0182210274773255,0.1365234458774772,0,0,4.670943631267518,18.70796532304333,TNIP2;EHHADH;MMP8;THBS1
GO_Biological_Process_2023,Regulation Of Glucose Transmembrane Transport (GO:0010827),4/17,0.0182210274773255,0.1365234458774772,0,0,4.670943631267518,18.70796532304333,NR4A3;PRKCB;IL1B;TRIB3
GO_Biological_Process_2023,Regulation Of Leukocyte Chemotaxis (GO:0002688),4/17,0.0182210274773255,0.1365234458774772,0,0,4.670943631267518,18.70796532304333,LYN;IL6;CAMK1D;SLC8B1
GO_Biological_Process_2023,Positive Regulation Of Interleukin-6 Production (GO:0032755),10/76,0.018500741590036,0.1380380279223025,0,0,2.3047809256108684,9.19594788969592,IL1A;IL6;SYK;EHHADH;IL1B;TNFSF4;IL17F;MMP8;RAB7B;EREG
GO_Biological_Process_2023,Regulation Of Ras Protein Signal Transduction (GO:0046578),10/76,0.018500741590036,0.1380380279223025,0,0,2.3047809256108684,9.19594788969592,EPS8;CADM4;EPO;ARHGEF28;ARHGDIB;SPRY4;KIF14;SPRY2;NGF;SQSTM1
GO_Biological_Process_2023,Positive Regulation Of Tyrosine Phosphorylation Of STAT Protein (GO:0042531),8/55,0.0192839285031014,0.143195918717361,0,0,2.5876212040029727,10.217178981406956,LYN;IL6;EPO;CCL5;IL31RA;LIF;HCLS1;HES1
GO_Biological_Process_2023,Endoderm Formation (GO:0001706),6/35,0.0193127398101526,0.143195918717361,0,0,3.1432167128114776,12.406245898415303,DUSP4;DUSP5;DUSP2;DUSP1;ITGB2;MMP8
GO_Biological_Process_2023,Negative Regulation Of Cell Cycle G1/S Phase Transition (GO:1902807),6/35,0.0193127398101526,0.143195918717361,0,0,3.1432167128114776,12.406245898415303,CDKN1A;GPNMB;FAM107A;CCL2;KLF4;MYO16
GO_Biological_Process_2023,Epidermal Growth Factor Receptor Signaling Pathway (GO:0007173),7/45,0.0197930250938584,0.1459945713230075,0,0,2.7994916267942584,10.980797823609892,BTC;TGFB1;IQGAP1;SOX9;AREG;EREG;HBEGF
GO_Biological_Process_2023,Hexose Metabolic Process (GO:0019318),7/45,0.0197930250938584,0.1459945713230075,0,0,2.7994916267942584,10.980797823609892,HKDC1;IRS2;GHRL;PCK1;HK2;HK1;PPARD
GO_Biological_Process_2023,Regulation Of Endothelial Cell Migration (GO:0010594),11/88,0.0198132559564519,0.1459945713230075,0,0,2.173569101907864,8.523442728172611,FOXC2;ROCK2;ITGB3;ZC3H12A;RHOJ;PTPRM;ADAMTS9;THBS1;DCN;RHOB;EPHA2
GO_Biological_Process_2023,Cellular Response To BMP Stimulus (GO:0071773),9/66,0.0200149707152273,0.1461123361282354,0,0,2.401026957637997,9.391076112710357,TMEM100;GDF9;TGFB1;TGFB3;INHBB;SOX9;GDF3;BMP6;INHBE
GO_Biological_Process_2023,Negative Regulation Of Immune Response (GO:0050777),9/66,0.0200149707152273,0.1461123361282354,0,0,2.401026957637997,9.391076112710357,FGR;LYN;SYK;PLK2;RHBDF2;TNFAIP3;IRAK3;PDCD1;HAVCR2
GO_Biological_Process_2023,Plasma Membrane Invagination (GO:0099024),5/26,0.0200198192155894,0.1461123361282354,0,0,3.61580612796172,14.141535407890029,MARCO;SNX18;GSN;ITGB2;SPIRE1
GO_Biological_Process_2023,L-serine Metabolic Process (GO:0006563),3/10,0.0204861072570917,0.1461123361282354,0,0,6.502773925104022,25.28283910666866,SDS;PSAT1;SDSL
GO_Biological_Process_2023,Alpha-Amino Acid Biosynthetic Process (GO:1901607),3/10,0.0204861072570917,0.1461123361282354,0,0,6.502773925104022,25.28283910666866,SDS;BCAT1;SDSL
GO_Biological_Process_2023,Negative Regulation Of Activated T Cell Proliferation (GO:0046007),3/10,0.0204861072570917,0.1461123361282354,0,0,6.502773925104022,25.28283910666866,CD274;CRTAM;PDCD1LG2
GO_Biological_Process_2023,Negative Regulation Of Hemostasis (GO:1900047),3/10,0.0204861072570917,0.1461123361282354,0,0,6.502773925104022,25.28283910666866,THBD;SERPINE2;SERPINE1
GO_Biological_Process_2023,Negative Regulation Of Homotypic Cell-Cell Adhesion (GO:0034111),3/10,0.0204861072570917,0.1461123361282354,0,0,6.502773925104022,25.28283910666866,SERPINE2;PRKCD;ALOX12
GO_Biological_Process_2023,Positive Regulation Of Lipid Localization (GO:1905954),3/10,0.0204861072570917,0.1461123361282354,0,0,6.502773925104022,25.28283910666866,HILPDA;ZC3H12A;PLIN5
GO_Biological_Process_2023,Positive Regulation Of Macrophage Differentiation (GO:0045651),3/10,0.0204861072570917,0.1461123361282354,0,0,6.502773925104022,25.28283910666866,TGFB1;LIF;PF4
GO_Biological_Process_2023,Positive Regulation Of Transforming Growth Factor Beta Production (GO:0071636),3/10,0.0204861072570917,0.1461123361282354,0,0,6.502773925104022,25.28283910666866,PTGS2;THBS1;CD200
GO_Biological_Process_2023,Regulation Of Biosynthetic Process (GO:0009889),3/10,0.0204861072570917,0.1461123361282354,0,0,6.502773925104022,25.28283910666866,GSTP1;PCK1;SLC25A33
GO_Biological_Process_2023,Regulation Of Cysteine-Type Endopeptidase Activity Involved In Apoptotic Signaling Pathway (GO:2001267),3/10,0.0204861072570917,0.1461123361282354,0,0,6.502773925104022,25.28283910666866,PRR7;GSN;PLAUR
GO_Biological_Process_2023,Regulation Of Toll-Like Receptor 9 Signaling Pathway (GO:0034163),3/10,0.0204861072570917,0.1461123361282354,0,0,6.502773925104022,25.28283910666866,RSAD2;PTPN22;RAB7B
GO_Biological_Process_2023,Regulation Of Triglyceride Catabolic Process (GO:0010896),3/10,0.0204861072570917,0.1461123361282354,0,0,6.502773925104022,25.28283910666866,APOA4;PLIN5;PNPLA2
GO_Biological_Process_2023,Response To Sterol (GO:0036314),3/10,0.0204861072570917,0.1461123361282354,0,0,6.502773925104022,25.28283910666866,TGFB1;CCL3;RORA
GO_Biological_Process_2023,Calcium Ion Transport (GO:0006816),13/112,0.0211597491666574,0.1506150945682675,0,0,1.998830062451596,7.706798177376177,CCR1;RAMP3;ANO6;SLC3A2;SLC8A1;SLC8A2;TRPM2;CCL8;CCL5;CDH23;CCL3;KCNN4;MS4A1
GO_Biological_Process_2023,Regulation Of Reactive Oxygen Species Metabolic Process (GO:2000377),8/56,0.0213163761455798,0.1514271111818733,0,0,2.533577037638776,9.749913002629494,CDKN1A;GADD45A;ZC3H12A;PDK3;ACOD1;THBS1;SLC25A33;PLIN5
GO_Biological_Process_2023,Enzyme-Linked Receptor Protein Signaling Pathway (GO:0007167),14/124,0.0213710369005076,0.1515129887030011,0,0,1.9377662337662336,7.452103821101863,LYN;PDGFRA;FLT1;SYK;IL31RA;LIF;NGF;GUCY2F;FGR;DOK3;BDKRB2;MPZL1;EPHA2;FGFR1
GO_Biological_Process_2023,Regulation Of Innate Immune Response (GO:0045088),10/78,0.0218443876267685,0.1541338522288817,0,0,2.236753936725219,8.55292486588463,FGR;PLSCR1;CCL5;TNFAIP3;PTPN22;IRAK3;ADAM8;LRP8;EREG;BIRC3
GO_Biological_Process_2023,Regulation Of Neurogenesis (GO:0050767),9/67,0.0218932952656278,0.1541338522288817,0,0,2.359503784693019,9.01702030150734,IL6;CCL11;IL1B;BHLHE40;BHLHE41;PRUNE1;HES1;LRP2;S100A10
GO_Biological_Process_2023,"DNA Damage Response, Signal Transduction By P53 Class Mediator (GO:0030330)",6/36,0.0219966231133101,0.1541338522288817,0,0,3.038280616382806,11.596710992614192,PLK3;CDKN1A;PLK2;SESN2;MDM2;BATF
GO_Biological_Process_2023,Regulation Of Nervous System Development (GO:0051960),7/46,0.022136967181974,0.1541338522288817,0,0,2.727564102564102,10.393400318493132,IL1B;BHLHE40;BHLHE41;KIF14;PRUNE1;HES1;S100A10
GO_Biological_Process_2023,Actin Filament Capping (GO:0051693),4/18,0.0223037184315465,0.1541338522288817,0,0,4.337073452862927,16.493898445524998,EPS8;GSN;AVIL;CAPG
GO_Biological_Process_2023,Barbed-End Actin Filament Capping (GO:0051016),4/18,0.0223037184315465,0.1541338522288817,0,0,4.337073452862927,16.493898445524998,EPS8;GSN;AVIL;CAPG
GO_Biological_Process_2023,Negative Regulation Of ERBB Signaling Pathway (GO:1901185),4/18,0.0223037184315465,0.1541338522288817,0,0,4.337073452862927,16.493898445524998,ERRFI1;PTPRJ;PTPN12;LGMN
GO_Biological_Process_2023,Negative Regulation Of Lipid Catabolic Process (GO:0050995),4/18,0.0223037184315465,0.1541338522288817,0,0,4.337073452862927,16.493898445524998,IL1B;CIDEC;MFSD2A;PLIN5
GO_Biological_Process_2023,Negative Regulation Of Lipid Storage (GO:0010888),4/18,0.0223037184315465,0.1541338522288817,0,0,4.337073452862927,16.493898445524998,NFKBIA;IL6;ITGB3;PNPLA2
GO_Biological_Process_2023,Negative Regulation Of Peptide Hormone Secretion (GO:0090278),4/18,0.0223037184315465,0.1541338522288817,0,0,4.337073452862927,16.493898445524998,MIDN;BMP8A;INHBB;CCN3
GO_Biological_Process_2023,Positive Regulation Of Extracellular Matrix Organization (GO:1903055),4/18,0.0223037184315465,0.1541338522288817,0,0,4.337073452862927,16.493898445524998,IL6;TGFB1;RGCC;RUNX1
GO_Biological_Process_2023,Positive Regulation Of Focal Adhesion Assembly (GO:0051894),4/18,0.0223037184315465,0.1541338522288817,0,0,4.337073452862927,16.493898445524998,NRG1;PTPRJ;MAP4K4;S100A10
GO_Biological_Process_2023,Positive Regulation Of Triglyceride Metabolic Process (GO:0090208),4/18,0.0223037184315465,0.1541338522288817,0,0,4.337073452862927,16.493898445524998,APOA4;MFSD2A;PLIN5;PNPLA2
GO_Biological_Process_2023,Positive Regulation Of Cellular Component Organization (GO:0051130),13/113,0.0226041801964907,0.1559075141847103,0,0,1.9787357259380096,7.498657323406639,PPP1R15A;TGFB1;SYK;FRMPD4;TGFB3;MMP3;NRG1;RHOC;IGF1R;RUNX1;BCL2L11;CDC42EP2;S100A10
GO_Biological_Process_2023,Regulation Of Mitotic Cell Cycle (GO:0007346),14/125,0.0227451681170436,0.1565765054710994,0,0,1.9202059202059203,7.264911968508938,BTG3;BTG2;FOXC1;BTG1;SPHK1;ASNS;IQGAP1;CDC16;MDM2;PIM3;HECA;SIK1;SOX9;LGMN
GO_Biological_Process_2023,Proteolysis (GO:0006508),30/330,0.022979689075644,0.1578855471432762,0,0,1.5269644334160464,5.761457509936605,HTRA1;CXCR4;PLAT;LRP8;WFDC2;ADAMTS4;ENDOU;ADAMTS15;THBD;ADAMTS2;CTSL;ADAMTS1;ADAM23;CASP4;OLR1;CPXM1;ADAMTS9;SRGN;NAPSA;ACE;MMP7;HGF;MMP3;MMP8;CLPX;ADAM2;MDM2;ADAM8;FBXL2;LGMN
GO_Biological_Process_2023,Protein Autophosphorylation (GO:0046777),17/162,0.0232650976543592,0.1585988482931035,0,0,1.7860601614086573,6.717016834325412,LYN;PDGFRA;MAP3K3;FLT1;STK39;EIF2AK3;PRKX;IGF1R;FGR;GRK5;STK24;STK17B;MAPKAPK2;PIM1;PIM3;SIK1;FGFR1
GO_Biological_Process_2023,Positive Regulation Of Cytosolic Calcium Ion Concentration Involved In Phospholipase C-activating G Protein-Coupled Signaling Pathway (GO:0051482),5/27,0.0233508840982259,0.1585988482931035,0,0,3.451267128333579,12.96682624658504,P2RY10;GPR65;GPR55;LPAR1;C3AR1
GO_Biological_Process_2023,Positive Regulation Of Mitotic Cell Cycle (GO:0045931),5/27,0.0233508840982259,0.1585988482931035,0,0,3.451267128333579,12.96682624658504,SPHK1;MDM2;ASNS;HES1;LGMN
GO_Biological_Process_2023,Positive Regulation Of Nitric Oxide Biosynthetic Process (GO:0045429),5/27,0.0233508840982259,0.1585988482931035,0,0,3.451267128333579,12.96682624658504,IL1B;PTGS2;KLF4;MMP8;KLF2
GO_Biological_Process_2023,Regulation Of SMAD Protein Signal Transduction (GO:0060390),5/27,0.0233508840982259,0.1585988482931035,0,0,3.451267128333579,12.96682624658504,TGFB1;RBPMS;TGFB3;CCN3;BMP6
GO_Biological_Process_2023,Regulation Of Extrinsic Apoptotic Signaling Pathway In Absence Of Ligand (GO:2001239),5/27,0.0233508840982259,0.1585988482931035,0,0,3.451267128333579,12.96682624658504,IL1A;IL1B;BCL2L1;FGFR1;PF4
GO_Biological_Process_2023,Response To Endoplasmic Reticulum Stress (GO:0034976),13/114,0.0241206005674809,0.1635146998469805,0,0,1.959039297078158,7.296812136623109,PPP1R15A;JUN;CEBPB;EIF2AK3;TNFRSF10B;THBS1;BBC3;BCL2L11;DDIT3;CASP4;TRIB3;CHAC1;ATF3
GO_Biological_Process_2023,Adenylate Cyclase-Modulating G Protein-Coupled Receptor Signaling Pathway (GO:0007188),17/163,0.0245320580073331,0.1659878221446742,0,0,1.7737315875613748,6.576596797498203,RAMP3;HTR1F;GPR65;LPAR1;ADCY3;ADM;ADGRE1;AKAP12;GNA13;CXCL10;MARCO;ADGRG1;GRK5;RGS1;GPR171;ADGRG6;PF4
GO_Biological_Process_2023,Negative Regulation Of Endothelial Cell Proliferation (GO:0001937),6/37,0.0249208966648145,0.1676625165029772,0,0,2.9401145906914685,10.855045970092142,FLT1;RGCC;PTPRM;CCL2;GHRL;THBS1
GO_Biological_Process_2023,Negative Regulation Of Smooth Muscle Cell Proliferation (GO:0048662),6/37,0.0249208966648145,0.1676625165029772,0,0,2.9401145906914685,10.855045970092142,CDKN1A;NDRG4;TGFB3;TNFAIP3;HMOX1;TRIB1
GO_Biological_Process_2023,Regulation Of Vascular Associated Smooth Muscle Cell Proliferation (GO:1904705),6/37,0.0249208966648145,0.1676625165029772,0,0,2.9401145906914685,10.855045970092142,CDKN1A;GJA1;JUN;NR4A3;TGFB3;MEF2D
GO_Biological_Process_2023,Regulation Of Protein Localization To Plasma Membrane (GO:1903076),10/80,0.0256061568884141,0.1698992997857643,0,0,2.1726142043473207,7.962462579130719,PRKCH;RAMP3;TGFB1;STX3;SORBS1;SQSTM1;MRAP2;EPHA2;BCL2L1;PICALM
GO_Biological_Process_2023,Muscle Organ Development (GO:0007517),8/58,0.025826992437201,0.1698992997857643,0,0,2.4319740048740863,8.89211195391564,CXCL10;TAGLN;EGR3;ITGA11;FHL3;CHD2;MEF2D;HBEGF
GO_Biological_Process_2023,Regulation Of Bone Mineralization (GO:0030500),8/58,0.025826992437201,0.1698992997857643,0,0,2.4319740048740863,8.89211195391564,SRGN;CCR1;BMP2K;CCL3;FZD9;ANO6;SLC8A1;BMP6
GO_Biological_Process_2023,Regulation Of Neuron Death (GO:1901214),8/58,0.025826992437201,0.1698992997857643,0,0,2.4319740048740863,8.89211195391564,C1QA;EGR1;GPNMB;UBB;ITGB2;KIF14;CD200;PICALM
GO_Biological_Process_2023,Cellular Response To Organic Cyclic Compound (GO:0071407),16/152,0.026452576209191,0.1698992997857643,0,0,1.7916406137270935,6.507958458045854,EGR1;TGFB1;RAMP3;TIPARP;ROCK2;ADCY3;RORA;ZFP36L1;NR4A3;STING1;IL1B;CCL5;ZC3H12A;NRIP1;CCL3;CCL2
GO_Biological_Process_2023,Intracellular Monoatomic Cation Homeostasis (GO:0030003),19/190,0.0268889976387216,0.1698992997857643,0,0,1.6930783242258651,6.12223570256627,CCR1;ALAS2;CCL11;DMPK;SLC8B1;SLC8A1;BMP6;SLC8A2;CCL8;CCL7;MYC;FXYD2;CCL5;CCL3;HMOX1;TESMIN;TNNI3;ATP7A;PICALM
GO_Biological_Process_2023,Actin Crosslink Formation (GO:0051764),3/11,0.026892832553798,0.1698992997857643,0,0,5.689623786407767,20.573084907661805,EPS8;BAIAP2L1;FLNA
GO_Biological_Process_2023,Aspartate Family Amino Acid Catabolic Process (GO:0009068),3/11,0.026892832553798,0.1698992997857643,0,0,5.689623786407767,20.573084907661805,SDS;GOT1;SDSL
GO_Biological_Process_2023,Cellular Response To Superoxide (GO:0071451),3/11,0.026892832553798,0.1698992997857643,0,0,5.689623786407767,20.573084907661805,NOS3;APOA4;ATP7A
GO_Biological_Process_2023,Macrophage Activation Involved In Immune Response (GO:0002281),3/11,0.026892832553798,0.1698992997857643,0,0,5.689623786407767,20.573084907661805,SBNO2;SYK;EHHADH
GO_Biological_Process_2023,"Negative Regulation Of CD4-positive, Alpha-Beta T Cell Activation (GO:2000515)",3/11,0.026892832553798,0.1698992997857643,0,0,5.689623786407767,20.573084907661805,CD274;TARM1;RUNX1
GO_Biological_Process_2023,Negative Regulation Of Platelet-Derived Growth Factor Receptor Signaling Pathway (GO:0010642),3/11,0.026892832553798,0.1698992997857643,0,0,5.689623786407767,20.573084907661805,NDRG4;PTPRJ;PTPN12
GO_Biological_Process_2023,Neutrophil Activation Involved In Immune Response (GO:0002283),3/11,0.026892832553798,0.1698992997857643,0,0,5.689623786407767,20.573084907661805,FCER1G;SYK;DNASE1
GO_Biological_Process_2023,Podocyte Differentiation (GO:0072112),3/11,0.026892832553798,0.1698992997857643,0,0,5.689623786407767,20.573084907661805,MYO1E;MAGI2;IQGAP1
GO_Biological_Process_2023,Polyamine Metabolic Process (GO:0006595),3/11,0.026892832553798,0.1698992997857643,0,0,5.689623786407767,20.573084907661805,SMOX;SAT1;SLC38A2
GO_Biological_Process_2023,Positive Regulation Of Coagulation (GO:0050820),3/11,0.026892832553798,0.1698992997857643,0,0,5.689623786407767,20.573084907661805,SERPINE1;EMILIN2;THBS1
GO_Biological_Process_2023,Positive Regulation Of Hemostasis (GO:1900048),3/11,0.026892832553798,0.1698992997857643,0,0,5.689623786407767,20.573084907661805,SERPINE1;EMILIN2;THBS1
GO_Biological_Process_2023,"Regulation Of CD4-positive, Alpha-Beta T Cell Differentiation (GO:0043370)",3/11,0.026892832553798,0.1698992997857643,0,0,5.689623786407767,20.573084907661805,SOCS1;TNFSF4;RUNX1
GO_Biological_Process_2023,Regulation Of T-helper 17 Cell Differentiation (GO:2000319),3/11,0.026892832553798,0.1698992997857643,0,0,5.689623786407767,20.573084907661805,NFKBIZ;ZC3H12A;JUNB
GO_Biological_Process_2023,Regulation Of Astrocyte Differentiation (GO:0048710),3/11,0.026892832553798,0.1698992997857643,0,0,5.689623786407767,20.573084907661805,IL6;SERPINE2;HES1
GO_Biological_Process_2023,Regulation Of Leukocyte Tethering Or Rolling (GO:1903236),3/11,0.026892832553798,0.1698992997857643,0,0,5.689623786407767,20.573084907661805,SELP;ENC1;SELE
GO_Biological_Process_2023,Regulation Of Monocyte Chemotactic Protein-1 Production (GO:0071637),3/11,0.026892832553798,0.1698992997857643,0,0,5.689623786407767,20.573084907661805,SYK;GSTP1;IL1B
GO_Biological_Process_2023,Interleukin-1-Mediated Signaling Pathway (GO:0070498),4/19,0.0269001500292844,0.1698992997857643,0,0,4.047719298245614,14.635028672460956,IL1R1;TNIP2;IL1B;IRAK3
GO_Biological_Process_2023,Linoleic Acid Metabolic Process (GO:0043651),4/19,0.0269001500292844,0.1698992997857643,0,0,4.047719298245614,14.635028672460956,GSTP1;ELOVL3;GSTA1;ALOX12
GO_Biological_Process_2023,Negative Regulation Of Leukocyte Cell-Cell Adhesion (GO:1903038),4/19,0.0269001500292844,0.1698992997857643,0,0,4.047719298245614,14.635028672460956,GPNMB;LAPTM5;PTPN22;TIGIT
GO_Biological_Process_2023,Regulation Of Fibroblast Growth Factor Receptor Signaling Pathway (GO:0040036),4/19,0.0269001500292844,0.1698992997857643,0,0,4.047719298245614,14.635028672460956,GPC1;SPRY4;SPRY2;THBS1
GO_Biological_Process_2023,Regulation Of Smooth Muscle Cell Migration (GO:0014910),4/19,0.0269001500292844,0.1698992997857643,0,0,4.047719298245614,14.635028672460956,NDRG4;CCL5;SERPINE1;TRIB1
GO_Biological_Process_2023,Regulation Of Tissue Remodeling (GO:0034103),4/19,0.0269001500292844,0.1698992997857643,0,0,4.047719298245614,14.635028672460956,TGFB1;GPNMB;SUCO;RUNX1
GO_Biological_Process_2023,Regulation Of Vascular Endothelial Growth Factor Signaling Pathway (GO:1900746),4/19,0.0269001500292844,0.1698992997857643,0,0,4.047719298245614,14.635028672460956,CADM4;SPRY2;NRG1;DCN
GO_Biological_Process_2023,Sphingosine Metabolic Process (GO:0006670),4/19,0.0269001500292844,0.1698992997857643,0,0,4.047719298245614,14.635028672460956,ACER2;SPTLC2;SPHK1;PLPP1
GO_Biological_Process_2023,Superoxide Anion Generation (GO:0042554),4/19,0.0269001500292844,0.1698992997857643,0,0,4.047719298245614,14.635028672460956,SH3PXD2A;NCF2;NCF4;SH3PXD2B
GO_Biological_Process_2023,Hematopoietic Progenitor Cell Differentiation (GO:0002244),5/28,0.0270196694798377,0.1698992997857643,0,0,3.3010358678035376,11.920668306178232,LYN;TGFB1;FST;MLLT3;BATF
GO_Biological_Process_2023,Positive Regulation Of Fibroblast Proliferation (GO:0048146),5/28,0.0270196694798377,0.1698992997857643,0,0,3.3010358678035376,11.920668306178232,PDGFRA;CDKN1A;MYC;SPHK1;EREG
GO_Biological_Process_2023,Positive Regulation Of Nitric Oxide Metabolic Process (GO:1904407),5/28,0.0270196694798377,0.1698992997857643,0,0,3.3010358678035376,11.920668306178232,IL1B;PTGS2;KLF4;MMP8;KLF2
GO_Biological_Process_2023,Positive Regulation Of Protein Import Into Nucleus (GO:0042307),5/28,0.0270196694798377,0.1698992997857643,0,0,3.3010358678035376,11.920668306178232,TGFB1;ZC3H12A;PRKCD;FLNA;HCLS1
GO_Biological_Process_2023,Regulation Of Chemotaxis (GO:0050920),5/28,0.0270196694798377,0.1698992997857643,0,0,3.3010358678035376,11.920668306178232,PDGFRA;TGFB1;CXCR4;STX3;THBS1
GO_Biological_Process_2023,Regulation Of Glucose Metabolic Process (GO:0010906),5/28,0.0270196694798377,0.1698992997857643,0,0,3.3010358678035376,11.920668306178232,PDK4;PDK3;PMAIP1;IRS2;RORA
GO_Biological_Process_2023,Myelination (GO:0042552),7/48,0.0273862816964629,0.1719008404897914,0,0,2.5942350332594235,9.33331325721174,CNTNAP1;GPC1;ADGRG6;PMP22;CXCR4;MAL;B4GALT6
GO_Biological_Process_2023,Positive Regulation Of Protein Tyrosine Kinase Activity (GO:0061098),6/38,0.0280932522333202,0.1757186022818745,0,0,2.8480839416058394,10.17399912339014,BTC;ACE;AREG;LRP8;EREG;HBEGF
GO_Biological_Process_2023,Response To Transforming Growth Factor Beta (GO:0071559),6/38,0.0280932522333202,0.1757186022818745,0,0,2.8480839416058394,10.17399912339014,TGFB1;ROCK2;ANKRD1;SOX9;ZFP36L2;ZFP36L1
GO_Biological_Process_2023,Positive Regulation Of Protein Transport (GO:0051222),9/70,0.0282817820705977,0.1761735789109458,0,0,2.2431027588964416,7.997866834322046,MYOM1;IL1A;PLK3;TGFB1;TGFB3;ANKRD1;ADAM8;CD33;BMP6
GO_Biological_Process_2023,Regulation Of Actin Filament Polymerization (GO:0030833),9/70,0.0282817820705977,0.1761735789109458,0,0,2.2431027588964416,7.997866834322046,FCHSD1;BAIAP2L1;CCL11;ARHGAP40;CDC42EP5;PRKCD;CDC42EP2;HCLS1;ESAM
GO_Biological_Process_2023,Phospholipid Transport (GO:0015914),8/59,0.0283144948404217,0.1761735789109458,0,0,2.3841608129848204,8.498058504765346,ABCC1;ATP8B4;ATP8A2;SCP2;ATP10D;ABCA4;APOA4;MFSD2A
GO_Biological_Process_2023,Negative Regulation Of Multicellular Organismal Process (GO:0051241),22/231,0.0298477853026437,0.1853896472811678,0,0,1.6046360766336547,5.634911671422927,SRGN;FOXC2;GDF15;ADM;APOA4;NR1D1;AGER;SPRED3;PROCR;KLF7;GJA1;NLRP12;RGCC;DUSP10;GPNMB;DDIT3;IL1B;ID1;ARHGDIB;SPRY2;SOX9;TIMP1
GO_Biological_Process_2023,Antibacterial Humoral Response (GO:0019731),7/49,0.0303031282415007,0.187383386566469,0,0,2.5323322510822512,8.85431067964709,WFDC12;IGHM;SLPI;DEFB1;WFDC2;CAMP;JCHAIN
GO_Biological_Process_2023,Heterophilic Cell-Cell Adhesion Via Plasma Membrane Cell Adhesion Molecules (GO:0007157),7/49,0.0303031282415007,0.187383386566469,0,0,2.5323322510822512,8.85431067964709,SELP;VCAM1;CD6;SELL;CRTAM;PVR;SELE
GO_Biological_Process_2023,Myeloid Leukocyte Differentiation (GO:0002573),9/71,0.0306746733224999,0.187383386566469,0,0,2.206805664830842,7.689212563815902,SBNO2;SOCS1;PDE1B;IL31RA;LIF;GAB2;TNFRSF11A;RUNX1;EPHA2
GO_Biological_Process_2023,Regulation Of Cell Cycle (GO:0051726),27/298,0.0308900587003147,0.187383386566469,0,0,1.519948120273282,5.285347322606359,PPP1R15A;CDKN1A;CITED2;IQGAP1;TNFSF13B;GRK5;MYC;PIM3;SOX9;JUNB;TSPYL2;JUN;JUND;TGFB1;GADD45B;GADD45A;CDKN2A;MX2;FZD9;GADD45G;RHOB;MORF4L1;NR4A1;CDC16;MDM2;SIK1;BIRC3
GO_Biological_Process_2023,Regulation Of G1/S Transition Of Mitotic Cell Cycle (GO:2000045),12/106,0.0309867777629276,0.187383386566469,0,0,1.942152629662384,6.747416351706671,STIL;CDKN1A;CDKN2B;RGCC;GPNMB;ADAMTS1;CDKN2A;FAM107A;KIF14;CCL2;KLF4;MYO16
GO_Biological_Process_2023,Defense Response To Fungus (GO:0050832),5/29,0.0310354589291156,0.187383386566469,0,0,3.163323878984333,10.985037242848286,CLEC4D;NRG1;CLEC4E;S100A9;S100A8
GO_Biological_Process_2023,Glycolytic Process (GO:0006096),5/29,0.0310354589291156,0.187383386566469,0,0,3.163323878984333,10.985037242848286,PFKFB2;PKM;HKDC1;HK2;HK1
GO_Biological_Process_2023,Lipid Droplet Organization (GO:0034389),5/29,0.0310354589291156,0.187383386566469,0,0,3.163323878984333,10.985037242848286,CDS1;PLIN2;CIDEC;PLIN5;PNPLA2
GO_Biological_Process_2023,Positive Regulation Of B Cell Proliferation (GO:0030890),5/29,0.0310354589291156,0.187383386566469,0,0,3.163323878984333,10.985037242848286,VAV3;CD38;IRS2;TNFRSF4;TNFSF13B
GO_Biological_Process_2023,Positive Regulation Of Lipid Biosynthetic Process (GO:0046889),6/39,0.0315206316929576,0.187383386566469,0,0,2.761630907616309,9.547270037836,HSD17B13;APOA4;SORBS1;PCK1;MFSD2A;PLIN5
GO_Biological_Process_2023,Regulation Of Mitochondrial Membrane Potential (GO:0051881),6/39,0.0315206316929576,0.187383386566469,0,0,2.761630907616309,9.547270037836,HEBP2;UBB;PMAIP1;SLC25A33;SLC25A36;BCL2L1
GO_Biological_Process_2023,Retina Homeostasis (GO:0001895),6/39,0.0315206316929576,0.187383386566469,0,0,2.761630907616309,9.547270037836,IGHG3;HSPB1;TULP1;SLC28A2;ACTG1;JCHAIN
GO_Biological_Process_2023,Calcium-Mediated Signaling Using Intracellular Calcium Source (GO:0035584),4/20,0.0320210466559923,0.187383386566469,0,0,3.7945344129554655,13.058366097704704,SELP;VCAM1;DEFB1;PTPRJ
GO_Biological_Process_2023,Negative Regulation Of Protein Localization To Cell Periphery (GO:1904376),4/20,0.0320210466559923,0.187383386566469,0,0,3.7945344129554655,13.058366097704704,TGFB1;MRAP2;BCL2L1;PICALM
GO_Biological_Process_2023,Negative Regulation Of Protein Localization To Plasma Membrane (GO:1903077),4/20,0.0320210466559923,0.187383386566469,0,0,3.7945344129554655,13.058366097704704,TGFB1;MRAP2;BCL2L1;PICALM
GO_Biological_Process_2023,Negative Regulation Of Reproductive Process (GO:2000242),4/20,0.0320210466559923,0.187383386566469,0,0,3.7945344129554655,13.058366097704704,GJA1;DUSP1;ARHGDIB;TIMP1
GO_Biological_Process_2023,Peripheral Nervous System Development (GO:0007422),4/20,0.0320210466559923,0.187383386566469,0,0,3.7945344129554655,13.058366097704704,EGR2;GPC1;ADGRG6;PMP22
GO_Biological_Process_2023,Positive Regulation Of Leukocyte Activation (GO:0002696),4/20,0.0320210466559923,0.187383386566469,0,0,3.7945344129554655,13.058366097704704,CLEC4D;TNIP2;EHHADH;THBS1
GO_Biological_Process_2023,Positive Regulation Of Lipid Storage (GO:0010884),4/20,0.0320210466559923,0.187383386566469,0,0,3.7945344129554655,13.058366097704704,HILPDA;ZC3H12A;PLIN2;PLIN5
GO_Biological_Process_2023,Positive Regulation Of Vascular Associated Smooth Muscle Cell Proliferation (GO:1904707),4/20,0.0320210466559923,0.187383386566469,0,0,3.7945344129554655,13.058366097704704,JUN;GJA1;NR4A3;MEF2D
GO_Biological_Process_2023,Regulation Of Epithelial To Mesenchymal Transition (GO:0010717),10/83,0.0320865629062229,0.187383386566469,0,0,2.0829943043124493,7.164079674607728,SPRED3;FOXC1;IL6;TGFB1;LRG1;RGCC;GLIPR2;TGFB3;IL1B;SPRY2
GO_Biological_Process_2023,Regulation Of Interleukin-12 Production (GO:0032655),7/50,0.0334217255327775,0.187383386566469,0,0,2.47330866807611,8.40566101075152,SYK;TNFSF4;LAPTM5;IRAK3;MEFV;TIGIT;THBS1
GO_Biological_Process_2023,BMP Signaling Pathway (GO:0030509),8/61,0.0337754315842519,0.187383386566469,0,0,2.293947243382432,7.771942848840269,TMEM100;GDF9;TGFB1;TGFB3;INHBB;GDF3;BMP6;INHBE
GO_Biological_Process_2023,B Cell Chemotaxis (GO:0035754),2/5,0.0338208111313045,0.187383386566469,0,0,10.10940447318782,34.2373073468354,CXCL13;CYP7B1
GO_Biological_Process_2023,"CD4-positive, Alpha-Beta T Cell Activation (GO:0035710)",2/5,0.0338208111313045,0.187383386566469,0,0,10.10940447318782,34.2373073468354,RSAD2;TNFSF4
GO_Biological_Process_2023,L-ascorbic Acid Metabolic Process (GO:0019852),2/5,0.0338208111313045,0.187383386566469,0,0,10.10940447318782,34.2373073468354,SLC2A1;SLC2A3
GO_Biological_Process_2023,PERK-mediated Unfolded Protein Response (GO:0036499),2/5,0.0338208111313045,0.187383386566469,0,0,10.10940447318782,34.2373073468354,DDIT3;EIF2AK3
GO_Biological_Process_2023,Aromatic Compound Biosynthetic Process (GO:0019438),2/5,0.0338208111313045,0.187383386566469,0,0,10.10940447318782,34.2373073468354,PSAT1;HDC
GO_Biological_Process_2023,Autocrine Signaling (GO:0035425),2/5,0.0338208111313045,0.187383386566469,0,0,10.10940447318782,34.2373073468354,HILPDA;S100A9
GO_Biological_Process_2023,Cellular Response To Cold (GO:0070417),2/5,0.0338208111313045,0.187383386566469,0,0,10.10940447318782,34.2373073468354,NFKBIA;EIF2AK3
GO_Biological_Process_2023,Chemokine (C-X-C Motif) Ligand 12 Signaling Pathway (GO:0038146),2/5,0.0338208111313045,0.187383386566469,0,0,10.10940447318782,34.2373073468354,STK39;CXCR4
GO_Biological_Process_2023,Chondrocyte Development (GO:0002063),2/5,0.0338208111313045,0.187383386566469,0,0,10.10940447318782,34.2373073468354,EIF2AK3;SOX9
GO_Biological_Process_2023,Guanine Nucleotide Transmembrane Transport (GO:1903790),2/5,0.0338208111313045,0.187383386566469,0,0,10.10940447318782,34.2373073468354,SLC17A9;LRRC8C
GO_Biological_Process_2023,Inflammatory Response To Wounding (GO:0090594),2/5,0.0338208111313045,0.187383386566469,0,0,10.10940447318782,34.2373073468354,IL6;HMOX1
GO_Biological_Process_2023,Iron Coordination Entity Transport (GO:1901678),2/5,0.0338208111313045,0.187383386566469,0,0,10.10940447318782,34.2373073468354,LCN2;NRG1
GO_Biological_Process_2023,Isoleucine Metabolic Process (GO:0006549),2/5,0.0338208111313045,0.187383386566469,0,0,10.10940447318782,34.2373073468354,SDS;SDSL
GO_Biological_Process_2023,Kidney Morphogenesis (GO:0060993),2/5,0.0338208111313045,0.187383386566469,0,0,10.10940447318782,34.2373073468354,WNT7B;PRKX
GO_Biological_Process_2023,Lipid Droplet Disassembly (GO:1905691),2/5,0.0338208111313045,0.187383386566469,0,0,10.10940447318782,34.2373073468354,PLIN2;PNPLA2
GO_Biological_Process_2023,Multinuclear Osteoclast Differentiation (GO:0072674),2/5,0.0338208111313045,0.187383386566469,0,0,10.10940447318782,34.2373073468354,SH3PXD2A;TNFRSF11A
GO_Biological_Process_2023,Negative Regulation Of Erythrocyte Differentiation (GO:0045647),2/5,0.0338208111313045,0.187383386566469,0,0,10.10940447318782,34.2373073468354,ZFP36;ZFP36L1
GO_Biological_Process_2023,Negative Regulation Of Lens Fiber Cell Differentiation (GO:1902747),2/5,0.0338208111313045,0.187383386566469,0,0,10.10940447318782,34.2373073468354,SPRED3;SPRY2
GO_Biological_Process_2023,Negative Regulation Of Toll-Like Receptor 2 Signaling Pathway (GO:0034136),2/5,0.0338208111313045,0.187383386566469,0,0,10.10940447318782,34.2373073468354,LYN;TNFAIP3
GO_Biological_Process_2023,Negative Regulation Of Transcription From RNA Polymerase II Promoter In Response To Stress (GO:0097201),2/5,0.0338208111313045,0.187383386566469,0,0,10.10940447318782,34.2373073468354,JUN;CITED2
GO_Biological_Process_2023,Ornithine Transport (GO:0015822),2/5,0.0338208111313045,0.187383386566469,0,0,10.10940447318782,34.2373073468354,SLC7A6;SLC7A1
GO_Biological_Process_2023,Positive Regulation Of T-helper 1 Cell Cytokine Production (GO:2000556),2/5,0.0338208111313045,0.187383386566469,0,0,10.10940447318782,34.2373073468354,IL1R1;IL1B
GO_Biological_Process_2023,Positive Regulation Of Fever Generation (GO:0031622),2/5,0.0338208111313045,0.187383386566469,0,0,10.10940447318782,34.2373073468354,TNFRSF11A;PTGS2
GO_Biological_Process_2023,Positive Regulation Of Granulocyte Differentiation (GO:0030854),2/5,0.0338208111313045,0.187383386566469,0,0,10.10940447318782,34.2373073468354,HCLS1;RUNX1
GO_Biological_Process_2023,Positive Regulation Of Intrinsic Apoptotic Signaling Pathway By P53 Class Mediator (GO:1902255),2/5,0.0338208111313045,0.187383386566469,0,0,10.10940447318782,34.2373073468354,UBB;MYC
GO_Biological_Process_2023,Positive Regulation Of Natural Killer Cell Mediated Cytotoxicity Directed Against Tumor Cell Target (GO:0002860),2/5,0.0338208111313045,0.187383386566469,0,0,10.10940447318782,34.2373073468354,CRTAM;PVR
GO_Biological_Process_2023,Positive Regulation Of Natural Killer Cell Mediated Immune Response To Tumor Cell (GO:0002857),2/5,0.0338208111313045,0.187383386566469,0,0,10.10940447318782,34.2373073468354,CRTAM;PVR
GO_Biological_Process_2023,Positive Regulation Of Toll-Like Receptor 7 Signaling Pathway (GO:0034157),2/5,0.0338208111313045,0.187383386566469,0,0,10.10940447318782,34.2373073468354,RSAD2;PTPN22
GO_Biological_Process_2023,Regulation Of T-helper 1 Cell Cytokine Production (GO:2000554),2/5,0.0338208111313045,0.187383386566469,0,0,10.10940447318782,34.2373073468354,IL1R1;IL1B
GO_Biological_Process_2023,Regulation Of Blood Vessel Remodeling (GO:0060312),2/5,0.0338208111313045,0.187383386566469,0,0,10.10940447318782,34.2373073468354,TGFB1;NRG1
GO_Biological_Process_2023,Regulation Of Establishment Of T Cell Polarity (GO:1903903),2/5,0.0338208111313045,0.187383386566469,0,0,10.10940447318782,34.2373073468354,RIPOR2;GSN
GO_Biological_Process_2023,Regulation Of Immature T Cell Proliferation In Thymus (GO:0033084),2/5,0.0338208111313045,0.187383386566469,0,0,10.10940447318782,34.2373073468354,IL1A;IL1B
GO_Biological_Process_2023,Regulation Of Keratinocyte Apoptotic Process (GO:1902172),2/5,0.0338208111313045,0.187383386566469,0,0,10.10940447318782,34.2373073468354,ZFP36;ZFP36L1
GO_Biological_Process_2023,Regulation Of Long-Chain Fatty Acid Import Across Plasma Membrane (GO:0010746),2/5,0.0338208111313045,0.187383386566469,0,0,10.10940447318782,34.2373073468354,IRS2;THBS1
GO_Biological_Process_2023,Regulation Of Superoxide Metabolic Process (GO:0090322),2/5,0.0338208111313045,0.187383386566469,0,0,10.10940447318782,34.2373073468354,SYK;FBLN5
GO_Biological_Process_2023,Regulation Of System Process (GO:0044057),2/5,0.0338208111313045,0.187383386566469,0,0,10.10940447318782,34.2373073468354,NOS3;ROCK2
GO_Biological_Process_2023,Regulation Of Type B Pancreatic Cell Proliferation (GO:0061469),2/5,0.0338208111313045,0.187383386566469,0,0,10.10940447318782,34.2373073468354,NR4A1;NR4A3
GO_Biological_Process_2023,Response To Angiotensin (GO:1990776),2/5,0.0338208111313045,0.187383386566469,0,0,10.10940447318782,34.2373073468354,ROCK2;PRKCD
GO_Biological_Process_2023,Response To Heparin (GO:0071503),2/5,0.0338208111313045,0.187383386566469,0,0,10.10940447318782,34.2373073468354,EGR1;SOX9
GO_Biological_Process_2023,Response To Peptidoglycan (GO:0032494),2/5,0.0338208111313045,0.187383386566469,0,0,10.10940447318782,34.2373073468354,IL6;IRAK3
GO_Biological_Process_2023,Defense Response To Tumor Cell (GO:0002357),3/12,0.0342390914171357,0.187383386566469,0,0,5.057173678532902,17.064862451540442,LAPTM5;TNFRSF10B;KLF4
GO_Biological_Process_2023,Endothelium Development (GO:0003158),3/12,0.0342390914171357,0.187383386566469,0,0,5.057173678532902,17.064862451540442,KDM6B;PECAM1;FSTL1
GO_Biological_Process_2023,Negative Regulation By Host Of Viral Transcription (GO:0043922),3/12,0.0342390914171357,0.187383386566469,0,0,5.057173678532902,17.064862451540442,JUN;CCL5;CCL4
GO_Biological_Process_2023,Negative Regulation Of Epidermal Growth Factor-Activated Receptor Activity (GO:0007175),3/12,0.0342390914171357,0.187383386566469,0,0,5.057173678532902,17.064862451540442,ERRFI1;GPRC5A;CBLB
GO_Biological_Process_2023,Positive Regulation Of T Cell Chemotaxis (GO:0010820),3/12,0.0342390914171357,0.187383386566469,0,0,5.057173678532902,17.064862451540442,CCL5;STK39;CXCL13
GO_Biological_Process_2023,Positive Regulation Of T-helper Cell Differentiation (GO:0045624),3/12,0.0342390914171357,0.187383386566469,0,0,5.057173678532902,17.064862451540442,CD80;TNFSF4;NFKBIZ
GO_Biological_Process_2023,Positive Regulation Of Fatty Acid Oxidation (GO:0046321),3/12,0.0342390914171357,0.187383386566469,0,0,5.057173678532902,17.064862451540442,NR4A3;IRS2;PLIN5
GO_Biological_Process_2023,Positive Regulation Of Neuroinflammatory Response (GO:0150078),3/12,0.0342390914171357,0.187383386566469,0,0,5.057173678532902,17.064862451540442,IL6;IL1B;MMP8
GO_Biological_Process_2023,Regulation Of Leukocyte Adhesion To Vascular Endothelial Cell (GO:1904994),3/12,0.0342390914171357,0.187383386566469,0,0,5.057173678532902,17.064862451540442,NFAT5;IL6;ITGB2
GO_Biological_Process_2023,Regulation Of Platelet-Derived Growth Factor Receptor Signaling Pathway (GO:0010640),3/12,0.0342390914171357,0.187383386566469,0,0,5.057173678532902,17.064862451540442,NDRG4;CBLB;PTPRJ
GO_Biological_Process_2023,Regulation Of Sensory Perception (GO:0051931),3/12,0.0342390914171357,0.187383386566469,0,0,5.057173678532902,17.064862451540442,TMEM100;GPR171;CCL3
GO_Biological_Process_2023,Regulation Of Transcription From RNA Polymerase II Promoter In Response To Stress (GO:0043618),3/12,0.0342390914171357,0.187383386566469,0,0,5.057173678532902,17.064862451540442,DDIT3;HMOX1;KLF2
GO_Biological_Process_2023,Regulation Of Tube Diameter (GO:0035296),3/12,0.0342390914171357,0.187383386566469,0,0,5.057173678532902,17.064862451540442,GCLC;NOS3;ROCK2
GO_Biological_Process_2023,Vascular Process In Circulatory System (GO:0003018),3/12,0.0342390914171357,0.187383386566469,0,0,5.057173678532902,17.064862451540442,GCLC;NOS3;ROCK2
GO_Biological_Process_2023,Circulatory System Development (GO:0072359),14/132,0.0342755225217115,0.187383386566469,0,0,1.805617433414044,6.090932277483984,KDM6B;FOXC2;CDKN1A;FOXC1;TGFB1;CITED2;AKAP13;GJA1;SH3PXD2B;ALPK3;TNNI3;SOX9;UTY;PDLIM7
GO_Biological_Process_2023,Negative Regulation Of Myeloid Leukocyte Differentiation (GO:0002762),5/30,0.0354059407170012,0.1923812870409275,0,0,3.0366288492706643,10.144999399010688,TNFAIP6;MYC;GPR55;CCL3;GPR137B
GO_Biological_Process_2023,"Phagocytosis, Engulfment (GO:0006911)",5/30,0.0354059407170012,0.1923812870409275,0,0,3.0366288492706643,10.144999399010688,MARCO;GSN;ITGB2;TIMD4;THBS1
GO_Biological_Process_2023,Positive Regulation Of Interleukin-10 Production (GO:0032733),5/30,0.0354059407170012,0.1923812870409275,0,0,3.0366288492706643,10.144999399010688,IL6;SYK;TNFSF4;CD28;TIGIT
GO_Biological_Process_2023,Regulation Of Vasculature Development (GO:1901342),5/30,0.0354059407170012,0.1923812870409275,0,0,3.0366288492706643,10.144999399010688,IL6;GPNMB;HMOX1;CXCL13;EPHA2
GO_Biological_Process_2023,Heart Development (GO:0007507),17/171,0.0366128862921902,0.1985084582889346,0,0,1.6808670053350905,5.559223921417941,KDM6B;FOXC2;NDRG4;CDKN1A;FOXC1;TGFB1;CITED2;CHD7;AKAP13;GJA1;SH3PXD2B;ALPK3;TNNI3;SOX9;UTY;MEF2D;PDLIM7
GO_Biological_Process_2023,Regulation Of Stress-Activated MAPK Cascade (GO:0032872),7/51,0.0367467379849089,0.1985084582889346,0,0,2.416967975206612,7.984951165424466,PER1;MYC;GSTP1;SEMA4C;MID1;IGF1R;MAP4K4
GO_Biological_Process_2023,Positive Regulation Of Apoptotic Signaling Pathway (GO:2001235),8/62,0.0367566940186591,0.1985084582889346,0,0,2.251346391070193,7.437176284698707,TNFRSF12A;CTSL;DDIT3;PMAIP1;S100A9;S100A8;BBC3;GSDME
GO_Biological_Process_2023,Regulation Of T Cell Activation (GO:0050863),8/62,0.0367566940186591,0.1985084582889346,0,0,2.251346391070193,7.437176284698707,GPNMB;SIT1;CCL5;CRTAM;LAPTM5;CCL2;PTPN22;TIGIT
GO_Biological_Process_2023,Integrin-Mediated Signaling Pathway (GO:0007229),10/85,0.0369984527442943,0.1995113535105205,0,0,2.027230810957418,6.683535063702531,FGR;SYK;ADAMTS1;ITGB3;ITGA2;ITGB2;ITGA11;ITGBL1;ITGAE;FERMT3
GO_Biological_Process_2023,Positive Regulation Of Cysteine-Type Endopeptidase Activity Involved In Apoptotic Process (GO:0043280),12/109,0.0373450020616419,0.2010754347010343,0,0,1.8817835807728176,6.186469259149464,PRR7;NLRP12;GSN;APAF1;SYK;MYC;EIF2AK3;LAPTM5;PMAIP1;S100A9;S100A8;BBC3
GO_Biological_Process_2023,Negative Regulation Of Osteoclast Differentiation (GO:0045671),4/21,0.0376732426985977,0.2022308759642673,0,0,3.571135984758276,11.709059162658468,TNFAIP6;GPR55;CCL3;GPR137B
GO_Biological_Process_2023,Positive Regulation Of Amyloid Precursor Protein Catabolic Process (GO:1902993),4/21,0.0376732426985977,0.2022308759642673,0,0,3.571135984758276,11.709059162658468,LYN;ROCK2;AGER;PICALM
GO_Biological_Process_2023,Protein Modification Process (GO:0036211),56/711,0.0382744341116967,0.2051486611498929,0,0,1.308532454040381,4.269706227256267,CHRM3;PTPRM;PTPN22;PPP2R2A;PTPRJ;PLAT;DUSP16;LIPE;PIM1;PDK4;PDK3;PIM3;MAP3K6;PRKCG;BRD2;DUSP5;CDKL4;PRKCH;SYK;PRKCB;PRKCD;IRAK3;DUSP29;CSNK1E;CTTNBP2NL;FGR;LOX;MAPKAPK2;SIK1;TRIB1;SGK1;HCST;RNASEL;CCL11;CTDP1;ROCK2;STK39;PPM1H;CSF2RB;THBS1;GRK5;CCL2;MAP4K4;LYN;TGFB1;DMPK;PLK2;LIMK1;EIF2AK3;PTPN12;CDK8;PTPRE;STK24;STK17B;FBXL2;FGFR1
GO_Biological_Process_2023,Receptor-Mediated Endocytosis (GO:0006898),13/122,0.0390667940936987,0.2086612303099192,0,0,1.8144783513177785,5.883414171456258,FCER1G;RAMP3;SYK;MAGI2;ITGB2;ADM;LRP2;MARCO;RAB31;CTSL;CXCR2;PDLIM7;PICALM
GO_Biological_Process_2023,Positive Regulation Of Response To Biotic Stimulus (GO:0002833),6/41,0.0391642882402433,0.2086612303099192,0,0,2.60354535974974,8.435460830396181,PLSCR1;CCL5;EMILIN2;ADAM8;BMP6;EREG
GO_Biological_Process_2023,Regulation Of Dendrite Development (GO:0050773),6/41,0.0391642882402433,0.2086612303099192,0,0,2.60354535974974,8.435460830396181,CAMK1D;HECW2;KNDC1;LRP8;DBN1;MFSD2A
GO_Biological_Process_2023,Regulation Of Release Of Cytochrome C From Mitochondria (GO:0090199),6/41,0.0391642882402433,0.2086612303099192,0,0,2.60354535974974,8.435460830396181,BCL2L11;HGF;PLAUR;PMAIP1;BBC3;BCL2L1
GO_Biological_Process_2023,Exocytosis (GO:0006887),10/86,0.0396396700658473,0.2108783045804943,0,0,2.0004496595434884,6.457301252870066,CCR1;RAB31;CCL8;CCL5;CCL3;EXOC6B;STX3;ANK1;SYTL3;STX11
GO_Biological_Process_2023,Positive Regulation Of Protein-Containing Complex Assembly (GO:0031334),11/98,0.0398938523321169,0.2119137618656778,0,0,1.92270395746752,6.194054332516403,BCL2L11;TGFB1;SYK;MMP3;CDC42EP2;PTPN22;NRG1;CAPG;CXCL13;RHOC;RASIP1
GO_Biological_Process_2023,Actin Filament Polymerization (GO:0030041),5/31,0.0401371936629092,0.2120782966503628,0,0,2.9196795910734323,9.388089147742484,PSTPIP1;GSN;FAM107A;SPIRE1;ARHGAP6
GO_Biological_Process_2023,Regulation Of Response To Biotic Stimulus (GO:0002831),5/31,0.0401371936629092,0.2120782966503628,0,0,2.9196795910734323,9.388089147742484,FGR;PTPN22;LRP8;CD55;BIRC3
GO_Biological_Process_2023,Regulation Of Transmembrane Receptor Protein Serine/Threonine Kinase Signaling Pathway (GO:0090092),5/31,0.0401371936629092,0.2120782966503628,0,0,2.9196795910734323,9.388089147742484,FSTL5;TGFB1;FST;IL17F;FSTL1
GO_Biological_Process_2023,Adenylate Cyclase-Inhibiting G Protein-Coupled Receptor Signaling Pathway (GO:0007193),7/52,0.0402823626118699,0.2120782966503628,0,0,2.363131313131313,7.590003358852711,AKAP12;CHRM3;MARCO;RGS1;HTR1F;LPAR1;FLNA
GO_Biological_Process_2023,Cartilage Development (GO:0051216),7/52,0.0402823626118699,0.2120782966503628,0,0,2.363131313131313,7.590003358852711,TGFB1;ZBTB16;CCN3;GHRL;IL17F;SOX9;ATP7A
GO_Biological_Process_2023,Negative Regulation Of Response To Stimulus (GO:0048585),7/52,0.0402823626118699,0.2120782966503628,0,0,2.363131313131313,7.590003358852711,LYN;KLF7;NLRP12;UBASH3B;PIM3;PDCD1;KLF4
GO_Biological_Process_2023,Negative Regulation Of Phosphorylation (GO:0042326),9/75,0.0416511916679231,0.2189453562299301,0,0,2.0726164079822618,6.58765642688307,LYN;CDKN1A;CDKN2B;CADM4;TGFB1;CDKN2A;ZC3H12A;IRS2;C9ORF72
GO_Biological_Process_2023,Negative Regulation Of Transmembrane Receptor Protein Serine/Threonine Kinase Signaling Pathway (GO:0090101),12/111,0.0420635833492596,0.2189453562299301,0,0,1.8435701760885133,5.841486529078843,SPRED3;TNFAIP6;WFIKKN1;FST;MAGI2;ADAMTSL2;SPRY2;CCN3;GDF3;LRP2;SKIL;CHRDL1
GO_Biological_Process_2023,Glucose Homeostasis (GO:0042593),10/87,0.0424075454888826,0.2189453562299301,0,0,1.9743641224519988,6.239837575718128,KLF7;IL6;OBP2A;HKDC1;PDK4;NR1D1;PCK1;SLC8B1;HK2;HK1
GO_Biological_Process_2023,Cardiocyte Differentiation (GO:0035051),3/13,0.042509480515561,0.2189453562299301,0,0,4.55121359223301,14.372860672674696,KDM6B;NRG1;SIK1
GO_Biological_Process_2023,Glomerular Filtration (GO:0003094),3/13,0.042509480515561,0.2189453562299301,0,0,4.55121359223301,14.372860672674696,MYO1E;MCAM;JCHAIN
GO_Biological_Process_2023,Killing By Host Of Symbiont Cells (GO:0051873),3/13,0.042509480515561,0.2189453562299301,0,0,4.55121359223301,14.372860672674696,NRG1;CAMP;PF4
GO_Biological_Process_2023,Negative Regulation Of Bone Mineralization (GO:0030502),3/13,0.042509480515561,0.2189453562299301,0,0,4.55121359223301,14.372860672674696,CCR1;SRGN;CCL3
GO_Biological_Process_2023,Positive Regulation Of Alpha-Beta T Cell Differentiation (GO:0046638),3/13,0.042509480515561,0.2189453562299301,0,0,4.55121359223301,14.372860672674696,SOCS1;TNFSF4;RUNX1
GO_Biological_Process_2023,Positive Regulation Of Brown Fat Cell Differentiation (GO:0090336),3/13,0.042509480515561,0.2189453562299301,0,0,4.55121359223301,14.372860672674696,PIM1;METRNL;PTGS2
GO_Biological_Process_2023,Positive Regulation Of Type 2 Immune Response (GO:0002830),3/13,0.042509480515561,0.2189453562299301,0,0,4.55121359223301,14.372860672674696,IL6;RSAD2;TNFSF4
GO_Biological_Process_2023,Regulation Of ERBB Signaling Pathway (GO:1901184),3/13,0.042509480515561,0.2189453562299301,0,0,4.55121359223301,14.372860672674696,RHBDF2;PTPN12;LGMN
GO_Biological_Process_2023,Regulation Of Fatty Acid Beta-Oxidation (GO:0031998),3/13,0.042509480515561,0.2189453562299301,0,0,4.55121359223301,14.372860672674696,IRS2;MFSD2A;PLIN5
GO_Biological_Process_2023,Regulation Of Trophoblast Cell Migration (GO:1901163),3/13,0.042509480515561,0.2189453562299301,0,0,4.55121359223301,14.372860672674696,GJA1;ARHGDIB;TIMP1
GO_Biological_Process_2023,Sphingoid Biosynthetic Process (GO:0046520),3/13,0.042509480515561,0.2189453562299301,0,0,4.55121359223301,14.372860672674696,ACER2;SPTLC2;SPHK1
GO_Biological_Process_2023,Sphingosine Biosynthetic Process (GO:0046512),3/13,0.042509480515561,0.2189453562299301,0,0,4.55121359223301,14.372860672674696,ACER2;SPTLC2;SPHK1
GO_Biological_Process_2023,Negative Regulation Of Cell Communication (GO:0010648),4/22,0.0438598519516395,0.2233962474633208,0,0,3.3725596041385515,10.54517067903764,NLRP12;UBASH3B;IL1B;LIF
GO_Biological_Process_2023,Negative Regulation Of Extrinsic Apoptotic Signaling Pathway In Absence Of Ligand (GO:2001240),4/22,0.0438598519516395,0.2233962474633208,0,0,3.3725596041385515,10.54517067903764,IL1A;IL1B;BCL2L1;PF4
GO_Biological_Process_2023,Negative Regulation Of Myeloid Cell Differentiation (GO:0045638),4/22,0.0438598519516395,0.2233962474633208,0,0,3.3725596041385515,10.54517067903764,ZFP36;ZBTB16;ZFP36L1;PF4
GO_Biological_Process_2023,Negative Regulation Of Signal Transduction In Absence Of Ligand (GO:1901099),4/22,0.0438598519516395,0.2233962474633208,0,0,3.3725596041385515,10.54517067903764,IL1A;IL1B;BCL2L1;PF4
GO_Biological_Process_2023,Regulation Of Vascular Endothelial Growth Factor Receptor Signaling Pathway (GO:0030947),4/22,0.0438598519516395,0.2233962474633208,0,0,3.3725596041385515,10.54517067903764,CADM4;PRKCB;ITGB3;IL1B
GO_Biological_Process_2023,Carboxylic Acid Transport (GO:0046942),7/53,0.0440323122457185,0.2233962474633208,0,0,2.311635375494072,7.218847871963304,ABCC1;SLC16A6;SLC3A2;SLC16A9;SLC16A3;SLC7A1;SLC38A2
GO_Biological_Process_2023,Negative Regulation Of Metabolic Process (GO:0009892),7/53,0.0440323122457185,0.2233962474633208,0,0,2.311635375494072,7.218847871963304,FOXC2;DDIT3;IL1B;GSTP1;ID1;NR1D1;CCDC3
GO_Biological_Process_2023,Positive Regulation Of NIK/NF-kappaB Signaling (GO:1901224),7/53,0.0440323122457185,0.2233962474633208,0,0,2.311635375494072,7.218847871963304,NFAT5;NLRP12;SPHK1;IL1B;LAPTM5;MMP8;AGER
GO_Biological_Process_2023,Regulation Of Cyclin-Dependent Protein Kinase Activity (GO:1904029),7/53,0.0440323122457185,0.2233962474633208,0,0,2.311635375494072,7.218847871963304,CDKN1A;CDKN2B;SERTAD1;CDKN2A;GADD45A;CCNG2;CDK5R1
GO_Biological_Process_2023,Regulation Of Receptor Signaling Pathway Via JAK-STAT (GO:0046425),7/53,0.0440323122457185,0.2233962474633208,0,0,2.311635375494072,7.218847871963304,SOCS3;IL6;SOCS1;CCL5;DOT1L;HES1;IL7R
GO_Biological_Process_2023,Positive Regulation Of I-kappaB kinase/NF-kappaB Signaling (GO:0043123),17/175,0.0440641095024589,0.2233962474633208,0,0,1.637961217344465,5.113894557986033,MAP3K3;PRKCB;SLC20A1;PLK2;LPAR1;TNFRSF10B;RHOC;LITAF;AKAP13;GJA1;TNIP2;TRAF5;REL;HMOX1;FLNA;ALPK1;BIRC3
GO_Biological_Process_2023,Regulation Of Autophagy (GO:0010506),22/241,0.0445107416403532,0.2253395867681611,0,0,1.530539578197754,4.763077023353343,KDM4A;PLK2;HGF;HSPB1;PTPN22;MEFV;SOGA1;C9ORF72;GPR137B;RASIP1;DCN;GFAP;ACER2;DRAM1;DDIT3;ZC3H12A;PIP4K2A;TRIB3;FBXL2;DEPDC5;SQSTM1;CDK5R1
GO_Biological_Process_2023,NIK/NF-kappaB Signaling (GO:0038061),5/32,0.0452336886207651,0.2267761339886187,0,0,2.8113932408908098,8.703829293868358,NFKBIA;REL;TNFRSF10B;RELB;BIRC3
GO_Biological_Process_2023,Cellular Nitrogen Compound Biosynthetic Process (GO:0044271),5/32,0.0452336886207651,0.2267761339886187,0,0,2.8113932408908098,8.703829293868358,ACER2;SLC7A6;SPTLC2;NOS3;SPHK1
GO_Biological_Process_2023,Negative Regulation Of Fat Cell Differentiation (GO:0045599),5/32,0.0452336886207651,0.2267761339886187,0,0,2.8113932408908098,8.703829293868358,IL6;TGFB1;RORA;TRIB3;ZFP36L2
GO_Biological_Process_2023,Phosphatidylinositol 3-Kinase Signaling (GO:0014065),5/32,0.0452336886207651,0.2267761339886187,0,0,2.8113932408908098,8.703829293868358,NYAP2;MYO16;IGF1R;PIK3R5;ZFP36L1
GO_Biological_Process_2023,Regulation Of Transmembrane Transport (GO:0034762),5/32,0.0452336886207651,0.2267761339886187,0,0,2.8113932408908098,8.703829293868358,KCNJ8;PRKCB;PIM1;TRIB3;CTTNBP2NL
GO_Biological_Process_2023,Negative Regulation Of Neuron Death (GO:1901215),10/88,0.0453042515498476,0.2267761339886187,0,0,1.948947445285932,6.030734098205854,PRKCG;GPNMB;TGFB3;KIF14;FZD9;CCL2;NGF;RETREG1;CD200;LGMN
GO_Biological_Process_2023,Negative Regulation Of Protein Kinase Activity (GO:0006469),10/88,0.0453042515498476,0.2267761339886187,0,0,1.948947445285932,6.030734098205854,CDKN1A;DUSP10;UBASH3B;GADD45A;GSTP1;CAMK2N2;HSPB1;TRIB3;TRIB1;SLC8A1
GO_Biological_Process_2023,Positive Regulation Of Cell Adhesion (GO:0045785),10/88,0.0453042515498476,0.2267761339886187,0,0,1.948947445285932,6.030734098205854,FOXC2;ADGRG1;SYK;CITED2;CCL5;LIF;PTPRJ;ADAM8;STX3;RHOD
GO_Biological_Process_2023,Extracellular Matrix Organization (GO:0030198),17/176,0.0460849252242152,0.2300495514297361,0,0,1.6275720800008235,5.008477732202737,TGFB1;MMP7;GSN;COL13A1;MMP3;DPT;CAPG;MMP8;ADAMTS4;ADAMTS15;ADAMTS2;LOX;ADAMTS1;SH3PXD2B;ADAM8;ATP7A;ADAMTS9
GO_Biological_Process_2023,mRNA Destabilization (GO:0061157),6/43,0.0478913105830683,0.2300495514297361,0,0,2.462550141382258,7.483249571935556,TRIM71;ZFP36;ROCK2;ZC3H12A;ZFP36L2;ZFP36L1
GO_Biological_Process_2023,Mesenchymal Cell Differentiation (GO:0048762),7/54,0.0479998016916075,0.2300495514297361,0,0,2.262330754352031,6.8696994545920775,FOXC1;TGFB1;ROCK2;HGF;SOX9;FAM83D;FGFR1
GO_Biological_Process_2023,Positive Regulation Of JNK Cascade (GO:0046330),9/77,0.0480220100466979,0.2300495514297361,0,0,2.011441893830703,6.106930347219313,RASSF2;GADD45B;GADD45A;IL1B;WNT7B;TRAF5;CCN2;MMP8;GADD45G
GO_Biological_Process_2023,Bleb Assembly (GO:0032060),2/6,0.0486730295663364,0.2300495514297361,0,0,7.581649151172191,22.91652176576034,PMP22;EMP1
GO_Biological_Process_2023,Cellular Hyperosmotic Response (GO:0071474),2/6,0.0486730295663364,0.2300495514297361,0,0,7.581649151172191,22.91652176576034,NFAT5;EPO
GO_Biological_Process_2023,Cellular Response To Hepatocyte Growth Factor Stimulus (GO:0035729),2/6,0.0486730295663364,0.2300495514297361,0,0,7.581649151172191,22.91652176576034,HGF;LGMN
GO_Biological_Process_2023,Cellular Response To Laminar Fluid Shear Stress (GO:0071499),2/6,0.0486730295663364,0.2300495514297361,0,0,7.581649151172191,22.91652176576034,KLF4;KLF2
GO_Biological_Process_2023,Cleavage Furrow Formation (GO:0036089),2/6,0.0486730295663364,0.2300495514297361,0,0,7.581649151172191,22.91652176576034,SNX18;SPIRE1
GO_Biological_Process_2023,Elastic Fiber Assembly (GO:0048251),2/6,0.0486730295663364,0.2300495514297361,0,0,7.581649151172191,22.91652176576034,MFAP4;FBLN5
GO_Biological_Process_2023,Gland Morphogenesis (GO:0022612),2/6,0.0486730295663364,0.2300495514297361,0,0,7.581649151172191,22.91652176576034,TGFB1;TGFB3
GO_Biological_Process_2023,Hemostasis (GO:0007599),2/6,0.0486730295663364,0.2300495514297361,0,0,7.581649151172191,22.91652176576034,VWF;FLI1
GO_Biological_Process_2023,Hyaluronan Biosynthetic Process (GO:0030213),2/6,0.0486730295663364,0.2300495514297361,0,0,7.581649151172191,22.91652176576034,CEMIP;IL1B
GO_Biological_Process_2023,Interleukin-3-Mediated Signaling Pathway (GO:0038156),2/6,0.0486730295663364,0.2300495514297361,0,0,7.581649151172191,22.91652176576034,FCER1G;SYK
GO_Biological_Process_2023,Maintenance Of Lens Transparency (GO:0036438),2/6,0.0486730295663364,0.2300495514297361,0,0,7.581649151172191,22.91652176576034,FOXC1;STK39
GO_Biological_Process_2023,Negative Regulation Of Membrane Protein Ectodomain Proteolysis (GO:0051045),2/6,0.0486730295663364,0.2300495514297361,0,0,7.581649151172191,22.91652176576034,TIMP3;TIMP1
GO_Biological_Process_2023,Negative Regulation Of Stress-Activated Protein Kinase Signaling Cascade (GO:0070303),2/6,0.0486730295663364,0.2300495514297361,0,0,7.581649151172191,22.91652176576034,GSTP1;MYC
GO_Biological_Process_2023,"Nuclear-Transcribed mRNA Catabolic Process, Deadenylation-Independent Decay (GO:0031086)",2/6,0.0486730295663364,0.2300495514297361,0,0,7.581649151172191,22.91652176576034,ZFP36;ZFP36L1
GO_Biological_Process_2023,Nucleotide Transport (GO:0006862),2/6,0.0486730295663364,0.2300495514297361,0,0,7.581649151172191,22.91652176576034,SLC25A33;SLC25A36
GO_Biological_Process_2023,Podocyte Development (GO:0072015),2/6,0.0486730295663364,0.2300495514297361,0,0,7.581649151172191,22.91652176576034,MYO1E;MAGI2
GO_Biological_Process_2023,Positive Regulation Of B Cell Receptor Signaling Pathway (GO:0050861),2/6,0.0486730295663364,0.2300495514297361,0,0,7.581649151172191,22.91652176576034,PRKCH;PRKCB
GO_Biological_Process_2023,Positive Regulation Of Cysteine-Type Endopeptidase Activity Involved In Apoptotic Signaling Pathway (GO:2001269),2/6,0.0486730295663364,0.2300495514297361,0,0,7.581649151172191,22.91652176576034,PRR7;GSN
GO_Biological_Process_2023,Positive Regulation Of Endoplasmic Reticulum Stress-Induced Intrinsic Apoptotic Signaling Pathway (GO:1902237),2/6,0.0486730295663364,0.2300495514297361,0,0,7.581649151172191,22.91652176576034,DDIT3;PMAIP1
GO_Biological_Process_2023,Positive Regulation Of Fibroblast Apoptotic Process (GO:2000271),2/6,0.0486730295663364,0.2300495514297361,0,0,7.581649151172191,22.91652176576034,BTG1;STK17B
GO_Biological_Process_2023,Positive Regulation Of Immune Response To Tumor Cell (GO:0002839),2/6,0.0486730295663364,0.2300495514297361,0,0,7.581649151172191,22.91652176576034,NRG1;GSDME
GO_Biological_Process_2023,Positive Regulation Of Kidney Development (GO:0090184),2/6,0.0486730295663364,0.2300495514297361,0,0,7.581649151172191,22.91652176576034,MYC;SOX9
GO_Biological_Process_2023,Positive Regulation Of Leukocyte Tethering Or Rolling (GO:1903238),2/6,0.0486730295663364,0.2300495514297361,0,0,7.581649151172191,22.91652176576034,SELP;SELE
GO_Biological_Process_2023,Positive Regulation Of Triglyceride Catabolic Process (GO:0010898),2/6,0.0486730295663364,0.2300495514297361,0,0,7.581649151172191,22.91652176576034,APOA4;PNPLA2
GO_Biological_Process_2023,Positive Regulation Of Unsaturated Fatty Acid Biosynthetic Process (GO:2001280),2/6,0.0486730295663364,0.2300495514297361,0,0,7.581649151172191,22.91652176576034,IL1B;PTGS2
GO_Biological_Process_2023,Regulation Of T-helper 1 Cell Differentiation (GO:0045625),2/6,0.0486730295663364,0.2300495514297361,0,0,7.581649151172191,22.91652176576034,CD80;TNFSF4
GO_Biological_Process_2023,Regulation Of Antigen Receptor-Mediated Signaling Pathway (GO:0050854),2/6,0.0486730295663364,0.2300495514297361,0,0,7.581649151172191,22.91652176576034,LYN;PTPN22
GO_Biological_Process_2023,Regulation Of Atrial Cardiac Muscle Cell Membrane Repolarization (GO:0060372),2/6,0.0486730295663364,0.2300495514297361,0,0,7.581649151172191,22.91652176576034,FLNA;SCN5A
GO_Biological_Process_2023,Regulation Of Extracellular Matrix Assembly (GO:1901201),2/6,0.0486730295663364,0.2300495514297361,0,0,7.581649151172191,22.91652176576034,RGCC;TGFB1
GO_Biological_Process_2023,Regulation Of Glial Cell Apoptotic Process (GO:0034350),2/6,0.0486730295663364,0.2300495514297361,0,0,7.581649151172191,22.91652176576034,PRKCH;PRKCD
GO_Biological_Process_2023,Regulation Of Growth Hormone Secretion (GO:0060123),2/6,0.0486730295663364,0.2300495514297361,0,0,7.581649151172191,22.91652176576034,CHD7;GHRL
GO_Biological_Process_2023,Regulation Of Lens Fiber Cell Differentiation (GO:1902746),2/6,0.0486730295663364,0.2300495514297361,0,0,7.581649151172191,22.91652176576034,SPRED3;SPRY2
GO_Biological_Process_2023,Regulation Of Nucleotide-Binding Oligomerization Domain Containing 2 Signaling Pathway (GO:0070432),2/6,0.0486730295663364,0.2300495514297361,0,0,7.581649151172191,22.91652176576034,PTPN22;SLC15A3
GO_Biological_Process_2023,Regulation Of Prostaglandin Biosynthetic Process (GO:0031392),2/6,0.0486730295663364,0.2300495514297361,0,0,7.581649151172191,22.91652176576034,IL1B;PTGS2
GO_Biological_Process_2023,Regulation Of Skeletal Muscle Contraction (GO:0014819),2/6,0.0486730295663364,0.2300495514297361,0,0,7.581649151172191,22.91652176576034,DMPK;SCN4A
GO_Biological_Process_2023,Regulation Of Striated Muscle Cell Differentiation (GO:0051153),2/6,0.0486730295663364,0.2300495514297361,0,0,7.581649151172191,22.91652176576034,NRG1;SIK1
GO_Biological_Process_2023,Regulation Of Toll-Like Receptor 7 Signaling Pathway (GO:0034155),2/6,0.0486730295663364,0.2300495514297361,0,0,7.581649151172191,22.91652176576034,RSAD2;PTPN22
GO_Biological_Process_2023,Response To Hepatocyte Growth Factor (GO:0035728),2/6,0.0486730295663364,0.2300495514297361,0,0,7.581649151172191,22.91652176576034,HGF;LGMN
GO_Biological_Process_2023,Intracellular Calcium Ion Homeostasis (GO:0006874),14/139,0.0495272697901965,0.2337765957338323,0,0,1.7038628571428571,5.120502936962436,CCR1;CCL11;DMPK;FZD9;SLC8B1;SLC8A1;SLC8A2;TRPM2;CCL8;CCL7;CCL5;CDH23;CCL3;TNNI3
GO_Biological_Process_2023,Response To Reactive Oxygen Species (GO:0000302),8/66,0.0504313707312849,0.2346362342289958,0,0,2.0956329308944226,6.2599528560834,PDGFRA;PLK3;JUN;STK24;GSTP1;HMOX1;FOS;SQSTM1
GO_Biological_Process_2023,Diacylglycerol Metabolic Process (GO:0046339),4/23,0.0505804666541189,0.2346362342289958,0,0,3.1948860004261666,9.53414625208756,DGKG;LIPE;DGKH;PNPLA2
GO_Biological_Process_2023,Negative Regulation Of Epidermal Growth Factor Receptor Signaling Pathway (GO:0042059),4/23,0.0505804666541189,0.2346362342289958,0,0,3.1948860004261666,9.53414625208756,ERRFI1;GPRC5A;CBLB;PTPRJ
GO_Biological_Process_2023,Positive Regulation Of Cell-Substrate Junction Organization (GO:0150117),4/23,0.0505804666541189,0.2346362342289958,0,0,3.1948860004261666,9.53414625208756,NRG1;PTPRJ;MAP4K4;S100A10
GO_Biological_Process_2023,Regulation Of T Cell Migration (GO:2000404),4/23,0.0505804666541189,0.2346362342289958,0,0,3.1948860004261666,9.53414625208756,RIPOR2;CXCL10;CCL5;CD200
GO_Biological_Process_2023,Regulation Of Cardiac Muscle Hypertrophy (GO:0010611),4/23,0.0505804666541189,0.2346362342289958,0,0,3.1948860004261666,9.53414625208756,MLIP;NR4A3;ROCK2;LMCD1
GO_Biological_Process_2023,Regulation Of Myotube Differentiation (GO:0010830),4/23,0.0505804666541189,0.2346362342289958,0,0,3.1948860004261666,9.53414625208756,DMPK;BHLHE41;CCN3;SIK1
GO_Biological_Process_2023,Actin Filament Bundle Assembly (GO:0051017),5/33,0.0506983040522893,0.2346362342289958,0,0,2.710841630006946,8.083357866313557,EPS8;BAIAP2L1;FAM107A;PAWR;RHOD
GO_Biological_Process_2023,Actin Filament Bundle Organization (GO:0061572),5/33,0.0506983040522893,0.2346362342289958,0,0,2.710841630006946,8.083357866313557,EPS8;BAIAP2L1;FAM107A;PAWR;RHOD
GO_Biological_Process_2023,Inositol Lipid-Mediated Signaling (GO:0048017),5/33,0.0506983040522893,0.2346362342289958,0,0,2.710841630006946,8.083357866313557,PDGFRA;PTAFR;GAB2;IGF1R;FGFR1
GO_Biological_Process_2023,Negative Regulation Of Epithelial Cell Migration (GO:0010633),5/33,0.0506983040522893,0.2346362342289958,0,0,2.710841630006946,8.083357866313557,DUSP10;PTPRM;THBS1;ADAMTS9;DCN
GO_Biological_Process_2023,Positive Regulation Of Notch Signaling Pathway (GO:0045747),5/33,0.0506983040522893,0.2346362342289958,0,0,2.710841630006946,8.083357866313557,JAG2;NOS3;BMP2K;TSPAN5;CCN3
GO_Biological_Process_2023,Positive Regulation Of Epidermal Growth Factor Receptor Signaling Pathway (GO:0045742),5/33,0.0506983040522893,0.2346362342289958,0,0,2.710841630006946,8.083357866313557,BTC;PLAUR;AREG;EREG;HBEGF
GO_Biological_Process_2023,Regulation Of Potassium Ion Transmembrane Transport (GO:1901379),5/33,0.0506983040522893,0.2346362342289958,0,0,2.710841630006946,8.083357866313557,DPP6;STK39;FLNA;KCNAB1;KCNN4
GO_Biological_Process_2023,Regulation Of Sprouting Angiogenesis (GO:1903670),5/33,0.0506983040522893,0.2346362342289958,0,0,2.710841630006946,8.083357866313557,PKM;RHOJ;KLF4;THBS1;KLF2
GO_Biological_Process_2023,Calcium Ion Homeostasis (GO:0055074),11/102,0.0509089564118572,0.2353051634672727,0,0,1.8377957547338648,5.472434577034583,CCR1;CCL11;CCL8;DMPK;CCL7;CCL5;CCL3;TNNI3;SLC8B1;SLC8A1;SLC8A2
GO_Biological_Process_2023,Negative Regulation Of Smooth Muscle Cell Migration (GO:0014912),3/14,0.0516791484581835,0.2364088552219475,0,0,4.137246248896735,12.257423172078578,NDRG4;SERPINE1;TRIB1
GO_Biological_Process_2023,Odontogenesis Of Dentin-Containing Tooth (GO:0042475),3/14,0.0516791484581835,0.2364088552219475,0,0,4.137246248896735,12.257423172078578,FOXC1;ANKRD11;SCN5A
GO_Biological_Process_2023,Positive Regulation Of Endothelial Cell Chemotaxis (GO:2001028),3/14,0.0516791484581835,0.2364088552219475,0,0,4.137246248896735,12.257423172078578,HSPB1;FGFR1;LGMN
GO_Biological_Process_2023,"Positive Regulation Of Nuclear-Transcribed mRNA Catabolic Process, Deadenylation-Dependent Decay (GO:1900153)",3/14,0.0516791484581835,0.2364088552219475,0,0,4.137246248896735,12.257423172078578,ZFP36;ZFP36L2;ZFP36L1
GO_Biological_Process_2023,Positive Regulation Of Transporter Activity (GO:0032411),3/14,0.0516791484581835,0.2364088552219475,0,0,4.137246248896735,12.257423172078578,STK39;SGK1;PPARD
GO_Biological_Process_2023,Regulation Of Integrin Activation (GO:0033623),3/14,0.0516791484581835,0.2364088552219475,0,0,4.137246248896735,12.257423172078578,SELP;KIF14;RASIP1
GO_Biological_Process_2023,Regulation Of Sequestering Of Triglyceride (GO:0010889),3/14,0.0516791484581835,0.2364088552219475,0,0,4.137246248896735,12.257423172078578,PLIN2;PLIN5;PNPLA2
GO_Biological_Process_2023,Smooth Muscle Contraction (GO:0006939),3/14,0.0516791484581835,0.2364088552219475,0,0,4.137246248896735,12.257423172078578,ROCK2;BDKRB2;SLC8A1
GO_Biological_Process_2023,Neuron Migration (GO:0001764),7/55,0.0521875367410479,0.2384043084920705,0,0,2.215080492424242,6.540936819769008,NR4A2;TUBB2B;MAP1B;DDIT4;CEP85L;CDK5R1;FGFR1
GO_Biological_Process_2023,Neuron Projection Development (GO:0031175),18/192,0.0522493286383295,0.2384043084920705,0,0,1.5747691264932644,4.648290497814885,LYN;BTG2;CNTNAP1;PTPRM;STMN4;NYAP2;NGF;AGER;MYO16;DOCK10;IL6;UBB;MAP1B;STX3;ATP7A;SGK1;MAP4K4;CDK5R1
GO_Biological_Process_2023,Phosphatidylinositol Phosphate Biosynthetic Process (GO:0046854),6/44,0.0526697419845536,0.2387918620675496,0,0,2.39761813292355,7.057902410316423,SOCS3;SOCS1;PIP4K2A;SLA2;SOCS7;EFR3B
GO_Biological_Process_2023,Positive Regulation Of Chemotaxis (GO:0050921),6/44,0.0526697419845536,0.2387918620675496,0,0,2.39761813292355,7.057902410316423,IL6;TGFB1;HSPB1;STX3;THBS1;LGMN
GO_Biological_Process_2023,Positive Regulation Of Cytokine-Mediated Signaling Pathway (GO:0001961),6/44,0.0526697419845536,0.2387918620675496,0,0,2.39761813292355,7.057902410316423,STING1;CASP4;LAPTM5;CXCR4;CD300LF;USP29
GO_Biological_Process_2023,Positive Regulation Of Nucleocytoplasmic Transport (GO:0046824),6/44,0.0526697419845536,0.2387918620675496,0,0,2.39761813292355,7.057902410316423,TGFB1;IL1B;ZC3H12A;PRKCD;FLNA;HCLS1
GO_Biological_Process_2023,Regulation Of B Cell Proliferation (GO:0030888),6/44,0.0526697419845536,0.2387918620675496,0,0,2.39761813292355,7.057902410316423,LYN;VAV3;CD38;IRS2;TNFRSF4;TNFSF13B
GO_Biological_Process_2023,Negative Regulation Of Cellular Catabolic Process (GO:0031330),8/67,0.0543009432622724,0.2458741184102134,0,0,2.060003579837255,6.001230611444816,KDM4A;HGF;TIMP3;PTPN22;TIMP1;RASIP1;MFSD2A;PLIN5
GO_Biological_Process_2023,Lymphocyte Differentiation (GO:0030098),10/91,0.0547867052884191,0.2474440153825934,0,0,1.876462847441964,5.449825531655572,JAG2;KLF6;VCAM1;NFIL3;CHD7;LY6D;PTPN22;PTPRJ;MS4A1;RELB
GO_Biological_Process_2023,Regulation Of Actin Cytoskeleton Organization (GO:0032956),10/91,0.0547867052884191,0.2474440153825934,0,0,1.876462847441964,5.449825531655572,EPS8;PDGFRA;BAIAP2L1;ROCK2;ARHGDIB;PRKCD;FAM107A;NRG1;ESAM;C9ORF72
GO_Biological_Process_2023,Regulation Of Cyclin-Dependent Protein Serine/Threonine Kinase Activity (GO:0000079),9/79,0.0550062812490689,0.248120855469501,0,0,1.9537630662020904,5.666514447314986,CDKN1A;CDKN2B;RGCC;SERTAD1;CDKN2A;GADD45A;CCNG2;MAPRE3;CDK5R1
GO_Biological_Process_2023,Cellular Response To Glucose Stimulus (GO:0071333),5/34,0.0565323542637685,0.2533726237106061,0,0,2.6172246129771417,7.51913494037523,PDX1;PDK3;PCK1;AGER;IGF1R
GO_Biological_Process_2023,Regulation Of Interleukin-17 Production (GO:0032660),5/34,0.0565323542637685,0.2533726237106061,0,0,2.6172246129771417,7.51913494037523,IL6;TGFB1;SPHK1;DDIT3;TNFSF4
GO_Biological_Process_2023,Regulation Of Phosphatidylinositol 3-Kinase Activity (GO:0043551),5/34,0.0565323542637685,0.2533726237106061,0,0,2.6172246129771417,7.51913494037523,FGR;PDGFRA;FLT1;TGFB1;PIK3IP1
GO_Biological_Process_2023,Pattern Recognition Receptor Signaling Pathway (GO:0002221),7/56,0.0565977060550524,0.2533726237106061,0,0,2.169758812615956,6.231084768584161,STING1;EHHADH;MAPKAPK2;CD14;ALPK1;CLEC4E;MEFV
GO_Biological_Process_2023,Positive Regulation Of Cellular Metabolic Process (GO:0031325),7/56,0.0565977060550524,0.2533726237106061,0,0,2.169758812615956,6.231084768584161,CDKN1A;GADD45A;CCL5;ZC3H12A;ACOD1;IFNLR1;THBS1
GO_Biological_Process_2023,Regulation Of Mitotic Nuclear Division (GO:0007088),7/56,0.0565977060550524,0.2533726237106061,0,0,2.169758812615956,6.231084768584161,BTC;IL1A;RGCC;DUSP1;IL1B;CD28;EREG
GO_Biological_Process_2023,Positive Regulation Of Innate Immune Response (GO:0045089),6/45,0.0577277027186983,0.25599735801377,0,0,2.3360159710524675,6.662359841247549,PLSCR1;STING1;CCL5;EHHADH;USP29;EREG
GO_Biological_Process_2023,Positive Regulation Of mRNA Catabolic Process (GO:0061014),6/45,0.0577277027186983,0.25599735801377,0,0,2.3360159710524675,6.662359841247549,BTG2;ZFP36;ROCK2;ZC3H12A;ZFP36L2;ZFP36L1
GO_Biological_Process_2023,Regulation Of Protein Modification Process (GO:0031399),6/45,0.0577277027186983,0.25599735801377,0,0,2.3360159710524675,6.662359841247549,LYN;ACER2;SOCS1;CADM4;SESN2;HSPB1
GO_Biological_Process_2023,Amyloid Fibril Formation (GO:1990000),4/24,0.0578313784330067,0.25599735801377,0,0,3.0349797570850203,8.650371448589926,GSN;NAT8;MDM2;CAMP
GO_Biological_Process_2023,Negative Regulation Of Ossification (GO:0030279),4/24,0.0578313784330067,0.25599735801377,0,0,3.0349797570850203,8.650371448589926,CCR1;SRGN;CCL3;SOX9
GO_Biological_Process_2023,Positive Regulation Of Cellular Response To Transforming Growth Factor Beta Stimulus (GO:1903846),4/24,0.0578313784330067,0.25599735801377,0,0,3.0349797570850203,8.650371448589926,CDKN2B;LRG1;CITED2;THBS1
GO_Biological_Process_2023,Positive Regulation Of Lipid Metabolic Process (GO:0045834),4/24,0.0578313784330067,0.25599735801377,0,0,3.0349797570850203,8.650371448589926,IL1B;HSD17B13;SORBS1;PCK1
GO_Biological_Process_2023,Positive Regulation Of Transforming Growth Factor Beta Receptor Signaling Pathway (GO:0030511),4/24,0.0578313784330067,0.25599735801377,0,0,3.0349797570850203,8.650371448589926,CDKN2B;LRG1;CITED2;THBS1
GO_Biological_Process_2023,Regulation Of Endoplasmic Reticulum Stress-Induced Intrinsic Apoptotic Signaling Pathway (GO:1902235),4/24,0.0578313784330067,0.25599735801377,0,0,3.0349797570850203,8.650371448589926,BCL2L11;DDIT3;EIF2AK3;PMAIP1
GO_Biological_Process_2023,Positive Regulation Of Neuron Projection Development (GO:0010976),10/92,0.0582172543582939,0.2573853518772276,0,0,1.8534799261743635,5.270506403714895,LYN;TUBB2B;NDRG4;CAMK1D;LRRC7;AVIL;MAGI2;S100A9;LRP8;DBN1
GO_Biological_Process_2023,Cellular Response To Oxidative Stress (GO:0034599),12/117,0.0586664677361497,0.2590495765173163,0,0,1.7376644545348705,4.9278199735161605,RAD52;PDGFRA;JUN;SRXN1;SESN2;ZC3H12A;PRKCD;HMOX1;FOS;SQSTM1;CPEB2;ZFP36L2
GO_Biological_Process_2023,Regulation Of Calcium Ion Transport (GO:0051924),7/57,0.0612319757465326,0.2665423452428787,0,0,2.12625,5.938798568262265,CCR1;CCL5;CCL4;CCL3;FFAR1;SLC8B1;CD33
GO_Biological_Process_2023,Astrocyte Development (GO:0014002),3/15,0.0617155016474758,0.2665423452428787,0,0,3.792273462783172,10.56231641494351,C1QA;C5AR1;S100A9
GO_Biological_Process_2023,Epiboly Involved In Wound Healing (GO:0090505),3/15,0.0617155016474758,0.2665423452428787,0,0,3.792273462783172,10.56231641494351,MRTFA;FLNA;RHOC
GO_Biological_Process_2023,Negative Regulation Of Cation Transmembrane Transport (GO:1904063),3/15,0.0617155016474758,0.2665423452428787,0,0,3.792273462783172,10.56231641494351,EPO;STK39;COMMD1
GO_Biological_Process_2023,Negative Regulation Of Cell-Substrate Junction Organization (GO:0150118),3/15,0.0617155016474758,0.2665423452428787,0,0,3.792273462783172,10.56231641494351,FAM107A;ARHGAP6;THBS1
GO_Biological_Process_2023,Negative Regulation Of Epithelial Cell Differentiation (GO:0030857),3/15,0.0617155016474758,0.2665423452428787,0,0,3.792273462783172,10.56231641494351,SPRED3;SPRY2;GDF3
GO_Biological_Process_2023,Negative Regulation Of Focal Adhesion Assembly (GO:0051895),3/15,0.0617155016474758,0.2665423452428787,0,0,3.792273462783172,10.56231641494351,FAM107A;ARHGAP6;THBS1
GO_Biological_Process_2023,Neurotrophin Signaling Pathway (GO:0038179),3/15,0.0617155016474758,0.2665423452428787,0,0,3.792273462783172,10.56231641494351,MAGI2;DDIT4;NGF
GO_Biological_Process_2023,Regulation Of Bicellular Tight Junction Assembly (GO:2000810),3/15,0.0617155016474758,0.2665423452428787,0,0,3.792273462783172,10.56231641494351,PRKCH;ROCK2;EPHA2
GO_Biological_Process_2023,Regulation Of Carbohydrate Metabolic Process (GO:0006109),3/15,0.0617155016474758,0.2665423452428787,0,0,3.792273462783172,10.56231641494351,PDK4;PDK3;RORA
GO_Biological_Process_2023,Regulation Of Granulocyte Macrophage Colony-Stimulating Factor Production (GO:0032645),3/15,0.0617155016474758,0.2665423452428787,0,0,3.792273462783172,10.56231641494351,CD80;IL1B;IL17F
GO_Biological_Process_2023,Regulation Of Multicellular Organism Growth (GO:0040014),3/15,0.0617155016474758,0.2665423452428787,0,0,3.792273462783172,10.56231641494351,GDF15;GHRL;MFSD2A
GO_Biological_Process_2023,Renal Filtration (GO:0097205),3/15,0.0617155016474758,0.2665423452428787,0,0,3.792273462783172,10.56231641494351,MYO1E;MCAM;JCHAIN
GO_Biological_Process_2023,Vasodilation (GO:0042311),3/15,0.0617155016474758,0.2665423452428787,0,0,3.792273462783172,10.56231641494351,NOS3;BDKRB2;KLF2
GO_Biological_Process_2023,Phagocytosis (GO:0006909),8/69,0.0625953991718051,0.2665423452428787,0,0,1.992249404056412,5.520649604953578,MARCO;GSN;CD93;ITGB3;ITGB2;PECAM1;TIMD4;CD14
GO_Biological_Process_2023,Regulation Of Endopeptidase Activity (GO:0052548),8/69,0.0625953991718051,0.2665423452428787,0,0,1.992249404056412,5.520649604953578,SERPINA12;SERPINE2;SERPINE1;TIMP3;NRG1;TIMP1;BIRC3;PICALM
GO_Biological_Process_2023,Regulation Of Cardiac Muscle Contraction (GO:0055117),5/35,0.0627356287673758,0.2665423452428787,0,0,2.529848730415992,7.0047103104744,ZC3H12A;PDE4B;TNNI3;SCN5A;SLC8A1
GO_Biological_Process_2023,Regulation Of Sodium Ion Transport (GO:0002028),5/35,0.0627356287673758,0.2665423452428787,0,0,2.529848730415992,7.0047103104744,NKAIN2;PER1;CNKSR3;SIK1;SCN5A
GO_Biological_Process_2023,Actin Filament Organization (GO:0007015),14/144,0.0629493253782834,0.2665423452428787,0,0,1.63789010989011,4.529462642597048,GSN;SH3KBP1;AVIL;CAPG;EPS8;MYO1E;BAIAP2L1;ACTC1;CDC42EP2;SPIRE1;HCLS1;FLNA;GHRL;DBN1
GO_Biological_Process_2023,Epithelial Cell Migration (GO:0010631),6/46,0.0630663172725179,0.2665423452428787,0,0,2.27749391727494,6.294010337408219,LRG1;NOS3;LPXN;PRKX;FSTL1;S100A9
GO_Biological_Process_2023,Positive Regulation Of Cell-Cell Adhesion (GO:0022409),6/46,0.0630663172725179,0.2665423452428787,0,0,2.27749391727494,6.294010337408219,CITED2;CCL5;IL1B;PLAUR;CXCL13;AGER
GO_Biological_Process_2023,Regulation Of Fibroblast Proliferation (GO:0048145),6/46,0.0630663172725179,0.2665423452428787,0,0,2.27749391727494,6.294010337408219,PDGFRA;CDKN1A;GSTP1;MYC;SPHK1;EREG
GO_Biological_Process_2023,Regulation Of mRNA Catabolic Process (GO:0061013),6/46,0.0630663172725179,0.2665423452428787,0,0,2.27749391727494,6.294010337408219,ZFP36;ZC3H12A;PRKCD;MAPKAPK2;ZFP36L2;ZFP36L1
GO_Biological_Process_2023,Response To Hydrogen Peroxide (GO:0042542),6/46,0.0630663172725179,0.2665423452428787,0,0,2.27749391727494,6.294010337408219,IL6;STK24;PRKCD;TNFAIP3;HMOX1;RHOB
GO_Biological_Process_2023,Metal Ion Transport (GO:0030001),16/171,0.0653094660146067,0.2665423452428787,0,0,1.5704164798354123,4.285067131785837,CCR1;KCNK7;RAMP3;KCNJ8;KCNAB1;SLC3A2;LRP2;CCL8;CCL5;CDH23;CCL3;SCN4A;SCN5A;KCNN4;SGK1;KCNK1
GO_Biological_Process_2023,ER Overload Response (GO:0006983),2/7,0.0653930385631099,0.2665423452428787,0,0,6.064995957962814,16.54130286259588,DDIT3;EIF2AK3
GO_Biological_Process_2023,SREBP Signaling Pathway (GO:0032933),2/7,0.0653930385631099,0.2665423452428787,0,0,6.064995957962814,16.54130286259588,INSIG2;SH2D2A
GO_Biological_Process_2023,T-helper 17 Cell Lineage Commitment (GO:0072540),2/7,0.0653930385631099,0.2665423452428787,0,0,6.064995957962814,16.54130286259588,SOCS3;IL6
GO_Biological_Process_2023,Atrial Cardiac Muscle Cell To AV Node Cell Signaling (GO:0086026),2/7,0.0653930385631099,0.2665423452428787,0,0,6.064995957962814,16.54130286259588,GJA1;SCN5A
GO_Biological_Process_2023,Axon Ensheathment In Central Nervous System (GO:0032291),2/7,0.0653930385631099,0.2665423452428787,0,0,6.064995957962814,16.54130286259588,CNTNAP1;B4GALT6
GO_Biological_Process_2023,Cellular Response To Nitric Oxide (GO:0071732),2/7,0.0653930385631099,0.2665423452428787,0,0,6.064995957962814,16.54130286259588,MMP3;DPEP1
GO_Biological_Process_2023,Cellular Response To Reactive Nitrogen Species (GO:1902170),2/7,0.0653930385631099,0.2665423452428787,0,0,6.064995957962814,16.54130286259588,MMP3;DPEP1
GO_Biological_Process_2023,Fructose Transmembrane Transport (GO:0015755),2/7,0.0653930385631099,0.2665423452428787,0,0,6.064995957962814,16.54130286259588,SLC2A3;SLC2A6
GO_Biological_Process_2023,Hyperosmotic Response (GO:0006972),2/7,0.0653930385631099,0.2665423452428787,0,0,6.064995957962814,16.54130286259588,NFAT5;EPO
GO_Biological_Process_2023,Lens Fiber Cell Development (GO:0070307),2/7,0.0653930385631099,0.2665423452428787,0,0,6.064995957962814,16.54130286259588,WNT7B;EPHA2
GO_Biological_Process_2023,Negative Regulation Of Glial Cell Apoptotic Process (GO:0034351),2/7,0.0653930385631099,0.2665423452428787,0,0,6.064995957962814,16.54130286259588,PRKCH;PRKCD
GO_Biological_Process_2023,Negative Regulation Of Lipid Kinase Activity (GO:0090219),2/7,0.0653930385631099,0.2665423452428787,0,0,6.064995957962814,16.54130286259588,PIK3IP1;PIP4K2A
GO_Biological_Process_2023,Negative Regulation Of Mitochondrial Membrane Potential (GO:0010917),2/7,0.0653930385631099,0.2665423452428787,0,0,6.064995957962814,16.54130286259588,HEBP2;PMAIP1
GO_Biological_Process_2023,Negative Regulation Of Nitric Oxide Biosynthetic Process (GO:0045019),2/7,0.0653930385631099,0.2665423452428787,0,0,6.064995957962814,16.54130286259588,ROCK2;ZC3H12A
GO_Biological_Process_2023,Negative Regulation Of Nitric Oxide Metabolic Process (GO:1904406),2/7,0.0653930385631099,0.2665423452428787,0,0,6.064995957962814,16.54130286259588,ROCK2;ZC3H12A
GO_Biological_Process_2023,Neuroepithelial Cell Differentiation (GO:0060563),2/7,0.0653930385631099,0.2665423452428787,0,0,6.064995957962814,16.54130286259588,TUBB2A;MAP1B
GO_Biological_Process_2023,Nonribosomal Peptide Biosynthetic Process (GO:0019184),2/7,0.0653930385631099,0.2665423452428787,0,0,6.064995957962814,16.54130286259588,GCLC;CHAC1
GO_Biological_Process_2023,Plasma Membrane Phospholipid Scrambling (GO:0017121),2/7,0.0653930385631099,0.2665423452428787,0,0,6.064995957962814,16.54130286259588,PLSCR1;ANO7
GO_Biological_Process_2023,"Positive Regulation Of CD4-positive, Alpha-Beta T Cell Differentiation (GO:0043372)",2/7,0.0653930385631099,0.2665423452428787,0,0,6.064995957962814,16.54130286259588,SOCS1;TNFSF4
GO_Biological_Process_2023,Positive Regulation Of T-helper 2 Cell Cytokine Production (GO:2000553),2/7,0.0653930385631099,0.2665423452428787,0,0,6.064995957962814,16.54130286259588,IL6;RSAD2
GO_Biological_Process_2023,Positive Regulation Of Apoptotic Cell Clearance (GO:2000427),2/7,0.0653930385631099,0.2665423452428787,0,0,6.064995957962814,16.54130286259588,CCL2;CD300LF
GO_Biological_Process_2023,Positive Regulation Of Astrocyte Differentiation (GO:0048711),2/7,0.0653930385631099,0.2665423452428787,0,0,6.064995957962814,16.54130286259588,SERPINE2;HES1
GO_Biological_Process_2023,Positive Regulation Of Fibroblast Migration (GO:0010763),2/7,0.0653930385631099,0.2665423452428787,0,0,6.064995957962814,16.54130286259588,TGFB1;THBS1
GO_Biological_Process_2023,Positive Regulation Of Isomerase Activity (GO:0010912),2/7,0.0653930385631099,0.2665423452428787,0,0,6.064995957962814,16.54130286259588,PLSCR1;ITGB2
GO_Biological_Process_2023,"Regulation Of CD4-positive, Alpha-Beta T Cell Activation (GO:2000514)",2/7,0.0653930385631099,0.2665423452428787,0,0,6.064995957962814,16.54130286259588,TARM1;CD55
GO_Biological_Process_2023,"Regulation Of CD8-positive, Alpha-Beta T Cell Differentiation (GO:0043376)",2/7,0.0653930385631099,0.2665423452428787,0,0,6.064995957962814,16.54130286259588,SOCS1;RUNX1
GO_Biological_Process_2023,Regulation Of Alpha-Beta T Cell Proliferation (GO:0046640),2/7,0.0653930385631099,0.2665423452428787,0,0,6.064995957962814,16.54130286259588,SYK;TNFSF4
GO_Biological_Process_2023,Regulation Of Apoptotic Cell Clearance (GO:2000425),2/7,0.0653930385631099,0.2665423452428787,0,0,6.064995957962814,16.54130286259588,CCL2;CD300LF
GO_Biological_Process_2023,Regulation Of Chaperone-Mediated Autophagy (GO:1904714),2/7,0.0653930385631099,0.2665423452428787,0,0,6.064995957962814,16.54130286259588,PLK3;GFAP
GO_Biological_Process_2023,Regulation Of Epithelial To Mesenchymal Transition Involved In Endocardial Cushion Formation (GO:1905005),2/7,0.0653930385631099,0.2665423452428787,0,0,6.064995957962814,16.54130286259588,TGFB1;TGFB3
GO_Biological_Process_2023,Regulation Of Leukocyte Degranulation (GO:0043300),2/7,0.0653930385631099,0.2665423452428787,0,0,6.064995957962814,16.54130286259588,LYN;SYK
GO_Biological_Process_2023,Regulation Of Leukocyte Proliferation (GO:0070663),2/7,0.0653930385631099,0.2665423452428787,0,0,6.064995957962814,16.54130286259588,GSTP1;CSF2RB
GO_Biological_Process_2023,Regulation Of Lipase Activity (GO:0060191),2/7,0.0653930385631099,0.2665423452428787,0,0,6.064995957962814,16.54130286259588,RHOC;PLIN5
GO_Biological_Process_2023,Regulation Of Lymphocyte Apoptotic Process (GO:0070228),2/7,0.0653930385631099,0.2665423452428787,0,0,6.064995957962814,16.54130286259588,LYN;CD274
GO_Biological_Process_2023,Regulation Of Mesenchymal Stem Cell Differentiation (GO:2000739),2/7,0.0653930385631099,0.2665423452428787,0,0,6.064995957962814,16.54130286259588,PDGFRA;SOX9
GO_Biological_Process_2023,Regulation Of Myeloid Leukocyte Differentiation (GO:0002761),2/7,0.0653930385631099,0.2665423452428787,0,0,6.064995957962814,16.54130286259588,CEBPB;UBASH3B
GO_Biological_Process_2023,Response To Hydroperoxide (GO:0033194),2/7,0.0653930385631099,0.2665423452428787,0,0,6.064995957962814,16.54130286259588,GPX3;PRKCD
GO_Biological_Process_2023,Spermidine Metabolic Process (GO:0008216),2/7,0.0653930385631099,0.2665423452428787,0,0,6.064995957962814,16.54130286259588,SAT1;SLC38A2
GO_Biological_Process_2023,Negative Regulation Of Protein Localization To Membrane (GO:1905476),4/25,0.0656058146762466,0.2665423452428787,0,0,2.890302679776364,7.873447368701275,TGFB1;MRAP2;BCL2L1;PICALM
GO_Biological_Process_2023,Negative Regulation Of Signaling Receptor Activity (GO:2000272),4/25,0.0656058146762466,0.2665423452428787,0,0,2.890302679776364,7.873447368701275,ERRFI1;RAMP3;GPRC5A;CBLB
GO_Biological_Process_2023,Osteoclast Differentiation (GO:0030316),4/25,0.0656058146762466,0.2665423452428787,0,0,2.890302679776364,7.873447368701275,SBNO2;TNFRSF11A;GAB2;EPHA2
GO_Biological_Process_2023,Positive Regulation Of T Cell Migration (GO:2000406),4/25,0.0656058146762466,0.2665423452428787,0,0,2.890302679776364,7.873447368701275,CXCL10;CCL5;STK39;CXCL13
GO_Biological_Process_2023,Positive Regulation Of Release Of Cytochrome C From Mitochondria (GO:0090200),4/25,0.0656058146762466,0.2665423452428787,0,0,2.890302679776364,7.873447368701275,BCL2L11;PLAUR;PMAIP1;BBC3
GO_Biological_Process_2023,Regulation Of Keratinocyte Proliferation (GO:0010837),4/25,0.0656058146762466,0.2665423452428787,0,0,2.890302679776364,7.873447368701275,ZFP36;LRG1;KLF9;ZFP36L1
GO_Biological_Process_2023,"Wound Healing, Spreading Of Cells (GO:0044319)",4/25,0.0656058146762466,0.2665423452428787,0,0,2.890302679776364,7.873447368701275,LRG1;FLNA;MRTFA;RHOC
GO_Biological_Process_2023,Positive Regulation Of Type II Interferon Production (GO:0032729),7/58,0.0660914866743097,0.2682093512814917,0,0,2.0844474153297683,5.662850258350543,IL1R1;IL1B;TNFSF4;CRTAM;PDE4B;PTPN22;CD14
GO_Biological_Process_2023,Positive Regulation Of Signal Transduction (GO:0009967),23/266,0.0667000089263799,0.2703705373223079,0,0,1.441391867013212,3.9026408266129504,NECAB2;JAG2;TGFB1;VWF;PRKCB;CITED2;NOS3;CD80;ITGB3;TNFAIP3;SORBS1;BMP6;KLF2;ESM1;IL6;CTSL;IL1B;BMP2K;TSPAN5;FLNA;CCN3;GHRL;IL7R
GO_Biological_Process_2023,Regulation Of G Protein-Coupled Receptor Signaling Pathway (GO:0008277),8/70,0.0670229655434851,0.2713705737989347,0,0,1.960011530096172,5.297362262695042,RGS4;RAMP3;GRK5;ROCK2;CCL5;GUCY2F;MRAP2;RGS6
GO_Biological_Process_2023,Positive Regulation Of T Cell Activation (GO:0050870),11/107,0.0673358502543444,0.2720184915496162,0,0,1.741610681324647,4.69897445308967,CD274;IL6;VCAM1;CD6;CD80;IL1B;CCL5;CD28;CCL2;PDCD1LG2;SLC7A1
GO_Biological_Process_2023,Positive Regulation Of Autophagy (GO:0010508),11/107,0.0673358502543444,0.2720184915496162,0,0,1.741610681324647,4.69897445308967,GPSM1;PLK3;STING1;PLK2;SESN2;ZC3H12A;MEFV;DEPDC5;SQSTM1;C9ORF72;DCN
GO_Biological_Process_2023,Cell-Cell Adhesion Via Plasma-Membrane Adhesion Molecules (GO:0098742),16/172,0.0680711752830263,0.2745307321780731,0,0,1.5602658448120428,4.192748602916788,CADM4;VCAM1;CRTAM;ITGB2;PTPRM;PVR;SELE;SELP;CDH4;SELL;CD6;CDH23;PECAM1;ESAM;EMB;CD177
GO_Biological_Process_2023,Negative Regulation Of Gene Expression (GO:0010629),28/336,0.0681120080115871,0.2745307321780731,0,0,1.385256362134975,3.721632169858623,TRIM71;BTG2;CITED2;ROCK2;PTPN22;ZFP36L2;ZFP36;GPNMB;ZC3H12A;ENC1;CCL3;HAVCR2;CCR1;SRGN;KDM4A;TGFB1;TIPARP;EIF2AK3;MMP8;KLF4;PATL2;NLRP12;RGCC;CD28;REL;CCDC3;LGMN;PICALM
GO_Biological_Process_2023,Epithelial To Mesenchymal Transition (GO:0001837),6/47,0.068685869235714,0.275906330259488,0,0,2.2218265978280223,5.950522187175436,TGFB1;ROCK2;HGF;SOX9;FAM83D;FGFR1
GO_Biological_Process_2023,Insulin Receptor Signaling Pathway (GO:0008286),6/47,0.068685869235714,0.275906330259488,0,0,2.2218265978280223,5.950522187175436,FOXC2;PDK4;IRS2;SORBS1;SOGA1;IGF1R
GO_Biological_Process_2023,Regulation Of Wound Healing (GO:0061041),6/47,0.068685869235714,0.275906330259488,0,0,2.2218265978280223,5.950522187175436,CADM4;TNFRSF12A;SERPINE1;TNFAIP3;NRG1;HBEGF
GO_Biological_Process_2023,Positive Regulation Of Cellular Catabolic Process (GO:0031331),14/146,0.0689412329929296,0.2766198965296919,0,0,1.6129004329004328,4.313703551400231,PLK2;PRKCD;LAPTM5;IRS2;APOA4;MEFV;DCN;IL1B;ZC3H12A;ADAM8;DEPDC5;SQSTM1;PLIN5;PNPLA2
GO_Biological_Process_2023,Blood Vessel Diameter Maintenance (GO:0097746),5/36,0.069306441421371,0.2771478932793927,0,0,2.448110001568464,6.534537880140119,GCLC;ROCK2;NOS3;BDKRB2;KLF2
GO_Biological_Process_2023,Positive Regulation Of Signaling Receptor Activity (GO:2000273),5/36,0.069306441421371,0.2771478932793927,0,0,2.448110001568464,6.534537880140119,BTC;CCL2;AREG;EREG;HBEGF
GO_Biological_Process_2023,Regulation Of Peptidyl-Threonine Phosphorylation (GO:0010799),5/36,0.069306441421371,0.2771478932793927,0,0,2.448110001568464,6.534537880140119,CEMIP;CADM4;TGFB1;SPHK1;SPRY2
GO_Biological_Process_2023,Negative Regulation Of Macromolecule Metabolic Process (GO:0010605),17/186,0.0700032537408038,0.2796201796448044,0,0,1.5304428669655914,4.069774418520778,CCR1;KDM4A;TGFB1;TIPARP;CITED2;ROCK2;PTPN22;MMP8;KLF4;ZC3H12A;CD28;REL;CCL3;CCDC3;LGMN;PICALM;HAVCR2
GO_Biological_Process_2023,Chordate Embryonic Development (GO:0043009),7/59,0.071176854311707,0.2836712480351237,0,0,2.0442526223776225,5.402116617478122,TRIM71;STIL;TGFB1;TGFB3;WNT7B;CHD7;FGFR1
GO_Biological_Process_2023,Glucose Metabolic Process (GO:0006006),7/59,0.071176854311707,0.2836712480351237,0,0,2.0442526223776225,5.402116617478122,HKDC1;IRS2;GHRL;PCK1;HK2;HK1;PPARD
GO_Biological_Process_2023,Cell-Cell Junction Assembly (GO:0007043),8/71,0.0716386245254184,0.2844836712890065,0,0,1.9287970807060977,5.084542299754398,CNTNAP1;CDH4;GJA1;GJA4;FBF1;RHOC;VCL;ACTG1
GO_Biological_Process_2023,Cellular Response To Fatty Acid (GO:0071398),3/16,0.0725797059652761,0.2844836712890065,0,0,3.5003734129947723,9.181724237750252,ZC3H12A;PDK4;PDK3
GO_Biological_Process_2023,Heart Process (GO:0003015),3/16,0.0725797059652761,0.2844836712890065,0,0,3.5003734129947723,9.181724237750252,RAMP3;ACTC1;TNNI3
GO_Biological_Process_2023,Innate Immune Response-Activating Signaling Pathway (GO:0002758),3/16,0.0725797059652761,0.2844836712890065,0,0,3.5003734129947723,9.181724237750252,STING1;MEFV;CLEC4E
GO_Biological_Process_2023,Negative Regulation Of Biosynthetic Process (GO:0009890),3/16,0.0725797059652761,0.2844836712890065,0,0,3.5003734129947723,9.181724237750252,IL6;GSTP1;ASXL3
GO_Biological_Process_2023,Negative Regulation Of Cytokine Production Involved In Immune Response (GO:0002719),3/16,0.0725797059652761,0.2844836712890065,0,0,3.5003734129947723,9.181724237750252,TGFB1;TGFB3;IRAK3
GO_Biological_Process_2023,Negative Regulation Of Interleukin-10 Production (GO:0032693),3/16,0.0725797059652761,0.2844836712890065,0,0,3.5003734129947723,9.181724237750252,CD274;PDCD1LG2;MMP8
GO_Biological_Process_2023,Negative Regulation Of Viral-Induced Cytoplasmic Pattern Recognition Receptor Signaling Pathway (GO:0039532),3/16,0.0725797059652761,0.2844836712890065,0,0,3.5003734129947723,9.181724237750252,RNF125;TNFAIP3;RAB7B
GO_Biological_Process_2023,Positive Regulation By Host Of Viral Transcription (GO:0043923),3/16,0.0725797059652761,0.2844836712890065,0,0,3.5003734129947723,9.181724237750252,JUN;CTDP1;CHD1
GO_Biological_Process_2023,Prostanoid Metabolic Process (GO:0006692),3/16,0.0725797059652761,0.2844836712890065,0,0,3.5003734129947723,9.181724237750252,GSTP1;GSTA1;PTGES
GO_Biological_Process_2023,Regulation Of Fatty Acid Oxidation (GO:0046320),3/16,0.0725797059652761,0.2844836712890065,0,0,3.5003734129947723,9.181724237750252,NR4A3;PDK4;SOX9
GO_Biological_Process_2023,Regulation Of Nucleocytoplasmic Transport (GO:0046822),3/16,0.0725797059652761,0.2844836712890065,0,0,3.5003734129947723,9.181724237750252,TGFB1;IFI27;MX2
GO_Biological_Process_2023,Regulation Of Protein Kinase A Signaling (GO:0010738),3/16,0.0725797059652761,0.2844836712890065,0,0,3.5003734129947723,9.181724237750252,AKAP12;RAMP3;SPATC1L
GO_Biological_Process_2023,Regulation Of Triglyceride Biosynthetic Process (GO:0010866),3/16,0.0725797059652761,0.2844836712890065,0,0,3.5003734129947723,9.181724237750252,SIK1;MFSD2A;PLIN5
GO_Biological_Process_2023,Stabilization Of Membrane Potential (GO:0030322),3/16,0.0725797059652761,0.2844836712890065,0,0,3.5003734129947723,9.181724237750252,KCNK7;KCNK1;KCNN4
GO_Biological_Process_2023,Regulation Of Protein Metabolic Process (GO:0051246),10/96,0.0733225165349752,0.287079027885563,0,0,1.766893106515034,4.616692971876203,NFKBIA;ACE;TGFB1;ROCK2;PLAUR;MDM2;IL17F;FAM83D;KLF4;KLF2
GO_Biological_Process_2023,Fc Receptor Signaling Pathway (GO:0038093),4/26,0.0738941846155895,0.2871063352040208,0,0,2.758778064041222,7.186951073800639,LYN;VAV3;FCER1G;SYK
GO_Biological_Process_2023,cAMP-mediated Signaling (GO:0019933),4/26,0.0738941846155895,0.2871063352040208,0,0,2.758778064041222,7.186951073800639,ADGRG6;DEFB1;SOX9;PDE7B
GO_Biological_Process_2023,Cellular Response To Xenobiotic Stimulus (GO:0071466),4/26,0.0738941846155895,0.2871063352040208,0,0,2.758778064041222,7.186951073800639,MYC;IL1B;PDE4B;DPEP1
GO_Biological_Process_2023,Mitotic G1 DNA Damage Checkpoint Signaling (GO:0031571),4/26,0.0738941846155895,0.2871063352040208,0,0,2.758778064041222,7.186951073800639,PLK3;CDKN1A;PLK2;MDM2
GO_Biological_Process_2023,Negative Regulation Of Lipid Metabolic Process (GO:0045833),4/26,0.0738941846155895,0.2871063352040208,0,0,2.758778064041222,7.186951073800639,ASXL3;IL1B;CCDC3;CIDEC
GO_Biological_Process_2023,Positive Regulation Of Phosphatidylinositol 3-Kinase Activity (GO:0043552),4/26,0.0738941846155895,0.2871063352040208,0,0,2.758778064041222,7.186951073800639,FGR;PDGFRA;FLT1;TGFB1
GO_Biological_Process_2023,Protein Localization To Cell Surface (GO:0034394),4/26,0.0738941846155895,0.2871063352040208,0,0,2.758778064041222,7.186951073800639,FLNA;FBLN5;VCL;CD177
GO_Biological_Process_2023,Organic Substance Transport (GO:0071702),18/201,0.0743112919898724,0.2884120918123838,0,0,1.4965964474161195,3.890391031774602,CCR1;ABCC1;RAMP3;CHKA;ABCA4;AQP4;APOA4;NRG1;SLC3A2;LRP2;SNX18;CCL8;CCL5;CDH23;CCL3;TXNIP;KCNN4;MFSD2A
GO_Biological_Process_2023,Cellular Defense Response (GO:0006968),6/48,0.0745858143514226,0.2891622148983805,0,0,2.1688101031166727,5.629807992608376,FOSL1;ITK;NCF2;EHHADH;C5AR1;CXCR2
GO_Biological_Process_2023,Defense Response To Symbiont (GO:0140546),14/148,0.0752981778713282,0.2916063275778643,0,0,1.5886567164179104,4.108741821487305,RNASEL;RSAD2;MX2;ACOD1;IFNLR1;USP29;IL6;PLSCR1;IFI27;STING1;DDIT4;CD207;PMAIP1;BCL2L1
GO_Biological_Process_2023,Positive Regulation Of Macromolecule Biosynthetic Process (GO:0010557),12/122,0.0754569945416434,0.2919037430149012,0,0,1.6582351633696375,4.2851986962050415,IL6;NLRP12;RGCC;HGF;IL1B;CIRBP;CD28;CCL2;IRS2;SORBS1;KLF4;THBS1
GO_Biological_Process_2023,Positive Regulation Of Immune Effector Process (GO:0002699),5/37,0.0762416879093047,0.2939806795982833,0,0,2.371479943273906,6.103826254074364,EHHADH;IL1B;TNFSF4;PTPRJ;PCK1
GO_Biological_Process_2023,Positive Regulation Of Receptor Signaling Pathway Via STAT (GO:1904894),5/37,0.0762416879093047,0.2939806795982833,0,0,2.371479943273906,6.103826254074364,IL6;TGFB1;CCL5;HES1;IL7R
GO_Biological_Process_2023,Regulation Of Defense Response To Virus By Host (GO:0050691),5/37,0.0762416879093047,0.2939806795982833,0,0,2.371479943273906,6.103826254074364,STING1;ZC3H12A;TNFAIP3;PTPN22;IFNLR1
GO_Biological_Process_2023,Positive Regulation Of Protein Localization To Nucleus (GO:1900182),8/72,0.0764428324536822,0.2942934062206293,0,0,1.898558082859464,4.881595526014877,TGFB1;SESN2;ZC3H12A;PRKCD;EIF2AK3;LIF;HCLS1;FLNA
GO_Biological_Process_2023,Homophilic Cell Adhesion Via Plasma Membrane Adhesion Molecules (GO:0007156),7/60,0.0764881710463844,0.2942934062206293,0,0,2.00557461406518,5.155568563720565,CDH4;CADM4;PECAM1;PTPRM;ESAM;EMB;PVR
GO_Biological_Process_2023,Organonitrogen Compound Biosynthetic Process (GO:1901566),12/123,0.0791482353971362,0.3035437174336292,0,0,1.6432080001762153,4.167886648029512,ACER2;ALAS2;CHKA;SPTLC2;SPHK1;GSTP1;ELOVL3;GSTA1;BCAT1;PLPP1;GPHN;MFSD2A
GO_Biological_Process_2023,Positive Regulation Of Epithelial Cell Proliferation (GO:0050679),12/123,0.0791482353971362,0.3035437174336292,0,0,1.6432080001762153,4.167886648029512,NR4A1;EGR3;NR4A3;CCL11;LRG1;MYC;ITGB3;C5AR1;SOX9;SCN5A;AREG;BMP6
GO_Biological_Process_2023,Regulation Of Cell Motility (GO:2000145),12/123,0.0791482353971362,0.3035437174336292,0,0,1.6432080001762153,4.167886648029512,DOCK10;CADM4;TGFB1;SERPINE2;ROCK2;OSGIN1;KIF14;FLNA;PRKX;SGK1;FGF21;RHOB
GO_Biological_Process_2023,Positive Regulation Of Protein Localization (GO:1903829),9/85,0.079762609777181,0.3040238020776548,0,0,1.798940949935815,4.548982759921945,NECAB2;TGFB1;SESN2;PECAM1;EIF2AK3;LIF;STX3;BICD1;GPR137B
GO_Biological_Process_2023,Cellular Response To Reactive Oxygen Species (GO:0034614),8/73,0.0814356903177827,0.3040238020776548,0,0,1.869249515715804,4.687968707369126,PDGFRA;JUN;IL6;PRKCD;TNFAIP3;FOS;SQSTM1;RHOB
GO_Biological_Process_2023,Negative Regulation Of Macromolecule Biosynthetic Process (GO:0010558),10/98,0.0817166203875608,0.3040238020776548,0,0,1.7265515200828463,4.324144597395514,TRIM71;BTG2;CDKN1A;TGFB1;GSTP1;ENC1;EIF2AK3;ANKRD1;PATL2;PF4
GO_Biological_Process_2023,Positive Regulation Of Interleukin-8 Production (GO:0032757),7/61,0.0820250108358887,0.3040238020776548,0,0,1.9683291245791248,4.922261793943843,IL6;SYK;DDIT3;EHHADH;IL1B;SERPINE1;CD14
GO_Biological_Process_2023,In Utero Embryonic Development (GO:0001701),4/27,0.0826843306342804,0.3040238020776548,0,0,2.6386903714134835,6.577529897490677,STIL;TGFB3;WNT7B;CHD7
GO_Biological_Process_2023,Regulation Of Actin Polymerization Or Depolymerization (GO:0008064),4/27,0.0826843306342804,0.3040238020776548,0,0,2.6386903714134835,6.577529897490677,FCHSD1;ARHGAP40;HCLS1;ESAM
GO_Biological_Process_2023,Regulation Of Microtubule Polymerization Or Depolymerization (GO:0031110),4/27,0.0826843306342804,0.3040238020776548,0,0,2.6386903714134835,6.577529897490677,MAP1B;PRUNE1;STMN4;MAPRE3
GO_Biological_Process_2023,Negative Regulation Of Cellular Biosynthetic Process (GO:0031327),13/137,0.0826846682190638,0.3040238020776548,0,0,1.5937023101615535,3.972655350919735,TRIM71;BTG2;CDKN1A;ROCK2;EIF2AK3;DKKL1;SOGA1;PATL2;ZC3H12A;ENC1;ANKRD1;SIK1;TRIB3
GO_Biological_Process_2023,T Cell Activation (GO:0042110),11/111,0.0826913179574114,0.3040238020776548,0,0,1.6715879478827362,4.166668093750051,JAG2;ITK;CD80;TNFSF4;SLAMF9;CRTAM;CHD7;CD28;PTPN22;SLA2;TNFRSF4
GO_Biological_Process_2023,Cytoskeleton Organization (GO:0007010),11/111,0.0826913179574114,0.3040238020776548,0,0,1.6715879478827362,4.166668093750051,CNTNAP1;CCL11;FMNL2;CCL7;SH3KBP1;CCL3;TNFAIP3;CCL2;TIMD4;SH3BGRL3;ANK1
GO_Biological_Process_2023,Mitotic Cell Cycle Phase Transition (GO:0044772),11/111,0.0826913179574114,0.3040238020776548,0,0,1.6715879478827362,4.166668093750051,EPS8;TRIM71;PLK3;CDKN1A;GPR132;CTDP1;MYC;PLK2;CCNG2;BCAT1;USP29
GO_Biological_Process_2023,Positive Regulation Of Production Of Molecular Mediator Of Immune Response (GO:0002702),5/38,0.083536910360542,0.3040238020776548,0,0,2.2994941309365946,5.708417617358977,IL6;TNFSF4;LAPTM5;PTPN22;TNFRSF4
GO_Biological_Process_2023,Regulation Of Protein Import Into Nucleus (GO:0042306),5/38,0.083536910360542,0.3040238020776548,0,0,2.2994941309365946,5.708417617358977,TGFB1;ZC3H12A;PRKCD;FLNA;HCLS1
GO_Biological_Process_2023,L-arginine Transmembrane Transport (GO:1903826),2/8,0.0836928125602702,0.3040238020776548,0,0,5.053893829156562,12.536700032993362,SLC7A6;SLC7A1
GO_Biological_Process_2023,T-helper 17 Cell Differentiation (GO:0072539),2/8,0.0836928125602702,0.3040238020776548,0,0,5.053893829156562,12.536700032993362,SOCS3;IL6
GO_Biological_Process_2023,Basic Amino Acid Transmembrane Transport (GO:1990822),2/8,0.0836928125602702,0.3040238020776548,0,0,5.053893829156562,12.536700032993362,SLC7A6;SLC7A1
GO_Biological_Process_2023,Cellular Response To Sterol Depletion (GO:0071501),2/8,0.0836928125602702,0.3040238020776548,0,0,5.053893829156562,12.536700032993362,INSIG2;SH2D2A
GO_Biological_Process_2023,Endochondral Ossification (GO:0001958),2/8,0.0836928125602702,0.3040238020776548,0,0,5.053893829156562,12.536700032993362,FOXC1;COL13A1
GO_Biological_Process_2023,Hyaluronan Catabolic Process (GO:0030214),2/8,0.0836928125602702,0.3040238020776548,0,0,5.053893829156562,12.536700032993362,CEMIP;TGFB1
GO_Biological_Process_2023,Immune Response-Inhibiting Cell Surface Receptor Signaling Pathway (GO:0002767),2/8,0.0836928125602702,0.3040238020776548,0,0,5.053893829156562,12.536700032993362,LYN;KLRC1
GO_Biological_Process_2023,Negative Regulation Of Alpha-Beta T Cell Differentiation (GO:0046639),2/8,0.0836928125602702,0.3040238020776548,0,0,5.053893829156562,12.536700032993362,SOCS1;RUNX1
GO_Biological_Process_2023,Negative Regulation Of Lipase Activity (GO:0060192),2/8,0.0836928125602702,0.3040238020776548,0,0,5.053893829156562,12.536700032993362,ANGPTL4;PLIN5
GO_Biological_Process_2023,Negative Regulation Of Long-Term Synaptic Potentiation (GO:1900272),2/8,0.0836928125602702,0.3040238020776548,0,0,5.053893829156562,12.536700032993362,FAM107A;AGER
GO_Biological_Process_2023,Negative Regulation Of Membrane Potential (GO:0045837),2/8,0.0836928125602702,0.3040238020776548,0,0,5.053893829156562,12.536700032993362,HEBP2;PMAIP1
GO_Biological_Process_2023,p38MAPK Cascade (GO:0038066),2/8,0.0836928125602702,0.3040238020776548,0,0,5.053893829156562,12.536700032993362,ZFP36;ZFP36L1
GO_Biological_Process_2023,"Positive Regulation Of CD8-positive, Alpha-Beta T Cell Activation (GO:2001187)",2/8,0.0836928125602702,0.3040238020776548,0,0,5.053893829156562,12.536700032993362,PTPN22;RUNX1
GO_Biological_Process_2023,Positive Regulation Of Dendritic Spine Morphogenesis (GO:0061003),2/8,0.0836928125602702,0.3040238020776548,0,0,5.053893829156562,12.536700032993362,LRP8;DBN1
GO_Biological_Process_2023,Positive Regulation Of Extracellular Matrix Assembly (GO:1901203),2/8,0.0836928125602702,0.3040238020776548,0,0,5.053893829156562,12.536700032993362,RGCC;TGFB1
GO_Biological_Process_2023,Positive Regulation Of Fatty Acid Beta-Oxidation (GO:0032000),2/8,0.0836928125602702,0.3040238020776548,0,0,5.053893829156562,12.536700032993362,IRS2;PLIN5
GO_Biological_Process_2023,Positive Regulation Of Mast Cell Degranulation (GO:0043306),2/8,0.0836928125602702,0.3040238020776548,0,0,5.053893829156562,12.536700032993362,SYK;GAB2
GO_Biological_Process_2023,Positive Regulation Of Memory T Cell Differentiation (GO:0043382),2/8,0.0836928125602702,0.3040238020776548,0,0,5.053893829156562,12.536700032993362,TNFSF4;PCK1
GO_Biological_Process_2023,Positive Regulation Of Monocyte Chemotactic Protein-1 Production (GO:0071639),2/8,0.0836928125602702,0.3040238020776548,0,0,5.053893829156562,12.536700032993362,SYK;IL1B
GO_Biological_Process_2023,Positive Regulation Of Respiratory Burst (GO:0060267),2/8,0.0836928125602702,0.3040238020776548,0,0,5.053893829156562,12.536700032993362,EHHADH;JCHAIN
GO_Biological_Process_2023,Positive Regulation Of Sequestering Of Triglyceride (GO:0010890),2/8,0.0836928125602702,0.3040238020776548,0,0,5.053893829156562,12.536700032993362,PLIN2;PLIN5
GO_Biological_Process_2023,Positive Regulation Of Tumor Necrosis Factor-Mediated Signaling Pathway (GO:1903265),2/8,0.0836928125602702,0.3040238020776548,0,0,5.053893829156562,12.536700032993362,CASP4;LAPTM5
GO_Biological_Process_2023,Proline Transport (GO:0015824),2/8,0.0836928125602702,0.3040238020776548,0,0,5.053893829156562,12.536700032993362,SLC3A2;SLC38A2
GO_Biological_Process_2023,Regulation Of DNA Methylation (GO:0044030),2/8,0.0836928125602702,0.3040238020776548,0,0,5.053893829156562,12.536700032993362,DNMT3L;MYC
GO_Biological_Process_2023,Regulation Of DNA-templated Transcription Initiation (GO:2000142),2/8,0.0836928125602702,0.3040238020776548,0,0,5.053893829156562,12.536700032993362,FOSL1;JUN
GO_Biological_Process_2023,Regulation Of Endothelial Cell Differentiation (GO:0045601),2/8,0.0836928125602702,0.3040238020776548,0,0,5.053893829156562,12.536700032993362,TMEM100;BTG1
GO_Biological_Process_2023,Regulation Of Epidermis Development (GO:0045682),2/8,0.0836928125602702,0.3040238020776548,0,0,5.053893829156562,12.536700032993362,KLF7;MAFF
GO_Biological_Process_2023,Regulation Of Fibroblast Apoptotic Process (GO:2000269),2/8,0.0836928125602702,0.3040238020776548,0,0,5.053893829156562,12.536700032993362,BTG1;STK17B
GO_Biological_Process_2023,Regulation Of Morphogenesis Of An Epithelium (GO:1905330),2/8,0.0836928125602702,0.3040238020776548,0,0,5.053893829156562,12.536700032993362,CXCL10;GJA1
GO_Biological_Process_2023,Regulation Of Toll-Like Receptor 3 Signaling Pathway (GO:0034139),2/8,0.0836928125602702,0.3040238020776548,0,0,5.053893829156562,12.536700032993362,TNFAIP3;PTPN22
GO_Biological_Process_2023,Regulation Of Tumor Necrosis Factor Superfamily Cytokine Production (GO:1903555),2/8,0.0836928125602702,0.3040238020776548,0,0,5.053893829156562,12.536700032993362,ZFP36;MAPKAPK2
GO_Biological_Process_2023,Type B Pancreatic Cell Differentiation (GO:0003309),2/8,0.0836928125602702,0.3040238020776548,0,0,5.053893829156562,12.536700032993362,PDX1;BMP6
GO_Biological_Process_2023,Diol Biosynthetic Process (GO:0034312),3/17,0.0842280047340735,0.3040238020776548,0,0,3.250173370319001,8.04166935719689,ACER2;SPTLC2;SPHK1
GO_Biological_Process_2023,Embryonic Heart Tube Development (GO:0035050),3/17,0.0842280047340735,0.3040238020776548,0,0,3.250173370319001,8.04166935719689,NDRG4;CITED2;HES1
GO_Biological_Process_2023,Extracellular Matrix Assembly (GO:0085029),3/17,0.0842280047340735,0.3040238020776548,0,0,3.250173370319001,8.04166935719689,MFAP4;TGFB1;FBLN5
GO_Biological_Process_2023,Megakaryocyte Differentiation (GO:0030219),3/17,0.0842280047340735,0.3040238020776548,0,0,3.250173370319001,8.04166935719689,GP9;FLNA;GP5
GO_Biological_Process_2023,Negative Regulation Of Interleukin-8 Production (GO:0032717),3/17,0.0842280047340735,0.3040238020776548,0,0,3.250173370319001,8.04166935719689,PTPN22;KLF4;CD33
GO_Biological_Process_2023,Neural Tube Development (GO:0021915),3/17,0.0842280047340735,0.3040238020776548,0,0,3.250173370319001,8.04166935719689,TRIM71;STIL;TGFB1
GO_Biological_Process_2023,Positive Regulation Of Potassium Ion Transmembrane Transport (GO:1901381),3/17,0.0842280047340735,0.3040238020776548,0,0,3.250173370319001,8.04166935719689,FLNA;ANO6;KCNN4
GO_Biological_Process_2023,Positive Regulation Of Transcription From RNA Polymerase II Promoter In Response To Stress (GO:0036003),3/17,0.0842280047340735,0.3040238020776548,0,0,3.250173370319001,8.04166935719689,CEBPB;DDIT3;KLF2
GO_Biological_Process_2023,Regulation Of Brown Fat Cell Differentiation (GO:0090335),3/17,0.0842280047340735,0.3040238020776548,0,0,3.250173370319001,8.04166935719689,PIM1;METRNL;PTGS2
GO_Biological_Process_2023,Regulation Of Cartilage Development (GO:0061035),3/17,0.0842280047340735,0.3040238020776548,0,0,3.250173370319001,8.04166935719689,ZBTB16;TRPS1;SOX9
GO_Biological_Process_2023,Regulation Of Establishment Of Cell Polarity (GO:2000114),3/17,0.0842280047340735,0.3040238020776548,0,0,3.250173370319001,8.04166935719689,RIPOR2;GSN;ROCK2
GO_Biological_Process_2023,Triglyceride Biosynthetic Process (GO:0019432),3/17,0.0842280047340735,0.3040238020776548,0,0,3.250173370319001,8.04166935719689,GPAT3;PCK1;LPIN2
GO_Biological_Process_2023,Ventricular Cardiac Muscle Cell Action Potential (GO:0086005),3/17,0.0842280047340735,0.3040238020776548,0,0,3.250173370319001,8.04166935719689,KCNJ8;KCNE4;SCN5A
GO_Biological_Process_2023,Positive Regulation Of DNA-binding Transcription Factor Activity (GO:0051091),21/246,0.0852350499495855,0.3073470544787994,0,0,1.4203831417624522,3.4974698406701195,PRKCH;CAMK1D;PRKCB;SPHK1;IRAK3;TNFRSF11A;AGER;LRP8;IL6;IL18RAP;RGCC;STING1;DDIT3;IL1B;TRAF5;HCLS1;ADAM8;RAB7B;S100A9;CD200;S100A8
GO_Biological_Process_2023,Negative Regulation Of Neuron Apoptotic Process (GO:0043524),8/74,0.0866169452195293,0.3116983903299343,0,0,1.840829086970436,4.503146213039401,PRKCG;TGFB3;KIF14;FZD9;CCL2;NGF;RETREG1;LGMN
GO_Biological_Process_2023,Regulation Of mRNA Stability (GO:0043488),8/74,0.0866169452195293,0.3116983903299343,0,0,1.840829086970436,4.503146213039401,ZFP36;ROCK2;PRKCD;MAPKAPK2;CIRBP;TENT5C;ZFP36L2;ZFP36L1
GO_Biological_Process_2023,Regulation Of Protein Serine/Threonine Kinase Activity (GO:0071900),11/112,0.0868429237287904,0.3121959247987528,0,0,1.6549488825104008,4.0441228976564405,CDKN1A;CDKN2B;SERTAD1;GADD45A;CDKN2A;CCNG2;TRIB3;TRIB1;SLC8A1;SLC8A2;CDK5R1
GO_Biological_Process_2023,Dicarboxylic Acid Metabolic Process (GO:0043648),6/50,0.0872206749931193,0.3132375199803346,0,0,2.070006635700066,5.049395913240407,GCLC;GOT1;TAT;MTHFD2L;ME3;PCK1
GO_Biological_Process_2023,Negative Regulation Of Kinase Activity (GO:0033673),7/62,0.0877864360811313,0.3149515383193009,0,0,1.9324380165289257,4.701328498579306,UBASH3B;GSTP1;CAMK2N2;HSPB1;IRS2;TRIB3;TRIB1
GO_Biological_Process_2023,Cellular Response To Starvation (GO:0009267),12/126,0.0908968146888283,0.3257822391516013,0,0,1.5997083172478874,3.836149048460142,CDKN1A;STK24;SESN2;ZC3H12A;PDK4;EIF2AK3;PMAIP1;ASNS;INHBB;PLIN2;DEPDC5;MFSD2A
GO_Biological_Process_2023,Carboxylic Acid Transmembrane Transport (GO:1905039),5/39,0.0911863678341839,0.32649123050489,0,0,2.2317427781485364,5.344688898946237,ABCC1;SLC7A6;SLC16A9;SLC16A3;SLC38A2
GO_Biological_Process_2023,Cellular Response To Osmotic Stress (GO:0071470),4/28,0.0919617805948769,0.3270510978988823,0,0,2.528609986504723,6.034229904420757,NFAT5;EPO;STK39;ZFP36L1
GO_Biological_Process_2023,Determination Of Bilateral Symmetry (GO:0009855),4/28,0.0919617805948769,0.3270510978988823,0,0,2.528609986504723,6.034229904420757,STIL;ODAD2;CITED2;CFAP53
GO_Biological_Process_2023,Negative Regulation Of Signaling (GO:0023057),4/28,0.0919617805948769,0.3270510978988823,0,0,2.528609986504723,6.034229904420757,NLRP12;UBASH3B;IL1B;LIF
GO_Biological_Process_2023,Primary Neural Tube Formation (GO:0014020),4/28,0.0919617805948769,0.3270510978988823,0,0,2.528609986504723,6.034229904420757,STIL;TGFB1;SEMA4C;LRP2
GO_Biological_Process_2023,Pyroptosis (GO:0070269),4/28,0.0919617805948769,0.3270510978988823,0,0,2.528609986504723,6.034229904420757,IFI27;CASP4;MEFV;GSDME
GO_Biological_Process_2023,Defense Response To Gram-negative Bacterium (GO:0050829),8/75,0.0919859929746505,0.3270510978988823,0,0,1.813257029232392,4.326646983694851,SELP;IGHM;IL6;EHHADH;SERPINE1;DEFB1;TREM1;CAMP
GO_Biological_Process_2023,Regulation Of BMP Signaling Pathway (GO:0030510),8/75,0.0919859929746505,0.3270510978988823,0,0,1.813257029232392,4.326646983694851,FSTL5;TNFAIP6;FST;LRP2;GDF3;CHRDL1;FSTL1;SKIL
GO_Biological_Process_2023,Regulation Of Cellular Component Organization (GO:0051128),14/153,0.092813214773957,0.3296629055693744,0,0,1.5310996916752313,3.639678510516607,CTTNBP2;ROCK2;SPHK1;PRDM5;FAM107A;KIF14;IRAK3;NRG1;MLLT3;GFAP;ATF5;SGK1;CD177;PICALM
GO_Biological_Process_2023,Positive Regulation Of Protein Localization To Cell Periphery (GO:1904377),6/51,0.0939505369085557,0.33270642871398,0,0,2.0238983509056503,4.786492961961164,PRKCH;RAMP3;STX3;SORBS1;SQSTM1;EPHA2
GO_Biological_Process_2023,Positive Regulation Of Protein Localization To Plasma Membrane (GO:1903078),6/51,0.0939505369085557,0.33270642871398,0,0,2.0238983509056503,4.786492961961164,PRKCH;RAMP3;STX3;SORBS1;SQSTM1;EPHA2
GO_Biological_Process_2023,Sensory Perception (GO:0007600),6/51,0.0939505369085557,0.33270642871398,0,0,2.0238983509056503,4.786492961961164,OBP2A;C5AR1;CDH23;CCL2;RETREG1;PTGES
GO_Biological_Process_2023,Hemopoiesis (GO:0030097),10/101,0.0953676308642234,0.3364434542871148,0,0,1.6693639964591958,3.9230321970240944,LYN;CEBPB;TGFB1;FST;ZBTB16;PRKX;IL7R;KLF3;ZFP36L2;RUNX1
GO_Biological_Process_2023,3'-UTR-mediated mRNA Stabilization (GO:0070935),3/18,0.0966128716722201,0.3364434542871148,0,0,3.033333333333333,7.089031341864723,DAZL;ZFP36;MAPKAPK2
GO_Biological_Process_2023,T-helper Cell Differentiation (GO:0042093),3/18,0.0966128716722201,0.3364434542871148,0,0,3.033333333333333,7.089031341864723,IL6;STAT4;BATF
GO_Biological_Process_2023,Glucose 6-Phosphate Metabolic Process (GO:0051156),3/18,0.0966128716722201,0.3364434542871148,0,0,3.033333333333333,7.089031341864723,HKDC1;HK2;HK1
GO_Biological_Process_2023,Maintenance Of Gastrointestinal Epithelium (GO:0030277),3/18,0.0966128716722201,0.3364434542871148,0,0,3.033333333333333,7.089031341864723,TFF3;MUC13;SOX9
GO_Biological_Process_2023,Negative Regulation Of Nervous System Development (GO:0051961),3/18,0.0966128716722201,0.3364434542871148,0,0,3.033333333333333,7.089031341864723,IL6;CCL11;IL1B
GO_Biological_Process_2023,Positive Regulation Of CREB Transcription Factor Activity (GO:0032793),3/18,0.0966128716722201,0.3364434542871148,0,0,3.033333333333333,7.089031341864723,CAMK1D;LRP8;CD200
GO_Biological_Process_2023,Positive Regulation Of Macrophage Migration (GO:1905523),3/18,0.0966128716722201,0.3364434542871148,0,0,3.033333333333333,7.089031341864723,CCL5;CCL3;THBS1
GO_Biological_Process_2023,Positive Regulation Of Phosphoprotein Phosphatase Activity (GO:0032516),3/18,0.0966128716722201,0.3364434542871148,0,0,3.033333333333333,7.089031341864723,PPP1R15A;MAGI2;CD33
GO_Biological_Process_2023,Positive Regulation Of Response To Endoplasmic Reticulum Stress (GO:1905898),3/18,0.0966128716722201,0.3364434542871148,0,0,3.033333333333333,7.089031341864723,BCL2L11;DDIT3;PMAIP1
GO_Biological_Process_2023,Positive Regulation Of Stress-Activated Protein Kinase Signaling Cascade (GO:0070304),3/18,0.0966128716722201,0.3364434542871148,0,0,3.033333333333333,7.089031341864723,LYN;SEMA4C;MID1
GO_Biological_Process_2023,Regulation Of Cell Cycle G2/M Phase Transition (GO:1902749),3/18,0.0966128716722201,0.3364434542871148,0,0,3.033333333333333,7.089031341864723,CDKN1A;KIF14;ATF5
GO_Biological_Process_2023,Regulation Of Lymphocyte Activation (GO:0051249),3/18,0.0966128716722201,0.3364434542871148,0,0,3.033333333333333,7.089031341864723,SIT1;CRTAM;KLRC1
GO_Biological_Process_2023,Regulation Of Mitochondrial Membrane Permeability (GO:0046902),3/18,0.0966128716722201,0.3364434542871148,0,0,3.033333333333333,7.089031341864723,HEBP2;PMAIP1;BCL2L1
GO_Biological_Process_2023,Regulation Of Nervous System Process (GO:0031644),3/18,0.0966128716722201,0.3364434542871148,0,0,3.033333333333333,7.089031341864723,NOS3;ROCK2;SLC8A2
GO_Biological_Process_2023,Regulation Of Vascular Endothelial Cell Proliferation (GO:1905562),3/18,0.0966128716722201,0.3364434542871148,0,0,3.033333333333333,7.089031341864723,FLT1;CCL2;FGFR1
GO_Biological_Process_2023,Renal Absorption (GO:0070293),3/18,0.0966128716722201,0.3364434542871148,0,0,3.033333333333333,7.089031341864723,GSN;SLC15A2;SGK1
GO_Biological_Process_2023,L-alpha-amino Acid Transmembrane Transport (GO:1902475),5/40,0.0991831114557745,0.3436357374783619,0,0,2.167862931234082,5.009470620888701,SLC7A6;SLC3A2;SLC7A1;SLC25A22;SLC38A2
GO_Biological_Process_2023,Positive Regulation Of Wound Healing (GO:0090303),5/40,0.0991831114557745,0.3436357374783619,0,0,2.167862931234082,5.009470620888701,FOXC2;SERPINE1;EMILIN2;THBS1;HBEGF
GO_Biological_Process_2023,Regulation Of Cytokine-Mediated Signaling Pathway (GO:0001959),5/40,0.0991831114557745,0.3436357374783619,0,0,2.167862931234082,5.009470620888701,SYK;SPHK1;MAPKAPK2;TNFAIP3;IRAK3
GO_Biological_Process_2023,Regulation Of Cytosolic Calcium Ion Concentration (GO:0051480),5/40,0.0991831114557745,0.3436357374783619,0,0,2.167862931234082,5.009470620888701,TRPM2;CDH23;FZD9;SLC8B1;SLC8A2
GO_Biological_Process_2023,Regulation Of Small Molecule Metabolic Process (GO:0062012),5/40,0.0991831114557745,0.3436357374783619,0,0,2.167862931234082,5.009470620888701,EPHX2;PDK4;PDK3;RORA;SLC2A6
GO_Biological_Process_2023,Regulation Of Cell Development (GO:0060284),6/52,0.10095073704388,0.3436357374783619,0,0,1.979794774145773,4.539912205628112,IL1B;BHLHE40;BHLHE41;PRUNE1;HES1;S100A10
GO_Biological_Process_2023,Regulation Of Peptide Hormone Secretion (GO:0090276),6/52,0.10095073704388,0.3436357374783619,0,0,1.979794774145773,4.539912205628112,IL6;IL1B;CCL5;CHD7;SLC25A22;SLC8B1
GO_Biological_Process_2023,Chondrocyte Differentiation (GO:0002062),4/29,0.1017099980977549,0.3436357374783619,0,0,2.427336032388664,5.547991257229683,TGFB1;EIF2AK3;CCN3;SOX9
GO_Biological_Process_2023,Heterotypic Cell-Cell Adhesion (GO:0034113),4/29,0.1017099980977549,0.3436357374783619,0,0,2.427336032388664,5.547991257229683,VCAM1;ITGB3;ITGB2;CD200
GO_Biological_Process_2023,Morphogenesis Of An Epithelium (GO:0002009),4/29,0.1017099980977549,0.3436357374783619,0,0,2.427336032388664,5.547991257229683,PRKX;SOX9;VCL;ACTG1
GO_Biological_Process_2023,Phosphatidic Acid Biosynthetic Process (GO:0006654),4/29,0.1017099980977549,0.3436357374783619,0,0,2.427336032388664,5.547991257229683,DGKG;GPAT3;AGPAT4;DGKH
GO_Biological_Process_2023,Positive Regulation Of Endopeptidase Activity (GO:0010950),4/29,0.1017099980977549,0.3436357374783619,0,0,2.427336032388664,5.547991257229683,LYN;ROCK2;MEFV;PICALM
GO_Biological_Process_2023,Tube Closure (GO:0060606),4/29,0.1017099980977549,0.3436357374783619,0,0,2.427336032388664,5.547991257229683,STIL;TGFB1;SEMA4C;LRP2
GO_Biological_Process_2023,IMP Metabolic Process (GO:0046040),2/9,0.1033127954767764,0.3436357374783619,0,0,4.331678022866382,9.832883309728071,AMPD1;AMPD3
GO_Biological_Process_2023,Alpha-Linolenic Acid Metabolic Process (GO:0036109),2/9,0.1033127954767764,0.3436357374783619,0,0,4.331678022866382,9.832883309728071,SCP2;ELOVL3
GO_Biological_Process_2023,Amino Sugar Metabolic Process (GO:0006040),2/9,0.1033127954767764,0.3436357374783619,0,0,4.331678022866382,9.832883309728071,SLC35A3;GFPT2
GO_Biological_Process_2023,Hematopoietic Stem Cell Differentiation (GO:0060218),2/9,0.1033127954767764,0.3436357374783619,0,0,4.331678022866382,9.832883309728071,MLLT3;BATF
GO_Biological_Process_2023,Leucine Transport (GO:0015820),2/9,0.1033127954767764,0.3436357374783619,0,0,4.331678022866382,9.832883309728071,SLC7A6;SLC3A2
GO_Biological_Process_2023,Lipid Phosphorylation (GO:0046834),2/9,0.1033127954767764,0.3436357374783619,0,0,4.331678022866382,9.832883309728071,DGKG;DGKH
GO_Biological_Process_2023,Lung Epithelium Development (GO:0060428),2/9,0.1033127954767764,0.3436357374783619,0,0,4.331678022866382,9.832883309728071,ERRFI1;WNT7B
GO_Biological_Process_2023,Negative Regulation Of Cell Adhesion Mediated By Integrin (GO:0033629),2/9,0.1033127954767764,0.3436357374783619,0,0,4.331678022866382,9.832883309728071,SERPINE1;NRG1
GO_Biological_Process_2023,Negative Regulation Of Delayed Rectifier Potassium Channel Activity (GO:1902260),2/9,0.1033127954767764,0.3436357374783619,0,0,4.331678022866382,9.832883309728071,KCNE4;KCNAB1
GO_Biological_Process_2023,Negative Regulation Of Leukocyte Migration (GO:0002686),2/9,0.1033127954767764,0.3436357374783619,0,0,4.331678022866382,9.832883309728071,HMOX1;CD200
GO_Biological_Process_2023,Negative Regulation Of Lymphocyte Apoptotic Process (GO:0070229),2/9,0.1033127954767764,0.3436357374783619,0,0,4.331678022866382,9.832883309728071,CCL5;IRS2
GO_Biological_Process_2023,Negative Regulation Of Necroptotic Process (GO:0060546),2/9,0.1033127954767764,0.3436357374783619,0,0,4.331678022866382,9.832883309728071,FZD9;BIRC3
GO_Biological_Process_2023,Negative Regulation Of Potassium Ion Transmembrane Transporter Activity (GO:1901017),2/9,0.1033127954767764,0.3436357374783619,0,0,4.331678022866382,9.832883309728071,STK39;KCNAB1
GO_Biological_Process_2023,Negative Regulation Of Protein Autophosphorylation (GO:0031953),2/9,0.1033127954767764,0.3436357374783619,0,0,4.331678022866382,9.832883309728071,ERRFI1;NLRP12
GO_Biological_Process_2023,Negative Regulation Of Protein Localization To Cell Surface (GO:2000009),2/9,0.1033127954767764,0.3436357374783619,0,0,4.331678022866382,9.832883309728071,COMMD1;PICALM
GO_Biological_Process_2023,Negative Regulation Of Protein Maturation (GO:1903318),2/9,0.1033127954767764,0.3436357374783619,0,0,4.331678022866382,9.832883309728071,SERPINE2;CHAC1
GO_Biological_Process_2023,Negative Regulation Of Tyrosine Phosphorylation Of STAT Protein (GO:0042532),2/9,0.1033127954767764,0.3436357374783619,0,0,4.331678022866382,9.832883309728071,SOCS3;SOCS1
GO_Biological_Process_2023,Nerve Growth Factor Signaling Pathway (GO:0038180),2/9,0.1033127954767764,0.3436357374783619,0,0,4.331678022866382,9.832883309728071,MAGI2;NGF
GO_Biological_Process_2023,Neurotransmitter Receptor Transport To Postsynaptic Membrane (GO:0098969),2/9,0.1033127954767764,0.3436357374783619,0,0,4.331678022866382,9.832883309728071,LRRC7;STX3
GO_Biological_Process_2023,Peptidyl-Cysteine Modification (GO:0018198),2/9,0.1033127954767764,0.3436357374783619,0,0,4.331678022866382,9.832883309728071,S100A9;S100A8
GO_Biological_Process_2023,Positive Regulation Of Leukocyte Apoptotic Process (GO:2000108),2/9,0.1033127954767764,0.3436357374783619,0,0,4.331678022866382,9.832883309728071,LYN;CDKN2A
GO_Biological_Process_2023,Positive Regulation Of Mesenchymal Cell Proliferation (GO:0002053),2/9,0.1033127954767764,0.3436357374783619,0,0,4.331678022866382,9.832883309728071,MYC;SOX9
GO_Biological_Process_2023,"Positive Regulation Of Phagocytosis, Engulfment (GO:0060100)",2/9,0.1033127954767764,0.3436357374783619,0,0,4.331678022866382,9.832883309728071,RAB31;ANO6
GO_Biological_Process_2023,Positive Regulation Of Protein Kinase A Signaling (GO:0010739),2/9,0.1033127954767764,0.3436357374783619,0,0,4.331678022866382,9.832883309728071,RAMP3;SPATC1L
GO_Biological_Process_2023,Positive Regulation Of Tissue Remodeling (GO:0034105),2/9,0.1033127954767764,0.3436357374783619,0,0,4.331678022866382,9.832883309728071,ROCK2;NRG1
GO_Biological_Process_2023,Protein Localization To Microtubule (GO:0035372),2/9,0.1033127954767764,0.3436357374783619,0,0,4.331678022866382,9.832883309728071,MAPRE3;MID1
GO_Biological_Process_2023,Regulation Of Actin Filament-Based Movement (GO:1903115),2/9,0.1033127954767764,0.3436357374783619,0,0,4.331678022866382,9.832883309728071,PDE4B;SCN5A
GO_Biological_Process_2023,Regulation Of Ceramide Biosynthetic Process (GO:2000303),2/9,0.1033127954767764,0.3436357374783619,0,0,4.331678022866382,9.832883309728071,SPHK1;PRKCD
GO_Biological_Process_2023,Regulation Of Complement Activation (GO:0030449),2/9,0.1033127954767764,0.3436357374783619,0,0,4.331678022866382,9.832883309728071,IL1B;CD55
GO_Biological_Process_2023,Regulation Of Granulocyte Differentiation (GO:0030852),2/9,0.1033127954767764,0.3436357374783619,0,0,4.331678022866382,9.832883309728071,HCLS1;RUNX1
GO_Biological_Process_2023,Regulation Of Memory T Cell Differentiation (GO:0043380),2/9,0.1033127954767764,0.3436357374783619,0,0,4.331678022866382,9.832883309728071,TNFSF4;PCK1
GO_Biological_Process_2023,Regulation Of Transmembrane Transporter Activity (GO:0022898),2/9,0.1033127954767764,0.3436357374783619,0,0,4.331678022866382,9.832883309728071,CHRM3;PIM1
GO_Biological_Process_2023,Regulation Of Viral-Induced Cytoplasmic Pattern Recognition Receptor Signaling Pathway (GO:0039531),2/9,0.1033127954767764,0.3436357374783619,0,0,4.331678022866382,9.832883309728071,SLC15A2;BIRC3
GO_Biological_Process_2023,Response To Laminar Fluid Shear Stress (GO:0034616),2/9,0.1033127954767764,0.3436357374783619,0,0,4.331678022866382,9.832883309728071,KLF4;KLF2
GO_Biological_Process_2023,Synaptic Vesicle Fusion To Presynaptic Active Zone Membrane (GO:0031629),2/9,0.1033127954767764,0.3436357374783619,0,0,4.331678022866382,9.832883309728071,STX3;STX11
GO_Biological_Process_2023,Positive Regulation Of Cell Cycle (GO:0045787),7/65,0.106401375851616,0.3532485976267737,0,0,1.8321904388714727,4.10509005017283,RGCC;CITED2;SPHK1;MDM2;ASNS;MAPRE3;LGMN
GO_Biological_Process_2023,Regulation Of Cell-Matrix Adhesion (GO:0001952),7/65,0.106401375851616,0.3532485976267737,0,0,1.8321904388714727,4.10509005017283,ROCK2;CDKN2A;ENC1;THBS1;VCL;ACTG1;MAP4K4
GO_Biological_Process_2023,Carbohydrate Catabolic Process (GO:0016052),5/41,0.1075190633796819,0.3549724921783747,0,0,2.107531964703764,4.699979875504826,PFKFB2;PKM;HKDC1;HK2;HK1
GO_Biological_Process_2023,Negative Regulation Of Proteolysis (GO:0045861),5/41,0.1075190633796819,0.3549724921783747,0,0,2.107531964703764,4.699979875504826,SERPINE2;TIMP3;PLAT;CHAC1;TIMP1
GO_Biological_Process_2023,Positive Regulation Of Actin Filament Polymerization (GO:0030838),5/41,0.1075190633796819,0.3549724921783747,0,0,2.107531964703764,4.699979875504826,FCHSD1;CCL11;BAIAP2L1;CDC42EP5;CDC42EP2
GO_Biological_Process_2023,Positive Regulation Of Ossification (GO:0045778),5/41,0.1075190633796819,0.3549724921783747,0,0,2.107531964703764,4.699979875504826,ZBTB16;FZD9;ANO6;SLC8A1;BMP6
GO_Biological_Process_2023,Regulation Of Chemokine Production (GO:0032642),5/41,0.1075190633796819,0.3549724921783747,0,0,2.107531964703764,4.699979875504826,EGR1;IL6;TNFSF4;HMOX1;AGER
GO_Biological_Process_2023,Visual System Development (GO:0150063),5/41,0.1075190633796819,0.3549724921783747,0,0,2.107531964703764,4.699979875504826,C1QA;FOXC1;SH3PXD2B;GDF3;CHRDL1
GO_Biological_Process_2023,Proteolysis Involved In Protein Catabolic Process (GO:0051603),8/78,0.1092086737448057,0.357477483628245,0,0,1.7352674944876407,3.842740823939428,UBB;CTSL;MDM2;TNFAIP3;PMAIP1;NR1D1;CLPX;LGMN
GO_Biological_Process_2023,Positive Regulation Of Protein Serine/Threonine Kinase Activity (GO:0071902),11/117,0.1094811086490474,0.357477483628245,0,0,1.576462725093725,3.487140700358985,CEMIP;TGFB1;RGCC;FLT1;IL1B;ADAM8;MAPRE3;THBS1;SLC8A2;PIK3R5;FGFR1
GO_Biological_Process_2023,Negative Regulation Of Peptidyl-Serine Phosphorylation (GO:0033137),3/19,0.1096840157690484,0.357477483628245,0,0,2.8435983009708736,6.28478342250096,RASSF2;GADD45A;CNKSR3
GO_Biological_Process_2023,Positive Regulation Of Alpha-Beta T Cell Activation (GO:0046635),3/19,0.1096840157690484,0.357477483628245,0,0,2.8435983009708736,6.28478342250096,SYK;TNFSF4;CD55
GO_Biological_Process_2023,Purine Ribonucleotide Transport (GO:0015868),3/19,0.1096840157690484,0.357477483628245,0,0,2.8435983009708736,6.28478342250096,SLC17A9;LRRC8C;SLC25A25
GO_Biological_Process_2023,Receptor Clustering (GO:0043113),3/19,0.1096840157690484,0.357477483628245,0,0,2.8435983009708736,6.28478342250096,ITGB2;MAGI2;FLNA
GO_Biological_Process_2023,Regulation Of B Cell Differentiation (GO:0045577),3/19,0.1096840157690484,0.357477483628245,0,0,2.8435983009708736,6.28478342250096,SYK;ZFP36L2;ZFP36L1
GO_Biological_Process_2023,Regulation Of Behavior (GO:0050795),3/19,0.1096840157690484,0.357477483628245,0,0,2.8435983009708736,6.28478342250096,GPR171;CCL3;NR1D1
GO_Biological_Process_2023,Regulation Of Cellular Response To Growth Factor Stimulus (GO:0090287),3/19,0.1096840157690484,0.357477483628245,0,0,2.8435983009708736,6.28478342250096,FSTL5;FST;FSTL1
GO_Biological_Process_2023,Regulation Of Granulocyte Chemotaxis (GO:0071622),3/19,0.1096840157690484,0.357477483628245,0,0,2.8435983009708736,6.28478342250096,CAMK1D;CCL5;THBS1
GO_Biological_Process_2023,Regulation Of Integrin-Mediated Signaling Pathway (GO:2001044),3/19,0.1096840157690484,0.357477483628245,0,0,2.8435983009708736,6.28478342250096,FLNA;TIMP1;CD177
GO_Biological_Process_2023,Regulation Of Lymphocyte Differentiation (GO:0045619),3/19,0.1096840157690484,0.357477483628245,0,0,2.8435983009708736,6.28478342250096,CRTAM;ZFP36L2;ZFP36L1
GO_Biological_Process_2023,Regulation Of Megakaryocyte Differentiation (GO:0045652),3/19,0.1096840157690484,0.357477483628245,0,0,2.8435983009708736,6.28478342250096,CNOT4;RAB7B;PF4
GO_Biological_Process_2023,Release Of Cytochrome C From Mitochondria (GO:0001836),3/19,0.1096840157690484,0.357477483628245,0,0,2.8435983009708736,6.28478342250096,FZD9;BBC3;BCL2L1
GO_Biological_Process_2023,Positive Regulation Of Kinase Activity (GO:0033674),10/104,0.1102851720497526,0.3591078932525797,0,0,1.6158267403008846,3.5623902609926548,PDGFRA;CDKN1A;RASSF2;FLT1;MAPRE3;IQGAP1;IGF1R;EREG;EPHA2;FGFR1
GO_Biological_Process_2023,Immunoglobulin Mediated Immune Response (GO:0016064),4/30,0.1119106279197104,0.3627412793863839,0,0,2.3338523824353783,5.111264358798309,FCER1G;MPL;IL21R;CSF2RB
GO_Biological_Process_2023,Positive Regulation Of Lipid Kinase Activity (GO:0090218),4/30,0.1119106279197104,0.3627412793863839,0,0,2.3338523824353783,5.111264358798309,FGR;PDGFRA;FLT1;TGFB1
GO_Biological_Process_2023,Prostaglandin Metabolic Process (GO:0006693),4/30,0.1119106279197104,0.3627412793863839,0,0,2.3338523824353783,5.111264358798309,GSTP1;GSTA1;PTGS2;PTGES
GO_Biological_Process_2023,Regulation Of Calcium-Mediated Signaling (GO:0050848),4/30,0.1119106279197104,0.3627412793863839,0,0,2.3338523824353783,5.111264358798309,CCL4;CCL3;SLA2;SLC8A2
GO_Biological_Process_2023,Regulation Of Macrophage Derived Foam Cell Differentiation (GO:0010743),4/30,0.1119106279197104,0.3627412793863839,0,0,2.3338523824353783,5.111264358798309,NFKBIA;PRKCH;ITGB3;PF4
GO_Biological_Process_2023,Regulation Of Cell Growth (GO:0001558),19/227,0.1124651605217895,0.3642070120992256,0,0,1.3891354035308954,3.03541614753734,TSPYL2;CDKN1A;BTG1;TGFB1;CDKN2A;SPHK1;OSGIN1;KIF14;FAM107A;PTPRJ;NRG1;GJA1;SESN2;CCN3;SGK1;S100A9;SLC25A33;S100A8;MFSD2A
GO_Biological_Process_2023,Regulation Of Small GTPase Mediated Signal Transduction (GO:0051056),11/118,0.1143824085238126,0.3700790835784085,0,0,1.5616457121982403,3.3859727005953646,TIAM2;VAV3;GNA13;AKAP13;DNMBP;FAM13B;ARHGAP40;ARHGEF28;SQSTM1;ARHGAP6;RHOD
GO_Biological_Process_2023,Positive Regulation Of Protein Kinase Activity (GO:0045860),13/145,0.11515309611794,0.372234213518391,0,0,1.4964716496119432,3.2346126442371577,EGR1;CDKN1A;ACE;ITGB3;PRKCD;KIF14;IQGAP1;LRP8;SLC8A2;EREG;RASSF2;CCL5;MAPRE3
GO_Biological_Process_2023,Positive Regulation Of Cytoskeleton Organization (GO:0051495),8/79,0.1153159877912472,0.3724225050354345,0,0,1.7107355751078364,3.6953243303974666,FCHSD1;STIL;BAIAP2L1;CCL11;GSN;CDC42EP5;LIMK1;CDC42EP2
GO_Biological_Process_2023,Peptidyl-Tyrosine Modification (GO:0018212),6/54,0.1157440654926888,0.3734661188472163,0,0,1.897100567721005,4.09085806903861,FGR;LYN;PDGFRA;FLT1;SYK;FGFR1
GO_Biological_Process_2023,Cellular Response To Glucose Starvation (GO:0042149),5/42,0.1161850982532275,0.3738723007985867,0,0,2.0504621314994087,4.413764674999042,SESN2;ZC3H12A;EIF2AK3;PMAIP1;PLIN2
GO_Biological_Process_2023,Lipid Modification (GO:0030258),5/42,0.1161850982532275,0.3738723007985867,0,0,2.0504621314994087,4.413764674999042,DGKG;EPHX2;PLA2G7;PLPP1;DGKH
GO_Biological_Process_2023,Organic Hydroxy Compound Biosynthetic Process (GO:1901617),5/42,0.1161850982532275,0.3738723007985867,0,0,2.0504621314994087,4.413764674999042,CH25H;SCP2;PSAT1;ALOX12;CYP7B1
GO_Biological_Process_2023,Regulation Of Protein-Containing Complex Assembly (GO:0043254),11/119,0.1194067767695985,0.3772524279927161,0,0,1.54710308843045,3.287933377849437,SELP;BCL2L11;TGFB1;GSN;SYK;MMP3;CDC42EP2;NRG1;RHOC;ANKS1B;GFAP
GO_Biological_Process_2023,Neuron Projection Morphogenesis (GO:0048812),13/146,0.1196700463704357,0.3772524279927161,0,0,1.485140256841124,3.152977918961916,CNTNAP1;IQGAP1;LRP2;NYAP2;NGF;MYO16;DOCK10;KLF7;UBB;MAP1B;ATP7A;SGK1;MAP4K4
GO_Biological_Process_2023,Activation Of Cysteine-Type Endopeptidase Activity Involved In Apoptotic Process (GO:0006919),7/67,0.1198950002710851,0.3772524279927161,0,0,1.7709280303030304,3.7563843642376815,NLRP12;APAF1;EIF2AK3;LAPTM5;S100A9;S100A8;BBC3
GO_Biological_Process_2023,Peptidyl-Tyrosine Phosphorylation (GO:0018108),7/67,0.1198950002710851,0.3772524279927161,0,0,1.7709280303030304,3.7563843642376815,FGR;LYN;PDGFRA;FLT1;SYK;IGF1R;FGFR1
GO_Biological_Process_2023,Positive Regulation Of Cellular Component Biogenesis (GO:0044089),9/93,0.1217681395722122,0.3772524279927161,0,0,1.62691637630662,3.425694565882102,BCL2L11;TGFB1;RGCC;SYK;MMP3;LIMK1;CDC42EP2;NRG1;RHOC
GO_Biological_Process_2023,Regulation Of Endothelial Cell Proliferation (GO:0001936),9/93,0.1217681395722122,0.3772524279927161,0,0,1.62691637630662,3.425694565882102,NR4A1;CCL11;EGR3;LRG1;RGCC;ITGB3;PTPRM;GHRL;THBS1
GO_Biological_Process_2023,Regulation Of Peptidyl-Serine Phosphorylation (GO:0033135),9/93,0.1217681395722122,0.3772524279927161,0,0,1.62691637630662,3.425694565882102,IL6;RASSF2;RAMP3;TGFB1;CNKSR3;LIF;HCLS1;SPRY2;NGF
GO_Biological_Process_2023,Negative Regulation Of Chemotaxis (GO:0050922),4/31,0.1225437344693416,0.3772524279927161,0,0,2.247293447293447,4.717714585716844,SEMA3D;SEMA4C;NRG1;THBS1
GO_Biological_Process_2023,Positive Regulation Of Glucose Transmembrane Transport (GO:0010828),4/31,0.1225437344693416,0.3772524279927161,0,0,2.247293447293447,4.717714585716844,NR4A3;IRS2;SORBS1;FGF21
GO_Biological_Process_2023,Regulation Of Long-Term Synaptic Potentiation (GO:1900271),4/31,0.1225437344693416,0.3772524279927161,0,0,2.247293447293447,4.717714585716844,FAM107A;AGER;SQSTM1;LGMN
GO_Biological_Process_2023,Regulation Of Protein Autophosphorylation (GO:0031952),4/31,0.1225437344693416,0.3772524279927161,0,0,2.247293447293447,4.717714585716844,ERRFI1;NLRP12;RASSF2;GPNMB
GO_Biological_Process_2023,Adenine Nucleotide Transport (GO:0051503),3/20,0.1233892535044458,0.3772524279927161,0,0,2.6761850371216447,5.599679700102854,SLC17A9;LRRC8C;SLC25A25
GO_Biological_Process_2023,Glutamate Metabolic Process (GO:0006536),3/20,0.1233892535044458,0.3772524279927161,0,0,2.6761850371216447,5.599679700102854,GCLC;GOT1;TAT
GO_Biological_Process_2023,Mesoderm Formation (GO:0001707),3/20,0.1233892535044458,0.3772524279927161,0,0,2.6761850371216447,5.599679700102854,KDM6B;ITGA2;ITGB3
GO_Biological_Process_2023,Microglial Cell Activation (GO:0001774),3/20,0.1233892535044458,0.3772524279927161,0,0,2.6761850371216447,5.599679700102854,C1QA;C5AR1;ITGB2
GO_Biological_Process_2023,Negative Regulation Of B Cell Activation (GO:0050869),3/20,0.1233892535044458,0.3772524279927161,0,0,2.6761850371216447,5.599679700102854,LYN;LAPTM5;TNFAIP3
GO_Biological_Process_2023,Negative Regulation Of miRNA Transcription (GO:1902894),3/20,0.1233892535044458,0.3772524279927161,0,0,2.6761850371216447,5.599679700102854,TGFB1;SOX9;PPARD
GO_Biological_Process_2023,Negative Regulation Of Phosphate Metabolic Process (GO:0045936),3/20,0.1233892535044458,0.3772524279927161,0,0,2.6761850371216447,5.599679700102854,CDKN1A;CDKN2B;CDKN2A
GO_Biological_Process_2023,Positive Regulation Of Antigen Receptor-Mediated Signaling Pathway (GO:0050857),3/20,0.1233892535044458,0.3772524279927161,0,0,2.6761850371216447,5.599679700102854,PRKCH;PRKCB;KCNN4
GO_Biological_Process_2023,Positive Regulation Of Epithelial Cell Differentiation (GO:0030858),3/20,0.1233892535044458,0.3772524279927161,0,0,2.6761850371216447,5.599679700102854,TMEM100;BTG1;SOX9
GO_Biological_Process_2023,Response To Ketone (GO:1901654),3/20,0.1233892535044458,0.3772524279927161,0,0,2.6761850371216447,5.599679700102854,TGFB1;TGFB3;THBS1
GO_Biological_Process_2023,Sensory Perception Of Pain (GO:0019233),3/20,0.1233892535044458,0.3772524279927161,0,0,2.6761850371216447,5.599679700102854,CCL2;RETREG1;PTGES
GO_Biological_Process_2023,Striated Muscle Cell Differentiation (GO:0051146),3/20,0.1233892535044458,0.3772524279927161,0,0,2.6761850371216447,5.599679700102854,KDM6B;NRG1;SIK1
GO_Biological_Process_2023,Xenobiotic Transport (GO:0042908),3/20,0.1233892535044458,0.3772524279927161,0,0,2.6761850371216447,5.599679700102854,ABCC1;GJA1;SLC15A2
GO_Biological_Process_2023,Purine Ribonucleotide Biosynthetic Process (GO:0009152),6/55,0.1235265005408927,0.3772524279927161,0,0,1.858284919807339,3.88623044751361,TGFB1;IMPDH1;AMPD1;ADCY3;AMPD3;GUCY2F
GO_Biological_Process_2023,T Cell Chemotaxis (GO:0010818),2/10,0.1240194832119915,0.3772524279927161,0,0,3.790016168148747,7.910963673575349,CXCL10;CCL3
GO_Biological_Process_2023,T-helper Cell Lineage Commitment (GO:0002295),2/10,0.1240194832119915,0.3772524279927161,0,0,3.790016168148747,7.910963673575349,SOCS3;IL6
GO_Biological_Process_2023,UDP-N-acetylglucosamine Metabolic Process (GO:0006047),2/10,0.1240194832119915,0.3772524279927161,0,0,3.790016168148747,7.910963673575349,SLC35A3;GFPT2
GO_Biological_Process_2023,Angiogenesis Involved In Wound Healing (GO:0060055),2/10,0.1240194832119915,0.3772524279927161,0,0,3.790016168148747,7.910963673575349,ITGB3;MCAM
GO_Biological_Process_2023,Branched-Chain Amino Acid Transport (GO:0015803),2/10,0.1240194832119915,0.3772524279927161,0,0,3.790016168148747,7.910963673575349,SLC7A6;SLC3A2
GO_Biological_Process_2023,Cellular Response To UV-A (GO:0071492),2/10,0.1240194832119915,0.3772524279927161,0,0,3.790016168148747,7.910963673575349,MMP3;TIMP1
GO_Biological_Process_2023,Diol Metabolic Process (GO:0034311),2/10,0.1240194832119915,0.3772524279927161,0,0,3.790016168148747,7.910963673575349,SPHK1;PLPP1
GO_Biological_Process_2023,Insulin-Like Growth Factor Receptor Signaling Pathway (GO:0048009),2/10,0.1240194832119915,0.3772524279927161,0,0,3.790016168148747,7.910963673575349,EIF2AK3;IGF1R
GO_Biological_Process_2023,Megakaryocyte Development (GO:0035855),2/10,0.1240194832119915,0.3772524279927161,0,0,3.790016168148747,7.910963673575349,GP9;GP5
GO_Biological_Process_2023,Monocyte Differentiation (GO:0030224),2/10,0.1240194832119915,0.3772524279927161,0,0,3.790016168148747,7.910963673575349,PDE1B;IL31RA
GO_Biological_Process_2023,Negative Regulation Of T-helper Cell Differentiation (GO:0045623),2/10,0.1240194832119915,0.3772524279927161,0,0,3.790016168148747,7.910963673575349,TNFSF4;ZC3H12A
GO_Biological_Process_2023,Negative Regulation Of Activin Receptor Signaling Pathway (GO:0032926),2/10,0.1240194832119915,0.3772524279927161,0,0,3.790016168148747,7.910963673575349,FST;MAGI2
GO_Biological_Process_2023,Negative Regulation Of Interferon-Beta Production (GO:0032688),2/10,0.1240194832119915,0.3772524279927161,0,0,3.790016168148747,7.910963673575349,REL;RELB
GO_Biological_Process_2023,Negative Regulation Of Lymphocyte Migration (GO:2000402),2/10,0.1240194832119915,0.3772524279927161,0,0,3.790016168148747,7.910963673575349,RIPOR2;CD200
GO_Biological_Process_2023,Negative Regulation Of Programmed Necrotic Cell Death (GO:0062099),2/10,0.1240194832119915,0.3772524279927161,0,0,3.790016168148747,7.910963673575349,FZD9;BIRC3
GO_Biological_Process_2023,Negative Regulation Of Response To Cytokine Stimulus (GO:0060761),2/10,0.1240194832119915,0.3772524279927161,0,0,3.790016168148747,7.910963673575349,IRAK3;KLF4
GO_Biological_Process_2023,Negative Regulation Of Sodium Ion Transmembrane Transporter Activity (GO:2000650),2/10,0.1240194832119915,0.3772524279927161,0,0,3.790016168148747,7.910963673575349,HECW2;STK39
GO_Biological_Process_2023,Negative Regulation Of Sprouting Angiogenesis (GO:1903671),2/10,0.1240194832119915,0.3772524279927161,0,0,3.790016168148747,7.910963673575349,THBS1;KLF2
GO_Biological_Process_2023,Neuron Projection Fasciculation (GO:0106030),2/10,0.1240194832119915,0.3772524279927161,0,0,3.790016168148747,7.910963673575349,CRTAC1;CDK5R1
GO_Biological_Process_2023,Phenol-Containing Compound Biosynthetic Process (GO:0046189),2/10,0.1240194832119915,0.3772524279927161,0,0,3.790016168148747,7.910963673575349,MOXD1;DDC
GO_Biological_Process_2023,Positive Regulation Of Bone Resorption (GO:0045780),2/10,0.1240194832119915,0.3772524279927161,0,0,3.790016168148747,7.910963673575349,SYK;TNFRSF11A
GO_Biological_Process_2023,Positive Regulation Of Chondrocyte Differentiation (GO:0032332),2/10,0.1240194832119915,0.3772524279927161,0,0,3.790016168148747,7.910963673575349,ZBTB16;SOX9
GO_Biological_Process_2023,Positive Regulation Of Integrin Activation (GO:0033625),2/10,0.1240194832119915,0.3772524279927161,0,0,3.790016168148747,7.910963673575349,CXCL13;RASIP1
GO_Biological_Process_2023,Positive Regulation Of Non-Canonical Wnt Signaling Pathway (GO:2000052),2/10,0.1240194832119915,0.3772524279927161,0,0,3.790016168148747,7.910963673575349,CSNK1E;MLLT3
GO_Biological_Process_2023,Positive Regulation Of Toll-Like Receptor 4 Signaling Pathway (GO:0034145),2/10,0.1240194832119915,0.3772524279927161,0,0,3.790016168148747,7.910963673575349,EHHADH;PTPN22
GO_Biological_Process_2023,Positive Regulation Of Transcription From RNA Polymerase II Promoter In Response To Endoplasmic Reticulum Stress (GO:1990440),2/10,0.1240194832119915,0.3772524279927161,0,0,3.790016168148747,7.910963673575349,CEBPB;DDIT3
GO_Biological_Process_2023,Protein Kinase C-activating G Protein-Coupled Receptor Signaling Pathway (GO:0007205),2/10,0.1240194832119915,0.3772524279927161,0,0,3.790016168148747,7.910963673575349,PLPP1;DGKH
GO_Biological_Process_2023,Protein Oxidation (GO:0018158),2/10,0.1240194832119915,0.3772524279927161,0,0,3.790016168148747,7.910963673575349,CHCHD4;LOX
GO_Biological_Process_2023,Purine Ribonucleoside Triphosphate Biosynthetic Process (GO:0009206),2/10,0.1240194832119915,0.3772524279927161,0,0,3.790016168148747,7.910963673575349,TGFB1;IMPDH1
GO_Biological_Process_2023,Regulation Of B Cell Apoptotic Process (GO:0002902),2/10,0.1240194832119915,0.3772524279927161,0,0,3.790016168148747,7.910963673575349,LYN;IRS2
GO_Biological_Process_2023,Regulation Of T-helper 2 Cell Cytokine Production (GO:2000551),2/10,0.1240194832119915,0.3772524279927161,0,0,3.790016168148747,7.910963673575349,IL6;RSAD2
GO_Biological_Process_2023,Regulation Of Coagulation (GO:0050818),2/10,0.1240194832119915,0.3772524279927161,0,0,3.790016168148747,7.910963673575349,PROCR;NRG1
GO_Biological_Process_2023,Regulation Of Glycoprotein Biosynthetic Process (GO:0010559),2/10,0.1240194832119915,0.3772524279927161,0,0,3.790016168148747,7.910963673575349,ACER2;NECAB2
GO_Biological_Process_2023,Regulation Of Mitochondrial Depolarization (GO:0051900),2/10,0.1240194832119915,0.3772524279927161,0,0,3.790016168148747,7.910963673575349,FZD9;DCN
GO_Biological_Process_2023,Regulation Of Peroxisome Proliferator Activated Receptor Signaling Pathway (GO:0035358),2/10,0.1240194832119915,0.3772524279927161,0,0,3.790016168148747,7.910963673575349,CITED2;PLIN5
GO_Biological_Process_2023,"Regulation Of Phagocytosis, Engulfment (GO:0060099)",2/10,0.1240194832119915,0.3772524279927161,0,0,3.790016168148747,7.910963673575349,RAB31;ANO6
GO_Biological_Process_2023,Regulation Of Toll-Like Receptor 2 Signaling Pathway (GO:0034135),2/10,0.1240194832119915,0.3772524279927161,0,0,3.790016168148747,7.910963673575349,LYN;TNFAIP3
GO_Biological_Process_2023,Removal Of Superoxide Radicals (GO:0019430),2/10,0.1240194832119915,0.3772524279927161,0,0,3.790016168148747,7.910963673575349,NOS3;ATP7A
GO_Biological_Process_2023,Response To Corticosteroid (GO:0031960),2/10,0.1240194832119915,0.3772524279927161,0,0,3.790016168148747,7.910963673575349,IL6;GOT1
GO_Biological_Process_2023,Ephrin Receptor Signaling Pathway (GO:0048013),5/43,0.1251711266666687,0.3788129590192807,0,0,1.9963959737268613,4.148657497817801,LYN;ARHGEF28;ANKS1B;CDK5R1;EPHA2
GO_Biological_Process_2023,Negative Regulation Of BMP Signaling Pathway (GO:0030514),5/43,0.1251711266666687,0.3788129590192807,0,0,1.9963959737268613,4.148657497817801,TNFAIP6;LRP2;GDF3;CHRDL1;SKIL
GO_Biological_Process_2023,Positive Regulation Of Biomineral Tissue Development (GO:0070169),5/43,0.1251711266666687,0.3788129590192807,0,0,1.9963959737268613,4.148657497817801,CEBPB;FZD9;ANO6;SLC8A1;BMP6
GO_Biological_Process_2023,Positive Regulation Of Cell-Matrix Adhesion (GO:0001954),5/43,0.1251711266666687,0.3788129590192807,0,0,1.9963959737268613,4.148657497817801,ENC1;PTPRJ;NRG1;MAP4K4;S100A10
GO_Biological_Process_2023,Regulation Of JUN Kinase Activity (GO:0043506),5/43,0.1251711266666687,0.3788129590192807,0,0,1.9963959737268613,4.148657497817801,DUSP10;GSTP1;PTPN22;TNFRSF11A;DUSP16
GO_Biological_Process_2023,Regulation Of Primary Metabolic Process (GO:0080090),5/43,0.1251711266666687,0.3788129590192807,0,0,1.9963959737268613,4.148657497817801,ROCK2;IRS2;NR1D1;PLPP1;PPARD
GO_Biological_Process_2023,Monoatomic Ion Transport (GO:0006811),10/107,0.1264491220425933,0.382355501571444,0,0,1.5656010669977267,3.23753032030989,SLC15A2;CHRNA2;SLC20A1;ATP10D;ANO6;SLC15A3;SLC25A22;SLC8B1;SLC8A1;SLC8A2
GO_Biological_Process_2023,Regulation Of Macromolecule Metabolic Process (GO:0060255),14/162,0.1302257258881421,0.3934408815245314,0,0,1.4372972972972973,2.929910391441948,KDM6B;ROCK2;CHD7;NRG1;MEFV;SLC8A1;SLC8A2;ZFP36L1;MYC;ZC3H12A;NFKBIZ;MDM2;UTY;STX3
GO_Biological_Process_2023,Left/Right Pattern Formation (GO:0060972),4/32,0.1335880314582663,0.4025739237595002,0,0,2.166917293233083,4.361992824629024,STIL;ODAD2;CITED2;CFAP53
GO_Biological_Process_2023,Neural Tube Closure (GO:0001843),4/32,0.1335880314582663,0.4025739237595002,0,0,2.166917293233083,4.361992824629024,STIL;TGFB1;SEMA4C;LRP2
GO_Biological_Process_2023,Regulation Of Transcription By RNA Polymerase I (GO:0006356),4/32,0.1335880314582663,0.4025739237595002,0,0,2.166917293233083,4.361992824629024,PRR7;RASL11A;EIF2AK3;FLNA
GO_Biological_Process_2023,Positive Regulation Of Epithelial Cell Migration (GO:0010634),9/95,0.1338374632080425,0.4029843752600875,0,0,1.5889109472490073,3.195505164710664,FOXC2;GLIPR2;ROCK2;ITGB3;ZC3H12A;SOX9;THBS1;RHOB;MAP4K4
GO_Biological_Process_2023,Cellular Response To Calcium Ion (GO:0071277),7/69,0.1342235865544134,0.4035119161837469,0,0,1.7136180351906158,3.4413705285526857,CPNE8;RASA4;DPEP1;SCN5A;IQGAP1;SYT13;LGMN
GO_Biological_Process_2023,Cellular Response To Ketone (GO:1901655),5/44,0.1344661794307175,0.4035119161837469,0,0,1.94510243942983,3.902736328937677,ROCK2;TNFSF4;KLF9;ADCY3;PCK1
GO_Biological_Process_2023,Positive Regulation Of Leukocyte Cell-Cell Adhesion (GO:1903039),5/44,0.1344661794307175,0.4035119161837469,0,0,1.94510243942983,3.902736328937677,NFAT5;IL6;NR4A3;ITGB2;CCL2
GO_Biological_Process_2023,Positive Regulation Of Osteoblast Differentiation (GO:0045669),5/44,0.1344661794307175,0.4035119161837469,0,0,1.94510243942983,3.902736328937677,IL6;HGF;WNT7B;SUCO;BMP6
GO_Biological_Process_2023,Regulation Of Protein Catabolic Process (GO:0042176),11/122,0.1352082589529602,0.405396961763762,0,0,1.5050473926695425,3.011508070457019,PRKCG;UBB;TIPARP;PLK2;MDM2;TNFAIP3;FLNA;IRAK3;FAM83D;GFAP;TNFSF13B
GO_Biological_Process_2023,Lipid Catabolic Process (GO:0016042),3/21,0.1376752622812528,0.4103586111387319,0,0,2.527373247033441,5.011421096140667,LIPE;APOA4;AOAH
GO_Biological_Process_2023,Macrophage Differentiation (GO:0030225),3/21,0.1376752622812528,0.4103586111387319,0,0,2.527373247033441,5.011421096140667,SOCS1;IL31RA;LIF
GO_Biological_Process_2023,Modulation By Host Of Viral Genome Replication (GO:0044827),3/21,0.1376752622812528,0.4103586111387319,0,0,2.527373247033441,5.011421096140667,IFI27;ZC3H12A;FBXL2
GO_Biological_Process_2023,Negative Regulation Of GTPase Activity (GO:0034260),3/21,0.1376752622812528,0.4103586111387319,0,0,2.527373247033441,5.011421096140667,GPSM1;RASA4;CPEB2
GO_Biological_Process_2023,Negative Regulation Of miRNA Metabolic Process (GO:2000629),3/21,0.1376752622812528,0.4103586111387319,0,0,2.527373247033441,5.011421096140667,TGFB1;SOX9;PPARD
GO_Biological_Process_2023,Positive Regulation Of Signal Transduction By P53 Class Mediator (GO:1901798),3/21,0.1376752622812528,0.4103586111387319,0,0,2.527373247033441,5.011421096140667,UBB;MYC;PMAIP1
GO_Biological_Process_2023,Regulation Of Membrane Protein Ectodomain Proteolysis (GO:0051043),3/21,0.1376752622812528,0.4103586111387319,0,0,2.527373247033441,5.011421096140667,IL1B;TIMP3;TIMP1
GO_Biological_Process_2023,Cellular Response To Salt (GO:1902075),10/109,0.1379007864349321,0.4103586111387319,0,0,1.533808384906839,3.038813061990528,CPNE8;EGR1;RASA4;ROCK2;ZC3H12A;DPEP1;IQGAP1;SCN5A;SYT13;LGMN
GO_Biological_Process_2023,Extracellular Structure Organization (GO:0043062),10/109,0.1379007864349321,0.4103586111387319,0,0,1.533808384906839,3.038813061990528,ADAMTS4;ADAMTS15;ADAMTS2;MMP7;COL13A1;ADAMTS1;MMP3;ATP7A;MMP8;ADAMTS9
GO_Biological_Process_2023,Neuron Development (GO:0048666),13/150,0.1387368736350829,0.4125016986359734,0,0,1.4414689036805943,2.847154978273211,LYN;BTG2;ATP8A2;PTPRM;STMN4;AGER;RUNX1;IL6;MAP1B;STX3;ATP7A;B4GALT6;CDK5R1
GO_Biological_Process_2023,Positive Regulation Of Interleukin-1 Beta Production (GO:0032731),6/57,0.1398316062881774,0.4154095882968477,0,0,1.785220170793378,3.5120929063294093,EGR1;IL6;NLRP12;CCL3;HSPB1;MEFV
GO_Biological_Process_2023,Positive Regulation Of Supramolecular Fiber Organization (GO:1902905),9/96,0.1400976316601508,0.4158527698736255,0,0,1.5705634987384356,3.086810206044821,FCHSD1;BAIAP2L1;CCL11;GSN;NAV3;CDC42EP5;LIMK1;CDC42EP2;CDK5R1
GO_Biological_Process_2023,Positive Regulation Of Protein Polymerization (GO:0032273),7/70,0.1416903243065726,0.4158922754914238,0,0,1.6863275613275612,3.2952719413409217,FCHSD1;BAIAP2L1;CCL11;NAV3;CDC42EP5;CDC42EP2;CDK5R1
GO_Biological_Process_2023,Adenylate Cyclase-Activating G Protein-Coupled Receptor Signaling Pathway (GO:0007189),10/110,0.1438243519633927,0.4158922754914238,0,0,1.5183889340927583,2.94440288440322,ADGRE1;GNA13;CXCL10;ADGRG1;RAMP3;GPR65;ADGRG6;ADCY3;ADM;PF4
GO_Biological_Process_2023,External Encapsulating Structure Organization (GO:0045229),10/110,0.1438243519633927,0.4158922754914238,0,0,1.5183889340927583,2.94440288440322,ADAMTS4;ADAMTS15;ADAMTS2;MMP7;COL13A1;ADAMTS1;MMP3;ATP7A;MMP8;ADAMTS9
GO_Biological_Process_2023,I-kappaB kinase/NF-kappaB Signaling (GO:0007249),5/45,0.1440584921631867,0.4158922754914238,0,0,1.89637358184765,3.674291830740336,NFKBIA;ROCK2;REL;RELB;BIRC3
GO_Biological_Process_2023,Triglyceride Metabolic Process (GO:0006641),5/45,0.1440584921631867,0.4158922754914238,0,0,1.89637358184765,3.674291830740336,LIPF;LIPE;GPAT3;LPIN2;PNPLA2
GO_Biological_Process_2023,Cardiac Muscle Contraction (GO:0060048),4/33,0.1450211015453536,0.4158922754914238,0,0,2.092084322211364,4.039555448008339,GSN;TNNI3;SCN5A;SLC8A1
GO_Biological_Process_2023,Epithelial Tube Morphogenesis (GO:0060562),4/33,0.1450211015453536,0.4158922754914238,0,0,2.092084322211364,4.039555448008339,PRKX;HES1;RASIP1;RHOB
GO_Biological_Process_2023,Phosphatidic Acid Metabolic Process (GO:0046473),4/33,0.1450211015453536,0.4158922754914238,0,0,2.092084322211364,4.039555448008339,DGKG;GPAT3;AGPAT4;DGKH
GO_Biological_Process_2023,Positive Regulation Of Nitrogen Compound Metabolic Process (GO:0051173),4/33,0.1450211015453536,0.4158922754914238,0,0,2.092084322211364,4.039555448008339,NFKBIA;TGFB1;KLF4;KLF2
GO_Biological_Process_2023,Positive Regulation Of Protein Dephosphorylation (GO:0035307),4/33,0.1450211015453536,0.4158922754914238,0,0,2.092084322211364,4.039555448008339,PPP1R15A;TGFB1;MAGI2;PRKCD
GO_Biological_Process_2023,Vasculogenesis (GO:0001570),4/33,0.1450211015453536,0.4158922754914238,0,0,2.092084322211364,4.039555448008339,TGFB1;WNT7B;TNNI3;RASIP1
GO_Biological_Process_2023,Ventricular Cardiac Muscle Tissue Morphogenesis (GO:0055010),4/33,0.1450211015453536,0.4158922754914238,0,0,2.092084322211364,4.039555448008339,TGFB1;TNNI3;NRG1;LRP2
GO_Biological_Process_2023,AMP Metabolic Process (GO:0046033),2/11,0.1456031961962107,0.4158922754914238,0,0,3.3687236144794754,6.491093116356347,AMPD1;AMPD3
GO_Biological_Process_2023,Golgi To Lysosome Transport (GO:0090160),2/11,0.1456031961962107,0.4158922754914238,0,0,3.3687236144794754,6.491093116356347,CCDC91;LAPTM5
GO_Biological_Process_2023,Cell Differentiation In Hindbrain (GO:0021533),2/11,0.1456031961962107,0.4158922754914238,0,0,3.3687236144794754,6.491093116356347,KNDC1;ATP7A
GO_Biological_Process_2023,Cellular Response To Acetylcholine (GO:1905145),2/11,0.1456031961962107,0.4158922754914238,0,0,3.3687236144794754,6.491093116356347,CHRM3;ROCK2
GO_Biological_Process_2023,Cellular Response To Fluid Shear Stress (GO:0071498),2/11,0.1456031961962107,0.4158922754914238,0,0,3.3687236144794754,6.491093116356347,KLF4;KLF2
GO_Biological_Process_2023,Cellular Response To Thyroid Hormone Stimulus (GO:0097067),2/11,0.1456031961962107,0.4158922754914238,0,0,3.3687236144794754,6.491093116356347,CTSL;KLF9
GO_Biological_Process_2023,Central Nervous System Myelination (GO:0022010),2/11,0.1456031961962107,0.4158922754914238,0,0,3.3687236144794754,6.491093116356347,CNTNAP1;B4GALT6
GO_Biological_Process_2023,Epithelial Cell-Cell Adhesion (GO:0090136),2/11,0.1456031961962107,0.4158922754914238,0,0,3.3687236144794754,6.491093116356347,CCN3;VCL
GO_Biological_Process_2023,Exit From Mitosis (GO:0010458),2/11,0.1456031961962107,0.4158922754914238,0,0,3.3687236144794754,6.491093116356347,EPS8;CTDP1
GO_Biological_Process_2023,Fatty Acid Beta-Oxidation Using acyl-CoA Oxidase (GO:0033540),2/11,0.1456031961962107,0.4158922754914238,0,0,3.3687236144794754,6.491093116356347,SCP2;EHHADH
GO_Biological_Process_2023,Heterocycle Biosynthetic Process (GO:0018130),2/11,0.1456031961962107,0.4158922754914238,0,0,3.3687236144794754,6.491093116356347,HDC;GPHN
GO_Biological_Process_2023,Intrinsic Apoptotic Signaling Pathway In Response To Oxidative Stress (GO:0008631),2/11,0.1456031961962107,0.4158922754914238,0,0,3.3687236144794754,6.491093116356347,STK24;PRKCD
GO_Biological_Process_2023,Lipoprotein Transport (GO:0042953),2/11,0.1456031961962107,0.4158922754914238,0,0,3.3687236144794754,6.491093116356347,VMP1;PRKCB
GO_Biological_Process_2023,Mitochondrial Genome Maintenance (GO:0000002),2/11,0.1456031961962107,0.4158922754914238,0,0,3.3687236144794754,6.491093116356347,SLC25A33;SLC25A36
GO_Biological_Process_2023,Negative Regulation Of Cell Division (GO:0051782),2/11,0.1456031961962107,0.4158922754914238,0,0,3.3687236144794754,6.491093116356347,MYC;TXNIP
GO_Biological_Process_2023,Negative Regulation Of Glucose Transmembrane Transport (GO:0010829),2/11,0.1456031961962107,0.4158922754914238,0,0,3.3687236144794754,6.491093116356347,PRKCB;IL1B
GO_Biological_Process_2023,Negative Regulation Of Leukocyte Chemotaxis (GO:0002689),2/11,0.1456031961962107,0.4158922754914238,0,0,3.3687236144794754,6.491093116356347,DUSP1;CCN3
GO_Biological_Process_2023,Negative Regulation Of Myotube Differentiation (GO:0010832),2/11,0.1456031961962107,0.4158922754914238,0,0,3.3687236144794754,6.491093116356347,BHLHE41;CCN3
GO_Biological_Process_2023,Negative Regulation Of Voltage-Gated Potassium Channel Activity (GO:1903817),2/11,0.1456031961962107,0.4158922754914238,0,0,3.3687236144794754,6.491093116356347,KCNE4;KCNAB1
GO_Biological_Process_2023,Positive Regulation Of Platelet Aggregation (GO:1901731),2/11,0.1456031961962107,0.4158922754914238,0,0,3.3687236144794754,6.491093116356347,IL6;EMILIN2
GO_Biological_Process_2023,Positive Regulation Of Pseudopodium Assembly (GO:0031274),2/11,0.1456031961962107,0.4158922754914238,0,0,3.3687236144794754,6.491093116356347,CDC42EP5;CDC42EP2
GO_Biological_Process_2023,Positive Regulation Of Triglyceride Biosynthetic Process (GO:0010867),2/11,0.1456031961962107,0.4158922754914238,0,0,3.3687236144794754,6.491093116356347,MFSD2A;PLIN5
GO_Biological_Process_2023,Positive Regulation Of Vascular Permeability (GO:0043117),2/11,0.1456031961962107,0.4158922754914238,0,0,3.3687236144794754,6.491093116356347,TGFB1;BMP6
GO_Biological_Process_2023,Purine Ribonucleoside Monophosphate Biosynthetic Process (GO:0009168),2/11,0.1456031961962107,0.4158922754914238,0,0,3.3687236144794754,6.491093116356347,AMPD1;AMPD3
GO_Biological_Process_2023,Purine Ribonucleoside Monophosphate Metabolic Process (GO:0009167),2/11,0.1456031961962107,0.4158922754914238,0,0,3.3687236144794754,6.491093116356347,AMPD1;AMPD3
GO_Biological_Process_2023,Regulation Of T Cell Apoptotic Process (GO:0070232),2/11,0.1456031961962107,0.4158922754914238,0,0,3.3687236144794754,6.491093116356347,CD274;PDCD1
GO_Biological_Process_2023,Regulation Of T Cell Mediated Immunity (GO:0002709),2/11,0.1456031961962107,0.4158922754914238,0,0,3.3687236144794754,6.491093116356347,CD80;IL1B
GO_Biological_Process_2023,Regulation Of Amyloid Precursor Protein Catabolic Process (GO:1902991),2/11,0.1456031961962107,0.4158922754914238,0,0,3.3687236144794754,6.491093116356347,ROCK2;PICALM
GO_Biological_Process_2023,Regulation Of Epithelial Cell Apoptotic Process (GO:1904035),2/11,0.1456031961962107,0.4158922754914238,0,0,3.3687236144794754,6.491093116356347,ZFP36;ZFP36L1
GO_Biological_Process_2023,Regulation Of Mesenchymal Cell Proliferation (GO:0010464),2/11,0.1456031961962107,0.4158922754914238,0,0,3.3687236144794754,6.491093116356347,MYC;SOX9
GO_Biological_Process_2023,Regulation Of Pseudopodium Assembly (GO:0031272),2/11,0.1456031961962107,0.4158922754914238,0,0,3.3687236144794754,6.491093116356347,CDC42EP5;CDC42EP2
GO_Biological_Process_2023,Regulation Of Stress-Activated Protein Kinase Signaling Cascade (GO:0070302),2/11,0.1456031961962107,0.4158922754914238,0,0,3.3687236144794754,6.491093116356347,LYN;GSTP1
GO_Biological_Process_2023,Response To Nitric Oxide (GO:0071731),2/11,0.1456031961962107,0.4158922754914238,0,0,3.3687236144794754,6.491093116356347,MMP3;DPEP1
GO_Biological_Process_2023,Sphingoid Metabolic Process (GO:0046519),2/11,0.1456031961962107,0.4158922754914238,0,0,3.3687236144794754,6.491093116356347,SPHK1;PLPP1
GO_Biological_Process_2023,Vitamin D Metabolic Process (GO:0042359),2/11,0.1456031961962107,0.4158922754914238,0,0,3.3687236144794754,6.491093116356347,LRP2;LGMN
GO_Biological_Process_2023,Negative Regulation Of Growth (GO:0045926),11/124,0.1463370434656713,0.4176531978302519,0,0,1.4782508431581678,2.8409657408729383,TSPYL2;GJA1;CDKN1A;TGFB1;BTG1;CDKN2A;SESN2;OSGIN1;CCN3;PTPRJ;NRG1
GO_Biological_Process_2023,Positive Regulation Of Mitochondrion Organization (GO:0010822),6/58,0.1483400840054215,0.4230307363584096,0,0,1.7507954332771851,3.340951492431082,BCL2L11;PLAUR;PMAIP1;SPIRE1;DCN;BBC3
GO_Biological_Process_2023,Regulation Of Cysteine-Type Endopeptidase Activity Involved In Apoptotic Process (GO:0043281),8/84,0.148491482428246,0.4231234475277243,0,0,1.597759630595579,3.047291393090865,NLRP12;SYK;MYC;HGF;DPEP1;PMAIP1;KLF4;THBS1
GO_Biological_Process_2023,Positive Regulation Of NF-kappaB Transcription Factor Activity (GO:0051092),13/152,0.1488582761186686,0.4238292837650732,0,0,1.4205757742908447,2.705856753773502,PRKCH;PRKCB;SPHK1;IRAK3;TNFRSF11A;AGER;IL6;IL18RAP;IL1B;TRAF5;RAB7B;S100A9;S100A8
GO_Biological_Process_2023,Regulation Of Transforming Growth Factor Beta Receptor Signaling Pathway (GO:0017015),10/111,0.1498771288482398,0.426389050016695,0,0,1.5032748189383625,2.8531246004580466,SPRED3;CDKN2B;TGFB1;LRG1;WFIKKN1;CITED2;ADAMTSL2;SPRY2;IL17F;THBS1
GO_Biological_Process_2023,Negative Regulation Of Cell Growth (GO:0030308),11/125,0.1520752948938583,0.4300361354674095,0,0,1.4652051545802618,2.7595373802116523,TSPYL2;GJA1;CDKN1A;TGFB1;BTG1;CDKN2A;SESN2;OSGIN1;CCN3;PTPRJ;NRG1
GO_Biological_Process_2023,Acylglycerol Biosynthetic Process (GO:0046463),3/22,0.1524882278617226,0.4300361354674095,0,0,2.3942258559018907,4.502743665291475,GPAT3;LPIN2;PNPLA2
GO_Biological_Process_2023,Blood Vessel Endothelial Cell Migration (GO:0043534),3/22,0.1524882278617226,0.4300361354674095,0,0,2.3942258559018907,4.502743665291475,NR4A1;EGR3;ID1
GO_Biological_Process_2023,Cellular Response To Low-Density Lipoprotein Particle Stimulus (GO:0071404),3/22,0.1524882278617226,0.4300361354674095,0,0,2.3942258559018907,4.502743665291475,FCER1G;SYK;ITGB2
GO_Biological_Process_2023,Dendritic Cell Differentiation (GO:0097028),3/22,0.1524882278617226,0.4300361354674095,0,0,2.3942258559018907,4.502743665291475,LYN;IRF8;BATF
GO_Biological_Process_2023,Mammary Gland Development (GO:0030879),3/22,0.1524882278617226,0.4300361354674095,0,0,2.3942258559018907,4.502743665291475,TGFB3;WNT7B;NRG1
GO_Biological_Process_2023,Negative Regulation Of G Protein-Coupled Receptor Signaling Pathway (GO:0045744),3/22,0.1524882278617226,0.4300361354674095,0,0,2.3942258559018907,4.502743665291475,CCL5;BICD1;MRAP2
GO_Biological_Process_2023,Negative Regulation Of Cell Development (GO:0010721),3/22,0.1524882278617226,0.4300361354674095,0,0,2.3942258559018907,4.502743665291475,IL6;CCL11;IL1B
GO_Biological_Process_2023,Regulation Of Cardiac Muscle Cell Membrane Repolarization (GO:0099623),3/22,0.1524882278617226,0.4300361354674095,0,0,2.3942258559018907,4.502743665291475,KCNE4;FLNA;SCN5A
GO_Biological_Process_2023,Regulation Of Mononuclear Cell Migration (GO:0071675),3/22,0.1524882278617226,0.4300361354674095,0,0,2.3942258559018907,4.502743665291475,LYN;CCL5;THBS1
GO_Biological_Process_2023,Regulation Of Regulatory T Cell Differentiation (GO:0045589),3/22,0.1524882278617226,0.4300361354674095,0,0,2.3942258559018907,4.502743665291475,DUSP10;SOCS1;TNFSF4
GO_Biological_Process_2023,Regulation Of Cytokine Production Involved In Inflammatory Response (GO:1900015),5/46,0.1539355895039312,0.4330883502327994,0,0,1.850021741708503,3.461799559504542,PER1;IL6;CD6;ZC3H12A;MEFV
GO_Biological_Process_2023,Regulation Of Epidermal Growth Factor Receptor Signaling Pathway (GO:0042058),5/46,0.1539355895039312,0.4330883502327994,0,0,1.850021741708503,3.461799559504542,ERRFI1;RHBDF2;PLAUR;PTPRJ;PTPN12
GO_Biological_Process_2023,Response To Glucose (GO:0009749),5/46,0.1539355895039312,0.4330883502327994,0,0,1.850021741708503,3.461799559504542,PDK3;IRS2;PCK1;THBS1;IGF1R
GO_Biological_Process_2023,Regulation Of Kinase Activity (GO:0043549),8/85,0.155632146047936,0.4375156459594031,0,0,1.5769251057634486,2.9334908461676985,TSPYL2;FGR;PDGFRA;FLT1;IRS2;IGF1R;EPHA2;FGFR1
GO_Biological_Process_2023,Small GTPase Mediated Signal Transduction (GO:0007264),10/112,0.1560569540455237,0.4383636144025406,0,0,1.4884570589830726,2.764859964224159,TIAM2;RASSF1;CDKN1A;DOK3;RASGEF1B;CDKN2A;GRAP2;PLK2;RAPGEF5;RALGDS
GO_Biological_Process_2023,Apoptotic Mitochondrial Changes (GO:0008637),4/34,0.1568196049512461,0.4384296732297605,0,0,2.0222402159244264,3.746521834080024,FZD9;HK2;BBC3;BCL2L1
GO_Biological_Process_2023,Cellular Response To Hydrogen Peroxide (GO:0070301),4/34,0.1568196049512461,0.4384296732297605,0,0,2.0222402159244264,3.746521834080024,IL6;PRKCD;TNFAIP3;RHOB
GO_Biological_Process_2023,Glial Cell Differentiation (GO:0010001),4/34,0.1568196049512461,0.4384296732297605,0,0,2.0222402159244264,3.746521834080024,EGR2;GPC1;ADGRG6;SOX9
GO_Biological_Process_2023,Negative Regulation Of Ras Protein Signal Transduction (GO:0046580),4/34,0.1568196049512461,0.4384296732297605,0,0,2.0222402159244264,3.746521834080024,RIPOR2;SPRY4;SPRY2;RASIP1
GO_Biological_Process_2023,Regulation Of DNA Biosynthetic Process (GO:2000278),4/34,0.1568196049512461,0.4384296732297605,0,0,2.0222402159244264,3.746521834080024,CDKN1A;RGCC;HGF;ANKRD1
GO_Biological_Process_2023,Response To Estrogen (GO:0043627),4/34,0.1568196049512461,0.4384296732297605,0,0,2.0222402159244264,3.746521834080024,CITED2;ARID5A;GHRL;SOX9
GO_Biological_Process_2023,Anterior/Posterior Pattern Specification (GO:0009952),6/59,0.1570755461381036,0.4388005248865861,0,0,1.7176697424597165,3.179455481595205,BASP1;DDIT3;BHLHE40;BHLHE41;HES1;HOXB7
GO_Biological_Process_2023,Positive Regulation Of Protein Metabolic Process (GO:0051247),16/196,0.1580564037680558,0.4411943066749103,0,0,1.350486054329063,2.4913811617524857,TGFB1;TIPARP;ROCK2;PLK2;CD80;CIRBP;TNFAIP3;KLF4;THBS1;KLF2;TNFSF13B;NFKBIA;IL6;IL1B;CD28;IL17F
GO_Biological_Process_2023,Epithelium Development (GO:0060429),13/154,0.1593607205761608,0.4444865239267685,0,0,1.4002753577915843,2.5717246668352387,TRIM71;ERRFI1;NDRG4;STIL;TAGLN;TGFB1;WNT7B;UPK1A;DHRS9;GSTA1;SOX9;VCL;MFSD2A
GO_Biological_Process_2023,Positive Regulation Of Protein Modification Process (GO:0031401),18/225,0.1602562566937555,0.4466343128998247,0,0,1.3213687996296692,2.419401351916046,LYN;EGR1;CDKN1A;ACE;TGFB1;ROCK2;HGF;ITGB3;PRKCD;PLAUR;KNDC1;AGER;MARCO;GPNMB;IL1B;PECAM1;SOX9;FGF21
GO_Biological_Process_2023,Regulation Of Protein Ubiquitination (GO:0031396),10/113,0.1623615065590369,0.4521475757774745,0,0,1.47392702252206,2.6794960163455763,PRKCG;UBB;SPHK1;FAM107A;LAPTM5;TNFAIP3;SPRY2;COMMD1;SQSTM1;BIRC3
GO_Biological_Process_2023,Regulation Of Mitotic Cell Cycle Phase Transition (GO:1901990),8/86,0.1629326438292767,0.4526293797377049,0,0,1.5566247995167573,2.82436866509322,CDKN1A;CDKN2B;RGCC;CDKN2A;HECW2;KIF14;ZFP36L2;ZFP36L1
GO_Biological_Process_2023,Regulation Of Anatomical Structure Morphogenesis (GO:0022603),11/127,0.163890724047378,0.4526293797377049,0,0,1.4397885544198583,2.6039373505994026,IL6;TGFB1;FMNL2;GPNMB;HECW2;HMOX1;TNFAIP3;KNDC1;CXCL13;EPHA2;CDK5R1
GO_Biological_Process_2023,Cognition (GO:0050890),5/47,0.1640843682622157,0.4526293797377049,0,0,1.8058771320521725,3.263896355920845,C5AR1;CHD7;FAM107A;SLC8A2;MFSD2A
GO_Biological_Process_2023,Positive Regulation Of Lymphocyte Activation (GO:0051251),5/47,0.1640843682622157,0.4526293797377049,0,0,1.8058771320521725,3.263896355920845,IL6;SH3KBP1;TNIP2;TNFSF4;CCL2
GO_Biological_Process_2023,Monocarboxylic Acid Transport (GO:0015718),7/73,0.1652400499698106,0.4526293797377049,0,0,1.609418044077135,2.8975254547686573,SLC10A6;FABP4;SLC16A6;SLC16A9;SLC16A3;MFSD2A;PPARD
GO_Biological_Process_2023,Negative Regulation Of Peptidase Activity (GO:0010466),6/60,0.166029700861243,0.4526293797377049,0,0,1.6857709290799314,3.026951038494252,SERPINA12;SERPINE2;SERPINE1;TIMP3;NRG1;TIMP1
GO_Biological_Process_2023,Entrainment Of Circadian Clock By Photoperiod (GO:0043153),3/23,0.1677743972045486,0.4526293797377049,0,0,2.274393203883496,4.060099084468937,PER1;BHLHE40;SIK1
GO_Biological_Process_2023,Negative Regulation Of Protein Tyrosine Kinase Activity (GO:0061099),3/23,0.1677743972045486,0.4526293797377049,0,0,2.274393203883496,4.060099084468937,ERRFI1;GPRC5A;CBLB
GO_Biological_Process_2023,Positive Regulation Of Morphogenesis Of An Epithelium (GO:1905332),3/23,0.1677743972045486,0.4526293797377049,0,0,2.274393203883496,4.060099084468937,GJA1;LIF;SOX9
GO_Biological_Process_2023,Positive Regulation Of Neuron Apoptotic Process (GO:0043525),3/23,0.1677743972045486,0.4526293797377049,0,0,2.274393203883496,4.060099084468937,DDIT3;CCL3;CDK5R1
GO_Biological_Process_2023,"Regulation Of Nuclear-Transcribed mRNA Catabolic Process, Deadenylation-Dependent Decay (GO:1900151)",3/23,0.1677743972045486,0.4526293797377049,0,0,2.274393203883496,4.060099084468937,ZFP36;ZFP36L2;ZFP36L1
GO_Biological_Process_2023,Response To BMP (GO:0071772),3/23,0.1677743972045486,0.4526293797377049,0,0,2.274393203883496,4.060099084468937,TMEM100;SOX9;BMP6
GO_Biological_Process_2023,Adipose Tissue Development (GO:0060612),2/12,0.1678760273261507,0.4526293797377049,0,0,3.0316895715440584,5.410139489110224,SPTLC2;SH3PXD2B
GO_Biological_Process_2023,Aspartate Family Amino Acid Metabolic Process (GO:0009066),2/12,0.1678760273261507,0.4526293797377049,0,0,3.0316895715440584,5.410139489110224,GOT1;NAT8L
GO_Biological_Process_2023,Astrocyte Activation (GO:0048143),2/12,0.1678760273261507,0.4526293797377049,0,0,3.0316895715440584,5.410139489110224,C1QA;C5AR1
GO_Biological_Process_2023,Atrial Cardiac Muscle Cell Action Potential (GO:0086014),2/12,0.1678760273261507,0.4526293797377049,0,0,3.0316895715440584,5.410139489110224,GJA1;SCN5A
GO_Biological_Process_2023,Axonal Fasciculation (GO:0007413),2/12,0.1678760273261507,0.4526293797377049,0,0,3.0316895715440584,5.410139489110224,CRTAC1;CDK5R1
GO_Biological_Process_2023,Biogenic Amine Metabolic Process (GO:0006576),2/12,0.1678760273261507,0.4526293797377049,0,0,3.0316895715440584,5.410139489110224,DDC;ATP7A
GO_Biological_Process_2023,cAMP Metabolic Process (GO:0046058),2/12,0.1678760273261507,0.4526293797377049,0,0,3.0316895715440584,5.410139489110224,ADCY3;EPHA2
GO_Biological_Process_2023,Endochondral Bone Morphogenesis (GO:0060350),2/12,0.1678760273261507,0.4526293797377049,0,0,3.0316895715440584,5.410139489110224,FOXC1;COL13A1
GO_Biological_Process_2023,Fibrinolysis (GO:0042730),2/12,0.1678760273261507,0.4526293797377049,0,0,3.0316895715440584,5.410139489110224,SERPINE1;PLAT
GO_Biological_Process_2023,Glucose Import (GO:0046323),2/12,0.1678760273261507,0.4526293797377049,0,0,3.0316895715440584,5.410139489110224,SLC2A1;SLC2A3
GO_Biological_Process_2023,Icosanoid Secretion (GO:0032309),2/12,0.1678760273261507,0.4526293797377049,0,0,3.0316895715440584,5.410139489110224,ACE;BDKRB2
GO_Biological_Process_2023,Lipoprotein Localization (GO:0044872),2/12,0.1678760273261507,0.4526293797377049,0,0,3.0316895715440584,5.410139489110224,VMP1;PRKCB
GO_Biological_Process_2023,Microtubule Anchoring At Microtubule Organizing Center (GO:0072393),2/12,0.1678760273261507,0.4526293797377049,0,0,3.0316895715440584,5.410139489110224,CCDC120;BICD1
GO_Biological_Process_2023,Multicellular Organismal-Level Iron Ion Homeostasis (GO:0060586),2/12,0.1678760273261507,0.4526293797377049,0,0,3.0316895715440584,5.410139489110224,HMOX1;PICALM
GO_Biological_Process_2023,Negative Regulation By Host Of Viral Process (GO:0044793),2/12,0.1678760273261507,0.4526293797377049,0,0,3.0316895715440584,5.410139489110224,CCL8;ZC3H12A
GO_Biological_Process_2023,Negative Regulation Of Macrophage Derived Foam Cell Differentiation (GO:0010745),2/12,0.1678760273261507,0.4526293797377049,0,0,3.0316895715440584,5.410139489110224,NFKBIA;ITGB3
GO_Biological_Process_2023,Negative Regulation Of Mononuclear Cell Migration (GO:0071676),2/12,0.1678760273261507,0.4526293797377049,0,0,3.0316895715440584,5.410139489110224,DUSP1;CCN3
GO_Biological_Process_2023,Negative Regulation Of Stem Cell Differentiation (GO:2000737),2/12,0.1678760273261507,0.4526293797377049,0,0,3.0316895715440584,5.410139489110224,HES1;ZFP36L2
GO_Biological_Process_2023,"Positive Regulation Of CD4-positive, Alpha-Beta T Cell Activation (GO:2000516)",2/12,0.1678760273261507,0.4526293797377049,0,0,3.0316895715440584,5.410139489110224,SOCS1;TNFSF4
GO_Biological_Process_2023,Positive Regulation Of T-helper 1 Type Immune Response (GO:0002827),2/12,0.1678760273261507,0.4526293797377049,0,0,3.0316895715440584,5.410139489110224,IL1R1;IL1B
GO_Biological_Process_2023,Positive Regulation Of Alcohol Biosynthetic Process (GO:1902932),2/12,0.1678760273261507,0.4526293797377049,0,0,3.0316895715440584,5.410139489110224,SH2D2A;BMP6
GO_Biological_Process_2023,Positive Regulation Of Cellular Extravasation (GO:0002693),2/12,0.1678760273261507,0.4526293797377049,0,0,3.0316895715440584,5.410139489110224,RIPOR2;AGER
GO_Biological_Process_2023,Positive Regulation Of Myeloid Leukocyte Mediated Immunity (GO:0002888),2/12,0.1678760273261507,0.4526293797377049,0,0,3.0316895715440584,5.410139489110224,ITGB2;CD177
GO_Biological_Process_2023,Positive Regulation Of Nuclear-Transcribed mRNA poly(A) Tail Shortening (GO:0060213),2/12,0.1678760273261507,0.4526293797377049,0,0,3.0316895715440584,5.410139489110224,BTG2;ZFP36
GO_Biological_Process_2023,Positive Regulation Of Sodium Ion Transport (GO:0010765),2/12,0.1678760273261507,0.4526293797377049,0,0,3.0316895715440584,5.410139489110224,CNKSR3;SCN5A
GO_Biological_Process_2023,Regulation Of Actomyosin Structure Organization (GO:0110020),2/12,0.1678760273261507,0.4526293797377049,0,0,3.0316895715440584,5.410139489110224,AKAP13;ROCK2
GO_Biological_Process_2023,Regulation Of Monooxygenase Activity (GO:0032768),2/12,0.1678760273261507,0.4526293797377049,0,0,3.0316895715440584,5.410139489110224,IL1A;IL1B
GO_Biological_Process_2023,Relaxation Of Cardiac Muscle (GO:0055119),2/12,0.1678760273261507,0.4526293797377049,0,0,3.0316895715440584,5.410139489110224,GSN;SLC8A1
GO_Biological_Process_2023,Response To Thyroid Hormone (GO:0097066),2/12,0.1678760273261507,0.4526293797377049,0,0,3.0316895715440584,5.410139489110224,CTSL;KLF9
GO_Biological_Process_2023,Triglyceride Catabolic Process (GO:0019433),2/12,0.1678760273261507,0.4526293797377049,0,0,3.0316895715440584,5.410139489110224,LIPE;PNPLA2
GO_Biological_Process_2023,Regulation Of Cytoskeleton Organization (GO:0051493),10/114,0.1687883128434293,0.4545175930257259,0,0,1.4596764098391437,2.596924803982772,BAIAP2L1;ROCK2;PRKCD;FAM107A;ESAM;NRG1;MID1;S100A9;BICD1;S100A8
GO_Biological_Process_2023,Liver Development (GO:0001889),4/35,0.168959476137408,0.4545175930257259,0,0,1.95690218101084,3.4795606820764653,CEBPB;IL6;CITED2;PCK1
GO_Biological_Process_2023,Regulation Of G2/M Transition Of Mitotic Cell Cycle (GO:0010389),4/35,0.168959476137408,0.4545175930257259,0,0,1.95690218101084,3.4795606820764653,CDKN1A;GPR132;KIF14;TNFSF13B
GO_Biological_Process_2023,Negative Regulation Of Viral Process (GO:0048525),6/61,0.1751938505903416,0.4705772937743592,0,0,1.6550320725503207,2.882837807734372,ZFP36;PLSCR1;RNASEL;RSAD2;SLPI;CCL5
GO_Biological_Process_2023,Positive Regulation Of Cell Junction Assembly (GO:1901890),6/61,0.1751938505903416,0.4705772937743592,0,0,1.6550320725503207,2.882837807734372,PTPRJ;NRG1;GHRL;EPHA2;MAP4K4;S100A10
GO_Biological_Process_2023,Protein Catabolic Process (GO:0030163),9/102,0.1806457218963238,0.4848552973069505,0,0,1.4687647521636509,2.513375952270896,CTSL;MDM2;PMAIP1;NR1D1;SPATA18;SLC16A3;SQSTM1;CLPX;LGMN
GO_Biological_Process_2023,Negative Regulation Of Protein Kinase B Signaling (GO:0051898),4/36,0.1814161082830853,0.4861897058580577,0,0,1.895647773279352,3.235798610959326,DDIT3;MAGI2;PTPRJ;EPHA2
GO_Biological_Process_2023,Substrate Adhesion-Dependent Cell Spreading (GO:0034446),4/36,0.1814161082830853,0.4861897058580577,0,0,1.895647773279352,3.235798610959326,ITGB3;KIF14;LPXN;FERMT3
GO_Biological_Process_2023,Acylglycerol Homeostasis (GO:0055090),3/24,0.1834805469887481,0.4887778942611936,0,0,2.165973185390661,3.672725128292452,APOA4;RORA;ANGPTL4
GO_Biological_Process_2023,Negative Regulation Of Ion Transmembrane Transporter Activity (GO:0032413),3/24,0.1834805469887481,0.4887778942611936,0,0,2.165973185390661,3.672725128292452,EPO;HECW2;STK39
GO_Biological_Process_2023,Photoperiodism (GO:0009648),3/24,0.1834805469887481,0.4887778942611936,0,0,2.165973185390661,3.672725128292452,PER1;BHLHE40;SIK1
GO_Biological_Process_2023,Positive Regulation Of Interleukin-17 Production (GO:0032740),3/24,0.1834805469887481,0.4887778942611936,0,0,2.165973185390661,3.672725128292452,IL6;TGFB1;SPHK1
GO_Biological_Process_2023,Positive Regulation Of Peptidyl-Threonine Phosphorylation (GO:0010800),3/24,0.1834805469887481,0.4887778942611936,0,0,2.165973185390661,3.672725128292452,CEMIP;TGFB1;SPHK1
GO_Biological_Process_2023,Regulation Of Cysteine-Type Endopeptidase Activity (GO:2000116),3/24,0.1834805469887481,0.4887778942611936,0,0,2.165973185390661,3.672725128292452,NLRP12;MEFV;BIRC3
GO_Biological_Process_2023,Regulation Of Heterotypic Cell-Cell Adhesion (GO:0034114),3/24,0.1834805469887481,0.4887778942611936,0,0,2.165973185390661,3.672725128292452,IL1B;KLF4;AGER
GO_Biological_Process_2023,Stress Granule Assembly (GO:0034063),3/24,0.1834805469887481,0.4887778942611936,0,0,2.165973185390661,3.672725128292452,CIRBP;BICD1;C9ORF72
GO_Biological_Process_2023,Cell Junction Organization (GO:0034330),6/62,0.1845589322317996,0.4912829018795625,0,0,1.6253910323253389,2.746563743371945,VMP1;C1QA;TGFB1;TGFB3;WNT7B;SLC8A2
GO_Biological_Process_2023,Erythrocyte Differentiation (GO:0030218),5/49,0.1851419061752289,0.4917313761773431,0,0,1.7236076322381022,2.9070929730221526,LYN;ALAS2;EPO;HCLS1;HSCB
GO_Biological_Process_2023,Negative Regulation Of Cysteine-Type Endopeptidase Activity Involved In Apoptotic Process (GO:0043154),5/49,0.1851419061752289,0.4917313761773431,0,0,1.7236076322381022,2.9070929730221526,HGF;PLAUR;DPEP1;KLF4;THBS1
GO_Biological_Process_2023,Unsaturated Fatty Acid Metabolic Process (GO:0033559),5/49,0.1851419061752289,0.4917313761773431,0,0,1.7236076322381022,2.9070929730221526,SCP2;GSTP1;ELOVL3;GSTA1;ALOX12
GO_Biological_Process_2023,Organic Anion Transport (GO:0015711),8/89,0.1857497354273532,0.4929778586024982,0,0,1.498731333553971,2.5228969135696806,SLC35A3;SLC17A9;SLCO4A1;SLC2A1;LRRC8C;SLC2A3;SLC2A6;SLC25A25
GO_Biological_Process_2023,ATP Transport (GO:0015867),2/13,0.1906699526674521,0.4967747888312313,0,0,2.7559344455059898,4.567165821311926,SLC17A9;SLC25A25
GO_Biological_Process_2023,ERBB2 Signaling Pathway (GO:0038128),2/13,0.1906699526674521,0.4967747888312313,0,0,2.7559344455059898,4.567165821311926,NRG1;EREG
GO_Biological_Process_2023,T Cell Differentiation In Thymus (GO:0033077),2/13,0.1906699526674521,0.4967747888312313,0,0,2.7559344455059898,4.567165821311926,ZFP36L2;ZFP36L1
GO_Biological_Process_2023,Endothelial Cell Differentiation (GO:0045446),2/13,0.1906699526674521,0.4967747888312313,0,0,2.7559344455059898,4.567165821311926,KDM6B;FSTL1
GO_Biological_Process_2023,Ether Lipid Metabolic Process (GO:0046485),2/13,0.1906699526674521,0.4967747888312313,0,0,2.7559344455059898,4.567165821311926,LIPE;PLA2G7
GO_Biological_Process_2023,Immune Response-Regulating Cell Surface Receptor Signaling Pathway (GO:0002768),2/13,0.1906699526674521,0.4967747888312313,0,0,2.7559344455059898,4.567165821311926,LYN;FGR
GO_Biological_Process_2023,Lipid Oxidation (GO:0034440),2/13,0.1906699526674521,0.4967747888312313,0,0,2.7559344455059898,4.567165821311926,ALOX12;PLA2G7
GO_Biological_Process_2023,Mature B Cell Differentiation Involved In Immune Response (GO:0002313),2/13,0.1906699526674521,0.4967747888312313,0,0,2.7559344455059898,4.567165821311926,DOCK10;IL6
GO_Biological_Process_2023,Membrane Depolarization During Action Potential (GO:0086010),2/13,0.1906699526674521,0.4967747888312313,0,0,2.7559344455059898,4.567165821311926,SCN5A;SLC8A1
GO_Biological_Process_2023,Membrane Protein Intracellular Domain Proteolysis (GO:0031293),2/13,0.1906699526674521,0.4967747888312313,0,0,2.7559344455059898,4.567165821311926,MMP7;TGFB1
GO_Biological_Process_2023,Negative Regulation Of NLRP3 Inflammasome Complex Assembly (GO:1900226),2/13,0.1906699526674521,0.4967747888312313,0,0,2.7559344455059898,4.567165821311926,FBXL2;MEFV
GO_Biological_Process_2023,Negative Regulation Of Cell Migration Involved In Sprouting Angiogenesis (GO:0090051),2/13,0.1906699526674521,0.4967747888312313,0,0,2.7559344455059898,4.567165821311926,KLF4;THBS1
GO_Biological_Process_2023,Negative Regulation Of Myoblast Differentiation (GO:0045662),2/13,0.1906699526674521,0.4967747888312313,0,0,2.7559344455059898,4.567165821311926,TGFB1;SOX9
GO_Biological_Process_2023,Negative Regulation Of Toll-Like Receptor Signaling Pathway (GO:0034122),2/13,0.1906699526674521,0.4967747888312313,0,0,2.7559344455059898,4.567165821311926,IRAK3;CD300LF
GO_Biological_Process_2023,Nucleotide-Sugar Metabolic Process (GO:0009225),2/13,0.1906699526674521,0.4967747888312313,0,0,2.7559344455059898,4.567165821311926,SLC35A3;GFPT2
GO_Biological_Process_2023,Positive Regulation Of Glycogen Biosynthetic Process (GO:0045725),2/13,0.1906699526674521,0.4967747888312313,0,0,2.7559344455059898,4.567165821311926,IRS2;SORBS1
GO_Biological_Process_2023,Positive Regulation Of Granulocyte Macrophage Colony-Stimulating Factor Production (GO:0032725),2/13,0.1906699526674521,0.4967747888312313,0,0,2.7559344455059898,4.567165821311926,CD80;IL1B
GO_Biological_Process_2023,Positive Regulation Of Keratinocyte Differentiation (GO:0045618),2/13,0.1906699526674521,0.4967747888312313,0,0,2.7559344455059898,4.567165821311926,FOXC1;PRKCH
GO_Biological_Process_2023,Positive Regulation Of Macrophage Chemotaxis (GO:0010759),2/13,0.1906699526674521,0.4967747888312313,0,0,2.7559344455059898,4.567165821311926,CCL5;THBS1
GO_Biological_Process_2023,Regulation Of Cell Projection Organization (GO:0031344),2/13,0.1906699526674521,0.4967747888312313,0,0,2.7559344455059898,4.567165821311926,SPRY2;MFSD2A
GO_Biological_Process_2023,Regulation Of Humoral Immune Response (GO:0002920),2/13,0.1906699526674521,0.4967747888312313,0,0,2.7559344455059898,4.567165821311926,CXCL13;CD55
GO_Biological_Process_2023,Regulation Of Nitrogen Compound Metabolic Process (GO:0051171),2/13,0.1906699526674521,0.4967747888312313,0,0,2.7559344455059898,4.567165821311926,ROCK2;MFSD2A
GO_Biological_Process_2023,Relaxation Of Muscle (GO:0090075),2/13,0.1906699526674521,0.4967747888312313,0,0,2.7559344455059898,4.567165821311926,GSN;SLC8A1
GO_Biological_Process_2023,Response To UV-A (GO:0070141),2/13,0.1906699526674521,0.4967747888312313,0,0,2.7559344455059898,4.567165821311926,MMP3;TIMP1
GO_Biological_Process_2023,Substrate-Dependent Cell Migration (GO:0006929),2/13,0.1906699526674521,0.4967747888312313,0,0,2.7559344455059898,4.567165821311926,ITGA2;ITGA11
GO_Biological_Process_2023,Aortic Valve Morphogenesis (GO:0003180),4/37,0.1941645251836572,0.5044025876851359,0,0,1.838105753895228,3.012746153954577,TGFB1;ROCK2;NOS3;SOX9
GO_Biological_Process_2023,Calcium Ion Import Across Plasma Membrane (GO:0098703),4/37,0.1941645251836572,0.5044025876851359,0,0,1.838105753895228,3.012746153954577,SCN4A;SCN5A;SLC8A1;SLC8A2
GO_Biological_Process_2023,Muscle Cell Differentiation (GO:0042692),4/37,0.1941645251836572,0.5044025876851359,0,0,1.838105753895228,3.012746153954577,SEMA4C;MRTFA;RORA;DUSP29
GO_Biological_Process_2023,Positive Regulation Of Receptor Signaling Pathway Via JAK-STAT (GO:0046427),4/37,0.1941645251836572,0.5044025876851359,0,0,1.838105753895228,3.012746153954577,IL6;CCL5;HES1;IL7R
GO_Biological_Process_2023,Defense Response To Virus (GO:0051607),15/189,0.1949101361846752,0.5059702222328659,0,0,1.3090911652017128,2.140647691589036,RNASEL;RSAD2;MX2;ACOD1;IFNLR1;USP29;CXCL10;IL6;PLSCR1;IFI27;STING1;DDIT4;CD207;PMAIP1;BCL2L1
GO_Biological_Process_2023,Positive Regulation Of Cell Cycle Process (GO:0090068),10/118,0.1956635856829807,0.5075559048438255,0,0,1.4053129614561672,2.2925692364415435,BTC;IL1A;STIL;PLSCR1;RGCC;IL1B;CD28;KIF14;RAD18;EREG
GO_Biological_Process_2023,Intracellular Iron Ion Homeostasis (GO:0006879),5/50,0.1960220445791171,0.507745601642706,0,0,1.685215198991536,2.7461056118566898,ALAS2;MYC;HMOX1;BMP6;PICALM
GO_Biological_Process_2023,Positive Regulation Of Cell Death (GO:0010942),5/50,0.1960220445791171,0.507745601642706,0,0,1.685215198991536,2.7461056118566898,HEBP2;C1QA;ITGB2;MMP3;PICALM
GO_Biological_Process_2023,Monoatomic Cation Homeostasis (GO:0055080),7/77,0.1991038948615599,0.5116815774780371,0,0,1.5171266233766234,2.44853390432254,HMOX1;TESMIN;COMMD1;ATP7A;SLC8A1;BMP6;PICALM
GO_Biological_Process_2023,Positive Regulation Of Endothelial Cell Proliferation (GO:0001938),7/77,0.1991038948615599,0.5116815774780371,0,0,1.5171266233766234,2.44853390432254,NR4A1;CCL11;EGR3;LRG1;ITGB3;HMOX1;FGFR1
GO_Biological_Process_2023,Positive Regulation Of Synaptic Transmission (GO:0050806),7/77,0.1991038948615599,0.5116815774780371,0,0,1.5171266233766234,2.44853390432254,RIMS3;PLK2;CCL2;SQSTM1;AGER;SLC8A2;LGMN
GO_Biological_Process_2023,Vesicle-Mediated Transport (GO:0016192),30/411,0.1992566581461193,0.5116815774780371,0,0,1.197058804374019,1.9310492313126453,AP4E1;LRP2;C9ORF72;LRP8;STX11;CYTH3;CCL8;CCL5;CCL3;PIP4K2A;STX3;S100A10;SPAG9;CCR1;EXOC6B;CSNK1E;COMMD1;ANK1;SYTL3;RHOB;MYO1E;SNX18;RAB30;ARL4A;LRRC7;RHOJ;SPIRE1;RAB7B;SQSTM1;PICALM
GO_Biological_Process_2023,Cellular Response To Hexose Stimulus (GO:0071331),3/25,0.199554377504781,0.5116815774780371,0,0,2.0674095322153576,3.331978842094588,PDK3;PCK1;IGF1R
GO_Biological_Process_2023,Negative Regulation Of Lipid Biosynthetic Process (GO:0051055),3/25,0.199554377504781,0.5116815774780371,0,0,2.0674095322153576,3.331978842094588,ASXL3;SIK1;TRIB3
GO_Biological_Process_2023,Peptide Hormone Secretion (GO:0030072),3/25,0.199554377504781,0.5116815774780371,0,0,2.0674095322153576,3.331978842094588,IL6;PDX1;GHRL
GO_Biological_Process_2023,Positive Regulation Of Glucose Import (GO:0046326),3/25,0.199554377504781,0.5116815774780371,0,0,2.0674095322153576,3.331978842094588,IRS2;SORBS1;FGF21
GO_Biological_Process_2023,Regulation Of Actin Cytoskeleton Reorganization (GO:2000249),3/25,0.199554377504781,0.5116815774780371,0,0,2.0674095322153576,3.331978842094588,PDGFRA;BAIAP2L1;ARHGDIB
GO_Biological_Process_2023,Regulation Of Chondrocyte Differentiation (GO:0032330),3/25,0.199554377504781,0.5116815774780371,0,0,2.0674095322153576,3.331978842094588,TRPS1;ZBTB16;SOX9
GO_Biological_Process_2023,Regulation Of Glycogen Biosynthetic Process (GO:0005979),3/25,0.199554377504781,0.5116815774780371,0,0,2.0674095322153576,3.331978842094588,PPP1R3G;IRS2;SORBS1
GO_Biological_Process_2023,Regulation Of Myelination (GO:0031641),3/25,0.199554377504781,0.5116815774780371,0,0,2.0674095322153576,3.331978842094588,EGR2;KIF14;EIF2AK3
GO_Biological_Process_2023,Regulation Of Neutrophil Chemotaxis (GO:0090022),3/25,0.199554377504781,0.5116815774780371,0,0,2.0674095322153576,3.331978842094588,RIPOR2;CAMK1D;TNFAIP6
GO_Biological_Process_2023,Response To dsRNA (GO:0043331),3/25,0.199554377504781,0.5116815774780371,0,0,2.0674095322153576,3.331978842094588,PMAIP1;SLC3A2;IRAK3
GO_Biological_Process_2023,Negative Regulation Of Protein Metabolic Process (GO:0051248),12/147,0.2006173494172921,0.5140368225890155,0,0,1.3493434755048448,2.1675258794111083,PRKCG;TRIM71;BTG2;SERPINE2;ITGB3;ENC1;EIF2AK3;FLNA;PLAT;INHBB;IRAK3;PATL2
GO_Biological_Process_2023,Positive Regulation Of Binding (GO:0051099),8/91,0.2016769627578745,0.516380079464227,0,0,1.4624607283724662,2.341528404456447,GPSM1;FOXC1;STING1;PLAUR;TRIB3;HES1;MMP8;NGF
GO_Biological_Process_2023,Negative Regulation Of Cell Motility (GO:2000146),11/133,0.2018975514811604,0.516573246384939,0,0,1.3685387408554492,2.189654979984404,DUSP10;STK24;NAV3;CITED2;SERPINE1;MAGI2;DPEP1;EMILIN2;PTPRJ;VCL;RHOB
GO_Biological_Process_2023,Cellular Response To Virus (GO:0098586),6/64,0.2038540514376624,0.5204566492587092,0,0,1.5691752663814078,2.4955394153253785,CXCL10;IL6;CCL5;ZC3H12A;IFNLR1;GSDME
GO_Biological_Process_2023,Positive Regulation Of Cysteine-Type Endopeptidase Activity (GO:2001056),6/64,0.2038540514376624,0.5204566492587092,0,0,1.5691752663814078,2.4955394153253785,APAF1;SYK;MYC;PMAIP1;MEFV;LGMN
GO_Biological_Process_2023,Positive Regulation Of Interleukin-1 Production (GO:0032732),6/64,0.2038540514376624,0.5204566492587092,0,0,1.5691752663814078,2.4955394153253785,EGR1;IL6;NLRP12;CCL3;HSPB1;MEFV
GO_Biological_Process_2023,Calcium-Dependent Cell-Cell Adhesion Via Plasma Membrane Cell Adhesion Molecules (GO:0016339),4/38,0.2071795405269135,0.5274334654758835,0,0,1.7839485591807571,2.8082374401580563,SELP;CDH4;SELL;CDH23
GO_Biological_Process_2023,Negative Regulation Of Type I Interferon Production (GO:0032480),4/38,0.2071795405269135,0.5274334654758835,0,0,1.7839485591807571,2.8082374401580563,RNF125;REL;RELB;HAVCR2
GO_Biological_Process_2023,Positive Regulation Of Bone Mineralization (GO:0030501),4/38,0.2071795405269135,0.5274334654758835,0,0,1.7839485591807571,2.8082374401580563,FZD9;ANO6;SLC8A1;BMP6
GO_Biological_Process_2023,Tumor Necrosis Factor-Mediated Signaling Pathway (GO:0033209),4/38,0.2071795405269135,0.5274334654758835,0,0,1.7839485591807571,2.8082374401580563,NFKBIA;TRAF5;TNFRSF11A;BIRC3
GO_Biological_Process_2023,Cellular Response To Nutrient Levels (GO:0031669),7/78,0.2079668047160303,0.5286813271316801,0,0,1.4956786171574905,2.3487790077124964,CDKN2B;STK24;FAM107A;PDK4;INHBB;MFSD2A;PPARD
GO_Biological_Process_2023,Negative Regulation Of Protein Modification Process (GO:0031400),7/78,0.2079668047160303,0.5286813271316801,0,0,1.4956786171574905,2.3487790077124964,PPP1R15A;LYN;CDKN1A;CADM4;TGFB1;ZC3H12A;C9ORF72
GO_Biological_Process_2023,Positive Regulation Of Protein Catabolic Process (GO:0045732),8/92,0.209840167160464,0.5330629228580238,0,0,1.4449731151599552,2.256194238912065,PLK3;TIPARP;IL1B;PLK2;ECSCR;TNFAIP3;ADAM8;TNFSF13B
GO_Biological_Process_2023,2-Oxoglutarate Metabolic Process (GO:0006103),2/14,0.2138350922335615,0.534813136513876,0,0,2.5261385071409324,3.8966953534773454,GOT1;TAT
GO_Biological_Process_2023,T Cell Proliferation (GO:0042098),2/14,0.2138350922335615,0.534813136513876,0,0,2.5261385071409324,3.8966953534773454,CRTAM;TNFRSF4
GO_Biological_Process_2023,Cardiac Cell Development (GO:0055006),2/14,0.2138350922335615,0.534813136513876,0,0,2.5261385071409324,3.8966953534773454,ALPK3;SLC8A1
GO_Biological_Process_2023,Copper Ion Homeostasis (GO:0055070),2/14,0.2138350922335615,0.534813136513876,0,0,2.5261385071409324,3.8966953534773454,COMMD1;ATP7A
GO_Biological_Process_2023,Mammary Gland Epithelium Development (GO:0061180),2/14,0.2138350922335615,0.534813136513876,0,0,2.5261385071409324,3.8966953534773454,WNT7B;EPHA2
GO_Biological_Process_2023,miRNA-mediated Gene Silencing By Inhibition Of Translation (GO:0035278),2/14,0.2138350922335615,0.534813136513876,0,0,2.5261385071409324,3.8966953534773454,TRIM71;ZFP36
GO_Biological_Process_2023,Mitochondrion Transport Along Microtubule (GO:0047497),2/14,0.2138350922335615,0.534813136513876,0,0,2.5261385071409324,3.8966953534773454,UBB;SYBU
GO_Biological_Process_2023,Monosaccharide Transmembrane Transport (GO:0015749),2/14,0.2138350922335615,0.534813136513876,0,0,2.5261385071409324,3.8966953534773454,SLC5A10;SLC2A6
GO_Biological_Process_2023,Negative Regulation Of T Cell Mediated Immunity (GO:0002710),2/14,0.2138350922335615,0.534813136513876,0,0,2.5261385071409324,3.8966953534773454,CD80;KLRC1
GO_Biological_Process_2023,Negative Regulation Of Receptor Signaling Pathway Via STAT (GO:1904893),2/14,0.2138350922335615,0.534813136513876,0,0,2.5261385071409324,3.8966953534773454,SOCS3;SOCS1
GO_Biological_Process_2023,Photoreceptor Cell Development (GO:0042461),2/14,0.2138350922335615,0.534813136513876,0,0,2.5261385071409324,3.8966953534773454,TULP1;MFSD2A
GO_Biological_Process_2023,Positive Regulation Of Glycogen Metabolic Process (GO:0070875),2/14,0.2138350922335615,0.534813136513876,0,0,2.5261385071409324,3.8966953534773454,IRS2;SORBS1
GO_Biological_Process_2023,Positive Regulation Of Long-Term Synaptic Potentiation (GO:1900273),2/14,0.2138350922335615,0.534813136513876,0,0,2.5261385071409324,3.8966953534773454,SQSTM1;LGMN
GO_Biological_Process_2023,Positive Regulation Of Type I Interferon-Mediated Signaling Pathway (GO:0060340),2/14,0.2138350922335615,0.534813136513876,0,0,2.5261385071409324,3.8966953534773454,STING1;USP29
GO_Biological_Process_2023,Prostanoid Biosynthetic Process (GO:0046457),2/14,0.2138350922335615,0.534813136513876,0,0,2.5261385071409324,3.8966953534773454,PTGS2;PTGES
GO_Biological_Process_2023,Regulation Of Bone Remodeling (GO:0046850),2/14,0.2138350922335615,0.534813136513876,0,0,2.5261385071409324,3.8966953534773454,ITGB3;SUCO
GO_Biological_Process_2023,Regulation Of Extracellular Matrix Disassembly (GO:0010715),2/14,0.2138350922335615,0.534813136513876,0,0,2.5261385071409324,3.8966953534773454,IL6;TGFB1
GO_Biological_Process_2023,Regulation Of Feeding Behavior (GO:0060259),2/14,0.2138350922335615,0.534813136513876,0,0,2.5261385071409324,3.8966953534773454,NR4A3;GPR171
GO_Biological_Process_2023,Regulation Of Macrophage Differentiation (GO:0045649),2/14,0.2138350922335615,0.534813136513876,0,0,2.5261385071409324,3.8966953534773454,LIF;PF4
GO_Biological_Process_2023,Regulation Of Nuclear-Transcribed mRNA poly(A) Tail Shortening (GO:0060211),2/14,0.2138350922335615,0.534813136513876,0,0,2.5261385071409324,3.8966953534773454,BTG2;ZFP36
GO_Biological_Process_2023,Response To Muscle Stretch (GO:0035994),2/14,0.2138350922335615,0.534813136513876,0,0,2.5261385071409324,3.8966953534773454,GSN;SLC8A1
GO_Biological_Process_2023,Synaptic Vesicle Membrane Organization (GO:0048499),2/14,0.2138350922335615,0.534813136513876,0,0,2.5261385071409324,3.8966953534773454,STX3;STX11
GO_Biological_Process_2023,L-amino Acid Transport (GO:0015807),3/26,0.2159448399405558,0.5363207853094475,0,0,1.9774166314900803,3.030850291329015,SLC3A2;SLC7A1;SLC38A2
GO_Biological_Process_2023,"Wnt Signaling Pathway, Planar Cell Polarity Pathway (GO:0060071)",3/26,0.2159448399405558,0.5363207853094475,0,0,1.9774166314900803,3.030850291329015,MAGI2;PRICKLE2;CELSR3
GO_Biological_Process_2023,Antigen Processing And Presentation Of Exogenous Peptide Antigen Via MHC Class II (GO:0019886),3/26,0.2159448399405558,0.5363207853094475,0,0,1.9774166314900803,3.030850291329015,FCER1G;CTSL;LGMN
GO_Biological_Process_2023,Cardiac Muscle Cell Development (GO:0055013),3/26,0.2159448399405558,0.5363207853094475,0,0,1.9774166314900803,3.030850291329015,PDGFRA;ALPK3;SLC8A1
GO_Biological_Process_2023,Dendritic Spine Organization (GO:0097061),3/26,0.2159448399405558,0.5363207853094475,0,0,1.9774166314900803,3.030850291329015,DOCK10;IGF1R;LGMN
GO_Biological_Process_2023,Negative Regulation Of Endothelial Cell Apoptotic Process (GO:2000352),3/26,0.2159448399405558,0.5363207853094475,0,0,1.9774166314900803,3.030850291329015,TNIP2;SERPINE1;TNFAIP3
GO_Biological_Process_2023,Protein Export From Nucleus (GO:0006611),3/26,0.2159448399405558,0.5363207853094475,0,0,1.9774166314900803,3.030850291329015,EGR2;TGFB1;DUSP16
GO_Biological_Process_2023,Regulation Of Fatty Acid Biosynthetic Process (GO:0042304),3/26,0.2159448399405558,0.5363207853094475,0,0,1.9774166314900803,3.030850291329015,PDK4;APOA4;TRIB3
GO_Biological_Process_2023,Regulation Of Myeloid Cell Differentiation (GO:0045637),3/26,0.2159448399405558,0.5363207853094475,0,0,1.9774166314900803,3.030850291329015,LYN;CNOT4;ZBTB16
GO_Biological_Process_2023,Regulation Of Vasoconstriction (GO:0019229),3/26,0.2159448399405558,0.5363207853094475,0,0,1.9774166314900803,3.030850291329015,CHRM3;BDKRB2;ADM
GO_Biological_Process_2023,Positive Regulation Of Endocytosis (GO:0045807),7/79,0.2169745235937751,0.5381270588642827,0,0,1.4748263888888888,2.25349834581751,CAMK1D;FCER1G;IL1B;SERPINE1;TULP1;IL2RG;BICD1
GO_Biological_Process_2023,Positive Regulation Of Protein Modification By Small Protein Conjugation Or Removal (GO:1903322),7/79,0.2169745235937751,0.5381270588642827,0,0,1.4748263888888888,2.25349834581751,UBB;SPHK1;ZC3H12A;FAM107A;LAPTM5;COMMD1;BIRC3
GO_Biological_Process_2023,Regulation Of Cell Differentiation (GO:0045595),15/193,0.217134282762314,0.5381482676539525,0,0,1.2793979951531174,1.9539469014248447,CEBPB;TGFB1;CEBPD;LIF;NR1D1;NGF;KLF4;TENT5C;RUNX1;ZFP36L1;TRPS1;SIK1;CCN2;CDK5R1;FGFR1
GO_Biological_Process_2023,Sprouting Angiogenesis (GO:0002040),5/52,0.2184110352574455,0.5409358903836108,0,0,1.6133314941894548,2.454484635928773,NR4A1;ESM1;EGR3;TGFB1;THBS1
GO_Biological_Process_2023,Negative Regulation Of Cell-Substrate Adhesion (GO:0010812),4/39,0.2204359044707468,0.5436807928006846,0,0,1.732886061307114,2.620380727336784,CDKN2A;SPRY4;THBS1;MAP4K4
GO_Biological_Process_2023,Odontogenesis (GO:0042476),4/39,0.2204359044707468,0.5436807928006846,0,0,1.732886061307114,2.620380727336784,FOXC1;TGFB3;ANKRD11;SCN5A
GO_Biological_Process_2023,Positive Regulation Of Pattern Recognition Receptor Signaling Pathway (GO:0062208),4/39,0.2204359044707468,0.5436807928006846,0,0,1.732886061307114,2.620380727336784,RSAD2;EHHADH;PTPN22;CD14
GO_Biological_Process_2023,Regulation Of Receptor-Mediated Endocytosis (GO:0048259),4/39,0.2204359044707468,0.5436807928006846,0,0,1.732886061307114,2.620380727336784,SERPINE1;BMP2K;BICD1;PICALM
GO_Biological_Process_2023,Release Of Sequestered Calcium Ion Into Cytosol (GO:0051209),4/39,0.2204359044707468,0.5436807928006846,0,0,1.732886061307114,2.620380727336784,GP9;FLNA;GP5;SLC8B1
GO_Biological_Process_2023,Vitamin Transport (GO:0051180),4/39,0.2204359044707468,0.5436807928006846,0,0,1.732886061307114,2.620380727336784,SLC2A1;SLC2A3;LRP2;SLC2A6
GO_Biological_Process_2023,Negative Regulation Of Endopeptidase Activity (GO:0010951),6/66,0.2238367550216478,0.5516862957908897,0,0,1.5167072181670722,2.2702654010079457,SERPINA12;SERPINE2;SERPINE1;TIMP3;NRG1;TIMP1
GO_Biological_Process_2023,Lipid Transport (GO:0006869),9/108,0.2257845246058867,0.5561018152749835,0,0,1.3793052475979306,2.0526464357609204,SLC10A6;FABP4;SCP2;CHKA;EHHADH;ABCA4;APOA4;MFSD2A;PPARD
GO_Biological_Process_2023,Protein Localization To Plasma Membrane (GO:0072659),11/137,0.2291729787978969,0.564057144911283,0,0,1.3248086965513677,1.9518117647031763,DPP6;RAMP3;ROCK2;TSPAN5;FLNA;WDR72;ANK1;MRAP2;EFR3B;EPHA2;S100A10
GO_Biological_Process_2023,Gonad Development (GO:0008406),5/53,0.2298895893407562,0.5646494468348872,0,0,1.5796360075634792,2.3223115623145003,ADAM2;BASP1;SOX9;LRP2;MAMLD1
GO_Biological_Process_2023,mRNA Stabilization (GO:0048255),5/53,0.2298895893407562,0.5646494468348872,0,0,1.5796360075634792,2.3223115623145003,DAZL;ZFP36;MAPKAPK2;CIRBP;TENT5C
GO_Biological_Process_2023,Negative Regulation Of Viral Genome Replication (GO:0045071),5/53,0.2298895893407562,0.5646494468348872,0,0,1.5796360075634792,2.3223115623145003,PLSCR1;RNASEL;RSAD2;SLPI;CCL5
GO_Biological_Process_2023,Amino Acid Import Across Plasma Membrane (GO:0089718),3/27,0.2326024052954346,0.5670452870836261,0,0,1.894923139158576,2.76360270704021,SLC3A2;SLC7A1;SLC38A2
GO_Biological_Process_2023,Negative Regulation Of NIK/NF-kappaB Signaling (GO:1901223),3/27,0.2326024052954346,0.5670452870836261,0,0,1.894923139158576,2.76360270704021,NLRP12;ZC3H12A;CCN3
GO_Biological_Process_2023,Negative Regulation Of Neurogenesis (GO:0050768),3/27,0.2326024052954346,0.5670452870836261,0,0,1.894923139158576,2.76360270704021,IL6;CCL11;IL1B
GO_Biological_Process_2023,Positive Regulation Of Immune System Process (GO:0002684),3/27,0.2326024052954346,0.5670452870836261,0,0,1.894923139158576,2.76360270704021,C6;C7;RSAD2
GO_Biological_Process_2023,Regulation Of Immunoglobulin Production (GO:0002637),3/27,0.2326024052954346,0.5670452870836261,0,0,1.894923139158576,2.76360270704021,IL6;TNFSF4;TNFRSF4
GO_Biological_Process_2023,Regulation Of Insulin Secretion Involved In Cellular Response To Glucose Stimulus (GO:0061178),3/27,0.2326024052954346,0.5670452870836261,0,0,1.894923139158576,2.76360270704021,KLF7;PIM3;NR1D1
GO_Biological_Process_2023,Aortic Valve Development (GO:0003176),4/40,0.2339084379110021,0.5670452870836261,0,0,1.6846603688708952,2.4475175952582884,TGFB1;ROCK2;NOS3;SOX9
GO_Biological_Process_2023,Cellular Response To Heat (GO:0034605),4/40,0.2339084379110021,0.5670452870836261,0,0,1.6846603688708952,2.4475175952582884,IL1A;HMOX1;THBS1;IER5
GO_Biological_Process_2023,Cyclic-Nucleotide-Mediated Signaling (GO:0019935),4/40,0.2339084379110021,0.5670452870836261,0,0,1.6846603688708952,2.4475175952582884,ADGRG6;DEFB1;SOX9;PDE7B
GO_Biological_Process_2023,Negative Regulation Of Cell-Cell Adhesion (GO:0022408),4/40,0.2339084379110021,0.5670452870836261,0,0,1.6846603688708952,2.4475175952582884,TGFB1;RGCC;KLF4;BMP6
GO_Biological_Process_2023,Negative Regulation Of Protein Localization (GO:1903828),4/40,0.2339084379110021,0.5670452870836261,0,0,1.6846603688708952,2.4475175952582884,RIPOR2;ROCK2;COMMD1;PICALM
GO_Biological_Process_2023,Positive Regulation Of Cell Cycle G1/S Phase Transition (GO:1902808),4/40,0.2339084379110021,0.5670452870836261,0,0,1.6846603688708952,2.4475175952582884,STIL;RGCC;ADAMTS1;FAM83D
GO_Biological_Process_2023,Positive Regulation Of Insulin Secretion (GO:0032024),4/40,0.2339084379110021,0.5670452870836261,0,0,1.6846603688708952,2.4475175952582884,PDX1;IRS2;GHRL;FFAR1
GO_Biological_Process_2023,Regulation Of Microtubule Cytoskeleton Organization (GO:0070507),4/40,0.2339084379110021,0.5670452870836261,0,0,1.6846603688708952,2.4475175952582884,FAM107A;STMN4;MAPRE3;MID1
GO_Biological_Process_2023,Regulation Of Microtubule Polymerization (GO:0031113),4/40,0.2339084379110021,0.5670452870836261,0,0,1.6846603688708952,2.4475175952582884,NAV3;PRUNE1;MAPRE3;CDK5R1
GO_Biological_Process_2023,Retinoid Metabolic Process (GO:0001523),4/40,0.2339084379110021,0.5670452870836261,0,0,1.6846603688708952,2.4475175952582884,ALDH1A3;RDH12;LRP2;LRP8
GO_Biological_Process_2023,Regulation Of Viral Genome Replication (GO:0045069),6/67,0.2340605345103212,0.5670452870836261,0,0,1.4917633919668143,2.1663022534770584,PLSCR1;RNASEL;RSAD2;SLPI;CCL5;CD28
GO_Biological_Process_2023,T Cell Receptor Signaling Pathway (GO:0050852),8/95,0.235063091565404,0.5670452870836261,0,0,1.3949223601034575,2.0197099350344767,ITK;NFKBIZ;ZC3H12A;PDE4B;THEMIS;CD28;PTPN22;PTPRJ
GO_Biological_Process_2023,DNA Alkylation (GO:0006305),2/15,0.2372381097127056,0.5670452870836261,0,0,2.331695790062807,3.3545896543312907,DNMT3L;FOS
GO_Biological_Process_2023,Cellular Response To Estrogen Stimulus (GO:0071391),2/15,0.2372381097127056,0.5670452870836261,0,0,2.331695790062807,3.3545896543312907,ARID5A;SOX9
GO_Biological_Process_2023,Cellular Response To Sterol (GO:0036315),2/15,0.2372381097127056,0.5670452870836261,0,0,2.331695790062807,3.3545896543312907,INSIG2;RORA
GO_Biological_Process_2023,Glycosaminoglycan Catabolic Process (GO:0006027),2/15,0.2372381097127056,0.5670452870836261,0,0,2.331695790062807,3.3545896543312907,CEMIP;TGFB1
GO_Biological_Process_2023,miRNA Metabolic Process (GO:0010586),2/15,0.2372381097127056,0.5670452870836261,0,0,2.331695790062807,3.3545896543312907,TRIM71;ZC3H12A
GO_Biological_Process_2023,Negative Regulation Of Gluconeogenesis (GO:0045721),2/15,0.2372381097127056,0.5670452870836261,0,0,2.331695790062807,3.3545896543312907,SIK1;SOGA1
GO_Biological_Process_2023,Negative Regulation Of Immune Effector Process (GO:0002698),2/15,0.2372381097127056,0.5670452870836261,0,0,2.331695790062807,3.3545896543312907,CD55;HAVCR2
GO_Biological_Process_2023,Negative Regulation Of Phagocytosis (GO:0050765),2/15,0.2372381097127056,0.5670452870836261,0,0,2.331695790062807,3.3545896543312907,PLSCR1;CD300LF
GO_Biological_Process_2023,Negative Regulation Of Synaptic Transmission (GO:0050805),2/15,0.2372381097127056,0.5670452870836261,0,0,2.331695790062807,3.3545896543312907,PLK2;IL1B
GO_Biological_Process_2023,Nitric Oxide Biosynthetic Process (GO:0006809),2/15,0.2372381097127056,0.5670452870836261,0,0,2.331695790062807,3.3545896543312907,SLC7A6;NOS3
GO_Biological_Process_2023,Positive Regulation Of Cyclin-Dependent Protein Serine/Threonine Kinase Activity (GO:0045737),2/15,0.2372381097127056,0.5670452870836261,0,0,2.331695790062807,3.3545896543312907,RGCC;MAPRE3
GO_Biological_Process_2023,Positive Regulation Of Glucose Metabolic Process (GO:0010907),2/15,0.2372381097127056,0.5670452870836261,0,0,2.331695790062807,3.3545896543312907,PMAIP1;IRS2
GO_Biological_Process_2023,Positive Regulation Of Potassium Ion Transport (GO:0043268),2/15,0.2372381097127056,0.5670452870836261,0,0,2.331695790062807,3.3545896543312907,FLNA;KCNN4
GO_Biological_Process_2023,Positive Regulation Of Sprouting Angiogenesis (GO:1903672),2/15,0.2372381097127056,0.5670452870836261,0,0,2.331695790062807,3.3545896543312907,PKM;KLF4
GO_Biological_Process_2023,Positive Regulation Of Transmembrane Transport (GO:0034764),2/15,0.2372381097127056,0.5670452870836261,0,0,2.331695790062807,3.3545896543312907,NR4A3;ANO6
GO_Biological_Process_2023,Receptor Catabolic Process (GO:0032801),2/15,0.2372381097127056,0.5670452870836261,0,0,2.331695790062807,3.3545896543312907,TGFB1;LGMN
GO_Biological_Process_2023,Regulation Of Activin Receptor Signaling Pathway (GO:0032925),2/15,0.2372381097127056,0.5670452870836261,0,0,2.331695790062807,3.3545896543312907,FST;MAGI2
GO_Biological_Process_2023,Regulation Of Cellular Response To Heat (GO:1900034),2/15,0.2372381097127056,0.5670452870836261,0,0,2.331695790062807,3.3545896543312907,MAPKAPK2;IER5
GO_Biological_Process_2023,Regulation Of Lipoprotein Lipase Activity (GO:0051004),2/15,0.2372381097127056,0.5670452870836261,0,0,2.331695790062807,3.3545896543312907,APOA4;ANGPTL4
GO_Biological_Process_2023,Regulation Of miRNA-mediated Gene Silencing (GO:0060964),2/15,0.2372381097127056,0.5670452870836261,0,0,2.331695790062807,3.3545896543312907,TRIM71;ZFP36
GO_Biological_Process_2023,Regulation Of Monocyte Differentiation (GO:0045655),2/15,0.2372381097127056,0.5670452870836261,0,0,2.331695790062807,3.3545896543312907,MYC;ZFP36L1
GO_Biological_Process_2023,Sphingolipid Catabolic Process (GO:0030149),2/15,0.2372381097127056,0.5670452870836261,0,0,2.331695790062807,3.3545896543312907,ACER2;SPHK1
GO_Biological_Process_2023,Supramolecular Fiber Organization (GO:0097435),23/316,0.2402603295643329,0.5738835657177589,0,0,1.192192832764505,1.7001054122319657,TMOD1;PLK3;GSN;TNFAIP6;SH3KBP1;AVIL;KIF14;DPT;STMN4;FBLN5;GFAP;MFAP4;MYO1E;ADAMTS2;NAT8;LOX;CDC42EP2;MDM2;HCLS1;UBASH3A;ATP7A;CAMP;DBN1
GO_Biological_Process_2023,Apical Junction Assembly (GO:0043297),5/54,0.2415370921056732,0.5750036861565827,0,0,1.5473158469222372,2.198321489354371,FBF1;PECAM1;ESAM;RHOC;VCL
GO_Biological_Process_2023,Negative Regulation Of Protein Catabolic Process (GO:0042177),5/54,0.2415370921056732,0.5750036861565827,0,0,1.5473158469222372,2.198321489354371,PRKCG;TIMP3;FLNA;IRAK3;TIMP1
GO_Biological_Process_2023,Negative Regulation Of Protein Ubiquitination (GO:0031397),5/54,0.2415370921056732,0.5750036861565827,0,0,1.5473158469222372,2.198321489354371,PRKCG;LIMK1;TNFAIP3;SPRY2;SQSTM1
GO_Biological_Process_2023,Organelle Disassembly (GO:1903008),5/54,0.2415370921056732,0.5750036861565827,0,0,1.5473158469222372,2.198321489354371,PLK3;STING1;PLIN2;RETREG1;PNPLA2
GO_Biological_Process_2023,Regulation Of Myoblast Differentiation (GO:0045661),5/54,0.2415370921056732,0.5750036861565827,0,0,1.5473158469222372,2.198321489354371,RIPOR2;BTG1;TGFB1;SOX9;ZFP36L1
GO_Biological_Process_2023,Skin Development (GO:0043588),6/68,0.2444253969435533,0.5774151458075225,0,0,1.4676242053214033,2.067655231365361,ERRFI1;TXNIP;ATP7A;EREG;EPHA2;FGFR1
GO_Biological_Process_2023,Negative Regulation Of Apoptotic Signaling Pathway (GO:2001234),7/82,0.244792694096293,0.5774151458075225,0,0,1.4156060606060603,1.9922440915304864,NR4A2;HGF;GSTP1;PLAUR;FZD9;THBS1;BCL2L1
GO_Biological_Process_2023,Sodium Ion Transmembrane Transport (GO:0035725),7/82,0.244792694096293,0.5774151458075225,0,0,1.4156060606060603,1.9922440915304864,FXYD2;SCN4A;SCN5A;KCNK1;SLC9C1;SLC8A1;SLC8A2
GO_Biological_Process_2023,Acylglycerol Metabolic Process (GO:0006639),4/41,0.2475721544918006,0.5774151458075225,0,0,1.639041470620418,2.2881891000900856,DGKG;LIPF;DGKH;PNPLA2
GO_Biological_Process_2023,Heart Contraction (GO:0060047),4/41,0.2475721544918006,0.5774151458075225,0,0,1.639041470620418,2.2881891000900856,ACTC1;TNNI3;SCN5A;SLC8A1
GO_Biological_Process_2023,Regulation Of Microtubule-Based Process (GO:0032886),4/41,0.2475721544918006,0.5774151458075225,0,0,1.639041470620418,2.2881891000900856,FAM107A;ATF5;BICD1;MID1
GO_Biological_Process_2023,Response To Amino Acid Starvation (GO:1990928),4/41,0.2475721544918006,0.5774151458075225,0,0,1.639041470620418,2.2881891000900856,CDKN1A;SESN2;EIF2AK3;DEPDC5
GO_Biological_Process_2023,Antigen Processing And Presentation Of Peptide Antigen Via MHC Class II (GO:0002495),3/28,0.2494792811553628,0.5774151458075225,0,0,1.8190291262135925,2.525502582660811,FCER1G;CTSL;LGMN
GO_Biological_Process_2023,Apoptotic Cell Clearance (GO:0043277),3/28,0.2494792811553628,0.5774151458075225,0,0,1.8190291262135925,2.525502582660811,ITGB3;TIMD4;THBS1
GO_Biological_Process_2023,Diterpenoid Metabolic Process (GO:0016101),3/28,0.2494792811553628,0.5774151458075225,0,0,1.8190291262135925,2.525502582660811,RDH12;LRP2;LRP8
GO_Biological_Process_2023,Mucosal Immune Response (GO:0002385),3/28,0.2494792811553628,0.5774151458075225,0,0,1.8190291262135925,2.525502582660811,DEFB1;IFNLR1;CAMP
GO_Biological_Process_2023,Negative Regulation Of Wound Healing (GO:0061045),3/28,0.2494792811553628,0.5774151458075225,0,0,1.8190291262135925,2.525502582660811,THBD;SERPINE2;SERPINE1
GO_Biological_Process_2023,Positive Regulation Of Defense Response To Virus By Host (GO:0002230),3/28,0.2494792811553628,0.5774151458075225,0,0,1.8190291262135925,2.525502582660811,STING1;ZC3H12A;PTPN22
GO_Biological_Process_2023,Protein Depolymerization (GO:0051261),3/28,0.2494792811553628,0.5774151458075225,0,0,1.8190291262135925,2.525502582660811,GSN;KIF14;STMN4
GO_Biological_Process_2023,"Regulation Of DNA Damage Response, Signal Transduction By P53 Class Mediator (GO:0043516)",3/28,0.2494792811553628,0.5774151458075225,0,0,1.8190291262135925,2.525502582660811,ANKRD1;MDM2;PMAIP1
GO_Biological_Process_2023,Regulation Of Protein Localization To Membrane (GO:1905475),3/28,0.2494792811553628,0.5774151458075225,0,0,1.8190291262135925,2.525502582660811,NECAB2;GSN;GPC1
GO_Biological_Process_2023,Regulation Of Sodium Ion Transmembrane Transport (GO:1902305),3/28,0.2494792811553628,0.5774151458075225,0,0,1.8190291262135925,2.525502582660811,FXYD2;SCN5A;COMMD1
GO_Biological_Process_2023,Vascular Endothelial Growth Factor Receptor Signaling Pathway (GO:0048010),3/28,0.2494792811553628,0.5774151458075225,0,0,1.8190291262135925,2.525502582660811,FLT1;MAPKAPK2;HSPB1
GO_Biological_Process_2023,Phosphatidylcholine Metabolic Process (GO:0046470),5/55,0.2533381512483874,0.5774151458075225,0,0,1.5162884927066451,2.081909765735501,PLA2G2D;CHKA;APOA4;PLA2G7;MFSD2A
GO_Biological_Process_2023,Response To Peptide Hormone (GO:0043434),5/55,0.2533381512483874,0.5774151458075225,0,0,1.5162884927066451,2.081909765735501,ROCK2;SLC2A1;STAT4;PCK1;ZFP36L1
GO_Biological_Process_2023,Calcium Ion Transmembrane Import Into Cytosol (GO:0097553),7/83,0.2543051463990416,0.5774151458075225,0,0,1.39690490430622,1.9126706488783105,GP9;FLNA;SCN4A;SCN5A;GP5;SLC8A1;SLC8A2
GO_Biological_Process_2023,Phospholipase C-activating G Protein-Coupled Receptor Signaling Pathway (GO:0007200),7/83,0.2543051463990416,0.5774151458075225,0,0,1.39690490430622,1.9126706488783105,P2RY10;GPR65;C5AR1;CXCR2;GPR55;C3AR1;LPAR1
GO_Biological_Process_2023,Positive Regulation Of Intracellular Protein Transport (GO:0090316),10/126,0.2543633902845696,0.5774151458075225,0,0,1.3078336747004855,1.790413006194728,PLK3;CEMIP;TGFB1;IL1B;ZC3H12A;PRKCD;ITGB2;HCLS1;FLNA;BBC3
GO_Biological_Process_2023,Antifungal Innate Immune Response (GO:0061760),2/16,0.2607607405185488,0.5774151458075225,0,0,2.1650306039958425,2.9101302057760234,CLEC4D;CLEC4E
GO_Biological_Process_2023,Cell Communication By Electrical Coupling Involved In Cardiac Conduction (GO:0086064),2/16,0.2607607405185488,0.5774151458075225,0,0,2.1650306039958425,2.9101302057760234,GJA1;SLC8A1
GO_Biological_Process_2023,Cell Surface Toll-Like Receptor Signaling Pathway (GO:0140895),2/16,0.2607607405185488,0.5774151458075225,0,0,2.1650306039958425,2.9101302057760234,TNIP2;TNIP3
GO_Biological_Process_2023,Male Meiosis I (GO:0007141),2/16,0.2607607405185488,0.5774151458075225,0,0,2.1650306039958425,2.9101302057760234,DNMT3L;HSF2BP
GO_Biological_Process_2023,Membrane Depolarization During Cardiac Muscle Cell Action Potential (GO:0086012),2/16,0.2607607405185488,0.5774151458075225,0,0,2.1650306039958425,2.9101302057760234,SCN5A;SLC8A1
GO_Biological_Process_2023,Negative Regulation Of Natural Killer Cell Mediated Cytotoxicity (GO:0045953),2/16,0.2607607405185488,0.5774151458075225,0,0,2.1650306039958425,2.9101302057760234,TGFB1;KLRC1
GO_Biological_Process_2023,Negative Regulation Of Receptor Signaling Pathway Via JAK-STAT (GO:0046426),2/16,0.2607607405185488,0.5774151458075225,0,0,2.1650306039958425,2.9101302057760234,SOCS3;SOCS1
GO_Biological_Process_2023,Negative Regulation Of Release Of Cytochrome C From Mitochondria (GO:0090201),2/16,0.2607607405185488,0.5774151458075225,0,0,2.1650306039958425,2.9101302057760234,HGF;BCL2L1
GO_Biological_Process_2023,Nitric Oxide Metabolic Process (GO:0046209),2/16,0.2607607405185488,0.5774151458075225,0,0,2.1650306039958425,2.9101302057760234,SLC7A6;NOS3
GO_Biological_Process_2023,Oligodendrocyte Development (GO:0014003),2/16,0.2607607405185488,0.5774151458075225,0,0,2.1650306039958425,2.9101302057760234,CNTNAP1;B4GALT6
GO_Biological_Process_2023,Positive Regulation Of Autophagosome Assembly (GO:2000786),2/16,0.2607607405185488,0.5774151458075225,0,0,2.1650306039958425,2.9101302057760234,SNX18;PIP4K2A
GO_Biological_Process_2023,Positive Regulation Of Lymphocyte Migration (GO:2000403),2/16,0.2607607405185488,0.5774151458075225,0,0,2.1650306039958425,2.9101302057760234,CXCL10;CCL5
GO_Biological_Process_2023,Positive Regulation Of Muscle Hypertrophy (GO:0014742),2/16,0.2607607405185488,0.5774151458075225,0,0,2.1650306039958425,2.9101302057760234,NR4A3;ROCK2
GO_Biological_Process_2023,Positive Regulation Of Myeloid Leukocyte Cytokine Production Involved In Immune Response (GO:0061081),2/16,0.2607607405185488,0.5774151458075225,0,0,2.1650306039958425,2.9101302057760234,NR4A3;LAPTM5
GO_Biological_Process_2023,Positive Regulation Of Smooth Muscle Cell Migration (GO:0014911),2/16,0.2607607405185488,0.5774151458075225,0,0,2.1650306039958425,2.9101302057760234,NR4A3;CCL5
GO_Biological_Process_2023,Protein Localization To Mitochondrion (GO:0070585),2/16,0.2607607405185488,0.5774151458075225,0,0,2.1650306039958425,2.9101302057760234,HK2;HK1
GO_Biological_Process_2023,Regulation Of Blood Vessel Endothelial Cell Proliferation Involved In Sprouting Angiogenesis (GO:1903587),2/16,0.2607607405185488,0.5774151458075225,0,0,2.1650306039958425,2.9101302057760234,HMOX1;THBS1
GO_Biological_Process_2023,Regulation Of Interleukin-1 Production (GO:0032652),2/16,0.2607607405185488,0.5774151458075225,0,0,2.1650306039958425,2.9101302057760234,NLRP12;MEFV
GO_Biological_Process_2023,Regulation Of Natural Killer Cell Activation (GO:0032814),2/16,0.2607607405185488,0.5774151458075225,0,0,2.1650306039958425,2.9101302057760234,PTPN22;KLRC1
GO_Biological_Process_2023,Regulation Of Protein Kinase C Signaling (GO:0090036),2/16,0.2607607405185488,0.5774151458075225,0,0,2.1650306039958425,2.9101302057760234,DGKG;SEZ6L
GO_Biological_Process_2023,Regulation Of Secretion (GO:0051046),2/16,0.2607607405185488,0.5774151458075225,0,0,2.1650306039958425,2.9101302057760234,NRG1;SGK1
GO_Biological_Process_2023,Regulation Of Stem Cell Proliferation (GO:0072091),2/16,0.2607607405185488,0.5774151458075225,0,0,2.1650306039958425,2.9101302057760234,GJA1;ZFP36L1
GO_Biological_Process_2023,Reticulophagy (GO:0061709),2/16,0.2607607405185488,0.5774151458075225,0,0,2.1650306039958425,2.9101302057760234,STING1;RETREG1
GO_Biological_Process_2023,Vasculature Development (GO:0001944),2/16,0.2607607405185488,0.5774151458075225,0,0,2.1650306039958425,2.9101302057760234,ERRFI1;PDGFRA
GO_Biological_Process_2023,Amino Acid Transmembrane Transport (GO:0003333),4/42,0.2614023708603591,0.5774151458075225,0,0,1.5958235670147027,2.141107555981765,SLC7A6;SLC7A1;SLC25A22;SLC38A2
GO_Biological_Process_2023,Cellular Response To Amino Acid Starvation (GO:0034198),4/42,0.2614023708603591,0.5774151458075225,0,0,1.5958235670147027,2.141107555981765,CDKN1A;SESN2;EIF2AK3;DEPDC5
GO_Biological_Process_2023,Collagen Fibril Organization (GO:0030199),4/42,0.2614023708603591,0.5774151458075225,0,0,1.5958235670147027,2.141107555981765,ADAMTS2;LOX;DPT;ATP7A
GO_Biological_Process_2023,Keratinocyte Differentiation (GO:0030216),4/42,0.2614023708603591,0.5774151458075225,0,0,1.5958235670147027,2.141107555981765,TXNIP;EREG;EPHA2;FGFR1
GO_Biological_Process_2023,Positive Regulation Of Protein Ubiquitination (GO:0031398),7/84,0.263924570038769,0.5774151458075225,0,0,1.378689492325856,1.8365411552668616,UBB;SPHK1;FAM107A;LAPTM5;TRIB3;COMMD1;BIRC3
GO_Biological_Process_2023,Purine Ribonucleotide Metabolic Process (GO:0009150),7/84,0.263924570038769,0.5774151458075225,0,0,1.378689492325856,1.8365411552668616,ACOT9;SULT1E1;ACOT2;AMPD1;AMPD3;CLPX;EPHA2
GO_Biological_Process_2023,Protein Localization To Cell Periphery (GO:1990778),11/142,0.2651264680541709,0.5774151458075225,0,0,1.273901583907303,1.6911659188959605,DPP6;RAMP3;ROCK2;TSPAN5;FLNA;WDR72;ANK1;MRAP2;EFR3B;EPHA2;S100A10
GO_Biological_Process_2023,Regulation Of Notch Signaling Pathway (GO:0008593),6/70,0.2655361647569808,0.5774151458075225,0,0,1.4216088807785887,1.885059394723583,JAG2;NOS3;BMP2K;TSPAN5;CCN3;CHAC1
GO_Biological_Process_2023,Regulation Of Actin Filament-Based Process (GO:0032970),6/70,0.2655361647569808,0.5774151458075225,0,0,1.4216088807785887,1.885059394723583,BAIAP2L1;ROCK2;PRKCD;FAM107A;NRG1;ESAM
GO_Biological_Process_2023,Alpha-Amino Acid Metabolic Process (GO:1901605),3/29,0.2665295831679529,0.5774151458075225,0,0,1.7489731142643763,2.3126147414990528,DPEP1;ATP7A;NAT8L
GO_Biological_Process_2023,Modified Amino Acid Transport (GO:0072337),3/29,0.2665295831679529,0.5774151458075225,0,0,1.7489731142643763,2.3126147414990528,SLC7A6;SLC16A9;SLC7A1
GO_Biological_Process_2023,Organic Cyclic Compound Biosynthetic Process (GO:1901362),3/29,0.2665295831679529,0.5774151458075225,0,0,1.7489731142643763,2.3126147414990528,SCP2;HDC;GPHN
GO_Biological_Process_2023,Response To Steroid Hormone (GO:0048545),3/29,0.2665295831679529,0.5774151458075225,0,0,1.7489731142643763,2.3126147414990528,TGFB1;TGFB3;THBS1
GO_Biological_Process_2023,Regulation Of Gene Expression (GO:0010468),75/1127,0.2721859655454444,0.5774151458075225,0,0,1.0846424091568343,1.411412355997801,TRIM71;MYOM1;BTG1;CITED2;CHD7;JMJD1C;RORA;PTPN22;LITAF;BACH1;SLC8A1;ACTG1;SLC8A2;GJA1;MYC;ZC3H12A;NFKBIZ;UTY;SOX9;HAVCR2;KDM6B;NRG1;BAZ1A;MMP8;NGF;ACTA2;IL1A;PLSCR1;DDIT3;IL1B;HCLS1;TESMIN;ATF5;HOXB7;FOXC1;CEBPB;RAMP3;ROCK2;MEFV;ZBTB2;ZFP36L1;NFIL3;CCL3;STX3;SLC38A2;FGF21;LYN;CCR1;EGR1;KDM4A;GSN;TGFB1;TIPARP;NOS3;EPHX2;EIF2AK3;HMGA1;ZBTB11;KLF4;BMP6;PER1;IL6;RGCC;NAT8;ACTC1;BHLHE40;MDM2;CD28;REL;SPRY2;GTF2IRD1;CCDC3;LGMN;PICALM;PF4
GO_Biological_Process_2023,Positive Regulation Of Transferase Activity (GO:0051347),11/143,0.2725335601047149,0.5774151458075225,0,0,1.2641829533116178,1.6434296424874324,PDGFRA;TGFB1;FLT1;MYC;TRIB3;APOA4;KLF4;CD200;IGF1R;EPHA2;FGFR1
GO_Biological_Process_2023,Defense Response To Gram-positive Bacterium (GO:0050830),7/85,0.2736431203887639,0.5774151458075225,0,0,1.3609411421911422,1.7636851374449765,FGR;IL6;EHHADH;IL1B;CASP4;DEFB1;CAMP
GO_Biological_Process_2023,Positive Regulation Of Amide Metabolic Process (GO:0034250),7/85,0.2736431203887639,0.5774151458075225,0,0,1.3609411421911422,1.7636851374449765,IL6;ROCK2;PRKCD;CIRBP;CD28;THBS1;PICALM
GO_Biological_Process_2023,Regulation Of Osteoblast Differentiation (GO:0045667),7/85,0.2736431203887639,0.5774151458075225,0,0,1.3609411421911422,1.7636851374449765,IL6;TNFAIP6;HGF;WNT7B;SUCO;SOX9;BMP6
GO_Biological_Process_2023,DNA Double-Strand Break Processing Involved In Repair Via Single-Strand Annealing (GO:0010792),1/5,0.2737002953012898,0.5774151458075225,0,0,3.787762520193861,4.907885652530092,RAD52
GO_Biological_Process_2023,ERBB2-EGFR Signaling Pathway (GO:0038134),1/5,0.2737002953012898,0.5774151458075225,0,0,3.787762520193861,4.907885652530092,EREG
GO_Biological_Process_2023,Golgi Disassembly (GO:0090166),1/5,0.2737002953012898,0.5774151458075225,0,0,3.787762520193861,4.907885652530092,PLK3
GO_Biological_Process_2023,L-ornithine Transmembrane Transport (GO:1903352),1/5,0.2737002953012898,0.5774151458075225,0,0,3.787762520193861,4.907885652530092,SLC7A1
GO_Biological_Process_2023,L-phenylalanine Catabolic Process (GO:0006559),1/5,0.2737002953012898,0.5774151458075225,0,0,3.787762520193861,4.907885652530092,TAT
GO_Biological_Process_2023,L-phenylalanine Metabolic Process (GO:0006558),1/5,0.2737002953012898,0.5774151458075225,0,0,3.787762520193861,4.907885652530092,TAT
GO_Biological_Process_2023,R-loop Processing (GO:0062176),1/5,0.2737002953012898,0.5774151458075225,0,0,3.787762520193861,4.907885652530092,NFAT5
GO_Biological_Process_2023,T-helper 1 Cell Differentiation (GO:0045063),1/5,0.2737002953012898,0.5774151458075225,0,0,3.787762520193861,4.907885652530092,STAT4
GO_Biological_Process_2023,Activation Of Transmembrane Receptor Protein Tyrosine Kinase Activity (GO:0007171),1/5,0.2737002953012898,0.5774151458075225,0,0,3.787762520193861,4.907885652530092,NRG1
GO_Biological_Process_2023,Aminophospholipid Transport (GO:0015917),1/5,0.2737002953012898,0.5774151458075225,0,0,3.787762520193861,4.907885652530092,ATP8A2
GO_Biological_Process_2023,Amylin Receptor Signaling Pathway (GO:0097647),1/5,0.2737002953012898,0.5774151458075225,0,0,3.787762520193861,4.907885652530092,RAMP3
GO_Biological_Process_2023,Aspartate Metabolic Process (GO:0006531),1/5,0.2737002953012898,0.5774151458075225,0,0,3.787762520193861,4.907885652530092,GOT1
GO_Biological_Process_2023,Astrocyte Differentiation (GO:0048708),1/5,0.2737002953012898,0.5774151458075225,0,0,3.787762520193861,4.907885652530092,S100A9
GO_Biological_Process_2023,Basic Amino Acid Transport (GO:0015802),1/5,0.2737002953012898,0.5774151458075225,0,0,3.787762520193861,4.907885652530092,SLC7A1
GO_Biological_Process_2023,Cell Junction Disassembly (GO:0150146),1/5,0.2737002953012898,0.5774151458075225,0,0,3.787762520193861,4.907885652530092,C1QB
GO_Biological_Process_2023,Cellular Response To Iron Ion (GO:0071281),1/5,0.2737002953012898,0.5774151458075225,0,0,3.787762520193861,4.907885652530092,BMP6
GO_Biological_Process_2023,Cellular Response To Lipoteichoic Acid (GO:0071223),1/5,0.2737002953012898,0.5774151458075225,0,0,3.787762520193861,4.907885652530092,EHHADH
GO_Biological_Process_2023,Choline Metabolic Process (GO:0019695),1/5,0.2737002953012898,0.5774151458075225,0,0,3.787762520193861,4.907885652530092,ENPP6
GO_Biological_Process_2023,Contact Inhibition (GO:0060242),1/5,0.2737002953012898,0.5774151458075225,0,0,3.787762520193861,4.907885652530092,PTPRJ
GO_Biological_Process_2023,Detection Of Molecule Of Bacterial Origin (GO:0032490),1/5,0.2737002953012898,0.5774151458075225,0,0,3.787762520193861,4.907885652530092,EHHADH
GO_Biological_Process_2023,Double-Strand Break Repair Via Single-Strand Annealing (GO:0045002),1/5,0.2737002953012898,0.5774151458075225,0,0,3.787762520193861,4.907885652530092,RAD52
GO_Biological_Process_2023,Embryonic Brain Development (GO:1990403),1/5,0.2737002953012898,0.5774151458075225,0,0,3.787762520193861,4.907885652530092,MFSD2A
GO_Biological_Process_2023,Epithelial Tube Formation (GO:0072175),1/5,0.2737002953012898,0.5774151458075225,0,0,3.787762520193861,4.907885652530092,SOX9
GO_Biological_Process_2023,Erythrose 4-Phosphate/Phosphoenolpyruvate Family Amino Acid Catabolic Process (GO:1902222),1/5,0.2737002953012898,0.5774151458075225,0,0,3.787762520193861,4.907885652530092,TAT
GO_Biological_Process_2023,Establishment Of Lymphocyte Polarity (GO:0001767),1/5,0.2737002953012898,0.5774151458075225,0,0,3.787762520193861,4.907885652530092,CRTAM
GO_Biological_Process_2023,"Establishment Of Mitochondrion Localization, Microtubule-Mediated (GO:0034643)",1/5,0.2737002953012898,0.5774151458075225,0,0,3.787762520193861,4.907885652530092,UBB
GO_Biological_Process_2023,Forebrain Neuron Differentiation (GO:0021879),1/5,0.2737002953012898,0.5774151458075225,0,0,3.787762520193861,4.907885652530092,ZSWIM6
GO_Biological_Process_2023,Glomerulus Vasculature Development (GO:0072012),1/5,0.2737002953012898,0.5774151458075225,0,0,3.787762520193861,4.907885652530092,PECAM1
GO_Biological_Process_2023,Heme Transport (GO:0015886),1/5,0.2737002953012898,0.5774151458075225,0,0,3.787762520193861,4.907885652530092,NRG1
GO_Biological_Process_2023,Heparan Sulfate Proteoglycan Catabolic Process (GO:0030200),1/5,0.2737002953012898,0.5774151458075225,0,0,3.787762520193861,4.907885652530092,GPC1
GO_Biological_Process_2023,Hepatocyte Differentiation (GO:0070365),1/5,0.2737002953012898,0.5774151458075225,0,0,3.787762520193861,4.907885652530092,PCK1
GO_Biological_Process_2023,Heterocycle Catabolic Process (GO:0046700),1/5,0.2737002953012898,0.5774151458075225,0,0,3.787762520193861,4.907885652530092,DPEP1
GO_Biological_Process_2023,Hexose Import Across Plasma Membrane (GO:0140271),1/5,0.2737002953012898,0.5774151458075225,0,0,3.787762520193861,4.907885652530092,SLC2A3
GO_Biological_Process_2023,Humoral Immune Response Mediated By Circulating Immunoglobulin (GO:0002455),1/5,0.2737002953012898,0.5774151458075225,0,0,3.787762520193861,4.907885652530092,C1QB
GO_Biological_Process_2023,Interleukin-5-Mediated Signaling Pathway (GO:0038043),1/5,0.2737002953012898,0.5774151458075225,0,0,3.787762520193861,4.907885652530092,LYN
GO_Biological_Process_2023,Intracellular Oxygen Homeostasis (GO:0032364),1/5,0.2737002953012898,0.5774151458075225,0,0,3.787762520193861,4.907885652530092,WNT7B
GO_Biological_Process_2023,Intracellular Water Homeostasis (GO:0009992),1/5,0.2737002953012898,0.5774151458075225,0,0,3.787762520193861,4.907885652530092,AQP4
GO_Biological_Process_2023,Lipoprotein Metabolic Process (GO:0042157),1/5,0.2737002953012898,0.5774151458075225,0,0,3.787762520193861,4.907885652530092,OLR1
GO_Biological_Process_2023,Mesodermal Cell Fate Commitment (GO:0001710),1/5,0.2737002953012898,0.5774151458075225,0,0,3.787762520193861,4.907885652530092,KLF4
GO_Biological_Process_2023,Metanephric Collecting Duct Development (GO:0072205),1/5,0.2737002953012898,0.5774151458075225,0,0,3.787762520193861,4.907885652530092,WNT7B
GO_Biological_Process_2023,Mitochondrial Protein Catabolic Process (GO:0035694),1/5,0.2737002953012898,0.5774151458075225,0,0,3.787762520193861,4.907885652530092,SPATA18
GO_Biological_Process_2023,Morphogenesis Of An Endothelium (GO:0003159),1/5,0.2737002953012898,0.5774151458075225,0,0,3.787762520193861,4.907885652530092,RHOB
GO_Biological_Process_2023,Negative Regulation Of B Cell Receptor Signaling Pathway (GO:0050859),1/5,0.2737002953012898,0.5774151458075225,0,0,3.787762520193861,4.907885652530092,LPXN
GO_Biological_Process_2023,Negative Regulation Of PERK-mediated Unfolded Protein Response (GO:1903898),1/5,0.2737002953012898,0.5774151458075225,0,0,3.787762520193861,4.907885652530092,PPP1R15A
GO_Biological_Process_2023,Negative Regulation Of Astrocyte Differentiation (GO:0048712),1/5,0.2737002953012898,0.5774151458075225,0,0,3.787762520193861,4.907885652530092,NR1D1
GO_Biological_Process_2023,Negative Regulation Of Cellular Extravasation (GO:0002692),1/5,0.2737002953012898,0.5774151458075225,0,0,3.787762520193861,4.907885652530092,ENC1
GO_Biological_Process_2023,Negative Regulation Of Glial Cell Proliferation (GO:0060253),1/5,0.2737002953012898,0.5774151458075225,0,0,3.787762520193861,4.907885652530092,HES1
GO_Biological_Process_2023,Negative Regulation Of Glucocorticoid Receptor Signaling Pathway (GO:2000323),1/5,0.2737002953012898,0.5774151458075225,0,0,3.787762520193861,4.907885652530092,PER1
GO_Biological_Process_2023,Negative Regulation Of Lamellipodium Organization (GO:1902744),1/5,0.2737002953012898,0.5774151458075225,0,0,3.787762520193861,4.907885652530092,NRG1
GO_Biological_Process_2023,Negative Regulation Of Lipoprotein Lipase Activity (GO:0051005),1/5,0.2737002953012898,0.5774151458075225,0,0,3.787762520193861,4.907885652530092,ANGPTL4
GO_Biological_Process_2023,Negative Regulation Of Mast Cell Activation (GO:0033004),1/5,0.2737002953012898,0.5774151458075225,0,0,3.787762520193861,4.907885652530092,CD300LF
GO_Biological_Process_2023,Negative Regulation Of Meiotic Cell Cycle (GO:0051447),1/5,0.2737002953012898,0.5774151458075225,0,0,3.787762520193861,4.907885652530092,DUSP1
GO_Biological_Process_2023,Negative Regulation Of Monocyte Chemotaxis (GO:0090027),1/5,0.2737002953012898,0.5774151458075225,0,0,3.787762520193861,4.907885652530092,DUSP1
GO_Biological_Process_2023,Negative Regulation Of Myeloid Cell Apoptotic Process (GO:0033033),1/5,0.2737002953012898,0.5774151458075225,0,0,3.787762520193861,4.907885652530092,EPO
GO_Biological_Process_2023,Negative Regulation Of Nervous System Process (GO:0031645),1/5,0.2737002953012898,0.5774151458075225,0,0,3.787762520193861,4.907885652530092,EIF2AK3
GO_Biological_Process_2023,Negative Regulation Of Relaxation Of Muscle (GO:1901078),1/5,0.2737002953012898,0.5774151458075225,0,0,3.787762520193861,4.907885652530092,PDE4B
GO_Biological_Process_2023,Negative Regulation Of Sequestering Of Triglyceride (GO:0010891),1/5,0.2737002953012898,0.5774151458075225,0,0,3.787762520193861,4.907885652530092,PNPLA2
GO_Biological_Process_2023,Neurotransmitter-Gated Ion Channel Clustering (GO:0072578),1/5,0.2737002953012898,0.5774151458075225,0,0,3.787762520193861,4.907885652530092,GPHN
GO_Biological_Process_2023,Neutrophil Extravasation (GO:0072672),1/5,0.2737002953012898,0.5774151458075225,0,0,3.787762520193861,4.907885652530092,PECAM1
GO_Biological_Process_2023,Notochord Development (GO:0030903),1/5,0.2737002953012898,0.5774151458075225,0,0,3.787762520193861,4.907885652530092,STIL
GO_Biological_Process_2023,"Nucleotide-Binding Domain, Leucine Rich Repeat Containing Receptor Signaling Pathway (GO:0035872)",1/5,0.2737002953012898,0.5774151458075225,0,0,3.787762520193861,4.907885652530092,TNFAIP3
GO_Biological_Process_2023,Peripheral Nervous System Neuron Development (GO:0048935),1/5,0.2737002953012898,0.5774151458075225,0,0,3.787762520193861,4.907885652530092,RUNX1
GO_Biological_Process_2023,Pexophagy (GO:0000425),1/5,0.2737002953012898,0.5774151458075225,0,0,3.787762520193861,4.907885652530092,SQSTM1
GO_Biological_Process_2023,Positive Regulation Of T-helper 2 Cell Differentiation (GO:0045630),1/5,0.2737002953012898,0.5774151458075225,0,0,3.787762520193861,4.907885652530092,TNFSF4
GO_Biological_Process_2023,"Positive Regulation Of Wnt Signaling Pathway, Planar Cell Polarity Pathway (GO:2000096)",1/5,0.2737002953012898,0.5774151458075225,0,0,3.787762520193861,4.907885652530092,MLLT3
GO_Biological_Process_2023,Positive Regulation Of Autophagy Of Mitochondrion In Response To Mitochondrial Depolarization (GO:1904925),1/5,0.2737002953012898,0.5774151458075225,0,0,3.787762520193861,4.907885652530092,HK2
GO_Biological_Process_2023,Positive Regulation Of Cardiac Muscle Cell Differentiation (GO:2000727),1/5,0.2737002953012898,0.5774151458075225,0,0,3.787762520193861,4.907885652530092,TGFB1
GO_Biological_Process_2023,Positive Regulation Of Cell-Cell Adhesion Mediated By Integrin (GO:0033634),1/5,0.2737002953012898,0.5774151458075225,0,0,3.787762520193861,4.907885652530092,CXCL13
GO_Biological_Process_2023,Positive Regulation Of Cholesterol Biosynthetic Process (GO:0045542),1/5,0.2737002953012898,0.5774151458075225,0,0,3.787762520193861,4.907885652530092,SH2D2A
GO_Biological_Process_2023,Positive Regulation Of Epithelial Cell Differentiation Involved In Kidney Development (GO:2000698),1/5,0.2737002953012898,0.5774151458075225,0,0,3.787762520193861,4.907885652530092,LIF
GO_Biological_Process_2023,Positive Regulation Of Focal Adhesion Disassembly (GO:0120183),1/5,0.2737002953012898,0.5774151458075225,0,0,3.787762520193861,4.907885652530092,MAP4K4
GO_Biological_Process_2023,Positive Regulation Of Gonad Development (GO:1905941),1/5,0.2737002953012898,0.5774151458075225,0,0,3.787762520193861,4.907885652530092,SOX9
GO_Biological_Process_2023,Positive Regulation Of Growth Hormone Secretion (GO:0060124),1/5,0.2737002953012898,0.5774151458075225,0,0,3.787762520193861,4.907885652530092,GHRL
GO_Biological_Process_2023,Positive Regulation Of Hemoglobin Biosynthetic Process (GO:0046985),1/5,0.2737002953012898,0.5774151458075225,0,0,3.787762520193861,4.907885652530092,KLF4
GO_Biological_Process_2023,Positive Regulation Of Killing Of Cells Of Another Organism (GO:0051712),1/5,0.2737002953012898,0.5774151458075225,0,0,3.787762520193861,4.907885652530092,SYK
GO_Biological_Process_2023,Positive Regulation Of Male Gonad Development (GO:2000020),1/5,0.2737002953012898,0.5774151458075225,0,0,3.787762520193861,4.907885652530092,SOX9
GO_Biological_Process_2023,Positive Regulation Of Microglial Cell Activation (GO:1903980),1/5,0.2737002953012898,0.5774151458075225,0,0,3.787762520193861,4.907885652530092,MMP8
GO_Biological_Process_2023,Positive Regulation Of Monoatomic Ion Transmembrane Transport (GO:0034767),1/5,0.2737002953012898,0.5774151458075225,0,0,3.787762520193861,4.907885652530092,STK39
GO_Biological_Process_2023,Positive Regulation Of Peroxisome Proliferator Activated Receptor Signaling Pathway (GO:0035360),1/5,0.2737002953012898,0.5774151458075225,0,0,3.787762520193861,4.907885652530092,CITED2
GO_Biological_Process_2023,Positive Regulation Of Protein Catabolic Process In The Vacuole (GO:1904352),1/5,0.2737002953012898,0.5774151458075225,0,0,3.787762520193861,4.907885652530092,LRP2
GO_Biological_Process_2023,Positive Regulation Of Pyruvate Dehydrogenase Activity (GO:1904184),1/5,0.2737002953012898,0.5774151458075225,0,0,3.787762520193861,4.907885652530092,PPM1H
GO_Biological_Process_2023,Positive Regulation Of Sterol Biosynthetic Process (GO:0106120),1/5,0.2737002953012898,0.5774151458075225,0,0,3.787762520193861,4.907885652530092,SH2D2A
GO_Biological_Process_2023,Positive Regulation Of Tau-Protein Kinase Activity (GO:1902949),1/5,0.2737002953012898,0.5774151458075225,0,0,3.787762520193861,4.907885652530092,EGR1
GO_Biological_Process_2023,Protein Targeting To Vacuole Involved In Autophagy (GO:0071211),1/5,0.2737002953012898,0.5774151458075225,0,0,3.787762520193861,4.907885652530092,SQSTM1
GO_Biological_Process_2023,Purine Nucleobase Transmembrane Transport (GO:1904823),1/5,0.2737002953012898,0.5774151458075225,0,0,3.787762520193861,4.907885652530092,SLC28A2
GO_Biological_Process_2023,Pyrimidine Nucleoside Transport (GO:0015864),1/5,0.2737002953012898,0.5774151458075225,0,0,3.787762520193861,4.907885652530092,SLC28A2
GO_Biological_Process_2023,Radial Glial Cell Differentiation (GO:0060019),1/5,0.2737002953012898,0.5774151458075225,0,0,3.787762520193861,4.907885652530092,HES1
GO_Biological_Process_2023,Regulation Of T Cell Activation Via T Cell Receptor Contact With Antigen Bound To MHC Molecule On Antigen Presenting Cell (GO:2001188),1/5,0.2737002953012898,0.5774151458075225,0,0,3.787762520193861,4.907885652530092,HAVCR2
GO_Biological_Process_2023,Regulation Of Apoptotic DNA Fragmentation (GO:1902510),1/5,0.2737002953012898,0.5774151458075225,0,0,3.787762520193861,4.907885652530092,IL6
GO_Biological_Process_2023,Regulation Of cGMP-mediated Signaling (GO:0010752),1/5,0.2737002953012898,0.5774151458075225,0,0,3.787762520193861,4.907885652530092,THBS1
GO_Biological_Process_2023,Regulation Of Calcidiol 1-Monooxygenase Activity (GO:0060558),1/5,0.2737002953012898,0.5774151458075225,0,0,3.787762520193861,4.907885652530092,IL1B
GO_Biological_Process_2023,Regulation Of Circadian Sleep/Wake Cycle (GO:0042749),1/5,0.2737002953012898,0.5774151458075225,0,0,3.787762520193861,4.907885652530092,NR1D1
GO_Biological_Process_2023,Regulation Of Focal Adhesion Disassembly (GO:0120182),1/5,0.2737002953012898,0.5774151458075225,0,0,3.787762520193861,4.907885652530092,MAP4K4
GO_Biological_Process_2023,Regulation Of Glucagon Secretion (GO:0070092),1/5,0.2737002953012898,0.5774151458075225,0,0,3.787762520193861,4.907885652530092,IL6
GO_Biological_Process_2023,Regulation Of Glutamate Receptor Signaling Pathway (GO:1900449),1/5,0.2737002953012898,0.5774151458075225,0,0,3.787762520193861,4.907885652530092,NECAB2
GO_Biological_Process_2023,Regulation Of Growth Hormone Receptor Signaling Pathway (GO:0060398),1/5,0.2737002953012898,0.5774151458075225,0,0,3.787762520193861,4.907885652530092,GHRL
GO_Biological_Process_2023,Regulation Of Guanylate Cyclase Activity (GO:0031282),1/5,0.2737002953012898,0.5774151458075225,0,0,3.787762520193861,4.907885652530092,NOS3
GO_Biological_Process_2023,Regulation Of Hormone Biosynthetic Process (GO:0046885),1/5,0.2737002953012898,0.5774151458075225,0,0,3.787762520193861,4.907885652530092,EGR1
GO_Biological_Process_2023,Regulation Of Hyaluronan Biosynthetic Process (GO:1900125),1/5,0.2737002953012898,0.5774151458075225,0,0,3.787762520193861,4.907885652530092,TGFB1
GO_Biological_Process_2023,Regulation Of Hydrogen Peroxide Metabolic Process (GO:0010310),1/5,0.2737002953012898,0.5774151458075225,0,0,3.787762520193861,4.907885652530092,MMP3
GO_Biological_Process_2023,Regulation Of Immunoglobulin Mediated Immune Response (GO:0002889),1/5,0.2737002953012898,0.5774151458075225,0,0,3.787762520193861,4.907885652530092,TNFSF4
GO_Biological_Process_2023,Regulation Of Interleukin-1-Mediated Signaling Pathway (GO:2000659),1/5,0.2737002953012898,0.5774151458075225,0,0,3.787762520193861,4.907885652530092,IL6
GO_Biological_Process_2023,Regulation Of Mitotic Spindle Checkpoint (GO:1903504),1/5,0.2737002953012898,0.5774151458075225,0,0,3.787762520193861,4.907885652530092,DUSP1
GO_Biological_Process_2023,Regulation Of Neutrophil Activation (GO:1902563),1/5,0.2737002953012898,0.5774151458075225,0,0,3.787762520193861,4.907885652530092,SYK
GO_Biological_Process_2023,Regulation Of Neutrophil Extravasation (GO:2000389),1/5,0.2737002953012898,0.5774151458075225,0,0,3.787762520193861,4.907885652530092,RIPOR2
GO_Biological_Process_2023,Regulation Of Nitric Oxide Mediated Signal Transduction (GO:0010749),1/5,0.2737002953012898,0.5774151458075225,0,0,3.787762520193861,4.907885652530092,THBS1
GO_Biological_Process_2023,Regulation Of Plasma Membrane Repair (GO:1905684),1/5,0.2737002953012898,0.5774151458075225,0,0,3.787762520193861,4.907885652530092,S100A10
GO_Biological_Process_2023,Regulation Of Post-Transcriptional Gene Silencing By RNA (GO:1900368),1/5,0.2737002953012898,0.5774151458075225,0,0,3.787762520193861,4.907885652530092,TRIM71
GO_Biological_Process_2023,Regulation Of pro-B Cell Differentiation (GO:2000973),1/5,0.2737002953012898,0.5774151458075225,0,0,3.787762520193861,4.907885652530092,HES1
GO_Biological_Process_2023,Regulation Of Protein Depolymerization (GO:1901879),1/5,0.2737002953012898,0.5774151458075225,0,0,3.787762520193861,4.907885652530092,MAP1B
GO_Biological_Process_2023,Regulation Of Protein Deubiquitination (GO:0090085),1/5,0.2737002953012898,0.5774151458075225,0,0,3.787762520193861,4.907885652530092,ZC3H12A
GO_Biological_Process_2023,Regulation Of Relaxation Of Cardiac Muscle (GO:1901897),1/5,0.2737002953012898,0.5774151458075225,0,0,3.787762520193861,4.907885652530092,PDE4B
GO_Biological_Process_2023,Regulation Of Resting Membrane Potential (GO:0060075),1/5,0.2737002953012898,0.5774151458075225,0,0,3.787762520193861,4.907885652530092,KCNK1
GO_Biological_Process_2023,Regulation Of Translation In Response To Endoplasmic Reticulum Stress (GO:0036490),1/5,0.2737002953012898,0.5774151458075225,0,0,3.787762520193861,4.907885652530092,SESN2
GO_Biological_Process_2023,Regulation Of Type 2 Immune Response (GO:0002828),1/5,0.2737002953012898,0.5774151458075225,0,0,3.787762520193861,4.907885652530092,TNFSF4
GO_Biological_Process_2023,Regulation Of Ventricular Cardiac Muscle Cell Membrane Depolarization (GO:0060373),1/5,0.2737002953012898,0.5774151458075225,0,0,3.787762520193861,4.907885652530092,SCN5A
GO_Biological_Process_2023,Response To Catecholamine (GO:0071869),1/5,0.2737002953012898,0.5774151458075225,0,0,3.787762520193861,4.907885652530092,NR4A3
GO_Biological_Process_2023,Response To Lipoteichoic Acid (GO:0070391),1/5,0.2737002953012898,0.5774151458075225,0,0,3.787762520193861,4.907885652530092,EHHADH
GO_Biological_Process_2023,Response To Testosterone (GO:0033574),1/5,0.2737002953012898,0.5774151458075225,0,0,3.787762520193861,4.907885652530092,ROCK2
GO_Biological_Process_2023,Retinal Ganglion Cell Axon Guidance (GO:0031290),1/5,0.2737002953012898,0.5774151458075225,0,0,3.787762520193861,4.907885652530092,PTPRM
GO_Biological_Process_2023,Short-Chain Fatty Acid Catabolic Process (GO:0019626),1/5,0.2737002953012898,0.5774151458075225,0,0,3.787762520193861,4.907885652530092,PCK1
GO_Biological_Process_2023,Toll-Like Receptor 9 Signaling Pathway (GO:0034162),1/5,0.2737002953012898,0.5774151458075225,0,0,3.787762520193861,4.907885652530092,TNIP2
GO_Biological_Process_2023,Type B Pancreatic Cell Proliferation (GO:0044342),1/5,0.2737002953012898,0.5774151458075225,0,0,3.787762520193861,4.907885652530092,CCN3
GO_Biological_Process_2023,Uridine Transport (GO:0015862),1/5,0.2737002953012898,0.5774151458075225,0,0,3.787762520193861,4.907885652530092,SLC28A2
GO_Biological_Process_2023,Valine Metabolic Process (GO:0006573),1/5,0.2737002953012898,0.5774151458075225,0,0,3.787762520193861,4.907885652530092,BCAT1
GO_Biological_Process_2023,Ventricular Compact Myocardium Morphogenesis (GO:0003223),1/5,0.2737002953012898,0.5774151458075225,0,0,3.787762520193861,4.907885652530092,LRP2
GO_Biological_Process_2023,Xenobiotic Transport Across Blood-Brain Barrier (GO:1990962),1/5,0.2737002953012898,0.5774151458075225,0,0,3.787762520193861,4.907885652530092,ABCC1
GO_Biological_Process_2023,Positive Regulation Of Receptor-Mediated Endocytosis (GO:0048260),4/43,0.2753748056633065,0.5799165286128449,0,0,1.5548219661579985,2.005132892849978,SERPINE1;MAGI2;BICD1;SELE
GO_Biological_Process_2023,Regulation Of Cell-Cell Adhesion (GO:0022407),4/43,0.2753748056633065,0.5799165286128449,0,0,1.5548219661579985,2.005132892849978,TGFB1;CITED2;ADAM8;FERMT3
GO_Biological_Process_2023,Regulation Of Cellular Component Size (GO:0032535),4/43,0.2753748056633065,0.5799165286128449,0,0,1.5548219661579985,2.005132892849978,PPP1R15A;EPS8;VAV3;PICALM
GO_Biological_Process_2023,Membrane Lipid Biosynthetic Process (GO:0046467),5/57,0.2773394790527488,0.5833635968964143,0,0,1.457813863608029,1.8696651835913587,ACER2;SPTLC2;SPHK1;ELOVL3;PLPP1
GO_Biological_Process_2023,Signal Transduction In Response To DNA Damage (GO:0042770),5/57,0.2773394790527488,0.5833635968964143,0,0,1.457813863608029,1.8696651835913587,ACER2;GADD45A;SESN2;DOT1L;BATF
GO_Biological_Process_2023,Regulation Of Neuron Projection Development (GO:0010975),13/174,0.2825176913301365,0.5845281012438528,0,0,1.2250108923631868,1.548431048169967,LYN;NDRG4;CAMK1D;AVIL;MAGI2;LPAR1;KNDC1;TBR1;LRRC7;S100A9;DBN1;MFSD2A;CDK5R1
GO_Biological_Process_2023,Endocytosis (GO:0006897),14/189,0.2830885872291581,0.5845281012438528,0,0,1.213779591836735,1.5317842630217569,CD93;ITGB2;CSNK1E;LRP2;C9ORF72;LRP8;MARCO;MYO1E;SNX18;RHOJ;PECAM1;CD14;PDLIM7;PICALM
GO_Biological_Process_2023,Negative Regulation Of Binding (GO:0051100),7/86,0.2834529087378558,0.5845281012438528,0,0,1.343642117376295,1.693942081479396,NFKBIA;CDKN1A;JUN;BTAF1;SLPI;PRKCD;CSNK1E
GO_Biological_Process_2023,Cardiac Muscle Cell Action Potential Involved In Contraction (GO:0086002),3/30,0.2837094664522158,0.5845281012438528,0,0,1.684106436533621,2.121644984939855,GJA1;KCNE4;SCN5A
GO_Biological_Process_2023,Innate Immune Response Activating Cell Surface Receptor Signaling Pathway (GO:0002220),3/30,0.2837094664522158,0.5845281012438528,0,0,1.684106436533621,2.121644984939855,LYN;SYK;EHHADH
GO_Biological_Process_2023,Negative Regulation Of Carbohydrate Metabolic Process (GO:0045912),3/30,0.2837094664522158,0.5845281012438528,0,0,1.684106436533621,2.121644984939855,TGFB1;SIK1;SOGA1
GO_Biological_Process_2023,Negative Regulation Of Peptidyl-Tyrosine Phosphorylation (GO:0050732),3/30,0.2837094664522158,0.5845281012438528,0,0,1.684106436533621,2.121644984939855,SOCS3;SOCS1;PRKCD
GO_Biological_Process_2023,Positive Regulation Of Locomotion (GO:0040017),3/30,0.2837094664522158,0.5845281012438528,0,0,1.684106436533621,2.121644984939855,TGFB1;STX3;THBS1
GO_Biological_Process_2023,Positive Regulation Of Phosphate Metabolic Process (GO:0045937),3/30,0.2837094664522158,0.5845281012438528,0,0,1.684106436533621,2.121644984939855,CCL5;THBS1;EREG
GO_Biological_Process_2023,Regulation Of Dendritic Spine Morphogenesis (GO:0061001),3/30,0.2837094664522158,0.5845281012438528,0,0,1.684106436533621,2.121644984939855,LRP8;DBN1;CDK5R1
GO_Biological_Process_2023,G Protein-Coupled Acetylcholine Receptor Signaling Pathway (GO:0007213),2/17,0.2842984386774682,0.5845281012438528,0,0,2.0205874427378063,2.541354964146741,CHRM3;CDK5R1
GO_Biological_Process_2023,Golgi To Vacuole Transport (GO:0006896),2/17,0.2842984386774682,0.5845281012438528,0,0,2.0205874427378063,2.541354964146741,CCDC91;LAPTM5
GO_Biological_Process_2023,T Cell Migration (GO:0072678),2/17,0.2842984386774682,0.5845281012438528,0,0,2.0205874427378063,2.541354964146741,CXCL10;CCL3
GO_Biological_Process_2023,Cell Migration Involved In Sprouting Angiogenesis (GO:0002042),2/17,0.2842984386774682,0.5845281012438528,0,0,2.0205874427378063,2.541354964146741,NR4A1;EGR3
GO_Biological_Process_2023,Central Nervous System Neuron Development (GO:0021954),2/17,0.2842984386774682,0.5845281012438528,0,0,2.0205874427378063,2.541354964146741,ATP7A;B4GALT6
GO_Biological_Process_2023,Embryo Development Ending In Birth Or Egg Hatching (GO:0009792),2/17,0.2842984386774682,0.5845281012438528,0,0,2.0205874427378063,2.541354964146741,CHD7;FGFR1
GO_Biological_Process_2023,Microtubule Depolymerization (GO:0007019),2/17,0.2842984386774682,0.5845281012438528,0,0,2.0205874427378063,2.541354964146741,KIF14;STMN4
GO_Biological_Process_2023,Negative Regulation Of Rho Protein Signal Transduction (GO:0035024),2/17,0.2842984386774682,0.5845281012438528,0,0,2.0205874427378063,2.541354964146741,RIPOR2;RASIP1
GO_Biological_Process_2023,Negative Regulation Of Fibroblast Proliferation (GO:0048147),2/17,0.2842984386774682,0.5845281012438528,0,0,2.0205874427378063,2.541354964146741,GSTP1;MYC
GO_Biological_Process_2023,Negative Regulation Of Striated Muscle Cell Differentiation (GO:0051154),2/17,0.2842984386774682,0.5845281012438528,0,0,2.0205874427378063,2.541354964146741,BHLHE41;CCN3
GO_Biological_Process_2023,Negative Regulation Of Vascular Associated Smooth Muscle Cell Proliferation (GO:1904706),2/17,0.2842984386774682,0.5845281012438528,0,0,2.0205874427378063,2.541354964146741,CDKN1A;TGFB3
GO_Biological_Process_2023,Neuron Maturation (GO:0042551),2/17,0.2842984386774682,0.5845281012438528,0,0,2.0205874427378063,2.541354964146741,C1QA;B4GALT6
GO_Biological_Process_2023,Peptidyl-Threonine Dephosphorylation (GO:0035970),2/17,0.2842984386774682,0.5845281012438528,0,0,2.0205874427378063,2.541354964146741,DUSP5;DUSP10
GO_Biological_Process_2023,Positive Chemotaxis (GO:0050918),2/17,0.2842984386774682,0.5845281012438528,0,0,2.0205874427378063,2.541354964146741,GPNMB;PTPRJ
GO_Biological_Process_2023,Positive Regulation Of Amyloid-Beta Formation (GO:1902004),2/17,0.2842984386774682,0.5845281012438528,0,0,2.0205874427378063,2.541354964146741,ROCK2;PICALM
GO_Biological_Process_2023,Positive Regulation Of Cardiac Muscle Hypertrophy (GO:0010613),2/17,0.2842984386774682,0.5845281012438528,0,0,2.0205874427378063,2.541354964146741,NR4A3;ROCK2
GO_Biological_Process_2023,Positive Regulation Of Cartilage Development (GO:0061036),2/17,0.2842984386774682,0.5845281012438528,0,0,2.0205874427378063,2.541354964146741,ZBTB16;SOX9
GO_Biological_Process_2023,Positive Regulation Of Dendrite Morphogenesis (GO:0050775),2/17,0.2842984386774682,0.5845281012438528,0,0,2.0205874427378063,2.541354964146741,LRP8;DBN1
GO_Biological_Process_2023,Positive Regulation Of Fatty Acid Metabolic Process (GO:0045923),2/17,0.2842984386774682,0.5845281012438528,0,0,2.0205874427378063,2.541354964146741,NR4A3;APOA4
GO_Biological_Process_2023,Positive Regulation Of Leukocyte Proliferation (GO:0070665),2/17,0.2842984386774682,0.5845281012438528,0,0,2.0205874427378063,2.541354964146741,LYN;CSF2RB
GO_Biological_Process_2023,Positive Regulation Of Macrophage Derived Foam Cell Differentiation (GO:0010744),2/17,0.2842984386774682,0.5845281012438528,0,0,2.0205874427378063,2.541354964146741,PRKCH;PF4
GO_Biological_Process_2023,Positive Regulation Of Regulatory T Cell Differentiation (GO:0045591),2/17,0.2842984386774682,0.5845281012438528,0,0,2.0205874427378063,2.541354964146741,DUSP10;SOCS1
GO_Biological_Process_2023,Positive Regulation Of Stem Cell Differentiation (GO:2000738),2/17,0.2842984386774682,0.5845281012438528,0,0,2.0205874427378063,2.541354964146741,FOXC1;SOX9
GO_Biological_Process_2023,Prostaglandin Biosynthetic Process (GO:0001516),2/17,0.2842984386774682,0.5845281012438528,0,0,2.0205874427378063,2.541354964146741,PTGS2;PTGES
GO_Biological_Process_2023,Regulation Of Aerobic Respiration (GO:1903715),2/17,0.2842984386774682,0.5845281012438528,0,0,2.0205874427378063,2.541354964146741,ATP7A;SLC25A33
GO_Biological_Process_2023,Regulation Of Delayed Rectifier Potassium Channel Activity (GO:1902259),2/17,0.2842984386774682,0.5845281012438528,0,0,2.0205874427378063,2.541354964146741,KCNE4;KCNAB1
GO_Biological_Process_2023,Regulation Of Oxidative Phosphorylation (GO:0002082),2/17,0.2842984386774682,0.5845281012438528,0,0,2.0205874427378063,2.541354964146741,ATP7A;SLC25A33
GO_Biological_Process_2023,Response To Acidic pH (GO:0010447),2/17,0.2842984386774682,0.5845281012438528,0,0,2.0205874427378063,2.541354964146741,GPR65;LGMN
GO_Biological_Process_2023,Sulfur Amino Acid Metabolic Process (GO:0000096),2/17,0.2842984386774682,0.5845281012438528,0,0,2.0205874427378063,2.541354964146741,GCLC;DPEP1
GO_Biological_Process_2023,Negative Regulation Of Cell Adhesion (GO:0007162),6/72,0.287084181512815,0.5899148972310098,0,0,1.3783823637838235,1.7201933340737063,RIPOR2;TGFB1;DUSP1;SERPINE1;LPXN;NRG1
GO_Biological_Process_2023,Nervous System Development (GO:0007399),30/433,0.2880286870299138,0.5915141933868802,0,0,1.1303560763258194,1.4069487780444505,TRIM71;CHRM3;GSTP1;CHD7;LPAR1;SLC2A1;CXCR4;CAPG;CXCL1;NRGN;ADAM23;ENC1;ADGRG6;HES1;CHAC1;EGR2;STIL;GSN;TGFB1;APAF1;ZBTB16;LIMK1;FZD9;NRG1;SDCBP2;THOC6;NAV3;PMP22;MAL;RAPGEF5
GO_Biological_Process_2023,Memory (GO:0007613),5/58,0.2895092323819013,0.5938693706323843,0,0,1.4302314913917005,1.772869320464813,PLK2;NGF;SGK1;SLC8A2;LGMN
GO_Biological_Process_2023,Selective Autophagy (GO:0061912),5/58,0.2895092323819013,0.5938693706323843,0,0,1.4302314913917005,1.772869320464813,SNX18;TGFB1;STING1;SQSTM1;RETREG1
GO_Biological_Process_2023,Antigen Processing And Presentation Of Exogenous Peptide Antigen (GO:0002478),3/31,0.3009772221204498,0.5954192960744056,0,0,1.623873092926491,1.9498180224219488,FCER1G;CTSL;LGMN
GO_Biological_Process_2023,Cardiac Muscle Tissue Morphogenesis (GO:0055008),3/31,0.3009772221204498,0.5954192960744056,0,0,1.623873092926491,1.9498180224219488,TGFB1;ANKRD1;TNNI3
GO_Biological_Process_2023,Central Nervous System Neuron Differentiation (GO:0021953),3/31,0.3009772221204498,0.5954192960744056,0,0,1.623873092926491,1.9498180224219488,NR4A2;KNDC1;ATP7A
GO_Biological_Process_2023,Glutamine Family Amino Acid Metabolic Process (GO:0009064),3/31,0.3009772221204498,0.5954192960744056,0,0,1.623873092926491,1.9498180224219488,GCLC;GOT1;TAT
GO_Biological_Process_2023,Negative Chemotaxis (GO:0050919),3/31,0.3009772221204498,0.5954192960744056,0,0,1.623873092926491,1.9498180224219488,SEMA3D;ITGB3;SEMA4C
GO_Biological_Process_2023,Negative Regulation Of Developmental Growth (GO:0048640),3/31,0.3009772221204498,0.5954192960744056,0,0,1.623873092926491,1.9498180224219488,CDKN1A;DUSP10;GDF15
GO_Biological_Process_2023,Positive Regulation Of G1/S Transition Of Mitotic Cell Cycle (GO:1900087),3/31,0.3009772221204498,0.5954192960744056,0,0,1.623873092926491,1.9498180224219488,STIL;RGCC;ADAMTS1
GO_Biological_Process_2023,Positive Regulation Of Extrinsic Apoptotic Signaling Pathway (GO:2001238),3/31,0.3009772221204498,0.5954192960744056,0,0,1.623873092926491,1.9498180224219488,TNFRSF12A;PMAIP1;THBS1
GO_Biological_Process_2023,Receptor Signaling Pathway Via STAT (GO:0097696),3/31,0.3009772221204498,0.5954192960744056,0,0,1.623873092926491,1.9498180224219488,STAT4;IL31RA;CSF2RB
GO_Biological_Process_2023,Regulation Of Protein Localization To Cell Surface (GO:2000008),3/31,0.3009772221204498,0.5954192960744056,0,0,1.623873092926491,1.9498180224219488,STX3;COMMD1;PICALM
GO_Biological_Process_2023,Response To Estradiol (GO:0032355),3/31,0.3009772221204498,0.5954192960744056,0,0,1.623873092926491,1.9498180224219488,RAMP3;TGFB1;NRIP1
GO_Biological_Process_2023,Toll-Like Receptor Signaling Pathway (GO:0002224),3/31,0.3009772221204498,0.5954192960744056,0,0,1.623873092926491,1.9498180224219488,TNIP3;MAPKAPK2;IRAK3
GO_Biological_Process_2023,Triglyceride Homeostasis (GO:0070328),3/31,0.3009772221204498,0.5954192960744056,0,0,1.623873092926491,1.9498180224219488,RORA;APOA4;ANGPTL4
GO_Biological_Process_2023,Heart Morphogenesis (GO:0003007),5/59,0.3017716095157917,0.5954192960744056,0,0,1.4036706885167176,1.6817165267818208,NOS3;CHD7;ANKRD1;HES1;SOX9
GO_Biological_Process_2023,Mitotic Cytokinesis (GO:0000281),5/59,0.3017716095157917,0.5954192960744056,0,0,1.4036706885167176,1.6817165267818208,SNX18;ROCK2;EXOC6B;RHOC;RHOB
GO_Biological_Process_2023,Regulation Of Type I Interferon Production (GO:0032479),5/59,0.3017716095157917,0.5954192960744056,0,0,1.4036706885167176,1.6817165267818208,RNF125;STING1;IRF8;PTPN22;CD14
GO_Biological_Process_2023,Plasma Membrane Bounded Cell Projection Organization (GO:0120036),10/132,0.3018056150894802,0.5954192960744056,0,0,1.24311382037909,1.4892157081099318,LYN;ARMC2;IL6;BTG2;MAP1B;PTPRM;STMN4;STX3;AGER;CDK5R1
GO_Biological_Process_2023,Protein Localization To Membrane (GO:0072657),14/192,0.3029672738355885,0.5954192960744056,0,0,1.1931300160513645,1.4247529264645953,RAMP3;ROCK2;MAGI2;ITGB2;WDR72;ANK1;EFR3B;DPP6;SH3PXD2B;TSPAN5;FLNA;MRAP2;EPHA2;S100A10
GO_Biological_Process_2023,Central Nervous System Development (GO:0007417),20/283,0.303110402253377,0.5954192960744056,0,0,1.1539721207622031,1.3774482567830495,C1QA;EGR2;NDRG4;GSN;GSTP1;ZBTB16;CHD7;SLC2A1;CXCR4;CAPG;TBR1;THOC6;NR4A2;ADGRG1;DDIT4;ADAM23;MAL;SOX9;MFSD2A;CDK5R1
GO_Biological_Process_2023,Determination Of Left/Right Symmetry (GO:0007368),4/45,0.3036517318261653,0.5954192960744056,0,0,1.478818998716303,1.762565698321193,STIL;ODAD2;CITED2;CFAP53
GO_Biological_Process_2023,Zymogen Activation (GO:0031638),4/45,0.3036517318261653,0.5954192960744056,0,0,1.478818998716303,1.762565698321193,THBD;CTSL;PLAT;LGMN
GO_Biological_Process_2023,Antigen Processing And Presentation Of Peptide Antigen Via MHC Class I (GO:0002474),2/18,0.3077591330938257,0.5954192960744056,0,0,1.894199676637025,2.2321965704782203,ACE;FCER1G
GO_Biological_Process_2023,Associative Learning (GO:0008306),2/18,0.3077591330938257,0.5954192960744056,0,0,1.894199676637025,2.2321965704782203,ADCY3;LGMN
GO_Biological_Process_2023,Cardiac Muscle Cell Contraction (GO:0086003),2/18,0.3077591330938257,0.5954192960744056,0,0,1.894199676637025,2.2321965704782203,GSN;SCN5A
GO_Biological_Process_2023,Cellular Response To Inorganic Substance (GO:0071241),2/18,0.3077591330938257,0.5954192960744056,0,0,1.894199676637025,2.2321965704782203,MMP3;DPEP1
GO_Biological_Process_2023,Endothelial Cell Proliferation (GO:0001935),2/18,0.3077591330938257,0.5954192960744056,0,0,1.894199676637025,2.2321965704782203,HMOX1;PRKX
GO_Biological_Process_2023,Energy Reserve Metabolic Process (GO:0006112),2/18,0.3077591330938257,0.5954192960744056,0,0,1.894199676637025,2.2321965704782203,GFPT2;MRAP2
GO_Biological_Process_2023,Epithelial Cell Development (GO:0002064),2/18,0.3077591330938257,0.5954192960744056,0,0,1.894199676637025,2.2321965704782203,RILPL2;WNT7B
GO_Biological_Process_2023,Intracellular Sodium Ion Homeostasis (GO:0006883),2/18,0.3077591330938257,0.5954192960744056,0,0,1.894199676637025,2.2321965704782203,FXYD2;SLC8A1
GO_Biological_Process_2023,Maintenance Of Protein Localization In Organelle (GO:0072595),2/18,0.3077591330938257,0.5954192960744056,0,0,1.894199676637025,2.2321965704782203,HK2;HK1
GO_Biological_Process_2023,Mesenchyme Morphogenesis (GO:0072132),2/18,0.3077591330938257,0.5954192960744056,0,0,1.894199676637025,2.2321965704782203,NOS3;SOX9
GO_Biological_Process_2023,Negative Regulation Of Viral Entry Into Host Cell (GO:0046597),2/18,0.3077591330938257,0.5954192960744056,0,0,1.894199676637025,2.2321965704782203,CH25H;GSN
GO_Biological_Process_2023,Nitric Oxide Mediated Signal Transduction (GO:0007263),2/18,0.3077591330938257,0.5954192960744056,0,0,1.894199676637025,2.2321965704782203,NOS3;PDX1
GO_Biological_Process_2023,Positive Regulation Of DNA Replication (GO:0045740),2/18,0.3077591330938257,0.5954192960744056,0,0,1.894199676637025,2.2321965704782203,BAZ1A;EREG
GO_Biological_Process_2023,Positive Regulation Of G Protein-Coupled Receptor Signaling Pathway (GO:0045745),2/18,0.3077591330938257,0.5954192960744056,0,0,1.894199676637025,2.2321965704782203,NECAB2;MRAP2
GO_Biological_Process_2023,Positive Regulation Of Cation Transmembrane Transport (GO:1904064),2/18,0.3077591330938257,0.5954192960744056,0,0,1.894199676637025,2.2321965704782203,FLNA;KCNN4
GO_Biological_Process_2023,Positive Regulation Of Cyclin-Dependent Protein Kinase Activity (GO:1904031),2/18,0.3077591330938257,0.5954192960744056,0,0,1.894199676637025,2.2321965704782203,RGCC;MAPRE3
GO_Biological_Process_2023,Positive Regulation Of Cytokine Production Involved In Inflammatory Response (GO:1900017),2/18,0.3077591330938257,0.5954192960744056,0,0,1.894199676637025,2.2321965704782203,IL6;CD6
GO_Biological_Process_2023,Positive Regulation Of Epidermal Cell Differentiation (GO:0045606),2/18,0.3077591330938257,0.5954192960744056,0,0,1.894199676637025,2.2321965704782203,FOXC1;PRKCH
GO_Biological_Process_2023,Positive Regulation Of Neutrophil Chemotaxis (GO:0090023),2/18,0.3077591330938257,0.5954192960744056,0,0,1.894199676637025,2.2321965704782203,RIPOR2;CAMK1D
GO_Biological_Process_2023,Protein Autoprocessing (GO:0016540),2/18,0.3077591330938257,0.5954192960744056,0,0,1.894199676637025,2.2321965704782203,CTSL;CASP4
GO_Biological_Process_2023,Regulation Of RIG-I Signaling Pathway (GO:0039535),2/18,0.3077591330938257,0.5954192960744056,0,0,1.894199676637025,2.2321965704782203,RNF125;BIRC3
GO_Biological_Process_2023,Regulation Of T Cell Cytokine Production (GO:0002724),2/18,0.3077591330938257,0.5954192960744056,0,0,1.894199676637025,2.2321965704782203,TNFSF4;CD55
GO_Biological_Process_2023,Regulation Of Cell-Cell Adhesion Mediated By Cadherin (GO:2000047),2/18,0.3077591330938257,0.5954192960744056,0,0,1.894199676637025,2.2321965704782203,RGCC;BMP6
GO_Biological_Process_2023,Regulation Of Defense Response To Virus (GO:0050688),2/18,0.3077591330938257,0.5954192960744056,0,0,1.894199676637025,2.2321965704782203,TNFAIP3;IFNLR1
GO_Biological_Process_2023,Regulation Of Establishment Or Maintenance Of Cell Polarity (GO:0032878),2/18,0.3077591330938257,0.5954192960744056,0,0,1.894199676637025,2.2321965704782203,RIPOR2;ROCK2
GO_Biological_Process_2023,Regulation Of Ventricular Cardiac Muscle Cell Membrane Repolarization (GO:0060307),2/18,0.3077591330938257,0.5954192960744056,0,0,1.894199676637025,2.2321965704782203,KCNE4;SCN5A
GO_Biological_Process_2023,Response To Cholesterol (GO:0070723),2/18,0.3077591330938257,0.5954192960744056,0,0,1.894199676637025,2.2321965704782203,TGFB1;CCL3
GO_Biological_Process_2023,Regulation Of Signal Transduction (GO:0009966),14/193,0.3096804679077279,0.5954192960744056,0,0,1.1864006384676775,1.3907157485901116,TSPYL2;IGFBP1;CD80;RORA;SLC8A2;RGS4;PLSCR1;NLRP12;UBASH3B;GRK5;TIMP1;CD55;RGS6;CD177
GO_Biological_Process_2023,Positive Regulation Of Peptidyl-Serine Phosphorylation (GO:0033138),7/89,0.3133505597783187,0.5954192960744056,0,0,1.2942766075388026,1.5019209187881757,IL6;RAMP3;TGFB1;LIF;HCLS1;SPRY2;NGF
GO_Biological_Process_2023,Sterol Metabolic Process (GO:0016125),5/60,0.3141117814985504,0.5954192960744056,0,0,1.378075733019007,1.595820469447994,CH25H;SH2D2A;APOA4;CYP7B1;PPARD
GO_Biological_Process_2023,Amino Acid Transport (GO:0006865),4/46,0.3179104102461837,0.5954192960744056,0,0,1.4435319066898014,1.6542668715755016,SLC7A6;SLC3A2;SLC7A1;SLC38A2
GO_Biological_Process_2023,Development Of Primary Male Sexual Characteristics (GO:0046546),4/46,0.3179104102461837,0.5954192960744056,0,0,1.4435319066898014,1.6542668715755016,ADAM2;LRP2;SOX9;MAMLD1
GO_Biological_Process_2023,Male Gonad Development (GO:0008584),4/46,0.3179104102461837,0.5954192960744056,0,0,1.4435319066898014,1.6542668715755016,ADAM2;LRP2;SOX9;MAMLD1
GO_Biological_Process_2023,Negative Regulation Of Cellular Metabolic Process (GO:0031324),4/46,0.3179104102461837,0.5954192960744056,0,0,1.4435319066898014,1.6542668715755016,MAP3K3;ITGB3;CIDEC;PLIN5
GO_Biological_Process_2023,Negative Regulation Of Cold-Induced Thermogenesis (GO:0120163),4/46,0.3179104102461837,0.5954192960744056,0,0,1.4435319066898014,1.6542668715755016,FOXC2;DDIT3;ID1;NR1D1
GO_Biological_Process_2023,Positive Regulation Of Peptide Hormone Secretion (GO:0090277),4/46,0.3179104102461837,0.5954192960744056,0,0,1.4435319066898014,1.6542668715755016,PDX1;IRS2;GHRL;FFAR1
GO_Biological_Process_2023,Muscle Cell Development (GO:0055001),3/32,0.3182933433031288,0.5954192960744056,0,0,1.5677937730164044,1.7947818687360295,HES1;ALPK3;SLC8A1
GO_Biological_Process_2023,Regulation Of Natural Killer Cell Mediated Cytotoxicity (GO:0042269),3/32,0.3182933433031288,0.5954192960744056,0,0,1.5677937730164044,1.7947818687360295,CRTAM;KLRC1;PVR
GO_Biological_Process_2023,Respiratory System Development (GO:0060541),3/32,0.3182933433031288,0.5954192960744056,0,0,1.5677937730164044,1.7947818687360295,BASP1;WNT7B;CHD7
GO_Biological_Process_2023,ATF6-mediated Unfolded Protein Response (GO:0036500),1/6,0.3187057485309757,0.5954192960744056,0,0,3.030048465266559,3.464821090867202,DDIT3
GO_Biological_Process_2023,AV Node Cell Action Potential (GO:0086016),1/6,0.3187057485309757,0.5954192960744056,0,0,3.030048465266559,3.464821090867202,SCN5A
GO_Biological_Process_2023,AV Node Cell To Bundle Of His Cell Communication (GO:0086067),1/6,0.3187057485309757,0.5954192960744056,0,0,3.030048465266559,3.464821090867202,SCN5A
GO_Biological_Process_2023,L-methionine Salvage (GO:0071267),1/6,0.3187057485309757,0.5954192960744056,0,0,3.030048465266559,3.464821090867202,BHMT
GO_Biological_Process_2023,SA Node Cell Action Potential (GO:0086015),1/6,0.3187057485309757,0.5954192960744056,0,0,3.030048465266559,3.464821090867202,SCN5A
GO_Biological_Process_2023,SMAD Protein Complex Assembly (GO:0007183),1/6,0.3187057485309757,0.5954192960744056,0,0,3.030048465266559,3.464821090867202,TGFB1
GO_Biological_Process_2023,TRAIL-activated Apoptotic Signaling Pathway (GO:0036462),1/6,0.3187057485309757,0.5954192960744056,0,0,3.030048465266559,3.464821090867202,TNFRSF10B
GO_Biological_Process_2023,Adenylate Cyclase-Inhibiting Serotonin Receptor Signaling Pathway (GO:0007198),1/6,0.3187057485309757,0.5954192960744056,0,0,3.030048465266559,3.464821090867202,HTR1F
GO_Biological_Process_2023,Adult Feeding Behavior (GO:0008343),1/6,0.3187057485309757,0.5954192960744056,0,0,3.030048465266559,3.464821090867202,GHRL
GO_Biological_Process_2023,Aggrephagy (GO:0035973),1/6,0.3187057485309757,0.5954192960744056,0,0,3.030048465266559,3.464821090867202,SQSTM1
GO_Biological_Process_2023,Antigen Processing And Presentation Of Exogenous Peptide Antigen Via MHC Class I (GO:0042590),1/6,0.3187057485309757,0.5954192960744056,0,0,3.030048465266559,3.464821090867202,FCER1G
GO_Biological_Process_2023,Autophagosome Membrane Docking (GO:0016240),1/6,0.3187057485309757,0.5954192960744056,0,0,3.030048465266559,3.464821090867202,VMP1
GO_Biological_Process_2023,Calcitonin Family Receptor Signaling Pathway (GO:0097646),1/6,0.3187057485309757,0.5954192960744056,0,0,3.030048465266559,3.464821090867202,RAMP3
GO_Biological_Process_2023,Cardiac Muscle Cell Myoblast Differentiation (GO:0060379),1/6,0.3187057485309757,0.5954192960744056,0,0,3.030048465266559,3.464821090867202,NRG1
GO_Biological_Process_2023,Cellular Hypotonic Response (GO:0071476),1/6,0.3187057485309757,0.5954192960744056,0,0,3.030048465266559,3.464821090867202,STK39
GO_Biological_Process_2023,Cellular Response To Caffeine (GO:0071313),1/6,0.3187057485309757,0.5954192960744056,0,0,3.030048465266559,3.464821090867202,SLC8A1
GO_Biological_Process_2023,Cellular Response To Monoamine Stimulus (GO:0071868),1/6,0.3187057485309757,0.5954192960744056,0,0,3.030048465266559,3.464821090867202,NR4A3
GO_Biological_Process_2023,Cellular Response To Prostaglandin E Stimulus (GO:0071380),1/6,0.3187057485309757,0.5954192960744056,0,0,3.030048465266559,3.464821090867202,TNFSF4
GO_Biological_Process_2023,Cytolysis By Host Of Symbiont Cells (GO:0051838),1/6,0.3187057485309757,0.5954192960744056,0,0,3.030048465266559,3.464821090867202,NRG1
GO_Biological_Process_2023,Definitive Hemopoiesis (GO:0060216),1/6,0.3187057485309757,0.5954192960744056,0,0,3.030048465266559,3.464821090867202,ZFP36L2
GO_Biological_Process_2023,Ethanol Catabolic Process (GO:0006068),1/6,0.3187057485309757,0.5954192960744056,0,0,3.030048465266559,3.464821090867202,SULT1E1
GO_Biological_Process_2023,"Fatty Acid Elongation, Monounsaturated Fatty Acid (GO:0034625)",1/6,0.3187057485309757,0.5954192960744056,0,0,3.030048465266559,3.464821090867202,ELOVL3
GO_Biological_Process_2023,"Fatty Acid Elongation, Polyunsaturated Fatty Acid (GO:0034626)",1/6,0.3187057485309757,0.5954192960744056,0,0,3.030048465266559,3.464821090867202,ELOVL3
GO_Biological_Process_2023,"Fatty Acid Elongation, Saturated Fatty Acid (GO:0019367)",1/6,0.3187057485309757,0.5954192960744056,0,0,3.030048465266559,3.464821090867202,ELOVL3
GO_Biological_Process_2023,"Fatty Acid Elongation, Unsaturated Fatty Acid (GO:0019368)",1/6,0.3187057485309757,0.5954192960744056,0,0,3.030048465266559,3.464821090867202,ELOVL3
GO_Biological_Process_2023,Glandular Epithelial Cell Development (GO:0002068),1/6,0.3187057485309757,0.5954192960744056,0,0,3.030048465266559,3.464821090867202,BMP6
GO_Biological_Process_2023,Glutathione Biosynthetic Process (GO:0006750),1/6,0.3187057485309757,0.5954192960744056,0,0,3.030048465266559,3.464821090867202,GCLC
GO_Biological_Process_2023,Glycerol-3-Phosphate Metabolic Process (GO:0006072),1/6,0.3187057485309757,0.5954192960744056,0,0,3.030048465266559,3.464821090867202,GPD1
GO_Biological_Process_2023,Hepatocyte Growth Factor Receptor Signaling Pathway (GO:0048012),1/6,0.3187057485309757,0.5954192960744056,0,0,3.030048465266559,3.464821090867202,HGF
GO_Biological_Process_2023,Histidine Catabolic Process (GO:0006548),1/6,0.3187057485309757,0.5954192960744056,0,0,3.030048465266559,3.464821090867202,HDC
GO_Biological_Process_2023,Histidine Metabolic Process (GO:0006547),1/6,0.3187057485309757,0.5954192960744056,0,0,3.030048465266559,3.464821090867202,HDC
GO_Biological_Process_2023,Hypotonic Response (GO:0006971),1/6,0.3187057485309757,0.5954192960744056,0,0,3.030048465266559,3.464821090867202,STK39
GO_Biological_Process_2023,Keratinocyte Proliferation (GO:0043616),1/6,0.3187057485309757,0.5954192960744056,0,0,3.030048465266559,3.464821090867202,EREG
GO_Biological_Process_2023,Locomotor Rhythm (GO:0045475),1/6,0.3187057485309757,0.5954192960744056,0,0,3.030048465266559,3.464821090867202,EGR1
GO_Biological_Process_2023,Long-Term Synaptic Depression (GO:0060292),1/6,0.3187057485309757,0.5954192960744056,0,0,3.030048465266559,3.464821090867202,PLK2
GO_Biological_Process_2023,Lymphocyte Migration Into Lymphoid Organs (GO:0097021),1/6,0.3187057485309757,0.5954192960744056,0,0,3.030048465266559,3.464821090867202,CRTAM
GO_Biological_Process_2023,Macrophage Derived Foam Cell Differentiation (GO:0010742),1/6,0.3187057485309757,0.5954192960744056,0,0,3.030048465266559,3.464821090867202,TGFB1
GO_Biological_Process_2023,Macropinocytosis (GO:0044351),1/6,0.3187057485309757,0.5954192960744056,0,0,3.030048465266559,3.464821090867202,MAPKAPK2
GO_Biological_Process_2023,Maintenance Of Protein Location In Extracellular Region (GO:0071694),1/6,0.3187057485309757,0.5954192960744056,0,0,3.030048465266559,3.464821090867202,NRROS
GO_Biological_Process_2023,Marginal Zone B Cell Differentiation (GO:0002315),1/6,0.3187057485309757,0.5954192960744056,0,0,3.030048465266559,3.464821090867202,DOCK10
GO_Biological_Process_2023,Metanephric Nephron Tubule Development (GO:0072234),1/6,0.3187057485309757,0.5954192960744056,0,0,3.030048465266559,3.464821090867202,WNT7B
GO_Biological_Process_2023,Mitochondrion-Endoplasmic Reticulum Membrane Tethering (GO:1990456),1/6,0.3187057485309757,0.5954192960744056,0,0,3.030048465266559,3.464821090867202,VMP1
GO_Biological_Process_2023,Mitotic Nuclear Membrane Disassembly (GO:0007077),1/6,0.3187057485309757,0.5954192960744056,0,0,3.030048465266559,3.464821090867202,PRKCB
GO_Biological_Process_2023,Negative Regulation Of RIG-I Signaling Pathway (GO:0039536),1/6,0.3187057485309757,0.5954192960744056,0,0,3.030048465266559,3.464821090867202,RNF125
GO_Biological_Process_2023,Negative Regulation Of T-helper 17 Type Immune Response (GO:2000317),1/6,0.3187057485309757,0.5954192960744056,0,0,3.030048465266559,3.464821090867202,ZC3H12A
GO_Biological_Process_2023,Negative Regulation Of Acute Inflammatory Response (GO:0002674),1/6,0.3187057485309757,0.5954192960744056,0,0,3.030048465266559,3.464821090867202,GSTP1
GO_Biological_Process_2023,Negative Regulation Of Blood Vessel Endothelial Cell Proliferation Involved In Sprouting Angiogenesis (GO:1903588),1/6,0.3187057485309757,0.5954192960744056,0,0,3.030048465266559,3.464821090867202,THBS1
GO_Biological_Process_2023,Negative Regulation Of Epidermal Cell Differentiation (GO:0045605),1/6,0.3187057485309757,0.5954192960744056,0,0,3.030048465266559,3.464821090867202,GDF3
GO_Biological_Process_2023,Negative Regulation Of Low-Density Lipoprotein Receptor Activity (GO:1905598),1/6,0.3187057485309757,0.5954192960744056,0,0,3.030048465266559,3.464821090867202,ITGB3
GO_Biological_Process_2023,Negative Regulation Of miRNA Processing (GO:1903799),1/6,0.3187057485309757,0.5954192960744056,0,0,3.030048465266559,3.464821090867202,IL6
GO_Biological_Process_2023,Negative Regulation Of Oligodendrocyte Differentiation (GO:0048715),1/6,0.3187057485309757,0.5954192960744056,0,0,3.030048465266559,3.464821090867202,HES1
GO_Biological_Process_2023,"Neurotransmitter Receptor Transport, Endosome To Postsynaptic Membrane (GO:0098887)",1/6,0.3187057485309757,0.5954192960744056,0,0,3.030048465266559,3.464821090867202,LRRC7
GO_Biological_Process_2023,Neurotrophin TRK Receptor Signaling Pathway (GO:0048011),1/6,0.3187057485309757,0.5954192960744056,0,0,3.030048465266559,3.464821090867202,DDIT4
GO_Biological_Process_2023,Norepinephrine Biosynthetic Process (GO:0042421),1/6,0.3187057485309757,0.5954192960744056,0,0,3.030048465266559,3.464821090867202,MOXD1
GO_Biological_Process_2023,Parallel Actin Filament Bundle Assembly (GO:0030046),1/6,0.3187057485309757,0.5954192960744056,0,0,3.030048465266559,3.464821090867202,SPIRE1
GO_Biological_Process_2023,Pharyngeal Arch Artery Morphogenesis (GO:0061626),1/6,0.3187057485309757,0.5954192960744056,0,0,3.030048465266559,3.464821090867202,HES1
GO_Biological_Process_2023,Positive Regulation Of IRE1-mediated Unfolded Protein Response (GO:1903896),1/6,0.3187057485309757,0.5954192960744056,0,0,3.030048465266559,3.464821090867202,BCL2L11
GO_Biological_Process_2023,Positive Regulation Of T-helper 17 Cell Differentiation (GO:2000321),1/6,0.3187057485309757,0.5954192960744056,0,0,3.030048465266559,3.464821090867202,NFKBIZ
GO_Biological_Process_2023,Positive Regulation Of Activation Of Janus Kinase Activity (GO:0010536),1/6,0.3187057485309757,0.5954192960744056,0,0,3.030048465266559,3.464821090867202,CCL5
GO_Biological_Process_2023,Positive Regulation Of Cell Killing (GO:0031343),1/6,0.3187057485309757,0.5954192960744056,0,0,3.030048465266559,3.464821090867202,SYK
GO_Biological_Process_2023,Positive Regulation Of Hormone Metabolic Process (GO:0032352),1/6,0.3187057485309757,0.5954192960744056,0,0,3.030048465266559,3.464821090867202,EGR1
GO_Biological_Process_2023,Positive Regulation Of Humoral Immune Response (GO:0002922),1/6,0.3187057485309757,0.5954192960744056,0,0,3.030048465266559,3.464821090867202,IL1B
GO_Biological_Process_2023,Positive Regulation Of Icosanoid Secretion (GO:0032305),1/6,0.3187057485309757,0.5954192960744056,0,0,3.030048465266559,3.464821090867202,IL1B
GO_Biological_Process_2023,Positive Regulation Of Lymphocyte Apoptotic Process (GO:0070230),1/6,0.3187057485309757,0.5954192960744056,0,0,3.030048465266559,3.464821090867202,PDCD1
GO_Biological_Process_2023,Positive Regulation Of Mast Cell Activation (GO:0033005),1/6,0.3187057485309757,0.5954192960744056,0,0,3.030048465266559,3.464821090867202,NR4A3
GO_Biological_Process_2023,Positive Regulation Of Membrane Depolarization (GO:1904181),1/6,0.3187057485309757,0.5954192960744056,0,0,3.030048465266559,3.464821090867202,DCN
GO_Biological_Process_2023,Positive Regulation Of Multicellular Organism Growth (GO:0040018),1/6,0.3187057485309757,0.5954192960744056,0,0,3.030048465266559,3.464821090867202,GHRL
GO_Biological_Process_2023,Positive Regulation Of Necrotic Cell Death (GO:0010940),1/6,0.3187057485309757,0.5954192960744056,0,0,3.030048465266559,3.464821090867202,HEBP2
GO_Biological_Process_2023,Positive Regulation Of Protein K63-linked Ubiquitination (GO:1902523),1/6,0.3187057485309757,0.5954192960744056,0,0,3.030048465266559,3.464821090867202,PTPN22
GO_Biological_Process_2023,Positive Regulation Of Protein Localization To Centrosome (GO:1904781),1/6,0.3187057485309757,0.5954192960744056,0,0,3.030048465266559,3.464821090867202,BICD1
GO_Biological_Process_2023,Positive Regulation Of Receptor Catabolic Process (GO:2000646),1/6,0.3187057485309757,0.5954192960744056,0,0,3.030048465266559,3.464821090867202,LAPTM5
GO_Biological_Process_2023,Positive Regulation Of Spindle Assembly (GO:1905832),1/6,0.3187057485309757,0.5954192960744056,0,0,3.030048465266559,3.464821090867202,STIL
GO_Biological_Process_2023,Positive Regulation Of Synaptic Plasticity (GO:0031915),1/6,0.3187057485309757,0.5954192960744056,0,0,3.030048465266559,3.464821090867202,DBN1
GO_Biological_Process_2023,Positive Regulation Of Toll-Like Receptor 3 Signaling Pathway (GO:0034141),1/6,0.3187057485309757,0.5954192960744056,0,0,3.030048465266559,3.464821090867202,PTPN22
GO_Biological_Process_2023,Proteoglycan Catabolic Process (GO:0030167),1/6,0.3187057485309757,0.5954192960744056,0,0,3.030048465266559,3.464821090867202,GPC1
GO_Biological_Process_2023,Pyrimidine Nucleotide-Sugar Transmembrane Transport (GO:0090481),1/6,0.3187057485309757,0.5954192960744056,0,0,3.030048465266559,3.464821090867202,SLC35A3
GO_Biological_Process_2023,Regulation Of MHC Class I Biosynthetic Process (GO:0045343),1/6,0.3187057485309757,0.5954192960744056,0,0,3.030048465266559,3.464821090867202,NLRP12
GO_Biological_Process_2023,Regulation Of T-helper Cell Differentiation (GO:0045622),1/6,0.3187057485309757,0.5954192960744056,0,0,3.030048465266559,3.464821090867202,JUNB
GO_Biological_Process_2023,Regulation Of Adiponectin Secretion (GO:0070163),1/6,0.3187057485309757,0.5954192960744056,0,0,3.030048465266559,3.464821090867202,IL1B
GO_Biological_Process_2023,Regulation Of Aldosterone Biosynthetic Process (GO:0032347),1/6,0.3187057485309757,0.5954192960744056,0,0,3.030048465266559,3.464821090867202,BMP6
GO_Biological_Process_2023,Regulation Of Atrial Cardiac Muscle Cell Membrane Depolarization (GO:0060371),1/6,0.3187057485309757,0.5954192960744056,0,0,3.030048465266559,3.464821090867202,SCN5A
GO_Biological_Process_2023,Regulation Of Axon Guidance (GO:1902667),1/6,0.3187057485309757,0.5954192960744056,0,0,3.030048465266559,3.464821090867202,TUBB2B
GO_Biological_Process_2023,Regulation Of Cardiac Muscle Cell Membrane Potential (GO:0086036),1/6,0.3187057485309757,0.5954192960744056,0,0,3.030048465266559,3.464821090867202,SLC8B1
GO_Biological_Process_2023,Regulation Of Cardiac Muscle Hypertrophy In Response To Stress (GO:1903242),1/6,0.3187057485309757,0.5954192960744056,0,0,3.030048465266559,3.464821090867202,MLIP
GO_Biological_Process_2023,Regulation Of Cell Adhesion Molecule Production (GO:0060353),1/6,0.3187057485309757,0.5954192960744056,0,0,3.030048465266559,3.464821090867202,IL1B
GO_Biological_Process_2023,Regulation Of Cellular Response To Hypoxia (GO:1900037),1/6,0.3187057485309757,0.5954192960744056,0,0,3.030048465266559,3.464821090867202,ROCK2
GO_Biological_Process_2023,Regulation Of Digestive System Process (GO:0044058),1/6,0.3187057485309757,0.5954192960744056,0,0,3.030048465266559,3.464821090867202,SGK1
GO_Biological_Process_2023,Regulation Of Endothelial Cell Chemotaxis To Fibroblast Growth Factor (GO:2000544),1/6,0.3187057485309757,0.5954192960744056,0,0,3.030048465266559,3.464821090867202,FGFR1
GO_Biological_Process_2023,Regulation Of Glucocorticoid Receptor Signaling Pathway (GO:2000322),1/6,0.3187057485309757,0.5954192960744056,0,0,3.030048465266559,3.464821090867202,PER1
GO_Biological_Process_2023,Regulation Of Hemoglobin Biosynthetic Process (GO:0046984),1/6,0.3187057485309757,0.5954192960744056,0,0,3.030048465266559,3.464821090867202,KLF4
GO_Biological_Process_2023,Regulation Of Intestinal Cholesterol Absorption (GO:0030300),1/6,0.3187057485309757,0.5954192960744056,0,0,3.030048465266559,3.464821090867202,APOA4
GO_Biological_Process_2023,Regulation Of Ketone Biosynthetic Process (GO:0010566),1/6,0.3187057485309757,0.5954192960744056,0,0,3.030048465266559,3.464821090867202,EGR1
GO_Biological_Process_2023,Regulation Of Male Gonad Development (GO:2000018),1/6,0.3187057485309757,0.5954192960744056,0,0,3.030048465266559,3.464821090867202,SOX9
GO_Biological_Process_2023,Regulation Of Metallopeptidase Activity (GO:1905048),1/6,0.3187057485309757,0.5954192960744056,0,0,3.030048465266559,3.464821090867202,TIMP1
GO_Biological_Process_2023,Regulation Of Muscle Organ Development (GO:0048634),1/6,0.3187057485309757,0.5954192960744056,0,0,3.030048465266559,3.464821090867202,TGFB1
GO_Biological_Process_2023,Regulation Of Myosin-Light-Chain-Phosphatase Activity (GO:0035507),1/6,0.3187057485309757,0.5954192960744056,0,0,3.030048465266559,3.464821090867202,ROCK2
GO_Biological_Process_2023,Regulation Of Pyruvate Dehydrogenase Activity (GO:1904182),1/6,0.3187057485309757,0.5954192960744056,0,0,3.030048465266559,3.464821090867202,PPM1H
GO_Biological_Process_2023,Regulation Of Striated Muscle Tissue Development (GO:0016202),1/6,0.3187057485309757,0.5954192960744056,0,0,3.030048465266559,3.464821090867202,TGFB1
GO_Biological_Process_2023,Regulation Of Transforming Growth Factor Beta1 Production (GO:0032908),1/6,0.3187057485309757,0.5954192960744056,0,0,3.030048465266559,3.464821090867202,THBS1
GO_Biological_Process_2023,Response To Caffeine (GO:0031000),1/6,0.3187057485309757,0.5954192960744056,0,0,3.030048465266559,3.464821090867202,SLC8A1
GO_Biological_Process_2023,Response To Lead Ion (GO:0010288),1/6,0.3187057485309757,0.5954192960744056,0,0,3.030048465266559,3.464821090867202,PLSCR1
GO_Biological_Process_2023,Retinal Rod Cell Differentiation (GO:0060221),1/6,0.3187057485309757,0.5954192960744056,0,0,3.030048465266559,3.464821090867202,SOX9
GO_Biological_Process_2023,Serine Transport (GO:0032329),1/6,0.3187057485309757,0.5954192960744056,0,0,3.030048465266559,3.464821090867202,SLC38A2
GO_Biological_Process_2023,Skeletal Muscle Thin Filament Assembly (GO:0030240),1/6,0.3187057485309757,0.5954192960744056,0,0,3.030048465266559,3.464821090867202,ACTC1
GO_Biological_Process_2023,Synaptic Vesicle Budding From Presynaptic Endocytic Zone Membrane (GO:0016185),1/6,0.3187057485309757,0.5954192960744056,0,0,3.030048465266559,3.464821090867202,PICALM
GO_Biological_Process_2023,Toll-Like Receptor 3 Signaling Pathway (GO:0034138),1/6,0.3187057485309757,0.5954192960744056,0,0,3.030048465266559,3.464821090867202,TNIP2
GO_Biological_Process_2023,Type B Pancreatic Cell Development (GO:0003323),1/6,0.3187057485309757,0.5954192960744056,0,0,3.030048465266559,3.464821090867202,BMP6
GO_Biological_Process_2023,Vascular Associated Smooth Muscle Cell Development (GO:0097084),1/6,0.3187057485309757,0.5954192960744056,0,0,3.030048465266559,3.464821090867202,HES1
GO_Biological_Process_2023,Vascular Associated Smooth Muscle Contraction (GO:0014829),1/6,0.3187057485309757,0.5954192960744056,0,0,3.030048465266559,3.464821090867202,SLC8A1
GO_Biological_Process_2023,Vascular Wound Healing (GO:0061042),1/6,0.3187057485309757,0.5954192960744056,0,0,3.030048465266559,3.464821090867202,MCAM
GO_Biological_Process_2023,Nucleosome Organization (GO:0034728),6/75,0.3200404914249864,0.5975992177237811,0,0,1.3182411227476287,1.5018823347525467,BRD2;HMGA1;SOX9;BAZ1A;CHD2;CHD1
GO_Biological_Process_2023,Cellular Response To Metal Ion (GO:0071248),10/135,0.3263210638987228,0.6090071664475901,0,0,1.2130838079739623,1.3585004385615305,CPNE8;JUN;RASA4;DPEP1;IQGAP1;SCN5A;FOS;SYT13;BMP6;LGMN
GO_Biological_Process_2023,Negative Regulation Of Intrinsic Apoptotic Signaling Pathway (GO:2001243),5/61,0.3265151663546202,0.609050040385793,0,0,1.3533948830747855,1.5148263089644451,EPO;PLAUR;MDM2;HSPB1;BCL2L1
GO_Biological_Process_2023,Cardiac Ventricle Development (GO:0003231),2/19,0.3310620852505822,0.6117601045725972,0,0,1.7826810594892768,1.9706636228569328,HES1;SCN5A
GO_Biological_Process_2023,Cellular Response To Catecholamine Stimulus (GO:0071870),2/19,0.3310620852505822,0.6117601045725972,0,0,1.7826810594892768,1.9706636228569328,NR4A3;PDE4B
GO_Biological_Process_2023,Cellular Response To Lectin (GO:1990858),2/19,0.3310620852505822,0.6117601045725972,0,0,1.7826810594892768,1.9706636228569328,LYN;SYK
GO_Biological_Process_2023,Cortical Actin Cytoskeleton Organization (GO:0030866),2/19,0.3310620852505822,0.6117601045725972,0,0,1.7826810594892768,1.9706636228569328,FMNL2;ROCK2
GO_Biological_Process_2023,Cyclic Nucleotide Biosynthetic Process (GO:0009190),2/19,0.3310620852505822,0.6117601045725972,0,0,1.7826810594892768,1.9706636228569328,ADCY3;GUCY2F
GO_Biological_Process_2023,Dopamine Metabolic Process (GO:0042417),2/19,0.3310620852505822,0.6117601045725972,0,0,1.7826810594892768,1.9706636228569328,MOXD1;ATP7A
GO_Biological_Process_2023,Epithelial Structure Maintenance (GO:0010669),2/19,0.3310620852505822,0.6117601045725972,0,0,1.7826810594892768,1.9706636228569328,TFF3;MUC13
GO_Biological_Process_2023,Establishment Of Epithelial Cell Polarity (GO:0090162),2/19,0.3310620852505822,0.6117601045725972,0,0,1.7826810594892768,1.9706636228569328,CYTH3;FBF1
GO_Biological_Process_2023,Establishment Of Skin Barrier (GO:0061436),2/19,0.3310620852505822,0.6117601045725972,0,0,1.7826810594892768,1.9706636228569328,ALOX12;FGFR1
GO_Biological_Process_2023,Negative Regulation Of Axon Extension Involved In Axon Guidance (GO:0048843),2/19,0.3310620852505822,0.6117601045725972,0,0,1.7826810594892768,1.9706636228569328,SEMA3D;SEMA4C
GO_Biological_Process_2023,Negative Regulation Of Cyclin-Dependent Protein Serine/Threonine Kinase Activity (GO:0045736),2/19,0.3310620852505822,0.6117601045725972,0,0,1.7826810594892768,1.9706636228569328,CDKN1A;CDKN2A
GO_Biological_Process_2023,Negative Regulation Of Fatty Acid Metabolic Process (GO:0045922),2/19,0.3310620852505822,0.6117601045725972,0,0,1.7826810594892768,1.9706636228569328,TRIB3;SOX9
GO_Biological_Process_2023,Phosphatidylcholine Biosynthetic Process (GO:0006656),2/19,0.3310620852505822,0.6117601045725972,0,0,1.7826810594892768,1.9706636228569328,CHKA;MFSD2A
GO_Biological_Process_2023,Positive Regulation Of Mitochondrial Fission (GO:0090141),2/19,0.3310620852505822,0.6117601045725972,0,0,1.7826810594892768,1.9706636228569328,SPIRE1;DCN
GO_Biological_Process_2023,Regulation Of Centriole Replication (GO:0046599),2/19,0.3310620852505822,0.6117601045725972,0,0,1.7826810594892768,1.9706636228569328,STIL;PLK2
GO_Biological_Process_2023,Regulation Of Protein-Containing Complex Disassembly (GO:0043244),2/19,0.3310620852505822,0.6117601045725972,0,0,1.7826810594892768,1.9706636228569328,IRAK3;IGF1R
GO_Biological_Process_2023,Stimulatory C-type Lectin Receptor Signaling Pathway (GO:0002223),2/19,0.3310620852505822,0.6117601045725972,0,0,1.7826810594892768,1.9706636228569328,LYN;SYK
GO_Biological_Process_2023,Vesicle Docking (GO:0048278),2/19,0.3310620852505822,0.6117601045725972,0,0,1.7826810594892768,1.9706636228569328,STX3;STX11
GO_Biological_Process_2023,Golgi To Plasma Membrane Transport (GO:0006893),4/47,0.3322198072731412,0.6129446832996939,0,0,1.409886074757556,1.55363588635833,KRT18;RAB31;EXOC6B;COMMD1
GO_Biological_Process_2023,Negative Regulation Of Hydrolase Activity (GO:0051346),4/47,0.3322198072731412,0.6129446832996939,0,0,1.409886074757556,1.55363588635833,GPSM1;RASA4;CPEB2;PLIN5
GO_Biological_Process_2023,Secondary Alcohol Metabolic Process (GO:1902652),4/47,0.3322198072731412,0.6129446832996939,0,0,1.409886074757556,1.55363588635833,CH25H;SH2D2A;APOA4;PPARD
GO_Biological_Process_2023,Positive Regulation Of MAP Kinase Activity (GO:0043406),7/91,0.3335936365725382,0.6151604935552661,0,0,1.2633252164502164,1.3869184494385365,FLT1;TGFB1;IL1B;TNFRSF11A;THBS1;PIK3R5;FGFR1
GO_Biological_Process_2023,Response To Calcium Ion (GO:0051592),8/106,0.334697153098884,0.6157080361383784,0,0,1.2376199870687512,1.3546111854277836,CPNE8;RASA4;DPEP1;IQGAP1;SCN5A;SYT13;THBS1;LGMN
GO_Biological_Process_2023,Carboxylic Acid Metabolic Process (GO:0019752),3/33,0.3356205647958568,0.6157080361383784,0,0,1.515453074433657,1.654532308179091,SLC2A1;SLC2A3;PCK1
GO_Biological_Process_2023,Negative Regulation Of Small Molecule Metabolic Process (GO:0062014),3/33,0.3356205647958568,0.6157080361383784,0,0,1.515453074433657,1.654532308179091,DKKL1;SIK1;SOGA1
GO_Biological_Process_2023,Positive Regulation Of Cytokine Production Involved In Immune Response (GO:0002720),3/33,0.3356205647958568,0.6157080361383784,0,0,1.515453074433657,1.654532308179091,TNFSF4;LAPTM5;CD55
GO_Biological_Process_2023,Positive Regulation Of Interleukin-12 Production (GO:0032735),3/33,0.3356205647958568,0.6157080361383784,0,0,1.515453074433657,1.654532308179091,SYK;TNFSF4;LAPTM5
GO_Biological_Process_2023,Positive Regulation Of Small Molecule Metabolic Process (GO:0062013),3/33,0.3356205647958568,0.6157080361383784,0,0,1.515453074433657,1.654532308179091,PMAIP1;ADM;IRS2
GO_Biological_Process_2023,Regulation Of NLRP3 Inflammasome Complex Assembly (GO:1900225),3/33,0.3356205647958568,0.6157080361383784,0,0,1.515453074433657,1.654532308179091,PTPN22;FBXL2;MEFV
GO_Biological_Process_2023,Regulation Of Activated T Cell Proliferation (GO:0046006),3/33,0.3356205647958568,0.6157080361383784,0,0,1.515453074433657,1.654532308179091,CD274;CRTAM;PDCD1LG2
GO_Biological_Process_2023,Regulation Of Lamellipodium Assembly (GO:0010591),3/33,0.3356205647958568,0.6157080361383784,0,0,1.515453074433657,1.654532308179091,AVIL;NRG1;EPHA2
GO_Biological_Process_2023,Signal Transduction By P53 Class Mediator (GO:0072331),3/33,0.3356205647958568,0.6157080361383784,0,0,1.515453074433657,1.654532308179091,SESN2;PMAIP1;BATF
GO_Biological_Process_2023,Glycerophospholipid Metabolic Process (GO:0006650),5/62,0.3389674655107675,0.6157863830667082,0,0,1.3295800278654497,1.438407679706108,PLA2G2D;APOA4;ENPP6;PLA2G7;DGKH
GO_Biological_Process_2023,Embryonic Organ Development (GO:0048568),6/77,0.3423122266061195,0.6157863830667082,0,0,1.2809704944998457,1.3732413805100638,NDRG4;STIL;TGFB1;WNT7B;HOXB7;MFSD2A
GO_Biological_Process_2023,Positive Regulation Of Response To Stimulus (GO:0048584),6/77,0.3423122266061195,0.6157863830667082,0,0,1.2809704944998457,1.3732413805100638,C6;RSAD2;C7;CD80;CNKSR3;IER5
GO_Biological_Process_2023,Sphingolipid Biosynthetic Process (GO:0030148),6/77,0.3423122266061195,0.6157863830667082,0,0,1.2809704944998457,1.3732413805100638,ACER2;SPTLC2;SPHK1;ELOVL3;B4GALT6;PLPP1
GO_Biological_Process_2023,Negative Regulation Of Translation (GO:0017148),8/107,0.3441289873749907,0.6157863830667082,0,0,1.2250531308207997,1.306811619227612,TRIM71;ZFP36;BTG2;ROCK2;ENC1;EIF2AK3;CPEB2;PATL2
GO_Biological_Process_2023,Cellular Response To Mechanical Stimulus (GO:0071260),4/48,0.3465587708718447,0.6157863830667082,0,0,1.3777695988222305,1.4600263868130003,GADD45A;IL1B;TNFRSF10B;SOX9
GO_Biological_Process_2023,DNA Damage Response (GO:0006974),26/384,0.3476676565501682,0.6157863830667082,0,0,1.1018390158755014,1.164102027449564,PPP1R15A;NFAT5;BTG2;CDKN1A;DOT1L;BACH1;TNFSF13B;BCL2L11;MYC;ZC3H12A;IER3;LYN;VAV3;PLK3;POLQ;GADD45A;PRKCD;CSNK1E;BATF;ACER2;DDIT3;MAPKAPK2;SPATA18;RAD18;EPHA2;BCL2L1
GO_Biological_Process_2023,Positive Regulation Of Mitotic Cell Cycle Phase Transition (GO:1901992),5/63,0.3514546965707579,0.6157863830667082,0,0,1.3065863745598838,1.366264004324898,STIL;RGCC;ADAMTS1;CDC16;TNFSF13B
GO_Biological_Process_2023,Protein Polymerization (GO:0051258),5/63,0.3514546965707579,0.6157863830667082,0,0,1.3065863745598838,1.366264004324898,PSTPIP1;GSN;FAM107A;SPIRE1;ARHGAP6
GO_Biological_Process_2023,Membrane Protein Proteolysis (GO:0033619),3/34,0.3529238802178215,0.6157863830667082,0,0,1.4664891951143126,1.5273527232485398,NAPSA;MMP7;TGFB1
GO_Biological_Process_2023,Positive Regulation Of Immunoglobulin Production (GO:0002639),3/34,0.3529238802178215,0.6157863830667082,0,0,1.4664891951143126,1.5273527232485398,IL6;TNFSF4;TNFRSF4
GO_Biological_Process_2023,Regulation Of Blood Circulation (GO:1903522),3/34,0.3529238802178215,0.6157863830667082,0,0,1.4664891951143126,1.5273527232485398,DMPK;BDKRB2;AGER
GO_Biological_Process_2023,Regulation Of Metal Ion Transport (GO:0010959),3/34,0.3529238802178215,0.6157863830667082,0,0,1.4664891951143126,1.5273527232485398,NKAIN2;PER1;SIK1
GO_Biological_Process_2023,Semaphorin-Plexin Signaling Pathway (GO:0071526),3/34,0.3529238802178215,0.6157863830667082,0,0,1.4664891951143126,1.5273527232485398,SEMA3D;SEMA4C;FLNA
GO_Biological_Process_2023,Long-Chain Fatty Acid Metabolic Process (GO:0001676),6/78,0.353507676229314,0.6157863830667082,0,0,1.2631116517977832,1.3134467508406298,SCP2;GSTP1;ELOVL3;GSTA1;ACOT2;ALOX12
GO_Biological_Process_2023,Glycerophospholipid Biosynthetic Process (GO:0046474),8/108,0.3535965426215358,0.6157863830667082,0,0,1.2127376116978066,1.2607604759968831,DGKG;CDS1;PLSCR1;CHKA;GPAT3;MFSD2A;DGKH;AGPAT4
GO_Biological_Process_2023,DNA Methylation (GO:0006306),2/20,0.3541368402763052,0.6157863830667082,0,0,1.6835533998023893,1.7476494530634843,DNMT3L;FOS
GO_Biological_Process_2023,Ameboidal-Type Cell Migration (GO:0001667),2/20,0.3541368402763052,0.6157863830667082,0,0,1.6835533998023893,1.7476494530634843,CCN3;IQGAP1
GO_Biological_Process_2023,Cell Projection Organization (GO:0030030),2/20,0.3541368402763052,0.6157863830667082,0,0,1.6835533998023893,1.7476494530634843,GSN;CAPG
GO_Biological_Process_2023,Cellular Response To Estradiol Stimulus (GO:0071392),2/20,0.3541368402763052,0.6157863830667082,0,0,1.6835533998023893,1.7476494530634843,RAMP3;NRIP1
GO_Biological_Process_2023,Epithelial Cilium Movement Involved In Extracellular Fluid Movement (GO:0003351),2/20,0.3541368402763052,0.6157863830667082,0,0,1.6835533998023893,1.7476494530634843,AQP4;CFAP53
GO_Biological_Process_2023,Gamma-Aminobutyric Acid Signaling Pathway (GO:0007214),2/20,0.3541368402763052,0.6157863830667082,0,0,1.6835533998023893,1.7476494530634843,GABRA5;GPR156
GO_Biological_Process_2023,Leukotriene Metabolic Process (GO:0006691),2/20,0.3541368402763052,0.6157863830667082,0,0,1.6835533998023893,1.7476494530634843,MAPKAPK2;ALOX12
GO_Biological_Process_2023,Long-Term Synaptic Potentiation (GO:0060291),2/20,0.3541368402763052,0.6157863830667082,0,0,1.6835533998023893,1.7476494530634843,PLK2;SLC8A2
GO_Biological_Process_2023,Monocarboxylic Acid Catabolic Process (GO:0072329),2/20,0.3541368402763052,0.6157863830667082,0,0,1.6835533998023893,1.7476494530634843,LPIN2;PPARD
GO_Biological_Process_2023,Negative Regulation Of Cyclin-Dependent Protein Kinase Activity (GO:1904030),2/20,0.3541368402763052,0.6157863830667082,0,0,1.6835533998023893,1.7476494530634843,CDKN1A;CDKN2A
GO_Biological_Process_2023,Negative Regulation Of Cytokine Production Involved In Inflammatory Response (GO:1900016),2/20,0.3541368402763052,0.6157863830667082,0,0,1.6835533998023893,1.7476494530634843,ZC3H12A;MEFV
GO_Biological_Process_2023,Negative Regulation Of Phosphoprotein Phosphatase Activity (GO:0032515),2/20,0.3541368402763052,0.6157863830667082,0,0,1.6835533998023893,1.7476494530634843,PPP1R15A;ROCK2
GO_Biological_Process_2023,Negative Regulation Of Small GTPase Mediated Signal Transduction (GO:0051058),2/20,0.3541368402763052,0.6157863830667082,0,0,1.6835533998023893,1.7476494530634843,SPRY4;SPRY2
GO_Biological_Process_2023,Nuclear-Transcribed mRNA poly(A) Tail Shortening (GO:0000289),2/20,0.3541368402763052,0.6157863830667082,0,0,1.6835533998023893,1.7476494530634843,CNOT4;ZFP36
GO_Biological_Process_2023,Positive Regulation Of Protein Processing (GO:0010954),2/20,0.3541368402763052,0.6157863830667082,0,0,1.6835533998023893,1.7476494530634843,GSN;S100A10
GO_Biological_Process_2023,protein-DNA Complex Disassembly (GO:0032986),2/20,0.3541368402763052,0.6157863830667082,0,0,1.6835533998023893,1.7476494530634843,MYC;HMGA1
GO_Biological_Process_2023,Receptor Metabolic Process (GO:0043112),2/20,0.3541368402763052,0.6157863830667082,0,0,1.6835533998023893,1.7476494530634843,TGFB1;LGMN
GO_Biological_Process_2023,Regulation Of Calcium Ion Import (GO:0090279),2/20,0.3541368402763052,0.6157863830667082,0,0,1.6835533998023893,1.7476494530634843,CCL3;CCL2
GO_Biological_Process_2023,Regulation Of Cardiac Muscle Cell Proliferation (GO:0060043),2/20,0.3541368402763052,0.6157863830667082,0,0,1.6835533998023893,1.7476494530634843,PIM1;RUNX1
GO_Biological_Process_2023,Regulation Of Cardiac Muscle Contraction By Calcium Ion Signaling (GO:0010882),2/20,0.3541368402763052,0.6157863830667082,0,0,1.6835533998023893,1.7476494530634843,TNNI3;SLC8A1
GO_Biological_Process_2023,Regulation Of Fibroblast Migration (GO:0010762),2/20,0.3541368402763052,0.6157863830667082,0,0,1.6835533998023893,1.7476494530634843,TGFB1;THBS1
GO_Biological_Process_2023,Regulation Of Macrophage Chemotaxis (GO:0010758),2/20,0.3541368402763052,0.6157863830667082,0,0,1.6835533998023893,1.7476494530634843,CCL5;THBS1
GO_Biological_Process_2023,Regulation Of Meiotic Cell Cycle (GO:0051445),2/20,0.3541368402763052,0.6157863830667082,0,0,1.6835533998023893,1.7476494530634843,DUSP1;CDC16
GO_Biological_Process_2023,Regulation Of Necroptotic Process (GO:0060544),2/20,0.3541368402763052,0.6157863830667082,0,0,1.6835533998023893,1.7476494530634843,FZD9;BIRC3
GO_Biological_Process_2023,Regulation Of Smooth Muscle Contraction (GO:0006940),2/20,0.3541368402763052,0.6157863830667082,0,0,1.6835533998023893,1.7476494530634843,CHRM3;SPHK1
GO_Biological_Process_2023,Regulation Of Toll-Like Receptor Signaling Pathway (GO:0034121),2/20,0.3541368402763052,0.6157863830667082,0,0,1.6835533998023893,1.7476494530634843,IRAK3;BIRC3
GO_Biological_Process_2023,Sulfur Compound Catabolic Process (GO:0044273),2/20,0.3541368402763052,0.6157863830667082,0,0,1.6835533998023893,1.7476494530634843,GPC1;DPEP1
GO_Biological_Process_2023,Intrinsic Apoptotic Signaling Pathway In Response To DNA Damage (GO:0008630),4/49,0.3609069336173416,0.6157863830667082,0,0,1.3470805218173638,1.3728571170731132,BCL2L11;DDIT4;EPHA2;BCL2L1
GO_Biological_Process_2023,Negative Regulation Of DNA Metabolic Process (GO:0051053),4/49,0.3609069336173416,0.6157863830667082,0,0,1.3470805218173638,1.3728571170731132,TSPYL2;CDKN1A;DNMT3L;ANKRD1
GO_Biological_Process_2023,ADP Transport (GO:0015866),1/7,0.3609245279789697,0.6157863830667082,0,0,2.524905761981691,2.573097139164243,SLC25A25
GO_Biological_Process_2023,IMP Biosynthetic Process (GO:0006188),1/7,0.3609245279789697,0.6157863830667082,0,0,2.524905761981691,2.573097139164243,AMPD3
GO_Biological_Process_2023,UV Protection (GO:0009650),1/7,0.3609245279789697,0.6157863830667082,0,0,2.524905761981691,2.573097139164243,MFAP4
GO_Biological_Process_2023,Adenylate Cyclase-Inhibiting G Protein-Coupled Acetylcholine Receptor Signaling Pathway (GO:0007197),1/7,0.3609245279789697,0.6157863830667082,0,0,2.524905761981691,2.573097139164243,CHRM3
GO_Biological_Process_2023,Amino-Acid Betaine Transport (GO:0015838),1/7,0.3609245279789697,0.6157863830667082,0,0,2.524905761981691,2.573097139164243,SLC7A6
GO_Biological_Process_2023,Anterograde Axonal Protein Transport (GO:0099641),1/7,0.3609245279789697,0.6157863830667082,0,0,2.524905761981691,2.573097139164243,HSPB1
GO_Biological_Process_2023,Arginine Catabolic Process (GO:0006527),1/7,0.3609245279789697,0.6157863830667082,0,0,2.524905761981691,2.573097139164243,NOS3
GO_Biological_Process_2023,Aromatic Amino Acid Transport (GO:0015801),1/7,0.3609245279789697,0.6157863830667082,0,0,2.524905761981691,2.573097139164243,SLC3A2
GO_Biological_Process_2023,Aromatic Compound Catabolic Process (GO:0019439),1/7,0.3609245279789697,0.6157863830667082,0,0,2.524905761981691,2.573097139164243,EPHX2
GO_Biological_Process_2023,Aspartate Family Amino Acid Biosynthetic Process (GO:0009067),1/7,0.3609245279789697,0.6157863830667082,0,0,2.524905761981691,2.573097139164243,GOT1
GO_Biological_Process_2023,Axo-Dendritic Protein Transport (GO:0099640),1/7,0.3609245279789697,0.6157863830667082,0,0,2.524905761981691,2.573097139164243,HSPB1
GO_Biological_Process_2023,Catecholamine Catabolic Process (GO:0042424),1/7,0.3609245279789697,0.6157863830667082,0,0,2.524905761981691,2.573097139164243,MOXD1
GO_Biological_Process_2023,Cellular Biogenic Amine Catabolic Process (GO:0042402),1/7,0.3609245279789697,0.6157863830667082,0,0,2.524905761981691,2.573097139164243,SMOX
GO_Biological_Process_2023,Cellular Modified Amino Acid Biosynthetic Process (GO:0042398),1/7,0.3609245279789697,0.6157863830667082,0,0,2.524905761981691,2.573097139164243,PLSCR1
GO_Biological_Process_2023,Cellular Response To Angiotensin (GO:1904385),1/7,0.3609245279789697,0.6157863830667082,0,0,2.524905761981691,2.573097139164243,PRKCD
GO_Biological_Process_2023,Cellular Response To Epinephrine Stimulus (GO:0071872),1/7,0.3609245279789697,0.6157863830667082,0,0,2.524905761981691,2.573097139164243,PDE4B
GO_Biological_Process_2023,Cellular Response To Interleukin-2 (GO:0071352),1/7,0.3609245279789697,0.6157863830667082,0,0,2.524905761981691,2.573097139164243,IL2RG
GO_Biological_Process_2023,Cellular Response To Leptin Stimulus (GO:0044320),1/7,0.3609245279789697,0.6157863830667082,0,0,2.524905761981691,2.573097139164243,NR4A3
GO_Biological_Process_2023,Collecting Duct Development (GO:0072044),1/7,0.3609245279789697,0.6157863830667082,0,0,2.524905761981691,2.573097139164243,WNT7B
GO_Biological_Process_2023,Cyclic Nucleotide Transport (GO:0070729),1/7,0.3609245279789697,0.6157863830667082,0,0,2.524905761981691,2.573097139164243,LRRC8C
GO_Biological_Process_2023,Cytoplasmic Sequestering Of NF-kappaB (GO:0007253),1/7,0.3609245279789697,0.6157863830667082,0,0,2.524905761981691,2.573097139164243,NFKBIA
GO_Biological_Process_2023,Deadenylation-Dependent Decapping Of Nuclear-Transcribed mRNA (GO:0000290),1/7,0.3609245279789697,0.6157863830667082,0,0,2.524905761981691,2.573097139164243,PATL2
GO_Biological_Process_2023,Dendritic Spine Maintenance (GO:0097062),1/7,0.3609245279789697,0.6157863830667082,0,0,2.524905761981691,2.573097139164243,IGF1R
GO_Biological_Process_2023,Diacylglycerol Biosynthetic Process (GO:0006651),1/7,0.3609245279789697,0.6157863830667082,0,0,2.524905761981691,2.573097139164243,PNPLA2
GO_Biological_Process_2023,Dopamine Catabolic Process (GO:0042420),1/7,0.3609245279789697,0.6157863830667082,0,0,2.524905761981691,2.573097139164243,MOXD1
GO_Biological_Process_2023,Foam Cell Differentiation (GO:0090077),1/7,0.3609245279789697,0.6157863830667082,0,0,2.524905761981691,2.573097139164243,TGFB1
GO_Biological_Process_2023,Glutathione Catabolic Process (GO:0006751),1/7,0.3609245279789697,0.6157863830667082,0,0,2.524905761981691,2.573097139164243,DPEP1
GO_Biological_Process_2023,Glycine Metabolic Process (GO:0006544),1/7,0.3609245279789697,0.6157863830667082,0,0,2.524905761981691,2.573097139164243,GLDC
GO_Biological_Process_2023,Growth Hormone Receptor Signaling Pathway Via JAK-STAT (GO:0060397),1/7,0.3609245279789697,0.6157863830667082,0,0,2.524905761981691,2.573097139164243,LYN
GO_Biological_Process_2023,"Heparan Sulfate Proteoglycan Biosynthetic Process, Polysaccharide Chain Biosynthetic Process (GO:0015014)",1/7,0.3609245279789697,0.6157863830667082,0,0,2.524905761981691,2.573097139164243,NDST3
GO_Biological_Process_2023,Hepoxilin Biosynthetic Process (GO:0051122),1/7,0.3609245279789697,0.6157863830667082,0,0,2.524905761981691,2.573097139164243,GSTP1
GO_Biological_Process_2023,Hepoxilin Metabolic Process (GO:0051121),1/7,0.3609245279789697,0.6157863830667082,0,0,2.524905761981691,2.573097139164243,GSTP1
GO_Biological_Process_2023,Immunological Synapse Formation (GO:0001771),1/7,0.3609245279789697,0.6157863830667082,0,0,2.524905761981691,2.573097139164243,CD6
GO_Biological_Process_2023,Interleukin-2-Mediated Signaling Pathway (GO:0038110),1/7,0.3609245279789697,0.6157863830667082,0,0,2.524905761981691,2.573097139164243,IL2RG
GO_Biological_Process_2023,Kidney Epithelium Development (GO:0072073),1/7,0.3609245279789697,0.6157863830667082,0,0,2.524905761981691,2.573097139164243,WNT7B
GO_Biological_Process_2023,Lactate Metabolic Process (GO:0006089),1/7,0.3609245279789697,0.6157863830667082,0,0,2.524905761981691,2.573097139164243,LDHC
GO_Biological_Process_2023,Malate Metabolic Process (GO:0006108),1/7,0.3609245279789697,0.6157863830667082,0,0,2.524905761981691,2.573097139164243,ME3
GO_Biological_Process_2023,Myeloid Leukocyte Mediated Immunity (GO:0002444),1/7,0.3609245279789697,0.6157863830667082,0,0,2.524905761981691,2.573097139164243,IL6
GO_Biological_Process_2023,Natural Killer Cell Differentiation (GO:0001779),1/7,0.3609245279789697,0.6157863830667082,0,0,2.524905761981691,2.573097139164243,NFIL3
GO_Biological_Process_2023,Negative Regulation Of B Cell Apoptotic Process (GO:0002903),1/7,0.3609245279789697,0.6157863830667082,0,0,2.524905761981691,2.573097139164243,IRS2
GO_Biological_Process_2023,"Negative Regulation Of CD8-positive, Alpha-Beta T Cell Activation (GO:2001186)",1/7,0.3609245279789697,0.6157863830667082,0,0,2.524905761981691,2.573097139164243,SOCS1
GO_Biological_Process_2023,Negative Regulation Of T Cell Apoptotic Process (GO:0070233),1/7,0.3609245279789697,0.6157863830667082,0,0,2.524905761981691,2.573097139164243,CCL5
GO_Biological_Process_2023,Negative Regulation Of T Cell Mediated Cytotoxicity (GO:0001915),1/7,0.3609245279789697,0.6157863830667082,0,0,2.524905761981691,2.573097139164243,KLRC1
GO_Biological_Process_2023,Negative Regulation Of T-helper 17 Cell Differentiation (GO:2000320),1/7,0.3609245279789697,0.6157863830667082,0,0,2.524905761981691,2.573097139164243,ZC3H12A
GO_Biological_Process_2023,Negative Regulation Of Cell Cycle G2/M Phase Transition (GO:1902750),1/7,0.3609245279789697,0.6157863830667082,0,0,2.524905761981691,2.573097139164243,GPR132
GO_Biological_Process_2023,Negative Regulation Of Keratinocyte Proliferation (GO:0010839),1/7,0.3609245279789697,0.6157863830667082,0,0,2.524905761981691,2.573097139164243,KLF9
GO_Biological_Process_2023,Negative Regulation Of Macrophage Migration (GO:1905522),1/7,0.3609245279789697,0.6157863830667082,0,0,2.524905761981691,2.573097139164243,CD200
GO_Biological_Process_2023,Negative Regulation Of Microglial Cell Activation (GO:1903979),1/7,0.3609245279789697,0.6157863830667082,0,0,2.524905761981691,2.573097139164243,NR1D1
GO_Biological_Process_2023,Negative Regulation Of Muscle Hypertrophy (GO:0014741),1/7,0.3609245279789697,0.6157863830667082,0,0,2.524905761981691,2.573097139164243,MLIP
GO_Biological_Process_2023,Negative Regulation Of Phospholipase Activity (GO:0010519),1/7,0.3609245279789697,0.6157863830667082,0,0,2.524905761981691,2.573097139164243,BICD1
GO_Biological_Process_2023,Neuron Projection Arborization (GO:0140058),1/7,0.3609245279789697,0.6157863830667082,0,0,2.524905761981691,2.573097139164243,LRP2
GO_Biological_Process_2023,Neurotransmitter Receptor Diffusion Trapping (GO:0099628),1/7,0.3609245279789697,0.6157863830667082,0,0,2.524905761981691,2.573097139164243,GPHN
GO_Biological_Process_2023,"Neurotransmitter Receptor Transport, Endosome To Plasma Membrane (GO:0099639)",1/7,0.3609245279789697,0.6157863830667082,0,0,2.524905761981691,2.573097139164243,LRRC7
GO_Biological_Process_2023,Norepinephrine Metabolic Process (GO:0042415),1/7,0.3609245279789697,0.6157863830667082,0,0,2.524905761981691,2.573097139164243,MOXD1
GO_Biological_Process_2023,Peptidyl-Proline Hydroxylation To 4-hydroxy-L-proline (GO:0018401),1/7,0.3609245279789697,0.6157863830667082,0,0,2.524905761981691,2.573097139164243,P4HTM
GO_Biological_Process_2023,Peptidyl-Tyrosine Dephosphorylation Involved In Inactivation Of Protein Kinase Activity (GO:1990264),1/7,0.3609245279789697,0.6157863830667082,0,0,2.524905761981691,2.573097139164243,DUSP10
GO_Biological_Process_2023,Peroxisome Proliferator Activated Receptor Signaling Pathway (GO:0035357),1/7,0.3609245279789697,0.6157863830667082,0,0,2.524905761981691,2.573097139164243,PDK3
GO_Biological_Process_2023,Platelet Activating Factor Metabolic Process (GO:0046469),1/7,0.3609245279789697,0.6157863830667082,0,0,2.524905761981691,2.573097139164243,PLA2G7
GO_Biological_Process_2023,Positive Regulation Of CoA-transferase Activity (GO:1905920),1/7,0.3609245279789697,0.6157863830667082,0,0,2.524905761981691,2.573097139164243,APOA4
GO_Biological_Process_2023,Positive Regulation Of Calcium Ion Import (GO:0090280),1/7,0.3609245279789697,0.6157863830667082,0,0,2.524905761981691,2.573097139164243,CCL3
GO_Biological_Process_2023,Positive Regulation Of Cell Migration By Vascular Endothelial Growth Factor Signaling Pathway (GO:0038089),1/7,0.3609245279789697,0.6157863830667082,0,0,2.524905761981691,2.573097139164243,HSPB1
GO_Biological_Process_2023,Positive Regulation Of Execution Phase Of Apoptosis (GO:1900119),1/7,0.3609245279789697,0.6157863830667082,0,0,2.524905761981691,2.573097139164243,ZC3H12A
GO_Biological_Process_2023,Positive Regulation Of Extracellular Matrix Disassembly (GO:0090091),1/7,0.3609245279789697,0.6157863830667082,0,0,2.524905761981691,2.573097139164243,IL6
GO_Biological_Process_2023,Positive Regulation Of Melanin Biosynthetic Process (GO:0048023),1/7,0.3609245279789697,0.6157863830667082,0,0,2.524905761981691,2.573097139164243,ATP7A
GO_Biological_Process_2023,Positive Regulation Of Myeloid Cell Apoptotic Process (GO:0033034),1/7,0.3609245279789697,0.6157863830667082,0,0,2.524905761981691,2.573097139164243,CDKN2A
GO_Biological_Process_2023,Positive Regulation Of Plasminogen Activation (GO:0010756),1/7,0.3609245279789697,0.6157863830667082,0,0,2.524905761981691,2.573097139164243,S100A10
GO_Biological_Process_2023,Positive Regulation Of Secondary Metabolite Biosynthetic Process (GO:1900378),1/7,0.3609245279789697,0.6157863830667082,0,0,2.524905761981691,2.573097139164243,ATP7A
GO_Biological_Process_2023,Positive Regulation Of Steroid Biosynthetic Process (GO:0010893),1/7,0.3609245279789697,0.6157863830667082,0,0,2.524905761981691,2.573097139164243,NR1D1
GO_Biological_Process_2023,Positive Regulation Of Vascular Associated Smooth Muscle Cell Migration (GO:1904754),1/7,0.3609245279789697,0.6157863830667082,0,0,2.524905761981691,2.573097139164243,NR4A3
GO_Biological_Process_2023,Postsynapse Organization (GO:0099173),1/7,0.3609245279789697,0.6157863830667082,0,0,2.524905761981691,2.573097139164243,LGMN
GO_Biological_Process_2023,Postsynaptic Neurotransmitter Receptor Diffusion Trapping (GO:0098970),1/7,0.3609245279789697,0.6157863830667082,0,0,2.524905761981691,2.573097139164243,GPHN
GO_Biological_Process_2023,Protein Deubiquitination Involved In Ubiquitin-Dependent Protein Catabolic Process (GO:0071947),1/7,0.3609245279789697,0.6157863830667082,0,0,2.524905761981691,2.573097139164243,TNFAIP3
GO_Biological_Process_2023,Protein Localization To Presynapse (GO:1905383),1/7,0.3609245279789697,0.6157863830667082,0,0,2.524905761981691,2.573097139164243,HSPB1
GO_Biological_Process_2023,Regulation Of ATPase-coupled Calcium Transmembrane Transporter Activity (GO:1901894),1/7,0.3609245279789697,0.6157863830667082,0,0,2.524905761981691,2.573097139164243,VMP1
GO_Biological_Process_2023,Regulation Of CoA-transferase Activity (GO:1905918),1/7,0.3609245279789697,0.6157863830667082,0,0,2.524905761981691,2.573097139164243,APOA4
GO_Biological_Process_2023,Regulation Of DNA-templated Transcription In Response To Stress (GO:0043620),1/7,0.3609245279789697,0.6157863830667082,0,0,2.524905761981691,2.573097139164243,DDIT3
GO_Biological_Process_2023,Regulation Of T-helper 2 Cell Differentiation (GO:0045628),1/7,0.3609245279789697,0.6157863830667082,0,0,2.524905761981691,2.573097139164243,TNFSF4
GO_Biological_Process_2023,Regulation Of Activation Of Janus Kinase Activity (GO:0010533),1/7,0.3609245279789697,0.6157863830667082,0,0,2.524905761981691,2.573097139164243,CCL5
GO_Biological_Process_2023,Regulation Of Cilium Beat Frequency (GO:0003356),1/7,0.3609245279789697,0.6157863830667082,0,0,2.524905761981691,2.573097139164243,ODAD2
GO_Biological_Process_2023,Regulation Of Collateral Sprouting (GO:0048670),1/7,0.3609245279789697,0.6157863830667082,0,0,2.524905761981691,2.573097139164243,NGF
GO_Biological_Process_2023,Regulation Of Dopamine Metabolic Process (GO:0042053),1/7,0.3609245279789697,0.6157863830667082,0,0,2.524905761981691,2.573097139164243,ITGB2
GO_Biological_Process_2023,Regulation Of Endodeoxyribonuclease Activity (GO:0032071),1/7,0.3609245279789697,0.6157863830667082,0,0,2.524905761981691,2.573097139164243,PRKCD
GO_Biological_Process_2023,Regulation Of Extracellular Matrix Constituent Secretion (GO:0003330),1/7,0.3609245279789697,0.6157863830667082,0,0,2.524905761981691,2.573097139164243,RGCC
GO_Biological_Process_2023,Regulation Of Lipoprotein Metabolic Process (GO:0050746),1/7,0.3609245279789697,0.6157863830667082,0,0,2.524905761981691,2.573097139164243,ITGB3
GO_Biological_Process_2023,Regulation Of Oxidative Stress-Induced Cell Death (GO:1903201),1/7,0.3609245279789697,0.6157863830667082,0,0,2.524905761981691,2.573097139164243,MMP3
GO_Biological_Process_2023,Regulation Of Protein Glycosylation (GO:0060049),1/7,0.3609245279789697,0.6157863830667082,0,0,2.524905761981691,2.573097139164243,ACER2
GO_Biological_Process_2023,Regulation Of Stem Cell Division (GO:2000035),1/7,0.3609245279789697,0.6157863830667082,0,0,2.524905761981691,2.573097139164243,MLLT3
GO_Biological_Process_2023,Regulation Of Triglyceride Metabolic Process (GO:0090207),1/7,0.3609245279789697,0.6157863830667082,0,0,2.524905761981691,2.573097139164243,CIDEC
GO_Biological_Process_2023,Response To Epinephrine (GO:0071871),1/7,0.3609245279789697,0.6157863830667082,0,0,2.524905761981691,2.573097139164243,PDE4B
GO_Biological_Process_2023,Somatic Hypermutation Of Immunoglobulin Genes (GO:0016446),1/7,0.3609245279789697,0.6157863830667082,0,0,2.524905761981691,2.573097139164243,POLQ
GO_Biological_Process_2023,Spleen Development (GO:0048536),1/7,0.3609245279789697,0.6157863830667082,0,0,2.524905761981691,2.573097139164243,CITED2
GO_Biological_Process_2023,Store-Operated Calcium Entry (GO:0002115),1/7,0.3609245279789697,0.6157863830667082,0,0,2.524905761981691,2.573097139164243,MS4A1
GO_Biological_Process_2023,Stress-Induced Premature Senescence (GO:0090400),1/7,0.3609245279789697,0.6157863830667082,0,0,2.524905761981691,2.573097139164243,CDKN1A
GO_Biological_Process_2023,Sulfur Amino Acid Transport (GO:0000101),1/7,0.3609245279789697,0.6157863830667082,0,0,2.524905761981691,2.573097139164243,SLC3A2
GO_Biological_Process_2023,Termination Of RNA Polymerase II Transcription (GO:0006369),1/7,0.3609245279789697,0.6157863830667082,0,0,2.524905761981691,2.573097139164243,SCAF8
GO_Biological_Process_2023,Thyroid Hormone Transport (GO:0070327),1/7,0.3609245279789697,0.6157863830667082,0,0,2.524905761981691,2.573097139164243,SLC3A2
GO_Biological_Process_2023,Translocation Of Molecules Into Host (GO:0044417),1/7,0.3609245279789697,0.6157863830667082,0,0,2.524905761981691,2.573097139164243,THOC6
GO_Biological_Process_2023,Tryptophan Metabolic Process (GO:0006568),1/7,0.3609245279789697,0.6157863830667082,0,0,2.524905761981691,2.573097139164243,ATP7A
GO_Biological_Process_2023,Ventricular Cardiac Muscle Cell Membrane Repolarization (GO:0099625),1/7,0.3609245279789697,0.6157863830667082,0,0,2.524905761981691,2.573097139164243,KCNJ8
GO_Biological_Process_2023,Ventricular Trabecula Myocardium Morphogenesis (GO:0003222),1/7,0.3609245279789697,0.6157863830667082,0,0,2.524905761981691,2.573097139164243,NRG1
GO_Biological_Process_2023,Viral mRNA Export From Host Cell Nucleus (GO:0046784),1/7,0.3609245279789697,0.6157863830667082,0,0,2.524905761981691,2.573097139164243,THOC6
GO_Biological_Process_2023,Positive Regulation Of T Cell Differentiation (GO:0045582),5/64,0.3639632231397114,0.620376011089192,0,0,1.2843721671290829,1.2981180983157057,DUSP10;SOCS1;TNFSF4;ADAM8;PCK1
GO_Biological_Process_2023,Response To Metal Ion (GO:0010038),5/64,0.3639632231397114,0.620376011089192,0,0,1.2843721671290829,1.2981180983157057,IL1A;PLSCR1;TESMIN;THBS1;GPHN
GO_Biological_Process_2023,Cellular Response To Hormone Stimulus (GO:0032870),7/94,0.364269424214645,0.6204935773773881,0,0,1.2195663531870429,1.2315931174221548,RAMP3;NR4A3;CTSL;KLF9;ARID5A;SOX9;ZFP36L1
GO_Biological_Process_2023,Cellular Response To UV (GO:0034644),6/79,0.3647295768118842,0.6204935773773881,0,0,1.245742092457421,1.2564543351439212,MFAP4;CDKN1A;MYC;MMP3;PRKCD;TIMP1
GO_Biological_Process_2023,Negative Regulation Of Cellular Component Organization (GO:0051129),6/79,0.3647295768118842,0.6204935773773881,0,0,1.245742092457421,1.2564543351439212,CH25H;SPRY2;APOA4;IRAK3;BMP6;ANKS1B
GO_Biological_Process_2023,Positive Regulation Of Catabolic Process (GO:0009896),6/79,0.3647295768118842,0.6204935773773881,0,0,1.245742092457421,1.2564543351439212,TIPARP;IL1B;PLK2;LAPTM5;TNFAIP3;TNFSF13B
GO_Biological_Process_2023,Action Potential (GO:0001508),3/35,0.3701705392243802,0.6288481857277181,0,0,1.4205855582524272,1.411765799841444,KCNE4;SCN4A;SCN5A
GO_Biological_Process_2023,Neutral Amino Acid Transport (GO:0015804),3/35,0.3701705392243802,0.6288481857277181,0,0,1.4205855582524272,1.411765799841444,SLC7A6;SLC3A2;SLC38A2
GO_Biological_Process_2023,Response To Exogenous dsRNA (GO:0043330),3/35,0.3701705392243802,0.6288481857277181,0,0,1.4205855582524272,1.411765799841444,STING1;SLC3A2;IRAK3
GO_Biological_Process_2023,"G Protein-Coupled Receptor Signaling Pathway, Coupled To Cyclic Nucleotide Second Messenger (GO:0007187)",4/50,0.3752447466760452,0.6330657569058856,0,0,1.3177257525083612,1.2916042220414148,CCR1;CHRM3;HTR1F;CCL2
GO_Biological_Process_2023,Regulation Of TORC1 Signaling (GO:1903432),4/50,0.3752447466760452,0.6330657569058856,0,0,1.3177257525083612,1.2916042220414148,SESN2;DEPDC5;C9ORF72;GPR137B
GO_Biological_Process_2023,Regulation Of Epithelial Cell Migration (GO:0010632),4/50,0.3752447466760452,0.6330657569058856,0,0,1.3177257525083612,1.2916042220414148,DUSP10;GLIPR2;RHOJ;SOX9
GO_Biological_Process_2023,Wound Healing (GO:0042060),6/80,0.3759682095998474,0.6330657569058856,0,0,1.2288419806667985,1.2021155131574948,PDGFRA;LRG1;ITGB3;HMOX1;NRG1;EREG
GO_Biological_Process_2023,Cellular Response To Nerve Growth Factor Stimulus (GO:1990090),2/21,0.3769222643673986,0.6330657569058856,0,0,1.5948602306088584,1.5561311361567405,MAGI2;NGF
GO_Biological_Process_2023,Endocardial Cushion Morphogenesis (GO:0003203),2/21,0.3769222643673986,0.6330657569058856,0,0,1.5948602306088584,1.5561311361567405,NOS3;SOX9
GO_Biological_Process_2023,Focal Adhesion Assembly (GO:0048041),2/21,0.3769222643673986,0.6330657569058856,0,0,1.5948602306088584,1.5561311361567405,SORBS1;RHOD
GO_Biological_Process_2023,Innate Immune Response In Mucosa (GO:0002227),2/21,0.3769222643673986,0.6330657569058856,0,0,1.5948602306088584,1.5561311361567405,DEFB1;CAMP
GO_Biological_Process_2023,Negative Regulation Of Reactive Oxygen Species Metabolic Process (GO:2000378),2/21,0.3769222643673986,0.6330657569058856,0,0,1.5948602306088584,1.5561311361567405,MMP3;PLIN5
GO_Biological_Process_2023,Negative Regulation Of Tumor Necrosis Factor-Mediated Signaling Pathway (GO:0010804),2/21,0.3769222643673986,0.6330657569058856,0,0,1.5948602306088584,1.5561311361567405,GSTP1;CCDC3
GO_Biological_Process_2023,Positive Regulation Of Dendritic Spine Development (GO:0060999),2/21,0.3769222643673986,0.6330657569058856,0,0,1.5948602306088584,1.5561311361567405,LRP8;DBN1
GO_Biological_Process_2023,Positive Regulation Of Granulocyte Chemotaxis (GO:0071624),2/21,0.3769222643673986,0.6330657569058856,0,0,1.5948602306088584,1.5561311361567405,RIPOR2;CAMK1D
GO_Biological_Process_2023,Positive Regulation Of Natural Killer Cell Mediated Cytotoxicity (GO:0045954),2/21,0.3769222643673986,0.6330657569058856,0,0,1.5948602306088584,1.5561311361567405,CRTAM;PVR
GO_Biological_Process_2023,Positive Regulation Of Transcription Regulatory Region DNA Binding (GO:2000679),2/21,0.3769222643673986,0.6330657569058856,0,0,1.5948602306088584,1.5561311361567405,FOXC1;TGFB1
GO_Biological_Process_2023,Positive Regulation Of Translational Initiation (GO:0045948),2/21,0.3769222643673986,0.6330657569058856,0,0,1.5948602306088584,1.5561311361567405,DAZL;CCL5
GO_Biological_Process_2023,Positive Regulation Of Vacuole Organization (GO:0044090),2/21,0.3769222643673986,0.6330657569058856,0,0,1.5948602306088584,1.5561311361567405,SNX18;PIP4K2A
GO_Biological_Process_2023,Regulation Of Anoikis (GO:2000209),2/21,0.3769222643673986,0.6330657569058856,0,0,1.5948602306088584,1.5561311361567405,PDK4;SIK1
GO_Biological_Process_2023,Regulation Of Cardiac Conduction (GO:1903779),2/21,0.3769222643673986,0.6330657569058856,0,0,1.5948602306088584,1.5561311361567405,SLC8A1;SLC8A2
GO_Biological_Process_2023,Regulation Of Cell-Substrate Junction Assembly (GO:0090109),2/21,0.3769222643673986,0.6330657569058856,0,0,1.5948602306088584,1.5561311361567405,ROCK2;VCL
GO_Biological_Process_2023,Regulation Of Lipopolysaccharide-Mediated Signaling Pathway (GO:0031664),2/21,0.3769222643673986,0.6330657569058856,0,0,1.5948602306088584,1.5561311361567405,TRIB1;CD55
GO_Biological_Process_2023,Regulation Of Steroid Metabolic Process (GO:0019218),2/21,0.3769222643673986,0.6330657569058856,0,0,1.5948602306088584,1.5561311361567405,EPHX2;RORA
GO_Biological_Process_2023,Response To Cadmium Ion (GO:0046686),2/21,0.3769222643673986,0.6330657569058856,0,0,1.5948602306088584,1.5561311361567405,JUN;FOS
GO_Biological_Process_2023,Skin Epidermis Development (GO:0098773),2/21,0.3769222643673986,0.6330657569058856,0,0,1.5948602306088584,1.5561311361567405,ALOX12;FGFR1
GO_Biological_Process_2023,Sodium Ion Import Across Plasma Membrane (GO:0098719),2/21,0.3769222643673986,0.6330657569058856,0,0,1.5948602306088584,1.5561311361567405,SLC9C1;SLC8A1
GO_Biological_Process_2023,Generation Of Neurons (GO:0048699),12/172,0.3780819250190313,0.6347139486522323,0,0,1.1369804400977994,1.1058776283990963,NR4A2;TUBB2B;MAP1B;WNT7B;DDIT4;CEP85L;LHX4;IER2;LHX9;RUNX1;FGFR1;CDK5R1
GO_Biological_Process_2023,Cytoskeleton-Dependent Cytokinesis (GO:0061640),6/81,0.3872140640758852,0.6426884067091437,0,0,1.2123925385239254,1.150290885055261,SNX18;ROCK2;EXOC6B;SPIRE1;RHOC;RHOB
GO_Biological_Process_2023,Negative Regulation Of Sequestering Of Calcium Ion (GO:0051283),3/36,0.3873300285225591,0.6426884067091437,0,0,1.377463959988232,1.3064944856637606,GP9;FLNA;GP5
GO_Biological_Process_2023,Protein Destabilization (GO:0031648),3/36,0.3873300285225591,0.6426884067091437,0,0,1.377463959988232,1.3064944856637606,GSN;MDM2;NR1D1
GO_Biological_Process_2023,Receptor Signaling Pathway Via JAK-STAT (GO:0007259),3/36,0.3873300285225591,0.6426884067091437,0,0,1.377463959988232,1.3064944856637606,STAT4;IL31RA;CSF2RB
GO_Biological_Process_2023,Regulation Of Erythrocyte Differentiation (GO:0045646),3/36,0.3873300285225591,0.6426884067091437,0,0,1.377463959988232,1.3064944856637606,LYN;ZFP36;ZFP36L1
GO_Biological_Process_2023,Regulation Of Glucose Import (GO:0046324),3/36,0.3873300285225591,0.6426884067091437,0,0,1.377463959988232,1.3064944856637606,IRS2;SORBS1;FGF21
GO_Biological_Process_2023,Regulation Of Intracellular Protein Transport (GO:0033157),3/36,0.3873300285225591,0.6426884067091437,0,0,1.377463959988232,1.3064944856637606,PLK3;TGFB1;IFI27
GO_Biological_Process_2023,Peptidyl-Threonine Modification (GO:0018210),5/66,0.3889915011998611,0.6426884067091437,0,0,1.2421287562770678,1.1728152183960985,GALNT6;ROCK2;PRKCD;STK39;CDK5R1
GO_Biological_Process_2023,Regulation Of Endocytosis (GO:0030100),5/66,0.3889915011998611,0.6426884067091437,0,0,1.2421287562770678,1.1728152183960985,FGR;SYK;SPHK1;CD177;PICALM
GO_Biological_Process_2023,Regulated Exocytosis (GO:0045055),4/51,0.3895535064807028,0.6426884067091437,0,0,1.2896201223188906,1.215794594416923,LYN;RIMS3;RAB31;SYT13
GO_Biological_Process_2023,Acetylcholine Receptor Signaling Pathway (GO:0095500),2/22,0.3993656618246689,0.6426884067091437,0,0,1.5150363783346807,1.3906183125531035,CHRM3;CDK5R1
GO_Biological_Process_2023,Cellular Response To Cadmium Ion (GO:0071276),2/22,0.3993656618246689,0.6426884067091437,0,0,1.5150363783346807,1.3906183125531035,JUN;FOS
GO_Biological_Process_2023,Modulation By Host Of Viral Process (GO:0044788),2/22,0.3993656618246689,0.6426884067091437,0,0,1.5150363783346807,1.3906183125531035,IFI27;ROCK2
GO_Biological_Process_2023,Positive Regulation Of Phosphatase Activity (GO:0010922),2/22,0.3993656618246689,0.6426884067091437,0,0,1.5150363783346807,1.3906183125531035,PPP1R15A;MAGI2
GO_Biological_Process_2023,Positive Regulation Of Protein Autophosphorylation (GO:0031954),2/22,0.3993656618246689,0.6426884067091437,0,0,1.5150363783346807,1.3906183125531035,RASSF2;GPNMB
GO_Biological_Process_2023,Positive Regulation Of Receptor Internalization (GO:0002092),2/22,0.3993656618246689,0.6426884067091437,0,0,1.5150363783346807,1.3906183125531035,MAGI2;SELE
GO_Biological_Process_2023,Postreplication Repair (GO:0006301),2/22,0.3993656618246689,0.6426884067091437,0,0,1.5150363783346807,1.3906183125531035,RAD18;TNFSF13B
GO_Biological_Process_2023,Regulation Of Catabolic Process (GO:0009894),2/22,0.3993656618246689,0.6426884067091437,0,0,1.5150363783346807,1.3906183125531035,MDM2;FAM83D
GO_Biological_Process_2023,Regulation Of Neural Precursor Cell Proliferation (GO:2000177),2/22,0.3993656618246689,0.6426884067091437,0,0,1.5150363783346807,1.3906183125531035,TRIM71;FZD9
GO_Biological_Process_2023,Regulation Of Protein Export From Nucleus (GO:0046825),2/22,0.3993656618246689,0.6426884067091437,0,0,1.5150363783346807,1.3906183125531035,IFI27;IL1B
GO_Biological_Process_2023,Response To Gamma Radiation (GO:0010332),2/22,0.3993656618246689,0.6426884067091437,0,0,1.5150363783346807,1.3906183125531035,MYC;MDM2
GO_Biological_Process_2023,CD40 Signaling Pathway (GO:0023035),1/8,0.4005290491938412,0.6426884067091437,0,0,2.1640895453496425,1.9800748099639136,TNIP2
GO_Biological_Process_2023,Cdc42 Protein Signal Transduction (GO:0032488),1/8,0.4005290491938412,0.6426884067091437,0,0,2.1640895453496425,1.9800748099639136,RHOJ
GO_Biological_Process_2023,Golgi Ribbon Formation (GO:0090161),1/8,0.4005290491938412,0.6426884067091437,0,0,2.1640895453496425,1.9800748099639136,TMED5
GO_Biological_Process_2023,MyD88-independent Toll-Like Receptor Signaling Pathway (GO:0002756),1/8,0.4005290491938412,0.6426884067091437,0,0,2.1640895453496425,1.9800748099639136,TNIP3
GO_Biological_Process_2023,Schwann Cell Development (GO:0014044),1/8,0.4005290491938412,0.6426884067091437,0,0,2.1640895453496425,1.9800748099639136,CNTNAP1
GO_Biological_Process_2023,T Cell Mediated Cytotoxicity (GO:0001913),1/8,0.4005290491938412,0.6426884067091437,0,0,2.1640895453496425,1.9800748099639136,CRTAM
GO_Biological_Process_2023,UDP-N-acetylglucosamine Biosynthetic Process (GO:0006048),1/8,0.4005290491938412,0.6426884067091437,0,0,2.1640895453496425,1.9800748099639136,GFPT2
GO_Biological_Process_2023,Acid Secretion (GO:0046717),1/8,0.4005290491938412,0.6426884067091437,0,0,2.1640895453496425,1.9800748099639136,GHRL
GO_Biological_Process_2023,Actin Filament Network Formation (GO:0051639),1/8,0.4005290491938412,0.6426884067091437,0,0,2.1640895453496425,1.9800748099639136,SPIRE1
GO_Biological_Process_2023,Adult Heart Development (GO:0007512),1/8,0.4005290491938412,0.6426884067091437,0,0,2.1640895453496425,1.9800748099639136,MEF2D
GO_Biological_Process_2023,Autophagosome-Lysosome Fusion (GO:0061909),1/8,0.4005290491938412,0.6426884067091437,0,0,2.1640895453496425,1.9800748099639136,PIP4K2A
GO_Biological_Process_2023,Bone Resorption (GO:0045453),1/8,0.4005290491938412,0.6426884067091437,0,0,2.1640895453496425,1.9800748099639136,GPR55
GO_Biological_Process_2023,Brown Fat Cell Differentiation (GO:0050873),1/8,0.4005290491938412,0.6426884067091437,0,0,2.1640895453496425,1.9800748099639136,METRNL
GO_Biological_Process_2023,Cardioblast Differentiation (GO:0010002),1/8,0.4005290491938412,0.6426884067091437,0,0,2.1640895453496425,1.9800748099639136,NRG1
GO_Biological_Process_2023,Cell Surface Pattern Recognition Receptor Signaling Pathway (GO:0002752),1/8,0.4005290491938412,0.6426884067091437,0,0,2.1640895453496425,1.9800748099639136,EHHADH
GO_Biological_Process_2023,Cellular Response To Muramyl Dipeptide (GO:0071225),1/8,0.4005290491938412,0.6426884067091437,0,0,2.1640895453496425,1.9800748099639136,PTPN22
GO_Biological_Process_2023,Cobalamin Transport (GO:0015889),1/8,0.4005290491938412,0.6426884067091437,0,0,2.1640895453496425,1.9800748099639136,LRP2
GO_Biological_Process_2023,Cyclooxygenase Pathway (GO:0019371),1/8,0.4005290491938412,0.6426884067091437,0,0,2.1640895453496425,1.9800748099639136,PTGS2
GO_Biological_Process_2023,Embryonic Digestive Tract Morphogenesis (GO:0048557),1/8,0.4005290491938412,0.6426884067091437,0,0,2.1640895453496425,1.9800748099639136,PDGFRA
GO_Biological_Process_2023,Embryonic Placenta Development (GO:0001892),1/8,0.4005290491938412,0.6426884067091437,0,0,2.1640895453496425,1.9800748099639136,WNT7B
GO_Biological_Process_2023,"Fructose 1,6-Bisphosphate Metabolic Process (GO:0030388)",1/8,0.4005290491938412,0.6426884067091437,0,0,2.1640895453496425,1.9800748099639136,PFKP
GO_Biological_Process_2023,Glutamine Transport (GO:0006868),1/8,0.4005290491938412,0.6426884067091437,0,0,2.1640895453496425,1.9800748099639136,SLC38A2
GO_Biological_Process_2023,Integrin Activation (GO:0033622),1/8,0.4005290491938412,0.6426884067091437,0,0,2.1640895453496425,1.9800748099639136,FERMT3
GO_Biological_Process_2023,Interleukin-12-Mediated Signaling Pathway (GO:0035722),1/8,0.4005290491938412,0.6426884067091437,0,0,2.1640895453496425,1.9800748099639136,STAT4
GO_Biological_Process_2023,Modification-Dependent Macromolecule Catabolic Process (GO:0043632),1/8,0.4005290491938412,0.6426884067091437,0,0,2.1640895453496425,1.9800748099639136,UBB
GO_Biological_Process_2023,Negative Regulation By Host Of Viral Genome Replication (GO:0044828),1/8,0.4005290491938412,0.6426884067091437,0,0,2.1640895453496425,1.9800748099639136,ZC3H12A
GO_Biological_Process_2023,Negative Regulation Of Cytoplasmic Translation (GO:2000766),1/8,0.4005290491938412,0.6426884067091437,0,0,2.1640895453496425,1.9800748099639136,CPEB2
GO_Biological_Process_2023,Negative Regulation Of Glial Cell Differentiation (GO:0045686),1/8,0.4005290491938412,0.6426884067091437,0,0,2.1640895453496425,1.9800748099639136,HES1
GO_Biological_Process_2023,Negative Regulation Of Protein-Containing Complex Disassembly (GO:0043242),1/8,0.4005290491938412,0.6426884067091437,0,0,2.1640895453496425,1.9800748099639136,IRAK3
GO_Biological_Process_2023,Negative Regulation Of Transporter Activity (GO:0032410),1/8,0.4005290491938412,0.6426884067091437,0,0,2.1640895453496425,1.9800748099639136,STK39
GO_Biological_Process_2023,Nuclear Membrane Disassembly (GO:0051081),1/8,0.4005290491938412,0.6426884067091437,0,0,2.1640895453496425,1.9800748099639136,PRKCB
GO_Biological_Process_2023,Peripheral Nervous System Axon Ensheathment (GO:0032292),1/8,0.4005290491938412,0.6426884067091437,0,0,2.1640895453496425,1.9800748099639136,CNTNAP1
GO_Biological_Process_2023,Plasminogen Activation (GO:0031639),1/8,0.4005290491938412,0.6426884067091437,0,0,2.1640895453496425,1.9800748099639136,PLAT
GO_Biological_Process_2023,Positive Regulation Of Actin Cytoskeleton Reorganization (GO:2000251),1/8,0.4005290491938412,0.6426884067091437,0,0,2.1640895453496425,1.9800748099639136,BAIAP2L1
GO_Biological_Process_2023,Positive Regulation Of Blood Vessel Endothelial Cell Proliferation Involved In Sprouting Angiogenesis (GO:1903589),1/8,0.4005290491938412,0.6426884067091437,0,0,2.1640895453496425,1.9800748099639136,HMOX1
GO_Biological_Process_2023,Positive Regulation Of Calcium Ion Import Across Plasma Membrane (GO:1905665),1/8,0.4005290491938412,0.6426884067091437,0,0,2.1640895453496425,1.9800748099639136,RAMP3
GO_Biological_Process_2023,Positive Regulation Of Centriole Replication (GO:0046601),1/8,0.4005290491938412,0.6426884067091437,0,0,2.1640895453496425,1.9800748099639136,STIL
GO_Biological_Process_2023,Positive Regulation Of Epithelial Cell Proliferation Involved In Wound Healing (GO:0060054),1/8,0.4005290491938412,0.6426884067091437,0,0,2.1640895453496425,1.9800748099639136,LRG1
GO_Biological_Process_2023,Positive Regulation Of Macrophage Cytokine Production (GO:0060907),1/8,0.4005290491938412,0.6426884067091437,0,0,2.1640895453496425,1.9800748099639136,LAPTM5
GO_Biological_Process_2023,Positive Regulation Of Megakaryocyte Differentiation (GO:0045654),1/8,0.4005290491938412,0.6426884067091437,0,0,2.1640895453496425,1.9800748099639136,RAB7B
GO_Biological_Process_2023,Positive Regulation Of Membrane Invagination (GO:1905155),1/8,0.4005290491938412,0.6426884067091437,0,0,2.1640895453496425,1.9800748099639136,RAB31
GO_Biological_Process_2023,Positive Regulation Of Protein Localization To Early Endosome (GO:1902966),1/8,0.4005290491938412,0.6426884067091437,0,0,2.1640895453496425,1.9800748099639136,ROCK2
GO_Biological_Process_2023,Positive Regulation Of Protein Localization To Endosome (GO:1905668),1/8,0.4005290491938412,0.6426884067091437,0,0,2.1640895453496425,1.9800748099639136,ROCK2
GO_Biological_Process_2023,Protein Hexamerization (GO:0034214),1/8,0.4005290491938412,0.6426884067091437,0,0,2.1640895453496425,1.9800748099639136,LRRC8C
GO_Biological_Process_2023,Protein Localization To Perinuclear Region Of Cytoplasm (GO:1905719),1/8,0.4005290491938412,0.6426884067091437,0,0,2.1640895453496425,1.9800748099639136,SQSTM1
GO_Biological_Process_2023,Purine Nucleobase Transport (GO:0006863),1/8,0.4005290491938412,0.6426884067091437,0,0,2.1640895453496425,1.9800748099639136,SLC28A2
GO_Biological_Process_2023,"Regulation Of CD8-positive, Alpha-Beta T Cell Proliferation (GO:2000564)",1/8,0.4005290491938412,0.6426884067091437,0,0,2.1640895453496425,1.9800748099639136,PTPN22
GO_Biological_Process_2023,Regulation Of RNA Biosynthetic Process (GO:2001141),1/8,0.4005290491938412,0.6426884067091437,0,0,2.1640895453496425,1.9800748099639136,IL1B
GO_Biological_Process_2023,"Regulation Of Wnt Signaling Pathway, Planar Cell Polarity Pathway (GO:2000095)",1/8,0.4005290491938412,0.6426884067091437,0,0,2.1640895453496425,1.9800748099639136,MLLT3
GO_Biological_Process_2023,Regulation Of Defense Response To Bacterium (GO:1900424),1/8,0.4005290491938412,0.6426884067091437,0,0,2.1640895453496425,1.9800748099639136,EMILIN2
GO_Biological_Process_2023,Regulation Of Dendritic Cell Antigen Processing And Presentation (GO:0002604),1/8,0.4005290491938412,0.6426884067091437,0,0,2.1640895453496425,1.9800748099639136,THBS1
GO_Biological_Process_2023,Regulation Of Fertilization (GO:0080154),1/8,0.4005290491938412,0.6426884067091437,0,0,2.1640895453496425,1.9800748099639136,CFAP69
GO_Biological_Process_2023,Regulation Of Gap Junction Assembly (GO:1903596),1/8,0.4005290491938412,0.6426884067091437,0,0,2.1640895453496425,1.9800748099639136,IL1B
GO_Biological_Process_2023,Regulation Of Glucan Biosynthetic Process (GO:0010962),1/8,0.4005290491938412,0.6426884067091437,0,0,2.1640895453496425,1.9800748099639136,PPP1R3G
GO_Biological_Process_2023,Regulation Of Interleukin-18 Production (GO:0032661),1/8,0.4005290491938412,0.6426884067091437,0,0,2.1640895453496425,1.9800748099639136,NLRP12
GO_Biological_Process_2023,Regulation Of Lysosomal Protein Catabolic Process (GO:1905165),1/8,0.4005290491938412,0.6426884067091437,0,0,2.1640895453496425,1.9800748099639136,LRP2
GO_Biological_Process_2023,Regulation Of miRNA Metabolic Process (GO:2000628),1/8,0.4005290491938412,0.6426884067091437,0,0,2.1640895453496425,1.9800748099639136,TGFB1
GO_Biological_Process_2023,Regulation Of Mitotic Sister Chromatid Segregation (GO:0033047),1/8,0.4005290491938412,0.6426884067091437,0,0,2.1640895453496425,1.9800748099639136,DUSP1
GO_Biological_Process_2023,Regulation Of Necrotic Cell Death (GO:0010939),1/8,0.4005290491938412,0.6426884067091437,0,0,2.1640895453496425,1.9800748099639136,HEBP2
GO_Biological_Process_2023,Regulation Of Nephron Tubule Epithelial Cell Differentiation (GO:0072182),1/8,0.4005290491938412,0.6426884067091437,0,0,2.1640895453496425,1.9800748099639136,LIF
GO_Biological_Process_2023,Regulation Of Pattern Recognition Receptor Signaling Pathway (GO:0062207),1/8,0.4005290491938412,0.6426884067091437,0,0,2.1640895453496425,1.9800748099639136,BIRC3
GO_Biological_Process_2023,Regulation Of Podosome Assembly (GO:0071801),1/8,0.4005290491938412,0.6426884067091437,0,0,2.1640895453496425,1.9800748099639136,GSN
GO_Biological_Process_2023,Regulation Of Protein Localization To Early Endosome (GO:1902965),1/8,0.4005290491938412,0.6426884067091437,0,0,2.1640895453496425,1.9800748099639136,ROCK2
GO_Biological_Process_2023,Regulation Of Rhodopsin Mediated Signaling Pathway (GO:0022400),1/8,0.4005290491938412,0.6426884067091437,0,0,2.1640895453496425,1.9800748099639136,GUCY2F
GO_Biological_Process_2023,Regulation Of Skeletal Muscle Cell Differentiation (GO:2001014),1/8,0.4005290491938412,0.6426884067091437,0,0,2.1640895453496425,1.9800748099639136,GPC1
GO_Biological_Process_2023,Regulation Of Sterol Biosynthetic Process (GO:0106118),1/8,0.4005290491938412,0.6426884067091437,0,0,2.1640895453496425,1.9800748099639136,SH2D2A
GO_Biological_Process_2023,Regulation Of Urine Volume (GO:0035809),1/8,0.4005290491938412,0.6426884067091437,0,0,2.1640895453496425,1.9800748099639136,ADM
GO_Biological_Process_2023,Regulation Of Vesicle Fusion (GO:0031338),1/8,0.4005290491938412,0.6426884067091437,0,0,2.1640895453496425,1.9800748099639136,SPHK1
GO_Biological_Process_2023,Response To Magnesium Ion (GO:0032026),1/8,0.4005290491938412,0.6426884067091437,0,0,2.1640895453496425,1.9800748099639136,THBS1
GO_Biological_Process_2023,Skeletal Myofibril Assembly (GO:0014866),1/8,0.4005290491938412,0.6426884067091437,0,0,2.1640895453496425,1.9800748099639136,ACTC1
GO_Biological_Process_2023,Skin Morphogenesis (GO:0043589),1/8,0.4005290491938412,0.6426884067091437,0,0,2.1640895453496425,1.9800748099639136,ERRFI1
GO_Biological_Process_2023,Synapse Pruning (GO:0098883),1/8,0.4005290491938412,0.6426884067091437,0,0,2.1640895453496425,1.9800748099639136,C1QB
GO_Biological_Process_2023,tRNA Transcription (GO:0009304),1/8,0.4005290491938412,0.6426884067091437,0,0,2.1640895453496425,1.9800748099639136,ZFP36L1
GO_Biological_Process_2023,Tetrahydrofolate Interconversion (GO:0035999),1/8,0.4005290491938412,0.6426884067091437,0,0,2.1640895453496425,1.9800748099639136,MTHFD2L
GO_Biological_Process_2023,Tricarboxylic Acid Metabolic Process (GO:0072350),1/8,0.4005290491938412,0.6426884067091437,0,0,2.1640895453496425,1.9800748099639136,PCK1
GO_Biological_Process_2023,Triglyceride-Rich Lipoprotein Particle Remodeling (GO:0034370),1/8,0.4005290491938412,0.6426884067091437,0,0,2.1640895453496425,1.9800748099639136,APOA4
GO_Biological_Process_2023,Vascular Associated Smooth Muscle Cell Differentiation (GO:0035886),1/8,0.4005290491938412,0.6426884067091437,0,0,2.1640895453496425,1.9800748099639136,HES1
GO_Biological_Process_2023,Cholesterol Metabolic Process (GO:0008203),5/67,0.4014859304688417,0.6436434353777511,0,0,1.2220290688555444,1.1152026954408492,CH25H;INSIG2;SH2D2A;APOA4;PPARD
GO_Biological_Process_2023,Extrinsic Apoptotic Signaling Pathway (GO:0097191),5/67,0.4014859304688417,0.6436434353777511,0,0,1.2220290688555444,1.1152026954408492,TGFB1;IFI27;TNFRSF10B;NGF;BCL2L1
GO_Biological_Process_2023,Cellular Response To Ionizing Radiation (GO:0071479),4/52,0.4038153749629596,0.6459457824156215,0,0,1.262685560053981,1.1450001067943296,CDKN1A;GADD45A;MDM2;RHOB
GO_Biological_Process_2023,Fatty Acid Oxidation (GO:0019395),4/52,0.4038153749629596,0.6459457824156215,0,0,1.262685560053981,1.1450001067943296,SCP2;EHHADH;ALOX12;PPARD
GO_Biological_Process_2023,Regulation Of Protein Localization To Nucleus (GO:1900180),4/52,0.4038153749629596,0.6459457824156215,0,0,1.262685560053981,1.1450001067943296,TGFB1;SESN2;EIF2AK3;LIF
GO_Biological_Process_2023,Negative Regulation Of Transferase Activity (GO:0051348),3/37,0.4043740385563373,0.6459457824156215,0,0,1.336878926327813,1.2104302214955838,ZFP36;LIMK1;IRS2
GO_Biological_Process_2023,Positive Regulation Of Signaling (GO:0023056),3/37,0.4043740385563373,0.6459457824156215,0,0,1.336878926327813,1.2104302214955838,RAMP3;RIMS3;CD80
GO_Biological_Process_2023,Regulation Of Cellular Component Biogenesis (GO:0044087),3/37,0.4043740385563373,0.6459457824156215,0,0,1.336878926327813,1.2104302214955838,ROCK2;NRG1;GFAP
GO_Biological_Process_2023,Regulation Of Ossification (GO:0030278),3/37,0.4043740385563373,0.6459457824156215,0,0,1.336878926327813,1.2104302214955838,ZBTB16;BMP2K;SOX9
GO_Biological_Process_2023,Regulation Of Sodium Ion Transmembrane Transporter Activity (GO:2000649),3/37,0.4043740385563373,0.6459457824156215,0,0,1.336878926327813,1.2104302214955838,FXYD2;HECW2;STK39
GO_Biological_Process_2023,Phosphatidylinositol Biosynthetic Process (GO:0006661),7/98,0.4054348663804316,0.6473497933817659,0,0,1.1657092907092907,1.0523965701375178,CDS1;SOCS3;SOCS1;PGAP4;SLA2;SOCS7;EFR3B
GO_Biological_Process_2023,Negative Regulation Of Cell Differentiation (GO:0045596),14/207,0.4067647260546821,0.6491819103267326,0,0,1.0995114729829756,0.9890329222988508,TGFB1;TNFAIP6;ZBTB16;ITGB3;RORA;TENT5C;ZFP36L2;NFKBIA;SPRED3;IL6;SPRY2;TRIB3;HES1;SOX9
GO_Biological_Process_2023,B Cell Differentiation (GO:0030183),5/68,0.4139510484349734,0.6600590418369492,0,0,1.2025674667489905,1.0606735882353864,KLF6;VCAM1;IRF2BP2;PTPRJ;MS4A1
GO_Biological_Process_2023,Cell-Cell Junction Organization (GO:0045216),5/68,0.4139510484349734,0.6600590418369492,0,0,1.2025674667489905,1.0606735882353864,CDH4;TGFB1;TGFB3;GJA4;CD177
GO_Biological_Process_2023,Negative Regulation Of Cysteine-Type Endopeptidase Activity (GO:2000117),4/53,0.4180133938669617,0.6622296948976895,0,0,1.2368503676774354,1.0788325962615608,HGF;DPEP1;KLF4;THBS1
GO_Biological_Process_2023,Regulation Of Proteasomal Protein Catabolic Process (GO:0061136),4/53,0.4180133938669617,0.6622296948976895,0,0,1.2368503676774354,1.0788325962615608,PRKCG;UBB;ECSCR;COMMD1
GO_Biological_Process_2023,Positive Regulation Of Nucleic Acid-Templated Transcription (GO:1903508),36/557,0.4203720083133795,0.6622296948976895,0,0,1.0476687360294084,0.9079256780870764,FOXC2;CEBPB;FOXC1;EPO;CITED2;CD80;RORA;MLLT3;NFIL3;MYC;CD38;SOX9;EGR1;JUN;EGR2;TGFB1;TGFB3;ZBTB16;IL31RA;HMGA1;NR1D1;FOS;KLF4;FLI1;KLF2;RUNX1;MORF4L1;KLF6;IL6;ELF4;DDIT3;IL1B;MAPRE3;ATF5;PPARD;PICALM
GO_Biological_Process_2023,Establishment Of Protein Localization To Plasma Membrane (GO:0061951),3/38,0.4212764186139181,0.6622296948976895,0,0,1.298613037447989,1.122606927726394,KRT18;RAB31;RILPL2
GO_Biological_Process_2023,Fatty Acid Transport (GO:0015908),3/38,0.4212764186139181,0.6622296948976895,0,0,1.298613037447989,1.122606927726394,FABP4;MFSD2A;PPARD
GO_Biological_Process_2023,Import Into Cell (GO:0098657),3/38,0.4212764186139181,0.6622296948976895,0,0,1.298613037447989,1.122606927726394,LRRC8C;LRP2;SLC7A1
GO_Biological_Process_2023,Lymphocyte Proliferation (GO:0046651),3/38,0.4212764186139181,0.6622296948976895,0,0,1.298613037447989,1.122606927726394,ELF4;TNFRSF4;MS4A1
GO_Biological_Process_2023,Negative Regulation Of Epithelial Cell Apoptotic Process (GO:1904036),3/38,0.4212764186139181,0.6622296948976895,0,0,1.298613037447989,1.122606927726394,TNIP2;SERPINE1;TNFAIP3
GO_Biological_Process_2023,Positive Regulation Of Axonogenesis (GO:0050772),3/38,0.4212764186139181,0.6622296948976895,0,0,1.298613037447989,1.122606927726394,TIAM2;LIMK1;NGF
GO_Biological_Process_2023,Response To Peptide (GO:1901652),3/38,0.4212764186139181,0.6622296948976895,0,0,1.298613037447989,1.122606927726394,RAMP3;MMP3;STAT4
GO_Biological_Process_2023,Axon Extension (GO:0048675),2/23,0.4214219656656911,0.6622296948976895,0,0,1.442814797705663,1.246766065898879,MAP1B;C9ORF72
GO_Biological_Process_2023,Cellular Lipid Catabolic Process (GO:0044242),2/23,0.4214219656656911,0.6622296948976895,0,0,1.442814797705663,1.246766065898879,LPIN2;PPARD
GO_Biological_Process_2023,Cellular Response To Interleukin-6 (GO:0071354),2/23,0.4214219656656911,0.6622296948976895,0,0,1.442814797705663,1.246766065898879,IL6;SBNO2
GO_Biological_Process_2023,Cytosolic Pattern Recognition Receptor Signaling Pathway (GO:0002753),2/23,0.4214219656656911,0.6622296948976895,0,0,1.442814797705663,1.246766065898879,STING1;TNFAIP3
GO_Biological_Process_2023,Endocardial Cushion Development (GO:0003197),2/23,0.4214219656656911,0.6622296948976895,0,0,1.442814797705663,1.246766065898879,NOS3;SOX9
GO_Biological_Process_2023,Glial Cell Development (GO:0021782),2/23,0.4214219656656911,0.6622296948976895,0,0,1.442814797705663,1.246766065898879,NRROS;S100A9
GO_Biological_Process_2023,Heparan Sulfate Proteoglycan Biosynthetic Process (GO:0015012),2/23,0.4214219656656911,0.6622296948976895,0,0,1.442814797705663,1.246766065898879,NDST3;HS3ST1
GO_Biological_Process_2023,Long-Chain Fatty Acid Transport (GO:0015909),2/23,0.4214219656656911,0.6622296948976895,0,0,1.442814797705663,1.246766065898879,FABP4;MFSD2A
GO_Biological_Process_2023,Negative Regulation Of Actin Filament Polymerization (GO:0030837),2/23,0.4214219656656911,0.6622296948976895,0,0,1.442814797705663,1.246766065898879,GSN;PRKCD
GO_Biological_Process_2023,Negative Regulation Of Neuron Differentiation (GO:0045665),2/23,0.4214219656656911,0.6622296948976895,0,0,1.442814797705663,1.246766065898879,HES1;SOX9
GO_Biological_Process_2023,Positive Regulation Of Neutrophil Migration (GO:1902624),2/23,0.4214219656656911,0.6622296948976895,0,0,1.442814797705663,1.246766065898879,RIPOR2;CAMK1D
GO_Biological_Process_2023,Positive Regulation Of Protein Targeting To Membrane (GO:0090314),2/23,0.4214219656656911,0.6622296948976895,0,0,1.442814797705663,1.246766065898879,CEMIP;ITGB2
GO_Biological_Process_2023,Regulation Of Axon Extension Involved In Axon Guidance (GO:0048841),2/23,0.4214219656656911,0.6622296948976895,0,0,1.442814797705663,1.246766065898879,SEMA3D;SEMA4C
GO_Biological_Process_2023,Regulation Of Cell Junction Assembly (GO:1901888),2/23,0.4214219656656911,0.6622296948976895,0,0,1.442814797705663,1.246766065898879,PRKCH;ROCK2
GO_Biological_Process_2023,Regulation Of Cellular Response To Transforming Growth Factor Beta Stimulus (GO:1903844),2/23,0.4214219656656911,0.6622296948976895,0,0,1.442814797705663,1.246766065898879,TGFB1;IL17F
GO_Biological_Process_2023,Regulation Of Cholesterol Metabolic Process (GO:0090181),2/23,0.4214219656656911,0.6622296948976895,0,0,1.442814797705663,1.246766065898879,EPHX2;SH2D2A
GO_Biological_Process_2023,Regulation Of Extracellular Matrix Organization (GO:1903053),2/23,0.4214219656656911,0.6622296948976895,0,0,1.442814797705663,1.246766065898879,PRDM5;RUNX1
GO_Biological_Process_2023,Regulation Of Lipid Catabolic Process (GO:0050994),2/23,0.4214219656656911,0.6622296948976895,0,0,1.442814797705663,1.246766065898879,IL1B;CIDEC
GO_Biological_Process_2023,Nitrogen Compound Transport (GO:0071705),11/163,0.429572455466911,0.6622296948976895,0,0,1.0966644522544144,0.9266429193785376,ABCC1;SNX18;SLC15A2;RAMP3;TXNIP;NRG1;SLC3A2;LRP2;SLC15A3;SLC38A2;SLC7A1
GO_Biological_Process_2023,Epidermal Cell Differentiation (GO:0009913),4/54,0.4321314932227635,0.6622296948976895,0,0,1.2120485829959513,1.0169394921319623,TXNIP;EREG;EPHA2;FGFR1
GO_Biological_Process_2023,Monoatomic Anion Transmembrane Transport (GO:0098656),4/54,0.4321314932227635,0.6622296948976895,0,0,1.2120485829959513,1.0169394921319623,GABRA5;LRRC8C;ANO6;ANO7
GO_Biological_Process_2023,Negative Regulation Of Protein Modification By Small Protein Conjugation Or Removal (GO:1903321),4/54,0.4321314932227635,0.6622296948976895,0,0,1.2120485829959513,1.0169394921319623,PRKCG;TNFAIP3;SPRY2;SQSTM1
GO_Biological_Process_2023,G Protein-Coupled Serotonin Receptor Signaling Pathway (GO:0098664),1/9,0.4376810685677954,0.6622296948976895,0,0,1.8934773828756053,1.5645136879532169,HTR1F
GO_Biological_Process_2023,Golgi Inheritance (GO:0048313),1/9,0.4376810685677954,0.6622296948976895,0,0,1.8934773828756053,1.5645136879532169,PLK3
GO_Biological_Process_2023,T-helper 1 Type Immune Response (GO:0042088),1/9,0.4376810685677954,0.6622296948976895,0,0,1.8934773828756053,1.5645136879532169,STAT4
GO_Biological_Process_2023,[2Fe-2S] Cluster Assembly (GO:0044571),1/9,0.4376810685677954,0.6622296948976895,0,0,1.8934773828756053,1.5645136879532169,HSCB
GO_Biological_Process_2023,Actin-Mediated Cell Contraction (GO:0070252),1/9,0.4376810685677954,0.6622296948976895,0,0,1.8934773828756053,1.5645136879532169,GSN
GO_Biological_Process_2023,Adherens Junction Assembly (GO:0034333),1/9,0.4376810685677954,0.6622296948976895,0,0,1.8934773828756053,1.5645136879532169,VCL
GO_Biological_Process_2023,Amine Metabolic Process (GO:0009308),1/9,0.4376810685677954,0.6622296948976895,0,0,1.8934773828756053,1.5645136879532169,VCAM1
GO_Biological_Process_2023,Amino Sugar Biosynthetic Process (GO:0046349),1/9,0.4376810685677954,0.6622296948976895,0,0,1.8934773828756053,1.5645136879532169,GFPT2
GO_Biological_Process_2023,Apical Protein Localization (GO:0045176),1/9,0.4376810685677954,0.6622296948976895,0,0,1.8934773828756053,1.5645136879532169,MAL
GO_Biological_Process_2023,Arachidonate Transport (GO:1903963),1/9,0.4376810685677954,0.6622296948976895,0,0,1.8934773828756053,1.5645136879532169,BDKRB2
GO_Biological_Process_2023,Arachidonic Acid Secretion (GO:0050482),1/9,0.4376810685677954,0.6622296948976895,0,0,1.8934773828756053,1.5645136879532169,BDKRB2
GO_Biological_Process_2023,Aspartate Transmembrane Transport (GO:0015810),1/9,0.4376810685677954,0.6622296948976895,0,0,1.8934773828756053,1.5645136879532169,SLC25A22
GO_Biological_Process_2023,Autophagy Of Peroxisome (GO:0030242),1/9,0.4376810685677954,0.6622296948976895,0,0,1.8934773828756053,1.5645136879532169,SQSTM1
GO_Biological_Process_2023,cAMP Biosynthetic Process (GO:0006171),1/9,0.4376810685677954,0.6622296948976895,0,0,1.8934773828756053,1.5645136879532169,ADCY3
GO_Biological_Process_2023,cGMP Biosynthetic Process (GO:0006182),1/9,0.4376810685677954,0.6622296948976895,0,0,1.8934773828756053,1.5645136879532169,GUCY2F
GO_Biological_Process_2023,Calcium Ion Transport Into Cytosol (GO:0060402),1/9,0.4376810685677954,0.6622296948976895,0,0,1.8934773828756053,1.5645136879532169,SLC8A1
GO_Biological_Process_2023,Cellular Response To Prostaglandin Stimulus (GO:0071379),1/9,0.4376810685677954,0.6622296948976895,0,0,1.8934773828756053,1.5645136879532169,TNFSF4
GO_Biological_Process_2023,Cellular Response To Purine-Containing Compound (GO:0071415),1/9,0.4376810685677954,0.6622296948976895,0,0,1.8934773828756053,1.5645136879532169,SLC8A1
GO_Biological_Process_2023,Dicarboxylic Acid Biosynthetic Process (GO:0043650),1/9,0.4376810685677954,0.6622296948976895,0,0,1.8934773828756053,1.5645136879532169,GOT1
GO_Biological_Process_2023,Endothelial Tube Morphogenesis (GO:0061154),1/9,0.4376810685677954,0.6622296948976895,0,0,1.8934773828756053,1.5645136879532169,RHOB
GO_Biological_Process_2023,Epithelial Cilium Movement Involved In Determination Of Left/Right Asymmetry (GO:0060287),1/9,0.4376810685677954,0.6622296948976895,0,0,1.8934773828756053,1.5645136879532169,CFAP53
GO_Biological_Process_2023,Glucan Biosynthetic Process (GO:0009250),1/9,0.4376810685677954,0.6622296948976895,0,0,1.8934773828756053,1.5645136879532169,NR1D1
GO_Biological_Process_2023,Glycerolipid Metabolic Process (GO:0046486),1/9,0.4376810685677954,0.6622296948976895,0,0,1.8934773828756053,1.5645136879532169,DGKG
GO_Biological_Process_2023,Glycogen Biosynthetic Process (GO:0005978),1/9,0.4376810685677954,0.6622296948976895,0,0,1.8934773828756053,1.5645136879532169,NR1D1
GO_Biological_Process_2023,Histone Methylation (GO:0016571),1/9,0.4376810685677954,0.6622296948976895,0,0,1.8934773828756053,1.5645136879532169,SMYD3
GO_Biological_Process_2023,Homocysteine Metabolic Process (GO:0050667),1/9,0.4376810685677954,0.6622296948976895,0,0,1.8934773828756053,1.5645136879532169,DPEP1
GO_Biological_Process_2023,Hormone Transport (GO:0009914),1/9,0.4376810685677954,0.6622296948976895,0,0,1.8934773828756053,1.5645136879532169,SLC3A2
GO_Biological_Process_2023,Long-Chain Fatty Acid Import Into Cell (GO:0044539),1/9,0.4376810685677954,0.6622296948976895,0,0,1.8934773828756053,1.5645136879532169,SLC2A1
GO_Biological_Process_2023,Microtubule Anchoring (GO:0034453),1/9,0.4376810685677954,0.6622296948976895,0,0,1.8934773828756053,1.5645136879532169,BICD1
GO_Biological_Process_2023,Myelin Maintenance (GO:0043217),1/9,0.4376810685677954,0.6622296948976895,0,0,1.8934773828756053,1.5645136879532169,CXCR4
GO_Biological_Process_2023,Negative Regulation Of Cell-Cell Adhesion Mediated By Cadherin (GO:2000048),1/9,0.4376810685677954,0.6622296948976895,0,0,1.8934773828756053,1.5645136879532169,RGCC
GO_Biological_Process_2023,Negative Regulation Of Extracellular Matrix Organization (GO:1903054),1/9,0.4376810685677954,0.6622296948976895,0,0,1.8934773828756053,1.5645136879532169,TGFB1
GO_Biological_Process_2023,Negative Regulation Of Heterotypic Cell-Cell Adhesion (GO:0034115),1/9,0.4376810685677954,0.6622296948976895,0,0,1.8934773828756053,1.5645136879532169,KLF4
GO_Biological_Process_2023,Negative Regulation Of Muscle Cell Apoptotic Process (GO:0010656),1/9,0.4376810685677954,0.6622296948976895,0,0,1.8934773828756053,1.5645136879532169,ZC3H12A
GO_Biological_Process_2023,Negative Regulation Of Phosphatidylinositol 3-Kinase Signaling (GO:0014067),1/9,0.4376810685677954,0.6622296948976895,0,0,1.8934773828756053,1.5645136879532169,PIK3IP1
GO_Biological_Process_2023,Negative Regulation Of Transcription By RNA Polymerase I (GO:0016479),1/9,0.4376810685677954,0.6622296948976895,0,0,1.8934773828756053,1.5645136879532169,FLNA
GO_Biological_Process_2023,Neuron Remodeling (GO:0016322),1/9,0.4376810685677954,0.6622296948976895,0,0,1.8934773828756053,1.5645136879532169,C1QA
GO_Biological_Process_2023,Peptidyl-Amino Acid Modification (GO:0018193),1/9,0.4376810685677954,0.6622296948976895,0,0,1.8934773828756053,1.5645136879532169,ATP7A
GO_Biological_Process_2023,Phosphatidylcholine Catabolic Process (GO:0034638),1/9,0.4376810685677954,0.6622296948976895,0,0,1.8934773828756053,1.5645136879532169,PLA2G7
GO_Biological_Process_2023,Phosphatidylethanolamine Biosynthetic Process (GO:0006646),1/9,0.4376810685677954,0.6622296948976895,0,0,1.8934773828756053,1.5645136879532169,CHKA
GO_Biological_Process_2023,Pinocytosis (GO:0006907),1/9,0.4376810685677954,0.6622296948976895,0,0,1.8934773828756053,1.5645136879532169,MAPKAPK2
GO_Biological_Process_2023,Positive Regulation Of RNA Biosynthetic Process (GO:1902680),1/9,0.4376810685677954,0.6622296948976895,0,0,1.8934773828756053,1.5645136879532169,IL1B
GO_Biological_Process_2023,Positive Regulation Of Cardiocyte Differentiation (GO:1905209),1/9,0.4376810685677954,0.6622296948976895,0,0,1.8934773828756053,1.5645136879532169,TGFB1
GO_Biological_Process_2023,Positive Regulation Of Hippo Signaling (GO:0035332),1/9,0.4376810685677954,0.6622296948976895,0,0,1.8934773828756053,1.5645136879532169,FRMD6
GO_Biological_Process_2023,Positive Regulation Of Keratinocyte Migration (GO:0051549),1/9,0.4376810685677954,0.6622296948976895,0,0,1.8934773828756053,1.5645136879532169,MAP4K4
GO_Biological_Process_2023,Positive Regulation Of miRNA-mediated Gene Silencing (GO:2000637),1/9,0.4376810685677954,0.6622296948976895,0,0,1.8934773828756053,1.5645136879532169,ZFP36
GO_Biological_Process_2023,Positive Regulation Of Mitochondrial Membrane Permeability (GO:0035794),1/9,0.4376810685677954,0.6622296948976895,0,0,1.8934773828756053,1.5645136879532169,HEBP2
GO_Biological_Process_2023,Positive Regulation Of Monocyte Differentiation (GO:0045657),1/9,0.4376810685677954,0.6622296948976895,0,0,1.8934773828756053,1.5645136879532169,ZFP36L1
GO_Biological_Process_2023,Positive Regulation Of Myoblast Fusion (GO:1901741),1/9,0.4376810685677954,0.6622296948976895,0,0,1.8934773828756053,1.5645136879532169,RIPOR2
GO_Biological_Process_2023,Positive Regulation Of Receptor Recycling (GO:0001921),1/9,0.4376810685677954,0.6622296948976895,0,0,1.8934773828756053,1.5645136879532169,RAMP3
GO_Biological_Process_2023,Positive Regulation Of Smooth Muscle Contraction (GO:0045987),1/9,0.4376810685677954,0.6622296948976895,0,0,1.8934773828756053,1.5645136879532169,SPHK1
GO_Biological_Process_2023,Positive Regulation Of Vasculogenesis (GO:2001214),1/9,0.4376810685677954,0.6622296948976895,0,0,1.8934773828756053,1.5645136879532169,TMEM100
GO_Biological_Process_2023,Primary Alcohol Catabolic Process (GO:0034310),1/9,0.4376810685677954,0.6622296948976895,0,0,1.8934773828756053,1.5645136879532169,SULT1E1
GO_Biological_Process_2023,Protein K11-linked Deubiquitination (GO:0035871),1/9,0.4376810685677954,0.6622296948976895,0,0,1.8934773828756053,1.5645136879532169,TNFAIP3
GO_Biological_Process_2023,Protein O-linked Glycosylation Via Threonine (GO:0018243),1/9,0.4376810685677954,0.6622296948976895,0,0,1.8934773828756053,1.5645136879532169,GALNT6
GO_Biological_Process_2023,Protein Insertion Into ER Membrane By Stop-Transfer Membrane-Anchor Sequence (GO:0045050),1/9,0.4376810685677954,0.6622296948976895,0,0,1.8934773828756053,1.5645136879532169,EMC8
GO_Biological_Process_2023,Receptor Guanylyl Cyclase Signaling Pathway (GO:0007168),1/9,0.4376810685677954,0.6622296948976895,0,0,1.8934773828756053,1.5645136879532169,GUCY2F
GO_Biological_Process_2023,"Regulation Of CD4-positive, Alpha-Beta T Cell Proliferation (GO:2000561)",1/9,0.4376810685677954,0.6622296948976895,0,0,1.8934773828756053,1.5645136879532169,CD55
GO_Biological_Process_2023,"Regulation Of CD8-positive, Alpha-Beta T Cell Activation (GO:2001185)",1/9,0.4376810685677954,0.6622296948976895,0,0,1.8934773828756053,1.5645136879532169,CRTAM
GO_Biological_Process_2023,Regulation Of PERK-mediated Unfolded Protein Response (GO:1903897),1/9,0.4376810685677954,0.6622296948976895,0,0,1.8934773828756053,1.5645136879532169,PPP1R15A
GO_Biological_Process_2023,Regulation Of RNA Polymerase II Regulatory Region Sequence-Specific DNA Binding (GO:1903025),1/9,0.4376810685677954,0.6622296948976895,0,0,1.8934773828756053,1.5645136879532169,DDIT3
GO_Biological_Process_2023,Regulation Of Actin Filament Length (GO:0030832),1/9,0.4376810685677954,0.6622296948976895,0,0,1.8934773828756053,1.5645136879532169,EPS8
GO_Biological_Process_2023,Regulation Of Animal Organ Morphogenesis (GO:2000027),1/9,0.4376810685677954,0.6622296948976895,0,0,1.8934773828756053,1.5645136879532169,CITED2
GO_Biological_Process_2023,Regulation Of Bile Acid Biosynthetic Process (GO:0070857),1/9,0.4376810685677954,0.6622296948976895,0,0,1.8934773828756053,1.5645136879532169,NR1D1
GO_Biological_Process_2023,Regulation Of Cardiac Muscle Cell Differentiation (GO:2000725),1/9,0.4376810685677954,0.6622296948976895,0,0,1.8934773828756053,1.5645136879532169,TGFB1
GO_Biological_Process_2023,Regulation Of Cell-Cell Adhesion Involved In Gastrulation (GO:0070587),1/9,0.4376810685677954,0.6622296948976895,0,0,1.8934773828756053,1.5645136879532169,KLF4
GO_Biological_Process_2023,Regulation Of Cellular Response To Oxidative Stress (GO:1900407),1/9,0.4376810685677954,0.6622296948976895,0,0,1.8934773828756053,1.5645136879532169,FBLN5
GO_Biological_Process_2023,Regulation Of Dendritic Cell Apoptotic Process (GO:2000668),1/9,0.4376810685677954,0.6622296948976895,0,0,1.8934773828756053,1.5645136879532169,LYN
GO_Biological_Process_2023,Regulation Of Hair Cycle (GO:0042634),1/9,0.4376810685677954,0.6622296948976895,0,0,1.8934773828756053,1.5645136879532169,PER1
GO_Biological_Process_2023,Regulation Of High Voltage-Gated Calcium Channel Activity (GO:1901841),1/9,0.4376810685677954,0.6622296948976895,0,0,1.8934773828756053,1.5645136879532169,PDE4B
GO_Biological_Process_2023,Regulation Of Leukocyte Mediated Cytotoxicity (GO:0001910),1/9,0.4376810685677954,0.6622296948976895,0,0,1.8934773828756053,1.5645136879532169,DNASE1
GO_Biological_Process_2023,Regulation Of Long-Term Synaptic Depression (GO:1900452),1/9,0.4376810685677954,0.6622296948976895,0,0,1.8934773828756053,1.5645136879532169,AGER
GO_Biological_Process_2023,Regulation Of Mast Cell Activation Involved In Immune Response (GO:0033006),1/9,0.4376810685677954,0.6622296948976895,0,0,1.8934773828756053,1.5645136879532169,LYN
GO_Biological_Process_2023,Regulation Of Natural Killer Cell Proliferation (GO:0032817),1/9,0.4376810685677954,0.6622296948976895,0,0,1.8934773828756053,1.5645136879532169,PTPN22
GO_Biological_Process_2023,Regulation Of Phospholipid Metabolic Process (GO:1903725),1/9,0.4376810685677954,0.6622296948976895,0,0,1.8934773828756053,1.5645136879532169,MFSD2A
GO_Biological_Process_2023,Regulation Of Protein Localization To Centrosome (GO:1904779),1/9,0.4376810685677954,0.6622296948976895,0,0,1.8934773828756053,1.5645136879532169,BICD1
GO_Biological_Process_2023,Regulation Of Sequestering Of Calcium Ion (GO:0051282),1/9,0.4376810685677954,0.6622296948976895,0,0,1.8934773828756053,1.5645136879532169,UBASH3B
GO_Biological_Process_2023,Regulation Of Store-Operated Calcium Entry (GO:2001256),1/9,0.4376810685677954,0.6622296948976895,0,0,1.8934773828756053,1.5645136879532169,SLC8B1
GO_Biological_Process_2023,Regulation Of Tau-Protein Kinase Activity (GO:1902947),1/9,0.4376810685677954,0.6622296948976895,0,0,1.8934773828756053,1.5645136879532169,EGR1
GO_Biological_Process_2023,Sequestering Of Extracellular Ligand From Receptor (GO:0035581),1/9,0.4376810685677954,0.6622296948976895,0,0,1.8934773828756053,1.5645136879532169,NRROS
GO_Biological_Process_2023,Vasoconstriction (GO:0042310),1/9,0.4376810685677954,0.6622296948976895,0,0,1.8934773828756053,1.5645136879532169,SLC8A1
GO_Biological_Process_2023,"Wound Healing, Spreading Of Epidermal Cells (GO:0035313)",1/9,0.4376810685677954,0.6622296948976895,0,0,1.8934773828756053,1.5645136879532169,LRG1
GO_Biological_Process_2023,Fibroblast Growth Factor Receptor Signaling Pathway (GO:0008543),3/39,0.4380131221661031,0.6622296948976895,0,0,1.262473031283711,1.04217957948788,TRIM71;FGF21;FGFR1
GO_Biological_Process_2023,Negative Regulation Of Mitochondrion Organization (GO:0010823),3/39,0.4380131221661031,0.6622296948976895,0,0,1.262473031283711,1.04217957948788,HGF;FZD9;BCL2L1
GO_Biological_Process_2023,Negative Regulation Of Transport (GO:0051051),3/39,0.4380131221661031,0.6622296948976895,0,0,1.262473031283711,1.04217957948788,ITGB3;NRG1;CTTNBP2NL
GO_Biological_Process_2023,Neuron Projection Extension (GO:1990138),3/39,0.4380131221661031,0.6622296948976895,0,0,1.262473031283711,1.04217957948788,MAP1B;IQGAP1;C9ORF72
GO_Biological_Process_2023,"Nuclear-Transcribed mRNA Catabolic Process, Deadenylation-Dependent Decay (GO:0000288)",3/39,0.4380131221661031,0.6622296948976895,0,0,1.262473031283711,1.04217957948788,CNOT4;ZFP36;PATL2
GO_Biological_Process_2023,Organelle Transport Along Microtubule (GO:0072384),3/39,0.4380131221661031,0.6622296948976895,0,0,1.262473031283711,1.04217957948788,UBB;CDR2L;BICD1
GO_Biological_Process_2023,Positive Regulation Of ATP-dependent Activity (GO:0032781),3/39,0.4380131221661031,0.6622296948976895,0,0,1.262473031283711,1.04217957948788,VMP1;PLSCR1;FXYD2
GO_Biological_Process_2023,Regulation Of Monoatomic Cation Transmembrane Transport (GO:1904062),3/39,0.4380131221661031,0.6622296948976895,0,0,1.262473031283711,1.04217957948788,DPP6;KCNAB1;SCN5A
GO_Biological_Process_2023,Sensory Organ Development (GO:0007423),5/70,0.4387475176133291,0.6630583503973837,0,0,1.1654407181149482,0.9601263811393176,FOXC1;CHD7;SH3PXD2B;GDF3;CHRDL1
GO_Biological_Process_2023,Acylglycerol Catabolic Process (GO:0046464),2/24,0.4430529957669485,0.6672981853299068,0,0,1.3771588153156464,1.121098012283631,LIPE;PNPLA2
GO_Biological_Process_2023,Cell Morphogenesis Involved In Differentiation (GO:0000904),2/24,0.4430529957669485,0.6672981853299068,0,0,1.3771588153156464,1.121098012283631,RILPL2;EPHA2
GO_Biological_Process_2023,Fat-Soluble Vitamin Metabolic Process (GO:0006775),2/24,0.4430529957669485,0.6672981853299068,0,0,1.3771588153156464,1.121098012283631,LRP2;LGMN
GO_Biological_Process_2023,Positive Regulation Of Natural Killer Cell Mediated Immunity (GO:0002717),2/24,0.4430529957669485,0.6672981853299068,0,0,1.3771588153156464,1.121098012283631,CRTAM;PVR
GO_Biological_Process_2023,Protein K48-linked Deubiquitination (GO:0071108),2/24,0.4430529957669485,0.6672981853299068,0,0,1.3771588153156464,1.121098012283631,TNFAIP3;USP29
GO_Biological_Process_2023,Regulation Of Cytoplasmic Translation (GO:2000765),2/24,0.4430529957669485,0.6672981853299068,0,0,1.3771588153156464,1.121098012283631,PKM;CPEB2
GO_Biological_Process_2023,Regulation Of Microtubule Depolymerization (GO:0031114),2/24,0.4430529957669485,0.6672981853299068,0,0,1.3771588153156464,1.121098012283631,NAV3;MAP1B
GO_Biological_Process_2023,Response To Hexose (GO:0009746),2/24,0.4430529957669485,0.6672981853299068,0,0,1.3771588153156464,1.121098012283631,IRS2;THBS1
GO_Biological_Process_2023,Ceramide Metabolic Process (GO:0006672),4/55,0.4461544953250436,0.6716852152545814,0,0,1.1882194173215843,0.9589999915498992,ACER2;CERK;SPTLC2;PLPP1
GO_Biological_Process_2023,Positive Regulation Of Cell Projection Organization (GO:0031346),8/118,0.4489416961697053,0.6755955588448124,0,0,1.101897939590872,0.8824684657056777,TIAM2;LYN;NDRG4;CAMK1D;LRRC7;AVIL;MAGI2;S100A9
GO_Biological_Process_2023,Protein Autoubiquitination (GO:0051865),5/71,0.451057110309621,0.6784920775959177,0,0,1.14772113353961,0.913771169340264,TRIM71;CNOT4;MDM2;ASB4;RAD18
GO_Biological_Process_2023,Notch Signaling Pathway (GO:0007219),3/40,0.4545621442161085,0.682322510023252,0,0,1.2282865389661506,0.9684064637769896,JAG2;NOTCH3;HES1
GO_Biological_Process_2023,Negative Regulation Of Secretion By Cell (GO:1903531),3/40,0.4545621442161085,0.682322510023252,0,0,1.2282865389661506,0.9684064637769896,RSAD2;RHBDF2;LIF
GO_Biological_Process_2023,Regulation Of Autophagosome Assembly (GO:2000785),3/40,0.4545621442161085,0.682322510023252,0,0,1.2282865389661506,0.9684064637769896,SNX18;PIP4K2A;C9ORF72
GO_Biological_Process_2023,Regulation Of Protein Dephosphorylation (GO:0035304),3/40,0.4545621442161085,0.682322510023252,0,0,1.2282865389661506,0.9684064637769896,PPP1R15A;TGFB1;PRKCD
GO_Biological_Process_2023,Water-Soluble Vitamin Metabolic Process (GO:0006767),3/40,0.4545621442161085,0.682322510023252,0,0,1.2282865389661506,0.9684064637769896,MTHFD2L;SLC2A1;SLC2A3
GO_Biological_Process_2023,Inorganic Cation Import Across Plasma Membrane (GO:0098659),7/103,0.456678613400867,0.6828025183573307,0,0,1.1046993371212122,0.8658361520598614,KCNJ8;FXYD2;SCN4A;SCN5A;SLC9C1;SLC8A1;SLC8A2
GO_Biological_Process_2023,Non-Membrane-Bounded Organelle Assembly (GO:0140694),9/135,0.4597542193158986,0.6828025183573307,0,0,1.0821718931475028,0.8409159954983884,TMOD1;CDS1;HAUS8;SH3PXD2B;CIRBP;MAPRE3;C9ORF72;BICD1;PATL2
GO_Biological_Process_2023,Cholesterol Homeostasis (GO:0042632),5/72,0.4632938913546288,0.6828025183573307,0,0,1.1305304917874162,0.8698230060696879,EPHX2;RORA;APOA4;NR1D1;CYP7B1
GO_Biological_Process_2023,Negative Regulation Of Catabolic Process (GO:0009895),5/72,0.4632938913546288,0.6828025183573307,0,0,1.1305304917874162,0.8698230060696879,PRKCG;IL1B;FLNA;IRAK3;CIDEC
GO_Biological_Process_2023,Bile Acid Biosynthetic Process (GO:0006699),2/25,0.464226779993739,0.6828025183573307,0,0,1.3172120487856314,1.010804943095848,SCP2;CYP7B1
GO_Biological_Process_2023,Cardiac Conduction System Development (GO:0003161),2/25,0.464226779993739,0.6828025183573307,0,0,1.3172120487856314,1.010804943095848,GJA1;SCN5A
GO_Biological_Process_2023,Inner Ear Morphogenesis (GO:0042472),2/25,0.464226779993739,0.6828025183573307,0,0,1.3172120487856314,1.010804943095848,CHD7;SOX9
GO_Biological_Process_2023,Lamellipodium Assembly (GO:0030032),2/25,0.464226779993739,0.6828025183573307,0,0,1.3172120487856314,1.010804943095848,RHOD;VCL
GO_Biological_Process_2023,Long-Chain Fatty Acid Biosynthetic Process (GO:0042759),2/25,0.464226779993739,0.6828025183573307,0,0,1.3172120487856314,1.010804943095848,GSTP1;ALOX12
GO_Biological_Process_2023,Negative Regulation Of TORC1 Signaling (GO:1904262),2/25,0.464226779993739,0.6828025183573307,0,0,1.3172120487856314,1.010804943095848,SESN2;DEPDC5
GO_Biological_Process_2023,Negative Regulation Of Protein Transport (GO:0051224),2/25,0.464226779993739,0.6828025183573307,0,0,1.3172120487856314,1.010804943095848,RSAD2;RHBDF2
GO_Biological_Process_2023,Phosphatidylethanolamine Metabolic Process (GO:0046337),2/25,0.464226779993739,0.6828025183573307,0,0,1.3172120487856314,1.010804943095848,PLA2G2D;CHKA
GO_Biological_Process_2023,Positive Regulation Of Striated Muscle Cell Differentiation (GO:0051155),2/25,0.464226779993739,0.6828025183573307,0,0,1.3172120487856314,1.010804943095848,TGFB1;NRG1
GO_Biological_Process_2023,Purine Nucleoside Bisphosphate Metabolic Process (GO:0034032),2/25,0.464226779993739,0.6828025183573307,0,0,1.3172120487856314,1.010804943095848,ACOT9;ACOT2
GO_Biological_Process_2023,Ribonucleoside Bisphosphate Metabolic Process (GO:0033875),2/25,0.464226779993739,0.6828025183573307,0,0,1.3172120487856314,1.010804943095848,ACOT9;ACOT2
GO_Biological_Process_2023,Sodium Ion Homeostasis (GO:0055078),2/25,0.464226779993739,0.6828025183573307,0,0,1.3172120487856314,1.010804943095848,FXYD2;SLC8A1
GO_Biological_Process_2023,Ventricular Cardiac Muscle Tissue Development (GO:0003229),2/25,0.464226779993739,0.6828025183573307,0,0,1.3172120487856314,1.010804943095848,TGFB1;TNNI3
GO_Biological_Process_2023,Vesicle Cargo Loading (GO:0035459),2/25,0.464226779993739,0.6828025183573307,0,0,1.3172120487856314,1.010804943095848,SH2D2A;PICALM
GO_Biological_Process_2023,Positive Regulation Of Plasma Membrane Bounded Cell Projection Assembly (GO:0120034),6/88,0.4653886014289589,0.6828025183573307,0,0,1.10848020888968,0.8478571359907254,EPS8;RIPOR2;CDC42EP5;TGFB3;AVIL;CDC42EP2
GO_Biological_Process_2023,Cellular Response To Retinoic Acid (GO:0071300),3/41,0.4709034523746749,0.6828025183573307,0,0,1.1958993357179355,0.9006344091318853,LYN;WNT7B;SOX9
GO_Biological_Process_2023,Non-Canonical Wnt Signaling Pathway (GO:0035567),3/41,0.4709034523746749,0.6828025183573307,0,0,1.1958993357179355,0.9006344091318853,PRICKLE2;FZD9;CELSR3
GO_Biological_Process_2023,Stem Cell Differentiation (GO:0048863),3/41,0.4709034523746749,0.6828025183573307,0,0,1.1958993357179355,0.9006344091318853,DNMT3L;MLLT3;BATF
GO_Biological_Process_2023,Synaptic Vesicle Exocytosis (GO:0016079),3/41,0.4709034523746749,0.6828025183573307,0,0,1.1958993357179355,0.9006344091318853,RIMS3;STX3;STX11
GO_Biological_Process_2023,Acidic Amino Acid Transport (GO:0015800),1/10,0.4725323413077004,0.6828025183573307,0,0,1.6830012565069108,1.2616603556609751,GJA1
GO_Biological_Process_2023,Actin Filament Depolymerization (GO:0030042),1/10,0.4725323413077004,0.6828025183573307,0,0,1.6830012565069108,1.2616603556609751,GSN
GO_Biological_Process_2023,Arginine Metabolic Process (GO:0006525),1/10,0.4725323413077004,0.6828025183573307,0,0,1.6830012565069108,1.2616603556609751,NOS3
GO_Biological_Process_2023,Aromatic Amino Acid Family Catabolic Process (GO:0009074),1/10,0.4725323413077004,0.6828025183573307,0,0,1.6830012565069108,1.2616603556609751,TAT
GO_Biological_Process_2023,calcineurin-NFAT Signaling Cascade (GO:0033173),1/10,0.4725323413077004,0.6828025183573307,0,0,1.6830012565069108,1.2616603556609751,NFAT5
GO_Biological_Process_2023,Cell Proliferation In Forebrain (GO:0021846),1/10,0.4725323413077004,0.6828025183573307,0,0,1.6830012565069108,1.2616603556609751,KIF14
GO_Biological_Process_2023,Cellular Response To Forskolin (GO:1904322),1/10,0.4725323413077004,0.6828025183573307,0,0,1.6830012565069108,1.2616603556609751,ADCY3
GO_Biological_Process_2023,Cellular Response To Interleukin-12 (GO:0071349),1/10,0.4725323413077004,0.6828025183573307,0,0,1.6830012565069108,1.2616603556609751,STAT4
GO_Biological_Process_2023,Cellular Response To Interleukin-15 (GO:0071350),1/10,0.4725323413077004,0.6828025183573307,0,0,1.6830012565069108,1.2616603556609751,IL2RG
GO_Biological_Process_2023,Cellular Response To Leucine (GO:0071233),1/10,0.4725323413077004,0.6828025183573307,0,0,1.6830012565069108,1.2616603556609751,SESN2
GO_Biological_Process_2023,Cellular Response To Type III Interferon (GO:0071358),1/10,0.4725323413077004,0.6828025183573307,0,0,1.6830012565069108,1.2616603556609751,IFNLR1
GO_Biological_Process_2023,Copper Ion Transport (GO:0006825),1/10,0.4725323413077004,0.6828025183573307,0,0,1.6830012565069108,1.2616603556609751,ATP7A
GO_Biological_Process_2023,Engulfment Of Apoptotic Cell (GO:0043652),1/10,0.4725323413077004,0.6828025183573307,0,0,1.6830012565069108,1.2616603556609751,THBS1
GO_Biological_Process_2023,Epithelial Cell Apoptotic Process (GO:1904019),1/10,0.4725323413077004,0.6828025183573307,0,0,1.6830012565069108,1.2616603556609751,GSN
GO_Biological_Process_2023,Hematopoietic Stem Cell Proliferation (GO:0071425),1/10,0.4725323413077004,0.6828025183573307,0,0,1.6830012565069108,1.2616603556609751,RUNX1
GO_Biological_Process_2023,Heme Catabolic Process (GO:0042167),1/10,0.4725323413077004,0.6828025183573307,0,0,1.6830012565069108,1.2616603556609751,HMOX1
GO_Biological_Process_2023,"Heparan Sulfate Proteoglycan Biosynthetic Process, Enzymatic Modification (GO:0015015)",1/10,0.4725323413077004,0.6828025183573307,0,0,1.6830012565069108,1.2616603556609751,HS3ST1
GO_Biological_Process_2023,Interleukin-15-Mediated Signaling Pathway (GO:0035723),1/10,0.4725323413077004,0.6828025183573307,0,0,1.6830012565069108,1.2616603556609751,IL2RG
GO_Biological_Process_2023,Lens Fiber Cell Differentiation (GO:0070306),1/10,0.4725323413077004,0.6828025183573307,0,0,1.6830012565069108,1.2616603556609751,WNT7B
GO_Biological_Process_2023,Mast Cell Activation Involved In Immune Response (GO:0002279),1/10,0.4725323413077004,0.6828025183573307,0,0,1.6830012565069108,1.2616603556609751,NR4A3
GO_Biological_Process_2023,Mast Cell Degranulation (GO:0043303),1/10,0.4725323413077004,0.6828025183573307,0,0,1.6830012565069108,1.2616603556609751,NR4A3
GO_Biological_Process_2023,Mesonephros Development (GO:0001823),1/10,0.4725323413077004,0.6828025183573307,0,0,1.6830012565069108,1.2616603556609751,ZBTB16
GO_Biological_Process_2023,miRNA Catabolic Process (GO:0010587),1/10,0.4725323413077004,0.6828025183573307,0,0,1.6830012565069108,1.2616603556609751,ZC3H12A
GO_Biological_Process_2023,Microtubule Anchoring At Centrosome (GO:0034454),1/10,0.4725323413077004,0.6828025183573307,0,0,1.6830012565069108,1.2616603556609751,CCDC120
GO_Biological_Process_2023,Midbrain Dopaminergic Neuron Differentiation (GO:1904948),1/10,0.4725323413077004,0.6828025183573307,0,0,1.6830012565069108,1.2616603556609751,NR4A2
GO_Biological_Process_2023,Mitotic G1/S Transition Checkpoint Signaling (GO:0044819),1/10,0.4725323413077004,0.6828025183573307,0,0,1.6830012565069108,1.2616603556609751,PLK3
GO_Biological_Process_2023,Negative Regulation Of B Cell Proliferation (GO:0030889),1/10,0.4725323413077004,0.6828025183573307,0,0,1.6830012565069108,1.2616603556609751,LYN
GO_Biological_Process_2023,Negative Regulation Of Alpha-Beta T Cell Activation (GO:0046636),1/10,0.4725323413077004,0.6828025183573307,0,0,1.6830012565069108,1.2616603556609751,TARM1
GO_Biological_Process_2023,Negative Regulation Of Dephosphorylation (GO:0035305),1/10,0.4725323413077004,0.6828025183573307,0,0,1.6830012565069108,1.2616603556609751,PPP1R15A
GO_Biological_Process_2023,Negative Regulation Of Hydrogen Peroxide-Induced Cell Death (GO:1903206),1/10,0.4725323413077004,0.6828025183573307,0,0,1.6830012565069108,1.2616603556609751,HGF
GO_Biological_Process_2023,Negative Regulation Of Interleukin-17 Production (GO:0032700),1/10,0.4725323413077004,0.6828025183573307,0,0,1.6830012565069108,1.2616603556609751,TNFSF4
GO_Biological_Process_2023,Negative Regulation Of Lipopolysaccharide-Mediated Signaling Pathway (GO:0031665),1/10,0.4725323413077004,0.6828025183573307,0,0,1.6830012565069108,1.2616603556609751,TRIB1
GO_Biological_Process_2023,Negative Regulation Of Mitochondrial Outer Membrane Permeabilization Involved In Apoptotic Signaling Pathway (GO:1901029),1/10,0.4725323413077004,0.6828025183573307,0,0,1.6830012565069108,1.2616603556609751,FZD9
GO_Biological_Process_2023,Negative Regulation Of Natural Killer Cell Mediated Immunity (GO:0002716),1/10,0.4725323413077004,0.6828025183573307,0,0,1.6830012565069108,1.2616603556609751,KLRC1
GO_Biological_Process_2023,Negative Regulation Of Steroid Biosynthetic Process (GO:0010894),1/10,0.4725323413077004,0.6828025183573307,0,0,1.6830012565069108,1.2616603556609751,DKKL1
GO_Biological_Process_2023,Peptidyl-Proline Hydroxylation (GO:0019511),1/10,0.4725323413077004,0.6828025183573307,0,0,1.6830012565069108,1.2616603556609751,P4HTM
GO_Biological_Process_2023,Phosphate Ion Transmembrane Transport (GO:0035435),1/10,0.4725323413077004,0.6828025183573307,0,0,1.6830012565069108,1.2616603556609751,SLC20A1
GO_Biological_Process_2023,Positive Regulation Of B Cell Differentiation (GO:0045579),1/10,0.4725323413077004,0.6828025183573307,0,0,1.6830012565069108,1.2616603556609751,SYK
GO_Biological_Process_2023,Positive Regulation Of Actin Nucleation (GO:0051127),1/10,0.4725323413077004,0.6828025183573307,0,0,1.6830012565069108,1.2616603556609751,GSN
GO_Biological_Process_2023,Positive Regulation Of Cellular Respiration (GO:1901857),1/10,0.4725323413077004,0.6828025183573307,0,0,1.6830012565069108,1.2616603556609751,IFNLR1
GO_Biological_Process_2023,Positive Regulation Of Cholesterol Metabolic Process (GO:0090205),1/10,0.4725323413077004,0.6828025183573307,0,0,1.6830012565069108,1.2616603556609751,SH2D2A
GO_Biological_Process_2023,Positive Regulation Of Defense Response To Bacterium (GO:1900426),1/10,0.4725323413077004,0.6828025183573307,0,0,1.6830012565069108,1.2616603556609751,EMILIN2
GO_Biological_Process_2023,Positive Regulation Of Dendrite Development (GO:1900006),1/10,0.4725323413077004,0.6828025183573307,0,0,1.6830012565069108,1.2616603556609751,LRP8
GO_Biological_Process_2023,Positive Regulation Of Interleukin-13 Production (GO:0032736),1/10,0.4725323413077004,0.6828025183573307,0,0,1.6830012565069108,1.2616603556609751,TNFSF4
GO_Biological_Process_2023,Positive Regulation Of Mitochondrial Outer Membrane Permeabilization Involved In Apoptotic Signaling Pathway (GO:1901030),1/10,0.4725323413077004,0.6828025183573307,0,0,1.6830012565069108,1.2616603556609751,BBC3
GO_Biological_Process_2023,Positive Regulation Of Post-Transcriptional Gene Silencing By RNA (GO:1900370),1/10,0.4725323413077004,0.6828025183573307,0,0,1.6830012565069108,1.2616603556609751,ZFP36
GO_Biological_Process_2023,Receptor-Mediated Endocytosis Of Virus By Host Cell (GO:0019065),1/10,0.4725323413077004,0.6828025183573307,0,0,1.6830012565069108,1.2616603556609751,CTSL
GO_Biological_Process_2023,Regulation Of Amyloid Precursor Protein Biosynthetic Process (GO:0042984),1/10,0.4725323413077004,0.6828025183573307,0,0,1.6830012565069108,1.2616603556609751,NECAB2
GO_Biological_Process_2023,Regulation Of Axon Regeneration (GO:0048679),1/10,0.4725323413077004,0.6828025183573307,0,0,1.6830012565069108,1.2616603556609751,STK24
GO_Biological_Process_2023,Regulation Of Calcium Ion Import Across Plasma Membrane (GO:1905664),1/10,0.4725323413077004,0.6828025183573307,0,0,1.6830012565069108,1.2616603556609751,RAMP3
GO_Biological_Process_2023,Regulation Of Gene Expression By Genomic Imprinting (GO:0006349),1/10,0.4725323413077004,0.6828025183573307,0,0,1.6830012565069108,1.2616603556609751,DNMT3L
GO_Biological_Process_2023,Regulation Of Lipid Transport (GO:0032368),1/10,0.4725323413077004,0.6828025183573307,0,0,1.6830012565069108,1.2616603556609751,ITGB3
GO_Biological_Process_2023,Regulation Of Low-Density Lipoprotein Particle Clearance (GO:0010988),1/10,0.4725323413077004,0.6828025183573307,0,0,1.6830012565069108,1.2616603556609751,FGF21
GO_Biological_Process_2023,Regulation Of Melanin Biosynthetic Process (GO:0048021),1/10,0.4725323413077004,0.6828025183573307,0,0,1.6830012565069108,1.2616603556609751,ATP7A
GO_Biological_Process_2023,Regulation Of Mitotic Sister Chromatid Separation (GO:0010965),1/10,0.4725323413077004,0.6828025183573307,0,0,1.6830012565069108,1.2616603556609751,DUSP1
GO_Biological_Process_2023,Regulation Of Phospholipase Activity (GO:0010517),1/10,0.4725323413077004,0.6828025183573307,0,0,1.6830012565069108,1.2616603556609751,FGFR1
GO_Biological_Process_2023,Regulation Of Programmed Necrotic Cell Death (GO:0062098),1/10,0.4725323413077004,0.6828025183573307,0,0,1.6830012565069108,1.2616603556609751,BIRC3
GO_Biological_Process_2023,Regulation Of Respiratory Burst (GO:0060263),1/10,0.4725323413077004,0.6828025183573307,0,0,1.6830012565069108,1.2616603556609751,JCHAIN
GO_Biological_Process_2023,Regulation Of Smooth Muscle Cell Apoptotic Process (GO:0034391),1/10,0.4725323413077004,0.6828025183573307,0,0,1.6830012565069108,1.2616603556609751,CDKN2A
GO_Biological_Process_2023,Response To Forskolin (GO:1904321),1/10,0.4725323413077004,0.6828025183573307,0,0,1.6830012565069108,1.2616603556609751,ADCY3
GO_Biological_Process_2023,Response To Leucine (GO:0043201),1/10,0.4725323413077004,0.6828025183573307,0,0,1.6830012565069108,1.2616603556609751,SESN2
GO_Biological_Process_2023,Response To Prostaglandin E (GO:0034695),1/10,0.4725323413077004,0.6828025183573307,0,0,1.6830012565069108,1.2616603556609751,TNFSF4
GO_Biological_Process_2023,Sarcoplasmic Reticulum Calcium Ion Transport (GO:0070296),1/10,0.4725323413077004,0.6828025183573307,0,0,1.6830012565069108,1.2616603556609751,CCL3
GO_Biological_Process_2023,Serine Family Amino Acid Biosynthetic Process (GO:0009070),1/10,0.4725323413077004,0.6828025183573307,0,0,1.6830012565069108,1.2616603556609751,PSAT1
GO_Biological_Process_2023,Steroid Hormone Mediated Signaling Pathway (GO:0043401),1/10,0.4725323413077004,0.6828025183573307,0,0,1.6830012565069108,1.2616603556609751,PLPP1
GO_Biological_Process_2023,Surfactant Homeostasis (GO:0043129),1/10,0.4725323413077004,0.6828025183573307,0,0,1.6830012565069108,1.2616603556609751,NAPSA
GO_Biological_Process_2023,Type III Interferon-Mediated Signaling Pathway (GO:0038196),1/10,0.4725323413077004,0.6828025183573307,0,0,1.6830012565069108,1.2616603556609751,IFNLR1
GO_Biological_Process_2023,Urogenital System Development (GO:0001655),1/10,0.4725323413077004,0.6828025183573307,0,0,1.6830012565069108,1.2616603556609751,SOX9
GO_Biological_Process_2023,Very-Low-Density Lipoprotein Particle Assembly (GO:0034379),1/10,0.4725323413077004,0.6828025183573307,0,0,1.6830012565069108,1.2616603556609751,MFSD2A
GO_Biological_Process_2023,Sterol Homeostasis (GO:0055092),5/73,0.475448172900088,0.6867370322043074,0,0,1.1138454571455811,0.8281411990388577,EPHX2;RORA;APOA4;NR1D1;CYP7B1
GO_Biological_Process_2023,Cellular Response To Chemical Stress (GO:0062197),6/89,0.4763792989233464,0.6875238949181629,0,0,1.0950663969747605,0.8120365167395616,RAD52;SRXN1;SESN2;ZC3H12A;CPEB2;ZFP36L2
GO_Biological_Process_2023,Sodium Ion Transport (GO:0006814),6/89,0.4763792989233464,0.6875238949181629,0,0,1.0950663969747605,0.8120365167395616,SCN4A;SCN5A;SGK1;KCNK1;SLC8A1;SLC8A2
GO_Biological_Process_2023,Calcium-Ion Regulated Exocytosis (GO:0017156),2/26,0.4849169321999482,0.6967377318125215,0,0,1.2622608461331175,0.9135962223867836,RIMS3;SYT13
GO_Biological_Process_2023,Meiosis I (GO:0007127),2/26,0.4849169321999482,0.6967377318125215,0,0,1.2622608461331175,0.9135962223867836,DNMT3L;HSF2BP
GO_Biological_Process_2023,miRNA-mediated Gene Silencing (GO:0035195),2/26,0.4849169321999482,0.6967377318125215,0,0,1.2622608461331175,0.9135962223867836,TRIM71;ZFP36
GO_Biological_Process_2023,Negative Regulation Of Receptor-Mediated Endocytosis (GO:0048261),2/26,0.4849169321999482,0.6967377318125215,0,0,1.2622608461331175,0.9135962223867836,ITGB3;PICALM
GO_Biological_Process_2023,Organelle Fusion (GO:0048284),2/26,0.4849169321999482,0.6967377318125215,0,0,1.2622608461331175,0.9135962223867836,STX3;CIDEC
GO_Biological_Process_2023,Positive Regulation Of Microtubule Polymerization Or Depolymerization (GO:0031112),2/26,0.4849169321999482,0.6967377318125215,0,0,1.2622608461331175,0.9135962223867836,NAV3;CDK5R1
GO_Biological_Process_2023,Positive Regulation Of Monooxygenase Activity (GO:0032770),2/26,0.4849169321999482,0.6967377318125215,0,0,1.2622608461331175,0.9135962223867836,IL1B;ATP7A
GO_Biological_Process_2023,Regulation Of Actin Filament Bundle Assembly (GO:0032231),2/26,0.4849169321999482,0.6967377318125215,0,0,1.2622608461331175,0.9135962223867836,ROCK2;LIMK1
GO_Biological_Process_2023,Regulation Of Cardiac Muscle Cell Contraction (GO:0086004),2/26,0.4849169321999482,0.6967377318125215,0,0,1.2622608461331175,0.9135962223867836,PDE4B;SCN5A
GO_Biological_Process_2023,Regulation Of Potassium Ion Transmembrane Transporter Activity (GO:1901016),2/26,0.4849169321999482,0.6967377318125215,0,0,1.2622608461331175,0.9135962223867836,STK39;KCNAB1
GO_Biological_Process_2023,Regulation Of Reactive Oxygen Species Biosynthetic Process (GO:1903426),2/26,0.4849169321999482,0.6967377318125215,0,0,1.2622608461331175,0.9135962223867836,MMP8;SLC25A33
GO_Biological_Process_2023,Positive Regulation Of Cell Growth (GO:0030307),7/106,0.4869999195882836,0.6973729997950313,0,0,1.0710514233241506,0.7706122034435833,SPHK1;LIMK1;NGF;S100A9;SLC25A33;S100A8;MFSD2A
GO_Biological_Process_2023,Branching Morphogenesis Of An Epithelial Tube (GO:0048754),3/42,0.4870189128694511,0.6973729997950313,0,0,1.1651730146875778,0.8382864300081193,MYC;RASIP1;EPHA2
GO_Biological_Process_2023,Embryonic Heart Tube Morphogenesis (GO:0003143),3/42,0.4870189128694511,0.6973729997950313,0,0,1.1651730146875778,0.8382864300081193,NDRG4;STIL;HES1
GO_Biological_Process_2023,Monoatomic Cation Transport (GO:0006812),3/42,0.4870189128694511,0.6973729997950313,0,0,1.1651730146875778,0.8382864300081193,ATP10D;ANO6;LRP2
GO_Biological_Process_2023,Positive Regulation Of Calcium Ion Transmembrane Transport (GO:1904427),3/42,0.4870189128694511,0.6973729997950313,0,0,1.1651730146875778,0.8382864300081193,CXCL10;CEMIP;RAMP3
GO_Biological_Process_2023,Stress-Activated MAPK Cascade (GO:0051403),3/42,0.4870189128694511,0.6973729997950313,0,0,1.1651730146875778,0.8382864300081193,ZFP36;TRIB1;ZFP36L1
GO_Biological_Process_2023,Gland Development (GO:0048732),5/74,0.487510751135111,0.6973729997950313,0,0,1.097644046696263,0.7885946106879446,CITED2;TGFB3;NRG1;HES1;SOX9
GO_Biological_Process_2023,Regulation Of Cell Cycle G1/S Phase Transition (GO:1902806),5/74,0.487510751135111,0.6973729997950313,0,0,1.097644046696263,0.7885946106879446,CDKN1A;CDKN2B;CDKN2A;KIF14;FAM83D
GO_Biological_Process_2023,Eye Development (GO:0001654),4/58,0.487514476957021,0.6973729997950313,0,0,1.122027290448343,0.8061040047892044,FOXC1;SH3PXD2B;GDF3;CHRDL1
GO_Biological_Process_2023,Glycosaminoglycan Biosynthetic Process (GO:0006024),4/58,0.487514476957021,0.6973729997950313,0,0,1.122027290448343,0.8061040047892044,CEMIP;CHST11;IL1B;HS3ST1
GO_Biological_Process_2023,Peptidyl-Threonine Phosphorylation (GO:0018107),4/58,0.487514476957021,0.6973729997950313,0,0,1.122027290448343,0.8061040047892044,ROCK2;PRKCD;STK39;CDK5R1
GO_Biological_Process_2023,Negative Regulation Of Cytokine-Mediated Signaling Pathway (GO:0001960),4/59,0.5010230428684699,0.7023814953329308,0,0,1.101567905778432,0.761297088403639,IL6;GSTP1;IRAK3;CCDC3
GO_Biological_Process_2023,Negative Regulation Of Protein-Containing Complex Assembly (GO:0031333),4/59,0.5010230428684699,0.7023814953329308,0,0,1.101567905778432,0.761297088403639,KIF14;FBXL2;MEFV;ANKS1B
GO_Biological_Process_2023,Energy Derivation By Oxidation Of Organic Compounds (GO:0015980),3/43,0.502892213290103,0.7023814953329308,0,0,1.1359830097087378,0.7808513418196656,NR4A3;GFPT2;MRAP2
GO_Biological_Process_2023,mRNA Transcription (GO:0009299),3/43,0.502892213290103,0.7023814953329308,0,0,1.1359830097087378,0.7808513418196656,C5AR1;S100A10;EREG
GO_Biological_Process_2023,Positive Regulation Of T Cell Mediated Immunity (GO:0002711),3/43,0.502892213290103,0.7023814953329308,0,0,1.1359830097087378,0.7808513418196656,IL1B;TNFSF4;CD55
GO_Biological_Process_2023,Regulation Of Filopodium Assembly (GO:0051489),3/43,0.502892213290103,0.7023814953329308,0,0,1.1359830097087378,0.7808513418196656,RIPOR2;TGFB3;PRKCD
GO_Biological_Process_2023,Skeletal System Morphogenesis (GO:0048705),3/43,0.502892213290103,0.7023814953329308,0,0,1.1359830097087378,0.7808513418196656,PDGFRA;ANKRD11;FGFR1
GO_Biological_Process_2023,Cellular Response To Acid Chemical (GO:0071229),2/27,0.505102084317187,0.7023814953329308,0,0,1.2117057396928053,0.8275886260063003,SESN2;KLF2
GO_Biological_Process_2023,Clathrin-Dependent Endocytosis (GO:0072583),2/27,0.505102084317187,0.7023814953329308,0,0,1.2117057396928053,0.8275886260063003,MAGI2;PICALM
GO_Biological_Process_2023,Cortical Cytoskeleton Organization (GO:0030865),2/27,0.505102084317187,0.7023814953329308,0,0,1.2117057396928053,0.8275886260063003,FMNL2;ROCK2
GO_Biological_Process_2023,Glycerophospholipid Catabolic Process (GO:0046475),2/27,0.505102084317187,0.7023814953329308,0,0,1.2117057396928053,0.8275886260063003,ENPP6;PLA2G7
GO_Biological_Process_2023,Microtubule Polymerization Or Depolymerization (GO:0031109),2/27,0.505102084317187,0.7023814953329308,0,0,1.2117057396928053,0.8275886260063003,KIF14;STMN4
GO_Biological_Process_2023,Peptide Cross-Linking (GO:0018149),2/27,0.505102084317187,0.7023814953329308,0,0,1.2117057396928053,0.8275886260063003,THBS1;FGFR1
GO_Biological_Process_2023,Positive Regulation Of TORC1 Signaling (GO:1904263),2/27,0.505102084317187,0.7023814953329308,0,0,1.2117057396928053,0.8275886260063003,SESN2;GPR137B
GO_Biological_Process_2023,Positive Regulation Of Filopodium Assembly (GO:0051491),2/27,0.505102084317187,0.7023814953329308,0,0,1.2117057396928053,0.8275886260063003,RIPOR2;TGFB3
GO_Biological_Process_2023,Regulation Of Mitochondrial Fission (GO:0090140),2/27,0.505102084317187,0.7023814953329308,0,0,1.2117057396928053,0.8275886260063003,SPIRE1;DCN
GO_Biological_Process_2023,Respiratory Tube Development (GO:0030323),2/27,0.505102084317187,0.7023814953329308,0,0,1.2117057396928053,0.8275886260063003,WNT7B;HECA
GO_Biological_Process_2023,Ventricular Septum Morphogenesis (GO:0060412),2/27,0.505102084317187,0.7023814953329308,0,0,1.2117057396928053,0.8275886260063003,CITED2;HES1
GO_Biological_Process_2023,P-body Assembly (GO:0033962),1/11,0.5052252396887618,0.7023814953329308,0,0,1.5146203554119548,1.034108456190982,PATL2
GO_Biological_Process_2023,cGMP Metabolic Process (GO:0046068),1/11,0.5052252396887618,0.7023814953329308,0,0,1.5146203554119548,1.034108456190982,GUCY2F
GO_Biological_Process_2023,Calcineurin-Mediated Signaling (GO:0097720),1/11,0.5052252396887618,0.7023814953329308,0,0,1.5146203554119548,1.034108456190982,NFAT5
GO_Biological_Process_2023,Catecholamine Biosynthetic Process (GO:0042423),1/11,0.5052252396887618,0.7023814953329308,0,0,1.5146203554119548,1.034108456190982,MOXD1
GO_Biological_Process_2023,Cellular Response To UV-B (GO:0071493),1/11,0.5052252396887618,0.7023814953329308,0,0,1.5146203554119548,1.034108456190982,MFAP4
GO_Biological_Process_2023,Central Nervous System Neuron Axonogenesis (GO:0021955),1/11,0.5052252396887618,0.7023814953329308,0,0,1.5146203554119548,1.034108456190982,B4GALT6
GO_Biological_Process_2023,Cochlea Morphogenesis (GO:0090103),1/11,0.5052252396887618,0.7023814953329308,0,0,1.5146203554119548,1.034108456190982,SOX9
GO_Biological_Process_2023,Complement Receptor Mediated Signaling Pathway (GO:0002430),1/11,0.5052252396887618,0.7023814953329308,0,0,1.5146203554119548,1.034108456190982,C5AR1
GO_Biological_Process_2023,Detection Of Light Stimulus Involved In Sensory Perception (GO:0050962),1/11,0.5052252396887618,0.7023814953329308,0,0,1.5146203554119548,1.034108456190982,TULP1
GO_Biological_Process_2023,Detection Of Light Stimulus Involved In Visual Perception (GO:0050908),1/11,0.5052252396887618,0.7023814953329308,0,0,1.5146203554119548,1.034108456190982,TULP1
GO_Biological_Process_2023,Double-Strand Break Repair Via Break-Induced Replication (GO:0000727),1/11,0.5052252396887618,0.7023814953329308,0,0,1.5146203554119548,1.034108456190982,MCMDC2
GO_Biological_Process_2023,Erythrocyte Development (GO:0048821),1/11,0.5052252396887618,0.7023814953329308,0,0,1.5146203554119548,1.034108456190982,ALAS2
GO_Biological_Process_2023,Glycerol Metabolic Process (GO:0006071),1/11,0.5052252396887618,0.7023814953329308,0,0,1.5146203554119548,1.034108456190982,GOT1
GO_Biological_Process_2023,Intracellular Copper Ion Homeostasis (GO:0006878),1/11,0.5052252396887618,0.7023814953329308,0,0,1.5146203554119548,1.034108456190982,ATP7A
GO_Biological_Process_2023,Maintenance Of Protein Localization In Endoplasmic Reticulum (GO:0035437),1/11,0.5052252396887618,0.7023814953329308,0,0,1.5146203554119548,1.034108456190982,INSIG2
GO_Biological_Process_2023,Mast Cell Mediated Immunity (GO:0002448),1/11,0.5052252396887618,0.7023814953329308,0,0,1.5146203554119548,1.034108456190982,NR4A3
GO_Biological_Process_2023,Methylguanosine-Cap Decapping (GO:0110156),1/11,0.5052252396887618,0.7023814953329308,0,0,1.5146203554119548,1.034108456190982,PATL2
GO_Biological_Process_2023,Mitochondrial Respiratory Chain Complex III Assembly (GO:0034551),1/11,0.5052252396887618,0.7023814953329308,0,0,1.5146203554119548,1.034108456190982,SLC25A33
GO_Biological_Process_2023,Negative Regulation Of calcineurin-NFAT Signaling Cascade (GO:0070885),1/11,0.5052252396887618,0.7023814953329308,0,0,1.5146203554119548,1.034108456190982,RCAN1
GO_Biological_Process_2023,Negative Regulation Of Calcineurin-Mediated Signaling (GO:0106057),1/11,0.5052252396887618,0.7023814953329308,0,0,1.5146203554119548,1.034108456190982,RCAN1
GO_Biological_Process_2023,Negative Regulation Of Heart Contraction (GO:0045822),1/11,0.5052252396887618,0.7023814953329308,0,0,1.5146203554119548,1.034108456190982,ZC3H12A
GO_Biological_Process_2023,Negative Regulation Of Leukocyte Apoptotic Process (GO:2000107),1/11,0.5052252396887618,0.7023814953329308,0,0,1.5146203554119548,1.034108456190982,HCLS1
GO_Biological_Process_2023,Negative Regulation Of Nitrogen Compound Metabolic Process (GO:0051172),1/11,0.5052252396887618,0.7023814953329308,0,0,1.5146203554119548,1.034108456190982,TGFB1
GO_Biological_Process_2023,Negative Regulation Of Potassium Ion Transmembrane Transport (GO:1901380),1/11,0.5052252396887618,0.7023814953329308,0,0,1.5146203554119548,1.034108456190982,STK39
GO_Biological_Process_2023,Negative Regulation Of Vascular Permeability (GO:0043116),1/11,0.5052252396887618,0.7023814953329308,0,0,1.5146203554119548,1.034108456190982,PTPRJ
GO_Biological_Process_2023,Neurotransmitter Biosynthetic Process (GO:0042136),1/11,0.5052252396887618,0.7023814953329308,0,0,1.5146203554119548,1.034108456190982,MOXD1
GO_Biological_Process_2023,Nucleoside Phosphate Catabolic Process (GO:1901292),1/11,0.5052252396887618,0.7023814953329308,0,0,1.5146203554119548,1.034108456190982,ENTPD1
GO_Biological_Process_2023,Nucleotide-Binding Oligomerization Domain Containing Signaling Pathway (GO:0070423),1/11,0.5052252396887618,0.7023814953329308,0,0,1.5146203554119548,1.034108456190982,TNFAIP3
GO_Biological_Process_2023,Organic Cyclic Compound Catabolic Process (GO:1901361),1/11,0.5052252396887618,0.7023814953329308,0,0,1.5146203554119548,1.034108456190982,EPHX2
GO_Biological_Process_2023,Phagosome-Lysosome Fusion (GO:0090385),1/11,0.5052252396887618,0.7023814953329308,0,0,1.5146203554119548,1.034108456190982,RAB7B
GO_Biological_Process_2023,Phospholipid Efflux (GO:0033700),1/11,0.5052252396887618,0.7023814953329308,0,0,1.5146203554119548,1.034108456190982,APOA4
GO_Biological_Process_2023,Positive Regulation Of Behavior (GO:0048520),1/11,0.5052252396887618,0.7023814953329308,0,0,1.5146203554119548,1.034108456190982,NR4A3
GO_Biological_Process_2023,Positive Regulation Of Branching Involved In Ureteric Bud Morphogenesis (GO:0090190),1/11,0.5052252396887618,0.7023814953329308,0,0,1.5146203554119548,1.034108456190982,SOX9
GO_Biological_Process_2023,Positive Regulation Of Circadian Rhythm (GO:0042753),1/11,0.5052252396887618,0.7023814953329308,0,0,1.5146203554119548,1.034108456190982,RORA
GO_Biological_Process_2023,Positive Regulation Of Endoplasmic Reticulum Unfolded Protein Response (GO:1900103),1/11,0.5052252396887618,0.7023814953329308,0,0,1.5146203554119548,1.034108456190982,BCL2L11
GO_Biological_Process_2023,Positive Regulation Of Keratinocyte Proliferation (GO:0010838),1/11,0.5052252396887618,0.7023814953329308,0,0,1.5146203554119548,1.034108456190982,LRG1
GO_Biological_Process_2023,Positive Regulation Of Metaphase/Anaphase Transition Of Cell Cycle (GO:1902101),1/11,0.5052252396887618,0.7023814953329308,0,0,1.5146203554119548,1.034108456190982,CDC16
GO_Biological_Process_2023,Positive Regulation Of Mitotic Metaphase/Anaphase Transition (GO:0045842),1/11,0.5052252396887618,0.7023814953329308,0,0,1.5146203554119548,1.034108456190982,CDC16
GO_Biological_Process_2023,Positive Regulation Of Muscle Contraction (GO:0045933),1/11,0.5052252396887618,0.7023814953329308,0,0,1.5146203554119548,1.034108456190982,SPHK1
GO_Biological_Process_2023,Positive Regulation Of Myelination (GO:0031643),1/11,0.5052252396887618,0.7023814953329308,0,0,1.5146203554119548,1.034108456190982,EGR2
GO_Biological_Process_2023,Positive Regulation Of Protein Polyubiquitination (GO:1902916),1/11,0.5052252396887618,0.7023814953329308,0,0,1.5146203554119548,1.034108456190982,PTPN22
GO_Biological_Process_2023,Regulation Of Alcohol Biosynthetic Process (GO:1902930),1/11,0.5052252396887618,0.7023814953329308,0,0,1.5146203554119548,1.034108456190982,SH2D2A
GO_Biological_Process_2023,Regulation Of Cilium Movement (GO:0003352),1/11,0.5052252396887618,0.7023814953329308,0,0,1.5146203554119548,1.034108456190982,ODAD2
GO_Biological_Process_2023,Regulation Of Fatty Acid Metabolic Process (GO:0019217),1/11,0.5052252396887618,0.7023814953329308,0,0,1.5146203554119548,1.034108456190982,PDK4
GO_Biological_Process_2023,Regulation Of Glycogen Metabolic Process (GO:0070873),1/11,0.5052252396887618,0.7023814953329308,0,0,1.5146203554119548,1.034108456190982,PPP1R3G
GO_Biological_Process_2023,Regulation Of Keratinocyte Migration (GO:0051547),1/11,0.5052252396887618,0.7023814953329308,0,0,1.5146203554119548,1.034108456190982,MAP4K4
GO_Biological_Process_2023,Regulation Of mRNA 3'-End Processing (GO:0031440),1/11,0.5052252396887618,0.7023814953329308,0,0,1.5146203554119548,1.034108456190982,ZFP36L1
GO_Biological_Process_2023,Regulation Of Protein K63-linked Ubiquitination (GO:1900044),1/11,0.5052252396887618,0.7023814953329308,0,0,1.5146203554119548,1.034108456190982,PTPN22
GO_Biological_Process_2023,Regulation Of Response To Oxidative Stress (GO:1902882),1/11,0.5052252396887618,0.7023814953329308,0,0,1.5146203554119548,1.034108456190982,HEBP2
GO_Biological_Process_2023,Respiratory Chain Complex III Assembly (GO:0017062),1/11,0.5052252396887618,0.7023814953329308,0,0,1.5146203554119548,1.034108456190982,SLC25A33
GO_Biological_Process_2023,Self Proteolysis (GO:0097264),1/11,0.5052252396887618,0.7023814953329308,0,0,1.5146203554119548,1.034108456190982,LGMN
GO_Biological_Process_2023,Smooth Muscle Cell Differentiation (GO:0051145),1/11,0.5052252396887618,0.7023814953329308,0,0,1.5146203554119548,1.034108456190982,MRTFA
GO_Biological_Process_2023,Tetrahydrofolate Metabolic Process (GO:0046653),1/11,0.5052252396887618,0.7023814953329308,0,0,1.5146203554119548,1.034108456190982,MTHFD2L
GO_Biological_Process_2023,Tyrosine Metabolic Process (GO:0006570),1/11,0.5052252396887618,0.7023814953329308,0,0,1.5146203554119548,1.034108456190982,TAT
GO_Biological_Process_2023,Positive Regulation Of Translation (GO:0045727),7/108,0.5069397908393917,0.7044899319005837,0,0,1.0497299729972998,0.7131477437280649,DAZL;IL6;PKM;CCL5;CIRBP;CD28;THBS1
GO_Biological_Process_2023,B Cell Activation (GO:0042113),6/92,0.5089230213006722,0.7066941212676913,0,0,1.0566966559158038,0.7137547477066082,LAT2;KLF6;VCAM1;PRKCB;PTPRJ;MS4A1
GO_Biological_Process_2023,Steroid Metabolic Process (GO:0008202),6/92,0.5089230213006722,0.7066941212676913,0,0,1.0566966559158038,0.7137547477066082,SCP2;SULT1E1;DHRS9;LRP2;CYP7B1;LGMN
GO_Biological_Process_2023,Protein Localization (GO:0008104),22/351,0.5091620371247135,0.7067502691602401,0,0,1.0127649584283442,0.6836051751652549,CCDC120;AP4E1;LAPTM5;DNAJC27;BICD1;STX11;FBLN5;GJA1;ARL4A;RAB31;ID1;SH3PXD2B;FLNA;MAL;MAPRE3;ESAM;STX3;TMED6;SQSTM1;TMED5;VCL;CD177
GO_Biological_Process_2023,Regulation Of Extrinsic Apoptotic Signaling Pathway (GO:2001236),4/60,0.5143738406879738,0.713428097820927,0,0,1.0818392134181607,0.7192120764957024,TNFRSF12A;GSTP1;THBS1;FGFR1
GO_Biological_Process_2023,Response To Retinoic Acid (GO:0032526),4/60,0.5143738406879738,0.713428097820927,0,0,1.0818392134181607,0.7192120764957024,LYN;ACER2;WNT7B;SOX9
GO_Biological_Process_2023,Negative Regulation Of Developmental Process (GO:0051093),7/109,0.5168115723115543,0.7165299516388086,0,0,1.039382798573975,0.6860726114762846,KLF7;FOXC1;TGFB1;ROCK2;NOS3;SOX9;TENT5C
GO_Biological_Process_2023,Bone Development (GO:0060348),3/44,0.5185087817909761,0.7174855188157403,0,0,1.1082169074117925,0.7278749969327133,GJA1;SH3PXD2B;BMP6
GO_Biological_Process_2023,Embryonic Organ Morphogenesis (GO:0048562),3/44,0.5185087817909761,0.7174855188157403,0,0,1.1082169074117925,0.7278749969327133,PDGFRA;ALDH1A3;HES1
GO_Biological_Process_2023,Establishment Of Protein Localization To Mitochondrion (GO:0072655),3/44,0.5185087817909761,0.7174855188157403,0,0,1.1082169074117925,0.7278749969327133,CHCHD4;HK2;HK1
GO_Biological_Process_2023,Neural Crest Cell Development (GO:0014032),3/44,0.5185087817909761,0.7174855188157403,0,0,1.1082169074117925,0.7278749969327133,SEMA3D;SEMA4C;NRG1
GO_Biological_Process_2023,Response To Unfolded Protein (GO:0006986),3/44,0.5185087817909761,0.7174855188157403,0,0,1.1082169074117925,0.7278749969327133,HSPB8;DDIT3;HSPB1
GO_Biological_Process_2023,Negative Regulation Of Amide Metabolic Process (GO:0034249),6/93,0.5196064734331164,0.7187250054210887,0,0,1.0444947842380512,0.6838135384382942,TRIM71;BTG2;SPHK1;ENC1;EIF2AK3;PATL2
GO_Biological_Process_2023,Actomyosin Structure Organization (GO:0031032),5/77,0.5230634965979456,0.7197148567683525,0,0,1.0517400504231946,0.6815826784484419,TMOD1;FRMD3;ROCK2;ANKRD1;SORBS1
GO_Biological_Process_2023,Negative Regulation Of Transforming Growth Factor Beta Receptor Signaling Pathway (GO:0030512),5/77,0.5230634965979456,0.7197148567683525,0,0,1.0517400504231946,0.6815826784484419,SPRED3;NRROS;WFIKKN1;ADAMTSL2;SPRY2
GO_Biological_Process_2023,Protein-Containing Complex Organization (GO:0043933),8/126,0.5236353808487868,0.7197148567683525,0,0,1.0267523991793912,0.6642673984206677,MDM2;SLC2A1;LPXN;CAPG;HES1;SOX9;PICALM;JCHAIN
GO_Biological_Process_2023,Golgi To Plasma Membrane Protein Transport (GO:0043001),2/28,0.5247653662199563,0.7197148567683525,0,0,1.165039487594055,0.7512221657685275,KRT18;RAB31
GO_Biological_Process_2023,Cell-Substrate Junction Assembly (GO:0007044),2/28,0.5247653662199563,0.7197148567683525,0,0,1.165039487594055,0.7512221657685275,SORBS1;RHOD
GO_Biological_Process_2023,Membrane Fusion (GO:0061025),2/28,0.5247653662199563,0.7197148567683525,0,0,1.165039487594055,0.7512221657685275,STX3;STX11
GO_Biological_Process_2023,Negative Regulation Of Cation Channel Activity (GO:2001258),2/28,0.5247653662199563,0.7197148567683525,0,0,1.165039487594055,0.7512221657685275,EPO;KCNAB1
GO_Biological_Process_2023,Regulation Of Nitric-Oxide Synthase Activity (GO:0050999),2/28,0.5247653662199563,0.7197148567683525,0,0,1.165039487594055,0.7512221657685275,IL1A;IL1B
GO_Biological_Process_2023,Regulation Of Protein Targeting To Membrane (GO:0090313),2/28,0.5247653662199563,0.7197148567683525,0,0,1.165039487594055,0.7512221657685275,CEMIP;ITGB2
GO_Biological_Process_2023,Sterol Biosynthetic Process (GO:0016126),2/28,0.5247653662199563,0.7197148567683525,0,0,1.165039487594055,0.7512221657685275,CH25H;INSIG2
GO_Biological_Process_2023,Fatty Acid Catabolic Process (GO:0009062),4/61,0.5275568987643331,0.7197148567683525,0,0,1.062802755877548,0.6796608260946986,SCP2;EHHADH;LPIN2;PPARD
GO_Biological_Process_2023,Negative Regulation Of Autophagy (GO:0010507),4/61,0.5275568987643331,0.7197148567683525,0,0,1.062802755877548,0.6796608260946986,KDM4A;HGF;PTPN22;RASIP1
GO_Biological_Process_2023,Positive Regulation Of Organelle Assembly (GO:1902117),4/61,0.5275568987643331,0.7197148567683525,0,0,1.062802755877548,0.6796608260946986,STIL;SNX18;PIP4K2A;CAPG
GO_Biological_Process_2023,Sphingolipid Metabolic Process (GO:0006665),6/94,0.5301976307032843,0.7197148567683525,0,0,1.0325702278257023,0.6551714410096973,ACER2;CERK;SPTLC2;SPHK1;ELOVL3;PLPP1
GO_Biological_Process_2023,Natural Killer Cell Activation (GO:0030101),3/45,0.5338557055428136,0.7197148567683525,0,0,1.081773000462321,0.6789528538778614,NFIL3;ELF4;IL21R
GO_Biological_Process_2023,Negative Regulation Of Response To Biotic Stimulus (GO:0002832),3/45,0.5338557055428136,0.7197148567683525,0,0,1.081773000462321,0.6789528538778614,TNFAIP3;IRAK3;TRIB1
GO_Biological_Process_2023,Organic Hydroxy Compound Transport (GO:0015850),3/45,0.5338557055428136,0.7197148567683525,0,0,1.081773000462321,0.6789528538778614,SLC10A6;SLC5A11;GHRL
GO_Biological_Process_2023,Regulation Of Cellular Metabolic Process (GO:0031323),3/45,0.5338557055428136,0.7197148567683525,0,0,1.081773000462321,0.6789528538778614,PDK4;PDK3;SLC2A6
GO_Biological_Process_2023,Regulation Of Stem Cell Differentiation (GO:2000736),3/45,0.5338557055428136,0.7197148567683525,0,0,1.081773000462321,0.6789528538778614,PDGFRA;HES1;ZFP36L2
GO_Biological_Process_2023,Regulation Of TOR Signaling (GO:0032006),5/78,0.534676902952157,0.7197148567683525,0,0,1.0372771474878444,0.6494315817021096,DDIT4;GPAT3;DEPDC5;FAM83D;C9ORF72
GO_Biological_Process_2023,C4-dicarboxylate Transport (GO:0015740),1/12,0.5358933325192846,0.7197148567683525,0,0,1.3768541636069906,0.8589093628969381,SLC25A22
GO_Biological_Process_2023,MyD88-dependent Toll-Like Receptor Signaling Pathway (GO:0002755),1/12,0.5358933325192846,0.7197148567683525,0,0,1.3768541636069906,0.8589093628969381,IRAK3
GO_Biological_Process_2023,Alanine Transport (GO:0032328),1/12,0.5358933325192846,0.7197148567683525,0,0,1.3768541636069906,0.8589093628969381,SLC38A2
GO_Biological_Process_2023,Axonal Transport Of Mitochondrion (GO:0019896),1/12,0.5358933325192846,0.7197148567683525,0,0,1.3768541636069906,0.8589093628969381,SYBU
GO_Biological_Process_2023,Calcium Ion Import (GO:0070509),1/12,0.5358933325192846,0.7197148567683525,0,0,1.3768541636069906,0.8589093628969381,SLC8A1
GO_Biological_Process_2023,Cell Projection Assembly (GO:0030031),1/12,0.5358933325192846,0.7197148567683525,0,0,1.3768541636069906,0.8589093628969381,GSN
GO_Biological_Process_2023,Cellular Component Maintenance (GO:0043954),1/12,0.5358933325192846,0.7197148567683525,0,0,1.3768541636069906,0.8589093628969381,IGF1R
GO_Biological_Process_2023,Cellular Response To Leucine Starvation (GO:1990253),1/12,0.5358933325192846,0.7197148567683525,0,0,1.3768541636069906,0.8589093628969381,SESN2
GO_Biological_Process_2023,Dendrite Self-Avoidance (GO:0070593),1/12,0.5358933325192846,0.7197148567683525,0,0,1.3768541636069906,0.8589093628969381,EMB
GO_Biological_Process_2023,Epithelial Cell Morphogenesis (GO:0003382),1/12,0.5358933325192846,0.7197148567683525,0,0,1.3768541636069906,0.8589093628969381,RILPL2
GO_Biological_Process_2023,Eye Photoreceptor Cell Differentiation (GO:0001754),1/12,0.5358933325192846,0.7197148567683525,0,0,1.3768541636069906,0.8589093628969381,TULP1
GO_Biological_Process_2023,Fatty Acid Elongation (GO:0030497),1/12,0.5358933325192846,0.7197148567683525,0,0,1.3768541636069906,0.8589093628969381,ELOVL3
GO_Biological_Process_2023,Fatty Acid Transmembrane Transport (GO:1902001),1/12,0.5358933325192846,0.7197148567683525,0,0,1.3768541636069906,0.8589093628969381,SLC2A1
GO_Biological_Process_2023,Folic Acid Metabolic Process (GO:0046655),1/12,0.5358933325192846,0.7197148567683525,0,0,1.3768541636069906,0.8589093628969381,MTHFD2L
GO_Biological_Process_2023,Gamma-Delta T Cell Activation (GO:0046629),1/12,0.5358933325192846,0.7197148567683525,0,0,1.3768541636069906,0.8589093628969381,ITK
GO_Biological_Process_2023,Granulocyte Differentiation (GO:0030851),1/12,0.5358933325192846,0.7197148567683525,0,0,1.3768541636069906,0.8589093628969381,LYN
GO_Biological_Process_2023,Ionotropic Glutamate Receptor Signaling Pathway (GO:0035235),1/12,0.5358933325192846,0.7197148567683525,0,0,1.3768541636069906,0.8589093628969381,CDK5R1
GO_Biological_Process_2023,Lipid Droplet Formation (GO:0140042),1/12,0.5358933325192846,0.7197148567683525,0,0,1.3768541636069906,0.8589093628969381,CDS1
GO_Biological_Process_2023,Low-Density Lipoprotein Particle Remodeling (GO:0034374),1/12,0.5358933325192846,0.7197148567683525,0,0,1.3768541636069906,0.8589093628969381,PLA2G7
GO_Biological_Process_2023,Mitochondrial Transcription (GO:0006390),1/12,0.5358933325192846,0.7197148567683525,0,0,1.3768541636069906,0.8589093628969381,SLC25A33
GO_Biological_Process_2023,Morphogenesis Of A Polarized Epithelium (GO:0001738),1/12,0.5358933325192846,0.7197148567683525,0,0,1.3768541636069906,0.8589093628969381,ACTG1
GO_Biological_Process_2023,Myelination In Peripheral Nervous System (GO:0022011),1/12,0.5358933325192846,0.7197148567683525,0,0,1.3768541636069906,0.8589093628969381,CNTNAP1
GO_Biological_Process_2023,Negative Regulation Of Alcohol Biosynthetic Process (GO:1902931),1/12,0.5358933325192846,0.7197148567683525,0,0,1.3768541636069906,0.8589093628969381,SH2D2A
GO_Biological_Process_2023,Negative Regulation Of Cardiac Muscle Hypertrophy (GO:0010614),1/12,0.5358933325192846,0.7197148567683525,0,0,1.3768541636069906,0.8589093628969381,MLIP
GO_Biological_Process_2023,Negative Regulation Of Complement Activation (GO:0045916),1/12,0.5358933325192846,0.7197148567683525,0,0,1.3768541636069906,0.8589093628969381,CD55
GO_Biological_Process_2023,Negative Regulation Of Mitochondrial Membrane Permeability (GO:0035795),1/12,0.5358933325192846,0.7197148567683525,0,0,1.3768541636069906,0.8589093628969381,FZD9
GO_Biological_Process_2023,Negative Regulation Of Potassium Ion Transport (GO:0043267),1/12,0.5358933325192846,0.7197148567683525,0,0,1.3768541636069906,0.8589093628969381,STK39
GO_Biological_Process_2023,Negative Regulation Of Substrate Adhesion-Dependent Cell Spreading (GO:1900025),1/12,0.5358933325192846,0.7197148567683525,0,0,1.3768541636069906,0.8589093628969381,SPRY4
GO_Biological_Process_2023,Neutrophil Mediated Immunity (GO:0002446),1/12,0.5358933325192846,0.7197148567683525,0,0,1.3768541636069906,0.8589093628969381,IL6
GO_Biological_Process_2023,Polysaccharide Biosynthetic Process (GO:0000271),1/12,0.5358933325192846,0.7197148567683525,0,0,1.3768541636069906,0.8589093628969381,NDST3
GO_Biological_Process_2023,Porphyrin-Containing Compound Catabolic Process (GO:0006787),1/12,0.5358933325192846,0.7197148567683525,0,0,1.3768541636069906,0.8589093628969381,HMOX1
GO_Biological_Process_2023,Positive Regulation Of Calcium-Mediated Signaling (GO:0050850),1/12,0.5358933325192846,0.7197148567683525,0,0,1.3768541636069906,0.8589093628969381,CCL4
GO_Biological_Process_2023,Positive Regulation Of Insulin Receptor Signaling Pathway (GO:0046628),1/12,0.5358933325192846,0.7197148567683525,0,0,1.3768541636069906,0.8589093628969381,SORBS1
GO_Biological_Process_2023,Positive Regulation Of Integrin-Mediated Signaling Pathway (GO:2001046),1/12,0.5358933325192846,0.7197148567683525,0,0,1.3768541636069906,0.8589093628969381,FLNA
GO_Biological_Process_2023,Positive Regulation Of mRNA Metabolic Process (GO:1903313),1/12,0.5358933325192846,0.7197148567683525,0,0,1.3768541636069906,0.8589093628969381,ZC3H12A
GO_Biological_Process_2023,Positive Regulation Of Protein Export From Nucleus (GO:0046827),1/12,0.5358933325192846,0.7197148567683525,0,0,1.3768541636069906,0.8589093628969381,IL1B
GO_Biological_Process_2023,Positive Regulation Of Protein Localization To Cell Surface (GO:2000010),1/12,0.5358933325192846,0.7197148567683525,0,0,1.3768541636069906,0.8589093628969381,STX3
GO_Biological_Process_2023,Positive Regulation Of Purine Nucleotide Biosynthetic Process (GO:1900373),1/12,0.5358933325192846,0.7197148567683525,0,0,1.3768541636069906,0.8589093628969381,NOS3
GO_Biological_Process_2023,Positive Regulation Of Reactive Oxygen Species Biosynthetic Process (GO:1903428),1/12,0.5358933325192846,0.7197148567683525,0,0,1.3768541636069906,0.8589093628969381,MMP8
GO_Biological_Process_2023,Positive Regulation Of Ruffle Assembly (GO:1900029),1/12,0.5358933325192846,0.7197148567683525,0,0,1.3768541636069906,0.8589093628969381,EPS8
GO_Biological_Process_2023,Positive Regulation Of Sodium Ion Transmembrane Transporter Activity (GO:2000651),1/12,0.5358933325192846,0.7197148567683525,0,0,1.3768541636069906,0.8589093628969381,FXYD2
GO_Biological_Process_2023,Positive Regulation Of Vascular Endothelial Cell Proliferation (GO:1905564),1/12,0.5358933325192846,0.7197148567683525,0,0,1.3768541636069906,0.8589093628969381,FGFR1
GO_Biological_Process_2023,Regulation Of Actin Filament Organization (GO:0110053),1/12,0.5358933325192846,0.7197148567683525,0,0,1.3768541636069906,0.8589093628969381,C9ORF72
GO_Biological_Process_2023,Regulation Of Cell Communication By Electrical Coupling (GO:0010649),1/12,0.5358933325192846,0.7197148567683525,0,0,1.3768541636069906,0.8589093628969381,SLC8A1
GO_Biological_Process_2023,Regulation Of Chemokine (C-X-C Motif) Ligand 2 Production (GO:2000341),1/12,0.5358933325192846,0.7197148567683525,0,0,1.3768541636069906,0.8589093628969381,KLF4
GO_Biological_Process_2023,Regulation Of Chromosome Separation (GO:1905818),1/12,0.5358933325192846,0.7197148567683525,0,0,1.3768541636069906,0.8589093628969381,PLSCR1
GO_Biological_Process_2023,Regulation Of Hematopoietic Stem Cell Differentiation (GO:1902036),1/12,0.5358933325192846,0.7197148567683525,0,0,1.3768541636069906,0.8589093628969381,FOXC1
GO_Biological_Process_2023,Regulation Of Lymphocyte Migration (GO:2000401),1/12,0.5358933325192846,0.7197148567683525,0,0,1.3768541636069906,0.8589093628969381,SLC8B1
GO_Biological_Process_2023,Regulation Of Retinoic Acid Receptor Signaling Pathway (GO:0048385),1/12,0.5358933325192846,0.7197148567683525,0,0,1.3768541636069906,0.8589093628969381,KLF2
GO_Biological_Process_2023,Regulation Of Vascular Associated Smooth Muscle Cell Migration (GO:1904752),1/12,0.5358933325192846,0.7197148567683525,0,0,1.3768541636069906,0.8589093628969381,NR4A3
GO_Biological_Process_2023,Response To Interleukin-6 (GO:0070741),1/12,0.5358933325192846,0.7197148567683525,0,0,1.3768541636069906,0.8589093628969381,SBNO2
GO_Biological_Process_2023,Response To Iron Ion (GO:0010039),1/12,0.5358933325192846,0.7197148567683525,0,0,1.3768541636069906,0.8589093628969381,BMP6
GO_Biological_Process_2023,Response To Muramyl Dipeptide (GO:0032495),1/12,0.5358933325192846,0.7197148567683525,0,0,1.3768541636069906,0.8589093628969381,PTPN22
GO_Biological_Process_2023,Secretion (GO:0046903),1/12,0.5358933325192846,0.7197148567683525,0,0,1.3768541636069906,0.8589093628969381,FBLN5
GO_Biological_Process_2023,Sodium Ion Export Across Plasma Membrane (GO:0036376),1/12,0.5358933325192846,0.7197148567683525,0,0,1.3768541636069906,0.8589093628969381,FXYD2
GO_Biological_Process_2023,Steroid Catabolic Process (GO:0006706),1/12,0.5358933325192846,0.7197148567683525,0,0,1.3768541636069906,0.8589093628969381,SULT1E1
GO_Biological_Process_2023,Very Long-Chain Fatty Acid Biosynthetic Process (GO:0042761),1/12,0.5358933325192846,0.7197148567683525,0,0,1.3768541636069906,0.8589093628969381,ELOVL3
GO_Biological_Process_2023,RNA Biosynthetic Process (GO:0032774),2/29,0.5438939315759942,0.7274402489586484,0,0,1.1218299949100272,0.6831956222253699,ZFP36L2;ZFP36L1
GO_Biological_Process_2023,Cardiac Muscle Cell Action Potential (GO:0086001),2/29,0.5438939315759942,0.7274402489586484,0,0,1.1218299949100272,0.6831956222253699,SCN5A;SLC8A1
GO_Biological_Process_2023,Establishment Of Mitotic Spindle Orientation (GO:0000132),2/29,0.5438939315759942,0.7274402489586484,0,0,1.1218299949100272,0.6831956222253699,GPSM1;GJA1
GO_Biological_Process_2023,Negative Regulation Of DNA Binding (GO:0043392),2/29,0.5438939315759942,0.7274402489586484,0,0,1.1218299949100272,0.6831956222253699,NFKBIA;JUN
GO_Biological_Process_2023,Negative Regulation Of Plasma Membrane Bounded Cell Projection Assembly (GO:0120033),2/29,0.5438939315759942,0.7274402489586484,0,0,1.1218299949100272,0.6831956222253699,PRKCD;NRG1
GO_Biological_Process_2023,Positive Regulation Of Dephosphorylation (GO:0035306),2/29,0.5438939315759942,0.7274402489586484,0,0,1.1218299949100272,0.6831956222253699,TGFB1;PRKCD
GO_Biological_Process_2023,Positive Regulation Of Microtubule Polymerization (GO:0031116),2/29,0.5438939315759942,0.7274402489586484,0,0,1.1218299949100272,0.6831956222253699,NAV3;CDK5R1
GO_Biological_Process_2023,Positive Regulation Of Neural Precursor Cell Proliferation (GO:2000179),2/29,0.5438939315759942,0.7274402489586484,0,0,1.1218299949100272,0.6831956222253699,FZD9;LRP2
GO_Biological_Process_2023,Positive Regulation Of Viral Genome Replication (GO:0045070),2/29,0.5438939315759942,0.7274402489586484,0,0,1.1218299949100272,0.6831956222253699,CCL5;CD28
GO_Biological_Process_2023,Regulation Of Establishment Of Planar Polarity (GO:0090175),2/29,0.5438939315759942,0.7274402489586484,0,0,1.1218299949100272,0.6831956222253699,PRICKLE2;CELSR3
GO_Biological_Process_2023,Response To Alcohol (GO:0097305),2/29,0.5438939315759942,0.7274402489586484,0,0,1.1218299949100272,0.6831956222253699,TGFB1;CCL3
GO_Biological_Process_2023,Cellular Component Assembly (GO:0022607),16/260,0.5480357802837762,0.7327044861119306,0,0,0.9928287066203773,0.5971017804083969,GSN;TGFB1;FAM107A;SLC2A1;PAWR;CAPG;RHOD;JCHAIN;EPS8;VMP1;BAIAP2L1;MDM2;LPXN;HES1;SOX9;PICALM
GO_Biological_Process_2023,Myofibril Assembly (GO:0030239),3/46,0.5489216476634567,0.7336132722622015,0,0,1.0565590426732896,0.6337236551847121,TMOD1;PDGFRA;ANKRD1
GO_Biological_Process_2023,Regulation Of Macroautophagy (GO:0016241),6/96,0.5510810457263565,0.7361288665957866,0,0,1.009516085428494,0.6015437743179427,GPSM1;STING1;SESN2;C9ORF72;DCN;CDK5R1
GO_Biological_Process_2023,Regulation Of Programmed Cell Death (GO:0043067),12/195,0.5520759885929987,0.7361288665957866,0,0,0.9928520849199032,0.5898232227632637,ACER2;MORF4L1;CXCL10;BCL2L11;APAF1;OSGIN1;TNFRSF10B;SOX9;SGK1;LRP8;CIDEC;BIRC3
GO_Biological_Process_2023,Inorganic Anion Transmembrane Transport (GO:0098661),4/63,0.5533839582329731,0.7361288665957866,0,0,1.0266657517326565,0.6074814103248799,SLC20A1;GABRA5;ANO6;ANO7
GO_Biological_Process_2023,Artery Morphogenesis (GO:0048844),2/30,0.5624785245283999,0.7361288665957866,0,0,1.0817068945605728,0.6224166612858475,HES1;LRP2
GO_Biological_Process_2023,Extrinsic Apoptotic Signaling Pathway Via Death Domain Receptors (GO:0008625),2/30,0.5624785245283999,0.7361288665957866,0,0,1.0817068945605728,0.6224166612858475,TNFRSF10B;NGF
GO_Biological_Process_2023,Lamellipodium Organization (GO:0097581),2/30,0.5624785245283999,0.7361288665957866,0,0,1.0817068945605728,0.6224166612858475,RHOD;VCL
GO_Biological_Process_2023,Mitotic G2 DNA Damage Checkpoint Signaling (GO:0007095),2/30,0.5624785245283999,0.7361288665957866,0,0,1.0817068945605728,0.6224166612858475,CDKN1A;TNFSF13B
GO_Biological_Process_2023,Negative Regulation Of Axon Extension (GO:0030517),2/30,0.5624785245283999,0.7361288665957866,0,0,1.0817068945605728,0.6224166612858475,SEMA3D;SEMA4C
GO_Biological_Process_2023,Negative Regulation Of Epithelial To Mesenchymal Transition (GO:0010719),2/30,0.5624785245283999,0.7361288665957866,0,0,1.0817068945605728,0.6224166612858475,SPRED3;SPRY2
GO_Biological_Process_2023,Positive Regulation Of Cell Communication (GO:0010647),2/30,0.5624785245283999,0.7361288665957866,0,0,1.0817068945605728,0.6224166612858475,RIMS3;CD80
GO_Biological_Process_2023,Regulation Of Potassium Ion Transport (GO:0043266),2/30,0.5624785245283999,0.7361288665957866,0,0,1.0817068945605728,0.6224166612858475,DPP6;KCNAB1
GO_Biological_Process_2023,Regulation Of Signal Transduction By P53 Class Mediator (GO:1901796),3/47,0.5636967640775097,0.7361288665957866,0,0,1.032491173874669,0.5918640267315719,PLK3;MDM2;SGK1
GO_Biological_Process_2023,GTP Metabolic Process (GO:0046039),1/13,0.5646619291392238,0.7361288665957866,0,0,1.262049003769521,0.7212964470540472,IMPDH1
GO_Biological_Process_2023,Catecholamine Metabolic Process (GO:0006584),1/13,0.5646619291392238,0.7361288665957866,0,0,1.262049003769521,0.7212964470540472,DDC
GO_Biological_Process_2023,Cellular Response To Arsenic-Containing Substance (GO:0071243),1/13,0.5646619291392238,0.7361288665957866,0,0,1.262049003769521,0.7212964470540472,ZC3H12A
GO_Biological_Process_2023,Chondroitin Sulfate Biosynthetic Process (GO:0030206),1/13,0.5646619291392238,0.7361288665957866,0,0,1.262049003769521,0.7212964470540472,CHST11
GO_Biological_Process_2023,Clathrin Coat Assembly (GO:0048268),1/13,0.5646619291392238,0.7361288665957866,0,0,1.262049003769521,0.7212964470540472,PICALM
GO_Biological_Process_2023,Cranial Nerve Development (GO:0021545),1/13,0.5646619291392238,0.7361288665957866,0,0,1.262049003769521,0.7212964470540472,CHD7
GO_Biological_Process_2023,Cytoplasmic Sequestering Of Transcription Factor (GO:0042994),1/13,0.5646619291392238,0.7361288665957866,0,0,1.262049003769521,0.7212964470540472,NFKBIA
GO_Biological_Process_2023,Embryonic Hemopoiesis (GO:0035162),1/13,0.5646619291392238,0.7361288665957866,0,0,1.262049003769521,0.7212964470540472,HSCB
GO_Biological_Process_2023,Endolysosomal Toll-Like Receptor Signaling Pathway (GO:0140894),1/13,0.5646619291392238,0.7361288665957866,0,0,1.262049003769521,0.7212964470540472,TNIP2
GO_Biological_Process_2023,Eye Photoreceptor Cell Development (GO:0042462),1/13,0.5646619291392238,0.7361288665957866,0,0,1.262049003769521,0.7212964470540472,TULP1
GO_Biological_Process_2023,Heparan Sulfate Proteoglycan Metabolic Process (GO:0030201),1/13,0.5646619291392238,0.7361288665957866,0,0,1.262049003769521,0.7212964470540472,HS3ST1
GO_Biological_Process_2023,Interleukin-6-Mediated Signaling Pathway (GO:0070102),1/13,0.5646619291392238,0.7361288665957866,0,0,1.262049003769521,0.7212964470540472,IL6
GO_Biological_Process_2023,Intracellular Potassium Ion Homeostasis (GO:0030007),1/13,0.5646619291392238,0.7361288665957866,0,0,1.262049003769521,0.7212964470540472,FXYD2
GO_Biological_Process_2023,Membrane Depolarization (GO:0051899),1/13,0.5646619291392238,0.7361288665957866,0,0,1.262049003769521,0.7212964470540472,SCN5A
GO_Biological_Process_2023,Microvillus Organization (GO:0032528),1/13,0.5646619291392238,0.7361288665957866,0,0,1.262049003769521,0.7212964470540472,MAP4K4
GO_Biological_Process_2023,Mitochondrial Fission (GO:0000266),1/13,0.5646619291392238,0.7361288665957866,0,0,1.262049003769521,0.7212964470540472,MTFR2
GO_Biological_Process_2023,ncRNA Transcription (GO:0098781),1/13,0.5646619291392238,0.7361288665957866,0,0,1.262049003769521,0.7212964470540472,ZFP36L1
GO_Biological_Process_2023,"Negative Regulation Of DNA Damage Response, Signal Transduction By P53 Class Mediator (GO:0043518)",1/13,0.5646619291392238,0.7361288665957866,0,0,1.262049003769521,0.7212964470540472,MDM2
GO_Biological_Process_2023,Negative Regulation Of T Cell Differentiation (GO:0045581),1/13,0.5646619291392238,0.7361288665957866,0,0,1.262049003769521,0.7212964470540472,TNFSF4
GO_Biological_Process_2023,Negative Regulation Of Cartilage Development (GO:0061037),1/13,0.5646619291392238,0.7361288665957866,0,0,1.262049003769521,0.7212964470540472,SOX9
GO_Biological_Process_2023,Negative Regulation Of Endoplasmic Reticulum Unfolded Protein Response (GO:1900102),1/13,0.5646619291392238,0.7361288665957866,0,0,1.262049003769521,0.7212964470540472,PPP1R15A
GO_Biological_Process_2023,Negative Regulation Of Neuroinflammatory Response (GO:0150079),1/13,0.5646619291392238,0.7361288665957866,0,0,1.262049003769521,0.7212964470540472,NR1D1
GO_Biological_Process_2023,Negative Regulation Of Receptor Internalization (GO:0002091),1/13,0.5646619291392238,0.7361288665957866,0,0,1.262049003769521,0.7212964470540472,NECAB2
GO_Biological_Process_2023,Negative Regulation Of Secretion (GO:0051048),1/13,0.5646619291392238,0.7361288665957866,0,0,1.262049003769521,0.7212964470540472,NRG1
GO_Biological_Process_2023,Negative Regulation Of Viral Transcription (GO:0032897),1/13,0.5646619291392238,0.7361288665957866,0,0,1.262049003769521,0.7212964470540472,ZFP36
GO_Biological_Process_2023,Peptidyl-Tyrosine Autophosphorylation (GO:0038083),1/13,0.5646619291392238,0.7361288665957866,0,0,1.262049003769521,0.7212964470540472,IGF1R
GO_Biological_Process_2023,Plasma Membrane Tubulation (GO:0097320),1/13,0.5646619291392238,0.7361288665957866,0,0,1.262049003769521,0.7212964470540472,SNX18
GO_Biological_Process_2023,Positive Regulation Of T Cell Receptor Signaling Pathway (GO:0050862),1/13,0.5646619291392238,0.7361288665957866,0,0,1.262049003769521,0.7212964470540472,KCNN4
GO_Biological_Process_2023,Positive Regulation Of T-helper 17 Type Immune Response (GO:2000318),1/13,0.5646619291392238,0.7361288665957866,0,0,1.262049003769521,0.7212964470540472,NFKBIZ
GO_Biological_Process_2023,Positive Regulation Of Cardiac Muscle Cell Proliferation (GO:0060045),1/13,0.5646619291392238,0.7361288665957866,0,0,1.262049003769521,0.7212964470540472,PIM1
GO_Biological_Process_2023,Positive Regulation Of Cellular Response To Insulin Stimulus (GO:1900078),1/13,0.5646619291392238,0.7361288665957866,0,0,1.262049003769521,0.7212964470540472,SORBS1
GO_Biological_Process_2023,Positive Regulation Of Chromosome Separation (GO:1905820),1/13,0.5646619291392238,0.7361288665957866,0,0,1.262049003769521,0.7212964470540472,PLSCR1
GO_Biological_Process_2023,Positive Regulation Of Cyclase Activity (GO:0031281),1/13,0.5646619291392238,0.7361288665957866,0,0,1.262049003769521,0.7212964470540472,NOS3
GO_Biological_Process_2023,Positive Regulation Of Fatty Acid Biosynthetic Process (GO:0045723),1/13,0.5646619291392238,0.7361288665957866,0,0,1.262049003769521,0.7212964470540472,APOA4
GO_Biological_Process_2023,Positive Regulation Of Potassium Ion Transmembrane Transporter Activity (GO:1901018),1/13,0.5646619291392238,0.7361288665957866,0,0,1.262049003769521,0.7212964470540472,FXYD2
GO_Biological_Process_2023,Potassium Ion Export Across Plasma Membrane (GO:0097623),1/13,0.5646619291392238,0.7361288665957866,0,0,1.262049003769521,0.7212964470540472,KCNE4
GO_Biological_Process_2023,Purine Ribonucleoside Bisphosphate Metabolic Process (GO:0034035),1/13,0.5646619291392238,0.7361288665957866,0,0,1.262049003769521,0.7212964470540472,SULT1E1
GO_Biological_Process_2023,Regulation Of IRE1-mediated Unfolded Protein Response (GO:1903894),1/13,0.5646619291392238,0.7361288665957866,0,0,1.262049003769521,0.7212964470540472,BCL2L11
GO_Biological_Process_2023,Regulation Of T-helper 17 Type Immune Response (GO:2000316),1/13,0.5646619291392238,0.7361288665957866,0,0,1.262049003769521,0.7212964470540472,JUNB
GO_Biological_Process_2023,Regulation Of Cell Fate Commitment (GO:0010453),1/13,0.5646619291392238,0.7361288665957866,0,0,1.262049003769521,0.7212964470540472,GDF3
GO_Biological_Process_2023,Regulation Of Cellular Ketone Metabolic Process (GO:0010565),1/13,0.5646619291392238,0.7361288665957866,0,0,1.262049003769521,0.7212964470540472,PDK4
GO_Biological_Process_2023,Regulation Of Flagellated Sperm Motility (GO:1901317),1/13,0.5646619291392238,0.7361288665957866,0,0,1.262049003769521,0.7212964470540472,CFAP69
GO_Biological_Process_2023,Regulation Of Immune Effector Process (GO:0002697),1/13,0.5646619291392238,0.7361288665957866,0,0,1.262049003769521,0.7212964470540472,CD55
GO_Biological_Process_2023,Regulation Of Lamellipodium Organization (GO:1902743),1/13,0.5646619291392238,0.7361288665957866,0,0,1.262049003769521,0.7212964470540472,EPHA2
GO_Biological_Process_2023,Regulation Of Leukocyte Migration (GO:0002685),1/13,0.5646619291392238,0.7361288665957866,0,0,1.262049003769521,0.7212964470540472,HMOX1
GO_Biological_Process_2023,Regulation Of Myoblast Fusion (GO:1901739),1/13,0.5646619291392238,0.7361288665957866,0,0,1.262049003769521,0.7212964470540472,RIPOR2
GO_Biological_Process_2023,Regulation Of Nitric-Oxide Synthase Biosynthetic Process (GO:0051769),1/13,0.5646619291392238,0.7361288665957866,0,0,1.262049003769521,0.7212964470540472,GSTP1
GO_Biological_Process_2023,Regulation Of Response To Endoplasmic Reticulum Stress (GO:1905897),1/13,0.5646619291392238,0.7361288665957866,0,0,1.262049003769521,0.7212964470540472,EIF2AK3
GO_Biological_Process_2023,Regulation Of Response To Stress (GO:0080134),1/13,0.5646619291392238,0.7361288665957866,0,0,1.262049003769521,0.7212964470540472,SLC38A2
GO_Biological_Process_2023,Regulation Of Short-Term Neuronal Synaptic Plasticity (GO:0048172),1/13,0.5646619291392238,0.7361288665957866,0,0,1.262049003769521,0.7212964470540472,SLC8A2
GO_Biological_Process_2023,Regulation Of Vasculogenesis (GO:2001212),1/13,0.5646619291392238,0.7361288665957866,0,0,1.262049003769521,0.7212964470540472,TMEM100
GO_Biological_Process_2023,Response To Nerve Growth Factor (GO:1990089),1/13,0.5646619291392238,0.7361288665957866,0,0,1.262049003769521,0.7212964470540472,MAGI2
GO_Biological_Process_2023,Secondary Palate Development (GO:0062009),1/13,0.5646619291392238,0.7361288665957866,0,0,1.262049003769521,0.7212964470540472,TGFB3
GO_Biological_Process_2023,Sodium-Independent Organic Anion Transport (GO:0043252),1/13,0.5646619291392238,0.7361288665957866,0,0,1.262049003769521,0.7212964470540472,SLCO4A1
GO_Biological_Process_2023,Thymus Development (GO:0048538),1/13,0.5646619291392238,0.7361288665957866,0,0,1.262049003769521,0.7212964470540472,HES1
GO_Biological_Process_2023,Negative Regulation Of Cell Death (GO:0060548),4/64,0.5660119997417321,0.7376187136875959,0,0,1.0095006747638329,0.5745472140820975,GPNMB;CCN3;CCN2;CD200
GO_Biological_Process_2023,Activation Of Protein Kinase Activity (GO:0032147),5/81,0.5687093310287329,0.7405914779111821,0,0,0.9961720549347436,0.5622253792535036,ITGB3;PRKCD;KIF14;TNFRSF10B;NRG1
GO_Biological_Process_2023,Positive Regulation Of Growth (GO:0045927),5/81,0.5687093310287329,0.7405914779111821,0,0,0.9961720549347436,0.5622253792535036,SPHK1;S100A9;SLC25A33;S100A8;MFSD2A
GO_Biological_Process_2023,Epithelial Cell Differentiation (GO:0030855),8/132,0.5771894670378288,0.7510163829241897,0,0,0.9767563743088492,0.5368103595572444,KDM6B;TAGLN;UPK1A;DHRS9;BASP1;GSTA1;PCK1;FSTL1
GO_Biological_Process_2023,Cellular Response To Radiation (GO:0071478),3/48,0.578172620976857,0.7510163829241897,0,0,1.0094929881337649,0.5530838476329726,CDKN1A;GADD45A;RHOB
GO_Biological_Process_2023,Chloride Transmembrane Transport (GO:1902476),3/48,0.578172620976857,0.7510163829241897,0,0,1.0094929881337649,0.5530838476329726,GABRA5;ANO6;ANO7
GO_Biological_Process_2023,Canonical Wnt Signaling Pathway (GO:0060070),4/65,0.5784403341740996,0.7510163829241897,0,0,0.992898387203823,0.5435323125196414,NR4A2;WNT7B;FZD9;CSNK1E
GO_Biological_Process_2023,Monocarboxylic Acid Biosynthetic Process (GO:0072330),4/65,0.5784403341740996,0.7510163829241897,0,0,0.992898387203823,0.5435323125196414,ALDH1A3;SDS;SCP2;CYP7B1
GO_Biological_Process_2023,Positive Regulation Of DNA Biosynthetic Process (GO:2000573),4/65,0.5784403341740996,0.7510163829241897,0,0,0.992898387203823,0.5435323125196414,RGCC;MYC;HGF;KLF4
GO_Biological_Process_2023,Regulation Of Translational Initiation (GO:0006446),4/65,0.5784403341740996,0.7510163829241897,0,0,0.992898387203823,0.5435323125196414,DAZL;CCL5;EIF2AK3;HSPB1
GO_Biological_Process_2023,acyl-CoA Metabolic Process (GO:0006637),2/31,0.5805130849745563,0.7510163829241897,0,0,1.0443509045800463,0.567962863444635,ACOT9;ACOT2
GO_Biological_Process_2023,Bile Acid Metabolic Process (GO:0008206),2/31,0.5805130849745563,0.7510163829241897,0,0,1.0443509045800463,0.567962863444635,SCP2;CYP7B1
GO_Biological_Process_2023,Endodermal Cell Differentiation (GO:0035987),2/31,0.5805130849745563,0.7510163829241897,0,0,1.0443509045800463,0.567962863444635,ITGB2;MMP8
GO_Biological_Process_2023,Negative Regulation Of DNA Biosynthetic Process (GO:2000279),2/31,0.5805130849745563,0.7510163829241897,0,0,1.0443509045800463,0.567962863444635,CDKN1A;ANKRD1
GO_Biological_Process_2023,Positive Regulation Of Cholesterol Transport (GO:0032376),2/31,0.5805130849745563,0.7510163829241897,0,0,1.0443509045800463,0.567962863444635,NFKBIA;SCP2
GO_Biological_Process_2023,Positive Regulation Of Leukocyte Migration (GO:0002687),2/31,0.5805130849745563,0.7510163829241897,0,0,1.0443509045800463,0.567962863444635,IL6;ADAM8
GO_Biological_Process_2023,Positive Regulation Of Proteolysis Involved In Protein Catabolic Process (GO:1903052),2/31,0.5805130849745563,0.7510163829241897,0,0,1.0443509045800463,0.567962863444635,ECSCR;LAPTM5
GO_Biological_Process_2023,Regulation Of Cell Morphogenesis (GO:0022604),2/31,0.5805130849745563,0.7510163829241897,0,0,1.0443509045800463,0.567962863444635,FMNL2;MFSD2A
GO_Biological_Process_2023,Regulation Of Centrosome Duplication (GO:0010824),2/31,0.5805130849745563,0.7510163829241897,0,0,1.0443509045800463,0.567962863444635,STIL;PLK2
GO_Biological_Process_2023,Regulation Of Dendrite Morphogenesis (GO:0048814),2/31,0.5805130849745563,0.7510163829241897,0,0,1.0443509045800463,0.567962863444635,HECW2;KNDC1
GO_Biological_Process_2023,Regulation Of Gluconeogenesis (GO:0006111),2/31,0.5805130849745563,0.7510163829241897,0,0,1.0443509045800463,0.567962863444635,SIK1;SOGA1
GO_Biological_Process_2023,DNA-templated Transcription (GO:0006351),12/199,0.5808207794584151,0.7511414077371,0,0,0.9714054103526274,0.5277772254123532,NR4A2;NFAT5;MNT;CEBPD;NFE2L3;DPEP1;HSF2BP;SLC25A33;ZFP36L2;EREG;PAX1;ZFP36L1
GO_Biological_Process_2023,Positive Regulation Of Proteasomal Ubiquitin-Dependent Protein Catabolic Process (GO:0032436),5/83,0.5906667932726362,0.7523717270069651,0,0,0.9705252877862278,0.5109846911888201,PLK3;MDM2;TRIB3;CSNK1E;TRIB1
GO_Biological_Process_2023,Positive Regulation Of Ubiquitin-Dependent Protein Catabolic Process (GO:2000060),5/83,0.5906667932726362,0.7523717270069651,0,0,0.9705252877862278,0.5109846911888201,LAPTM5;MDM2;TRIB3;CSNK1E;TRIB1
GO_Biological_Process_2023,Regulation Of Cell Division (GO:0051302),5/83,0.5906667932726362,0.7523717270069651,0,0,0.9705252877862278,0.5109846911888201,PLK3;MYC;TXNIP;MLLT3;BCL2L1
GO_Biological_Process_2023,Protein Complex Oligomerization (GO:0051259),6/100,0.5915151762295138,0.7523717270069651,0,0,0.9663508826422322,0.5073998660099618,TMEM120B;POLQ;STING1;ZC3H12A;LRRC8C;MS4A1
GO_Biological_Process_2023,COPII-coated Vesicle Cargo Loading (GO:0090110),1/14,0.5916485897237885,0.7523717270069651,0,0,1.1649061762147384,0.6113921751844381,SH2D2A
GO_Biological_Process_2023,L-glutamate Transmembrane Transport (GO:0015813),1/14,0.5916485897237885,0.7523717270069651,0,0,1.1649061762147384,0.6113921751844381,SLC25A22
GO_Biological_Process_2023,"RNA Phosphodiester Bond Hydrolysis, Endonucleolytic (GO:0090502)",1/14,0.5916485897237885,0.7523717270069651,0,0,1.1649061762147384,0.6113921751844381,ZC3H12A
GO_Biological_Process_2023,Calcium Ion-Regulated Exocytosis Of Neurotransmitter (GO:0048791),1/14,0.5916485897237885,0.7523717270069651,0,0,1.1649061762147384,0.6113921751844381,RIMS3
GO_Biological_Process_2023,Cellular Response To Exogenous dsRNA (GO:0071360),1/14,0.5916485897237885,0.7523717270069651,0,0,1.1649061762147384,0.6113921751844381,STING1
GO_Biological_Process_2023,Contractile Actin Filament Bundle Assembly (GO:0030038),1/14,0.5916485897237885,0.7523717270069651,0,0,1.1649061762147384,0.6113921751844381,SORBS1
GO_Biological_Process_2023,Embryonic Cranial Skeleton Morphogenesis (GO:0048701),1/14,0.5916485897237885,0.7523717270069651,0,0,1.1649061762147384,0.6113921751844381,PDGFRA
GO_Biological_Process_2023,Establishment Of Chromosome Localization (GO:0051303),1/14,0.5916485897237885,0.7523717270069651,0,0,1.1649061762147384,0.6113921751844381,FAM83D
GO_Biological_Process_2023,Ethanol Metabolic Process (GO:0006067),1/14,0.5916485897237885,0.7523717270069651,0,0,1.1649061762147384,0.6113921751844381,SULT1E1
GO_Biological_Process_2023,Membrane Raft Organization (GO:0031579),1/14,0.5916485897237885,0.7523717270069651,0,0,1.1649061762147384,0.6113921751844381,S100A10
GO_Biological_Process_2023,Membrane Repolarization During Cardiac Muscle Cell Action Potential (GO:0086013),1/14,0.5916485897237885,0.7523717270069651,0,0,1.1649061762147384,0.6113921751844381,KCNJ8
GO_Biological_Process_2023,Microvillus Assembly (GO:0030033),1/14,0.5916485897237885,0.7523717270069651,0,0,1.1649061762147384,0.6113921751844381,MAP4K4
GO_Biological_Process_2023,Mitochondrial Calcium Ion Transmembrane Transport (GO:0006851),1/14,0.5916485897237885,0.7523717270069651,0,0,1.1649061762147384,0.6113921751844381,SLC8B1
GO_Biological_Process_2023,Mitotic Recombination (GO:0006312),1/14,0.5916485897237885,0.7523717270069651,0,0,1.1649061762147384,0.6113921751844381,RAD52
GO_Biological_Process_2023,Negative Regulation Of Blood Pressure (GO:0045776),1/14,0.5916485897237885,0.7523717270069651,0,0,1.1649061762147384,0.6113921751844381,NOS3
GO_Biological_Process_2023,Negative Regulation Of Chondrocyte Differentiation (GO:0032331),1/14,0.5916485897237885,0.7523717270069651,0,0,1.1649061762147384,0.6113921751844381,SOX9
GO_Biological_Process_2023,Negative Regulation Of Fatty Acid Biosynthetic Process (GO:0045717),1/14,0.5916485897237885,0.7523717270069651,0,0,1.1649061762147384,0.6113921751844381,TRIB3
GO_Biological_Process_2023,Negative Regulation Of Leukocyte Mediated Cytotoxicity (GO:0001911),1/14,0.5916485897237885,0.7523717270069651,0,0,1.1649061762147384,0.6113921751844381,KLRC1
GO_Biological_Process_2023,Negative Regulation Of Peptidyl-Threonine Phosphorylation (GO:0010801),1/14,0.5916485897237885,0.7523717270069651,0,0,1.1649061762147384,0.6113921751844381,SPRY2
GO_Biological_Process_2023,Neuron Cell-Cell Adhesion (GO:0007158),1/14,0.5916485897237885,0.7523717270069651,0,0,1.1649061762147384,0.6113921751844381,CDK5R1
GO_Biological_Process_2023,Pathway-Restricted SMAD Protein Phosphorylation (GO:0060389),1/14,0.5916485897237885,0.7523717270069651,0,0,1.1649061762147384,0.6113921751844381,TGFB1
GO_Biological_Process_2023,Phagolysosome Assembly (GO:0001845),1/14,0.5916485897237885,0.7523717270069651,0,0,1.1649061762147384,0.6113921751844381,RAB7B
GO_Biological_Process_2023,Positive Regulation Of Adaptive Immune Response Based On Somatic Recombination Of Immune Receptors Built From Immunoglobulin Superfamily Domains (GO:0002824),1/14,0.5916485897237885,0.7523717270069651,0,0,1.1649061762147384,0.6113921751844381,IL1B
GO_Biological_Process_2023,Positive Regulation Of Cytoplasmic Translation (GO:2000767),1/14,0.5916485897237885,0.7523717270069651,0,0,1.1649061762147384,0.6113921751844381,PKM
GO_Biological_Process_2023,Positive Regulation Of Heterotypic Cell-Cell Adhesion (GO:0034116),1/14,0.5916485897237885,0.7523717270069651,0,0,1.1649061762147384,0.6113921751844381,IL1B
GO_Biological_Process_2023,Positive Regulation Of Lyase Activity (GO:0051349),1/14,0.5916485897237885,0.7523717270069651,0,0,1.1649061762147384,0.6113921751844381,NOS3
GO_Biological_Process_2023,Positive Regulation Of Membrane Protein Ectodomain Proteolysis (GO:0051044),1/14,0.5916485897237885,0.7523717270069651,0,0,1.1649061762147384,0.6113921751844381,IL1B
GO_Biological_Process_2023,Positive Regulation Of Protein-Containing Complex Disassembly (GO:0043243),1/14,0.5916485897237885,0.7523717270069651,0,0,1.1649061762147384,0.6113921751844381,IGF1R
GO_Biological_Process_2023,Regulation Of MHC Class II Biosynthetic Process (GO:0045346),1/14,0.5916485897237885,0.7523717270069651,0,0,1.1649061762147384,0.6113921751844381,PF4
GO_Biological_Process_2023,Regulation Of Branching Involved In Ureteric Bud Morphogenesis (GO:0090189),1/14,0.5916485897237885,0.7523717270069651,0,0,1.1649061762147384,0.6113921751844381,SOX9
GO_Biological_Process_2023,Regulation Of Carbohydrate Catabolic Process (GO:0043470),1/14,0.5916485897237885,0.7523717270069651,0,0,1.1649061762147384,0.6113921751844381,SLC2A6
GO_Biological_Process_2023,Regulation Of Exit From Mitosis (GO:0007096),1/14,0.5916485897237885,0.7523717270069651,0,0,1.1649061762147384,0.6113921751844381,RGCC
GO_Biological_Process_2023,Regulation Of Neuron Projection Arborization (GO:0150011),1/14,0.5916485897237885,0.7523717270069651,0,0,1.1649061762147384,0.6113921751844381,MFSD2A
GO_Biological_Process_2023,Regulation Of Non-Canonical Wnt Signaling Pathway (GO:2000050),1/14,0.5916485897237885,0.7523717270069651,0,0,1.1649061762147384,0.6113921751844381,CSNK1E
GO_Biological_Process_2023,Regulation Of Vesicle Size (GO:0097494),1/14,0.5916485897237885,0.7523717270069651,0,0,1.1649061762147384,0.6113921751844381,PICALM
GO_Biological_Process_2023,Renal Water Homeostasis (GO:0003091),1/14,0.5916485897237885,0.7523717270069651,0,0,1.1649061762147384,0.6113921751844381,AQP4
GO_Biological_Process_2023,Respiratory Electron Transport Chain (GO:0022904),1/14,0.5916485897237885,0.7523717270069651,0,0,1.1649061762147384,0.6113921751844381,SLC25A22
GO_Biological_Process_2023,Serine Family Amino Acid Metabolic Process (GO:0009069),1/14,0.5916485897237885,0.7523717270069651,0,0,1.1649061762147384,0.6113921751844381,GCLC
GO_Biological_Process_2023,Stress Fiber Assembly (GO:0043149),1/14,0.5916485897237885,0.7523717270069651,0,0,1.1649061762147384,0.6113921751844381,SORBS1
GO_Biological_Process_2023,Striated Muscle Cell Development (GO:0055002),1/14,0.5916485897237885,0.7523717270069651,0,0,1.1649061762147384,0.6113921751844381,TMOD1
GO_Biological_Process_2023,"Synaptic Transmission, GABAergic (GO:0051932)",1/14,0.5916485897237885,0.7523717270069651,0,0,1.1649061762147384,0.6113921751844381,GABRA5
GO_Biological_Process_2023,Vascular Endothelial Growth Factor Signaling Pathway (GO:0038084),1/14,0.5916485897237885,0.7523717270069651,0,0,1.1649061762147384,0.6113921751844381,FOXC1
GO_Biological_Process_2023,Fatty Acid Beta-Oxidation (GO:0006635),3/49,0.5923421126927554,0.7523717270069651,0,0,0.9874947235120304,0.517122268334239,SCP2;EHHADH;PPARD
GO_Biological_Process_2023,Neurogenesis (GO:0022008),3/49,0.5923421126927554,0.7523717270069651,0,0,0.9874947235120304,0.517122268334239,LPAR1;CXCR4;CHAC1
GO_Biological_Process_2023,Regulation Of Cell Communication (GO:0010646),3/49,0.5923421126927554,0.7523717270069651,0,0,0.9874947235120304,0.517122268334239,TSPYL2;GRK5;SLC8A1
GO_Biological_Process_2023,Regulation Of Mitotic Metaphase/Anaphase Transition (GO:0030071),3/49,0.5923421126927554,0.7523717270069651,0,0,0.9874947235120304,0.517122268334239,DUSP1;HECW2;CDC16
GO_Biological_Process_2023,Glycosphingolipid Metabolic Process (GO:0006687),2/32,0.597994388557721,0.7571191849437671,0,0,1.009485313931555,0.51905100969826,CERK;B4GALT6
GO_Biological_Process_2023,Histone Lysine Methylation (GO:0034968),2/32,0.597994388557721,0.7571191849437671,0,0,1.009485313931555,0.51905100969826,DOT1L;SMYD3
GO_Biological_Process_2023,Mesenchymal Cell Migration (GO:0090497),2/32,0.597994388557721,0.7571191849437671,0,0,1.009485313931555,0.51905100969826,SEMA3D;SEMA4C
GO_Biological_Process_2023,Mitochondrial Membrane Organization (GO:0007006),2/32,0.597994388557721,0.7571191849437671,0,0,1.009485313931555,0.51905100969826,PMAIP1;BCL2L1
GO_Biological_Process_2023,Negative Regulation Of Osteoblast Differentiation (GO:0045668),2/32,0.597994388557721,0.7571191849437671,0,0,1.009485313931555,0.51905100969826,TNFAIP6;SOX9
GO_Biological_Process_2023,Proteoglycan Biosynthetic Process (GO:0030166),2/32,0.597994388557721,0.7571191849437671,0,0,1.009485313931555,0.51905100969826,CHST11;NDST3
GO_Biological_Process_2023,Regulation Of Ubiquitin-Protein Transferase Activity (GO:0051438),2/32,0.597994388557721,0.7571191849437671,0,0,1.009485313931555,0.51905100969826,LIMK1;TRIB3
GO_Biological_Process_2023,Very Long-Chain Fatty Acid Metabolic Process (GO:0000038),2/32,0.597994388557721,0.7571191849437671,0,0,1.009485313931555,0.51905100969826,ELOVL3;ACOT2
GO_Biological_Process_2023,Vesicle Budding From Membrane (GO:0006900),2/32,0.597994388557721,0.7571191849437671,0,0,1.009485313931555,0.51905100969826,S100A10;PICALM
GO_Biological_Process_2023,Organelle Organization (GO:0006996),25/418,0.6023028444144234,0.7623029243495493,0,0,0.962477625329594,0.4879712438990999,CNTNAP1;CCL11;SH3KBP1;TNFAIP3;CCL7;MYC;CCL3;CCL2;SH3BGRL3;ATP7A;TMED6;ATP8B4;NOS3;EIF2AK3;ANK1;CIDEC;VMP1;ARMC2;RAB30;RAB31;FMNL2;MTFR2;SLC25A33;SLC25A36;PLIN5
GO_Biological_Process_2023,Positive Regulation Of Developmental Growth (GO:0048639),3/50,0.606199381505502,0.765878432972258,0,0,0.9664325552571784,0.4837442732109546,LIMK1;GHRL;NGF
GO_Biological_Process_2023,Regulation Of Interferon-Beta Production (GO:0032648),3/50,0.606199381505502,0.765878432972258,0,0,0.9664325552571784,0.4837442732109546,STING1;REL;RELB
GO_Biological_Process_2023,Steroid Biosynthetic Process (GO:0006694),3/50,0.606199381505502,0.765878432972258,0,0,0.9664325552571784,0.4837442732109546,CH25H;SCP2;CYP7B1
GO_Biological_Process_2023,Macromolecule Catabolic Process (GO:0009057),5/85,0.6119940362187285,0.765878432972258,0,0,0.9461608589951378,0.4645959602633412,TGFB1;DNASE1;SLC16A3;SQSTM1;LGMN
GO_Biological_Process_2023,Nuclear-Transcribed mRNA Catabolic Process (GO:0000956),5/85,0.6119940362187285,0.765878432972258,0,0,0.9461608589951378,0.4645959602633412,CNOT4;ZFP36;ZC3H12A;PATL2;ZFP36L1
GO_Biological_Process_2023,Lung Development (GO:0030324),2/33,0.6149217190597489,0.765878432972258,0,0,0.9768691162281272,0.4750126747527573,ERRFI1;WNT7B
GO_Biological_Process_2023,Negative Regulation Of Endocytosis (GO:0045806),2/33,0.6149217190597489,0.765878432972258,0,0,0.9768691162281272,0.4750126747527573,PLSCR1;PICALM
GO_Biological_Process_2023,Positive Regulation Of RNA Metabolic Process (GO:0051254),2/33,0.6149217190597489,0.765878432972258,0,0,0.9768691162281272,0.4750126747527573,IL1B;SLC38A2
GO_Biological_Process_2023,Positive Regulation Of Ion Transmembrane Transporter Activity (GO:0032414),2/33,0.6149217190597489,0.765878432972258,0,0,0.9768691162281272,0.4750126747527573,STK39;CCL2
GO_Biological_Process_2023,Positive Regulation Of Release Of Sequestered Calcium Ion Into Cytosol (GO:0051281),2/33,0.6149217190597489,0.765878432972258,0,0,0.9768691162281272,0.4750126747527573,CXCL10;CEMIP
GO_Biological_Process_2023,Positive Regulation Of Reproductive Process (GO:2000243),2/33,0.6149217190597489,0.765878432972258,0,0,0.9768691162281272,0.4750126747527573,CFAP69;INHBB
GO_Biological_Process_2023,Positive Regulation Of Telomerase Activity (GO:0051973),2/33,0.6149217190597489,0.765878432972258,0,0,0.9768691162281272,0.4750126747527573,MYC;KLF4
GO_Biological_Process_2023,Protein K63-linked Deubiquitination (GO:0070536),2/33,0.6149217190597489,0.765878432972258,0,0,0.9768691162281272,0.4750126747527573,TNFAIP3;OTUD1
GO_Biological_Process_2023,Regulation Of Amyloid-Beta Formation (GO:1902003),2/33,0.6149217190597489,0.765878432972258,0,0,0.9768691162281272,0.4750126747527573,ROCK2;PICALM
GO_Biological_Process_2023,Regulation Of Type I Interferon-Mediated Signaling Pathway (GO:0060338),2/33,0.6149217190597489,0.765878432972258,0,0,0.9768691162281272,0.4750126747527573,STING1;USP29
GO_Biological_Process_2023,3'-Phosphoadenosine 5'-Phosphosulfate Metabolic Process (GO:0050427),1/15,0.6169636041954099,0.765878432972258,0,0,1.0816408954534964,0.5223733274241393,SULT1E1
GO_Biological_Process_2023,DNA Double-Strand Break Processing (GO:0000729),1/15,0.6169636041954099,0.765878432972258,0,0,1.0816408954534964,0.5223733274241393,RAD52
GO_Biological_Process_2023,L-glutamate Import (GO:0051938),1/15,0.6169636041954099,0.765878432972258,0,0,1.0816408954534964,0.5223733274241393,SLC25A22
GO_Biological_Process_2023,T Cell Homeostasis (GO:0043029),1/15,0.6169636041954099,0.765878432972258,0,0,1.0816408954534964,0.5223733274241393,PMAIP1
GO_Biological_Process_2023,Activation Of NF-kappaB-inducing Kinase Activity (GO:0007250),1/15,0.6169636041954099,0.765878432972258,0,0,1.0816408954534964,0.5223733274241393,TNFRSF10B
GO_Biological_Process_2023,Adenylate Cyclase-Activating Adrenergic Receptor Signaling Pathway (GO:0071880),1/15,0.6169636041954099,0.765878432972258,0,0,1.0816408954534964,0.5223733274241393,AKAP13
GO_Biological_Process_2023,Alpha-Beta T Cell Activation (GO:0046631),1/15,0.6169636041954099,0.765878432972258,0,0,1.0816408954534964,0.5223733274241393,RSAD2
GO_Biological_Process_2023,Amyloid-Beta Metabolic Process (GO:0050435),1/15,0.6169636041954099,0.765878432972258,0,0,1.0816408954534964,0.5223733274241393,ACE
GO_Biological_Process_2023,Branched-Chain Amino Acid Metabolic Process (GO:0009081),1/15,0.6169636041954099,0.765878432972258,0,0,1.0816408954534964,0.5223733274241393,BCAT1
GO_Biological_Process_2023,Cardiac Myofibril Assembly (GO:0055003),1/15,0.6169636041954099,0.765878432972258,0,0,1.0816408954534964,0.5223733274241393,PDGFRA
GO_Biological_Process_2023,Ceramide Catabolic Process (GO:0046514),1/15,0.6169636041954099,0.765878432972258,0,0,1.0816408954534964,0.5223733274241393,ACER2
GO_Biological_Process_2023,Defense Response To Protozoan (GO:0042832),1/15,0.6169636041954099,0.765878432972258,0,0,1.0816408954534964,0.5223733274241393,PF4
GO_Biological_Process_2023,Dendritic Spine Morphogenesis (GO:0060997),1/15,0.6169636041954099,0.765878432972258,0,0,1.0816408954534964,0.5223733274241393,DOCK10
GO_Biological_Process_2023,Digestive Tract Morphogenesis (GO:0048546),1/15,0.6169636041954099,0.765878432972258,0,0,1.0816408954534964,0.5223733274241393,PDGFRA
GO_Biological_Process_2023,Folic Acid-Containing Compound Metabolic Process (GO:0006760),1/15,0.6169636041954099,0.765878432972258,0,0,1.0816408954534964,0.5223733274241393,MTHFD2L
GO_Biological_Process_2023,Ganglioside Biosynthetic Process (GO:0001574),1/15,0.6169636041954099,0.765878432972258,0,0,1.0816408954534964,0.5223733274241393,B4GALT6
GO_Biological_Process_2023,Glutamine Family Amino Acid Catabolic Process (GO:0009065),1/15,0.6169636041954099,0.765878432972258,0,0,1.0816408954534964,0.5223733274241393,NOS3
GO_Biological_Process_2023,High-Density Lipoprotein Particle Remodeling (GO:0034375),1/15,0.6169636041954099,0.765878432972258,0,0,1.0816408954534964,0.5223733274241393,APOA4
GO_Biological_Process_2023,Membrane Repolarization During Action Potential (GO:0086011),1/15,0.6169636041954099,0.765878432972258,0,0,1.0816408954534964,0.5223733274241393,KCNE4
GO_Biological_Process_2023,Mitotic Chromosome Condensation (GO:0007076),1/15,0.6169636041954099,0.765878432972258,0,0,1.0816408954534964,0.5223733274241393,PHF13
GO_Biological_Process_2023,Negative Regulation Of DNA Replication (GO:0008156),1/15,0.6169636041954099,0.765878432972258,0,0,1.0816408954534964,0.5223733274241393,TSPYL2
GO_Biological_Process_2023,Nucleotide-Sugar Biosynthetic Process (GO:0009226),1/15,0.6169636041954099,0.765878432972258,0,0,1.0816408954534964,0.5223733274241393,GFPT2
GO_Biological_Process_2023,Phagosome Maturation (GO:0090382),1/15,0.6169636041954099,0.765878432972258,0,0,1.0816408954534964,0.5223733274241393,RAB31
GO_Biological_Process_2023,"Positive Regulation Of DNA Damage Response, Signal Transduction By P53 Class Mediator (GO:0043517)",1/15,0.6169636041954099,0.765878432972258,0,0,1.0816408954534964,0.5223733274241393,PMAIP1
GO_Biological_Process_2023,Positive Regulation Of Immunoglobulin Mediated Immune Response (GO:0002891),1/15,0.6169636041954099,0.765878432972258,0,0,1.0816408954534964,0.5223733274241393,TNFSF4
GO_Biological_Process_2023,Positive Regulation Of Isotype Switching (GO:0045830),1/15,0.6169636041954099,0.765878432972258,0,0,1.0816408954534964,0.5223733274241393,TGFB1
GO_Biological_Process_2023,Positive Regulation Of Mitotic Sister Chromatid Separation (GO:1901970),1/15,0.6169636041954099,0.765878432972258,0,0,1.0816408954534964,0.5223733274241393,CDC16
GO_Biological_Process_2023,Positive Regulation Of Muscle Cell Differentiation (GO:0051149),1/15,0.6169636041954099,0.765878432972258,0,0,1.0816408954534964,0.5223733274241393,NRG1
GO_Biological_Process_2023,Positive Regulation Of Syncytium Formation By Plasma Membrane Fusion (GO:0060143),1/15,0.6169636041954099,0.765878432972258,0,0,1.0816408954534964,0.5223733274241393,RIPOR2
GO_Biological_Process_2023,Protein Localization To Cell-Cell Junction (GO:0150105),1/15,0.6169636041954099,0.765878432972258,0,0,1.0816408954534964,0.5223733274241393,ACTG1
GO_Biological_Process_2023,Protein Localization To Microtubule Organizing Center (GO:1905508),1/15,0.6169636041954099,0.765878432972258,0,0,1.0816408954534964,0.5223733274241393,STIL
GO_Biological_Process_2023,Regulation Of Rac Protein Signal Transduction (GO:0035020),1/15,0.6169636041954099,0.765878432972258,0,0,1.0816408954534964,0.5223733274241393,CADM4
GO_Biological_Process_2023,Regulation Of Cholesterol Biosynthetic Process (GO:0045540),1/15,0.6169636041954099,0.765878432972258,0,0,1.0816408954534964,0.5223733274241393,SH2D2A
GO_Biological_Process_2023,Regulation Of Clathrin-Dependent Endocytosis (GO:2000369),1/15,0.6169636041954099,0.765878432972258,0,0,1.0816408954534964,0.5223733274241393,BMP2K
GO_Biological_Process_2023,Regulation Of Hormone Secretion (GO:0046883),1/15,0.6169636041954099,0.765878432972258,0,0,1.0816408954534964,0.5223733274241393,LIF
GO_Biological_Process_2023,Regulation Of Interleukin-13 Production (GO:0032656),1/15,0.6169636041954099,0.765878432972258,0,0,1.0816408954534964,0.5223733274241393,TNFSF4
GO_Biological_Process_2023,Regulation Of Intrinsic Apoptotic Signaling Pathway In Response To DNA Damage (GO:1902229),1/15,0.6169636041954099,0.765878432972258,0,0,1.0816408954534964,0.5223733274241393,BCL2L1
GO_Biological_Process_2023,Regulation Of Systemic Arterial Blood Pressure (GO:0003073),1/15,0.6169636041954099,0.765878432972258,0,0,1.0816408954534964,0.5223733274241393,ADM
GO_Biological_Process_2023,Regulation Of Systemic Arterial Blood Pressure By Hormone (GO:0001990),1/15,0.6169636041954099,0.765878432972258,0,0,1.0816408954534964,0.5223733274241393,NOS3
GO_Biological_Process_2023,Stem Cell Development (GO:0048864),1/15,0.6169636041954099,0.765878432972258,0,0,1.0816408954534964,0.5223733274241393,NRG1
GO_Biological_Process_2023,Potassium Ion Transmembrane Transport (GO:0071805),8/137,0.6195897985120142,0.7685204632167743,0,0,0.9386457093558525,0.4493274813688403,KCNK7;KCNJ8;KCNE4;FXYD2;KCNQ5;KCNN4;KCNK1;SLC9C1
GO_Biological_Process_2023,Regulation Of Release Of Sequestered Calcium Ion Into Cytosol (GO:0051279),3/51,0.619739738531088,0.7685204632167743,0,0,0.9462479773462784,0.4527377058585064,CXCL10;CEMIP;UBASH3B
GO_Biological_Process_2023,Regulation Of Substrate Adhesion-Dependent Cell Spreading (GO:1900024),3/51,0.619739738531088,0.7685204632167743,0,0,0.9462479773462784,0.4527377058585064,SPRY4;FLNA;S100A10
GO_Biological_Process_2023,ATP Metabolic Process (GO:0046034),2/34,0.6312965706844841,0.7806756410931477,0,0,0.946291430881164,0.4352746836188982,TGFB1;CLPX
GO_Biological_Process_2023,Establishment Of Mitotic Spindle Localization (GO:0040001),2/34,0.6312965706844841,0.7806756410931477,0,0,0.946291430881164,0.4352746836188982,GPSM1;GJA1
GO_Biological_Process_2023,Organophosphate Biosynthetic Process (GO:0090407),2/34,0.6312965706844841,0.7806756410931477,0,0,0.946291430881164,0.4352746836188982,GPHN;AGPAT4
GO_Biological_Process_2023,Positive Regulation Of Carbohydrate Metabolic Process (GO:0045913),2/34,0.6312965706844841,0.7806756410931477,0,0,0.946291430881164,0.4352746836188982,PMAIP1;IRS2
GO_Biological_Process_2023,Positive Regulation Of Transcription By RNA Polymerase I (GO:0045943),2/34,0.6312965706844841,0.7806756410931477,0,0,0.946291430881164,0.4352746836188982,RASL11A;EIF2AK3
GO_Biological_Process_2023,Protein Targeting To Vacuole (GO:0006623),2/34,0.6312965706844841,0.7806756410931477,0,0,0.946291430881164,0.4352746836188982,LAPTM5;SQSTM1
GO_Biological_Process_2023,Regulation Of calcineurin-NFAT Signaling Cascade (GO:0070884),2/34,0.6312965706844841,0.7806756410931477,0,0,0.946291430881164,0.4352746836188982,RCAN1;LMCD1
GO_Biological_Process_2023,Regulation Of Neuronal Synaptic Plasticity (GO:0048168),2/34,0.6312965706844841,0.7806756410931477,0,0,0.946291430881164,0.4352746836188982,DBN1;SLC8A2
GO_Biological_Process_2023,Negative Regulation Of Innate Immune Response (GO:0045824),3/52,0.6329595870836519,0.7814559496321974,0,0,0.9268872597582722,0.4239106854712875,TNFAIP3;ACOD1;IRAK3
GO_Biological_Process_2023,Regulation Of Proteolysis (GO:0030162),3/52,0.6329595870836519,0.7814559496321974,0,0,0.9268872597582722,0.4239106854712875,SERPINE2;PLAUR;PLAT
GO_Biological_Process_2023,Potassium Ion Transport (GO:0006813),7/122,0.6371099673646827,0.7814559496321974,0,0,0.9212450592885376,0.4153092535964807,KCNK7;KCNJ8;KCNQ5;KCNAB1;KCNN4;KCNK1;SLC9C1
GO_Biological_Process_2023,Sulfur Compound Biosynthetic Process (GO:0044272),4/70,0.6373955464457473,0.7814559496321974,0,0,0.9174334437492332,0.4131797882027861,CHST11;GSTP1;NDST3;GSTA1
GO_Biological_Process_2023,DNA-templated Transcription Termination (GO:0006353),1/16,0.6407104414236449,0.7814559496321974,0,0,1.0094776521270867,0.4493968925055346,SCAF8
GO_Biological_Process_2023,Activation Of Cysteine-Type Endopeptidase Activity (GO:0097202),1/16,0.6407104414236449,0.7814559496321974,0,0,1.0094776521270867,0.4493968925055346,LGMN
GO_Biological_Process_2023,Activin Receptor Signaling Pathway (GO:0032924),1/16,0.6407104414236449,0.7814559496321974,0,0,1.0094776521270867,0.4493968925055346,INHBB
GO_Biological_Process_2023,Cell Surface Receptor Signaling Pathway Involved In Heart Development (GO:0061311),1/16,0.6407104414236449,0.7814559496321974,0,0,1.0094776521270867,0.4493968925055346,TGFB1
GO_Biological_Process_2023,Cellular Response To Gamma Radiation (GO:0071480),1/16,0.6407104414236449,0.7814559496321974,0,0,1.0094776521270867,0.4493968925055346,MDM2
GO_Biological_Process_2023,Chondroitin Sulfate Metabolic Process (GO:0030204),1/16,0.6407104414236449,0.7814559496321974,0,0,1.0094776521270867,0.4493968925055346,CHST11
GO_Biological_Process_2023,Dicarboxylic Acid Catabolic Process (GO:0043649),1/16,0.6407104414236449,0.7814559496321974,0,0,1.0094776521270867,0.4493968925055346,GOT1
GO_Biological_Process_2023,Establishment Of Protein Localization To Endoplasmic Reticulum (GO:0072599),1/16,0.6407104414236449,0.7814559496321974,0,0,1.0094776521270867,0.4493968925055346,ZFAND2A
GO_Biological_Process_2023,Extrinsic Apoptotic Signaling Pathway In Absence Of Ligand (GO:0097192),1/16,0.6407104414236449,0.7814559496321974,0,0,1.0094776521270867,0.4493968925055346,BCL2L1
GO_Biological_Process_2023,Glycoprotein Catabolic Process (GO:0006516),1/16,0.6407104414236449,0.7814559496321974,0,0,1.0094776521270867,0.4493968925055346,CTSL
GO_Biological_Process_2023,Intracellular Cholesterol Transport (GO:0032367),1/16,0.6407104414236449,0.7814559496321974,0,0,1.0094776521270867,0.4493968925055346,PIP4K2A
GO_Biological_Process_2023,Late Endosome To Lysosome Transport (GO:1902774),1/16,0.6407104414236449,0.7814559496321974,0,0,1.0094776521270867,0.4493968925055346,C9ORF72
GO_Biological_Process_2023,Lymphocyte Mediated Immunity (GO:0002449),1/16,0.6407104414236449,0.7814559496321974,0,0,1.0094776521270867,0.4493968925055346,SLA2
GO_Biological_Process_2023,Mesonephric Tubule Development (GO:0072164),1/16,0.6407104414236449,0.7814559496321974,0,0,1.0094776521270867,0.4493968925055346,FOXC1
GO_Biological_Process_2023,Mitophagy (GO:0000423),1/16,0.6407104414236449,0.7814559496321974,0,0,1.0094776521270867,0.4493968925055346,SQSTM1
GO_Biological_Process_2023,Negative Regulation Of ATP-dependent Activity (GO:0032780),1/16,0.6407104414236449,0.7814559496321974,0,0,1.0094776521270867,0.4493968925055346,TNNI3
GO_Biological_Process_2023,Negative Regulation Of Anoikis (GO:2000811),1/16,0.6407104414236449,0.7814559496321974,0,0,1.0094776521270867,0.4493968925055346,PDK4
GO_Biological_Process_2023,Negative Regulation Of Intrinsic Apoptotic Signaling Pathway By P53 Class Mediator (GO:1902254),1/16,0.6407104414236449,0.7814559496321974,0,0,1.0094776521270867,0.4493968925055346,MDM2
GO_Biological_Process_2023,Negative Regulation Of Phosphatase Activity (GO:0010923),1/16,0.6407104414236449,0.7814559496321974,0,0,1.0094776521270867,0.4493968925055346,PPP1R15A
GO_Biological_Process_2023,Neuron Projection Organization (GO:0106027),1/16,0.6407104414236449,0.7814559496321974,0,0,1.0094776521270867,0.4493968925055346,LGMN
GO_Biological_Process_2023,Nuclear Chromosome Segregation (GO:0098813),1/16,0.6407104414236449,0.7814559496321974,0,0,1.0094776521270867,0.4493968925055346,FAM83D
GO_Biological_Process_2023,Pharyngeal System Development (GO:0060037),1/16,0.6407104414236449,0.7814559496321974,0,0,1.0094776521270867,0.4493968925055346,HES1
GO_Biological_Process_2023,Positive Regulation Of Cardiac Muscle Tissue Growth (GO:0055023),1/16,0.6407104414236449,0.7814559496321974,0,0,1.0094776521270867,0.4493968925055346,PIM1
GO_Biological_Process_2023,Positive Regulation Of Stem Cell Proliferation (GO:2000648),1/16,0.6407104414236449,0.7814559496321974,0,0,1.0094776521270867,0.4493968925055346,GJA1
GO_Biological_Process_2023,Protein Kinase A Signaling (GO:0010737),1/16,0.6407104414236449,0.7814559496321974,0,0,1.0094776521270867,0.4493968925055346,MYOM1
GO_Biological_Process_2023,Protein Localization To Endoplasmic Reticulum (GO:0070972),1/16,0.6407104414236449,0.7814559496321974,0,0,1.0094776521270867,0.4493968925055346,PPP1R15A
GO_Biological_Process_2023,Regulation Of NMDA Receptor Activity (GO:2000310),1/16,0.6407104414236449,0.7814559496321974,0,0,1.0094776521270867,0.4493968925055346,CCL2
GO_Biological_Process_2023,Regulation Of Cardiac Muscle Contraction By Regulation Of The Release Of Sequestered Calcium Ion (GO:0010881),1/16,0.6407104414236449,0.7814559496321974,0,0,1.0094776521270867,0.4493968925055346,SLC8A1
GO_Biological_Process_2023,Regulation Of Response To Cytokine Stimulus (GO:0060759),1/16,0.6407104414236449,0.7814559496321974,0,0,1.0094776521270867,0.4493968925055346,KLF4
GO_Biological_Process_2023,Regulation Of Steroid Biosynthetic Process (GO:0050810),1/16,0.6407104414236449,0.7814559496321974,0,0,1.0094776521270867,0.4493968925055346,EGR1
GO_Biological_Process_2023,Regulation Of Transforming Growth Factor Beta Production (GO:0071634),1/16,0.6407104414236449,0.7814559496321974,0,0,1.0094776521270867,0.4493968925055346,PTGS2
GO_Biological_Process_2023,Response To UV-B (GO:0010224),1/16,0.6407104414236449,0.7814559496321974,0,0,1.0094776521270867,0.4493968925055346,MFAP4
GO_Biological_Process_2023,Retinal Metabolic Process (GO:0042574),1/16,0.6407104414236449,0.7814559496321974,0,0,1.0094776521270867,0.4493968925055346,ALDH1A3
GO_Biological_Process_2023,Reverse Cholesterol Transport (GO:0043691),1/16,0.6407104414236449,0.7814559496321974,0,0,1.0094776521270867,0.4493968925055346,APOA4
GO_Biological_Process_2023,Sulfation (GO:0051923),1/16,0.6407104414236449,0.7814559496321974,0,0,1.0094776521270867,0.4493968925055346,SULT1E1
GO_Biological_Process_2023,Tail-Anchored Membrane Protein Insertion Into ER Membrane (GO:0071816),1/16,0.6407104414236449,0.7814559496321974,0,0,1.0094776521270867,0.4493968925055346,EMC8
GO_Biological_Process_2023,Cellular Response To Alcohol (GO:0097306),3/53,0.6458563480914592,0.7871184347463227,0,0,0.9083009708737864,0.3970893574394918,TNFSF4;KLF9;ADCY3
GO_Biological_Process_2023,Adherens Junction Organization (GO:0034332),2/35,0.6471223770912449,0.7871184347463227,0,0,0.917566938585532,0.3993433517440825,CDH4;VCL
GO_Biological_Process_2023,Dendrite Morphogenesis (GO:0048813),2/35,0.6471223770912449,0.7871184347463227,0,0,0.917566938585532,0.3993433517440825,DOCK10;KLF7
GO_Biological_Process_2023,Establishment Of Spindle Orientation (GO:0051294),2/35,0.6471223770912449,0.7871184347463227,0,0,0.917566938585532,0.3993433517440825,GPSM1;GJA1
GO_Biological_Process_2023,Intrinsic Apoptotic Signaling Pathway By P53 Class Mediator (GO:0072332),2/35,0.6471223770912449,0.7871184347463227,0,0,0.917566938585532,0.3993433517440825,DDIT4;PMAIP1
GO_Biological_Process_2023,Positive Regulation Of Substrate Adhesion-Dependent Cell Spreading (GO:1900026),2/35,0.6471223770912449,0.7871184347463227,0,0,0.917566938585532,0.3993433517440825,FLNA;S100A10
GO_Biological_Process_2023,Regulation Of Regulated Secretory Pathway (GO:1903305),2/35,0.6471223770912449,0.7871184347463227,0,0,0.917566938585532,0.3993433517440825,RIMS3;SYT13
GO_Biological_Process_2023,Response To Nutrient Levels (GO:0031667),2/35,0.6471223770912449,0.7871184347463227,0,0,0.917566938585532,0.3993433517440825,FAM107A;PPARD
GO_Biological_Process_2023,Negative Regulation Of Protein Binding (GO:0032091),4/71,0.6485202203026754,0.7885491848504346,0,0,0.9036920659858602,0.3913547798726238,CDKN1A;SLPI;PRKCD;CSNK1E
GO_Biological_Process_2023,Transcription By RNA Polymerase II (GO:0006366),11/192,0.6490676085389216,0.7889452249965923,0,0,0.9195205787607752,0.3974337080779195,NFAT5;MNT;SCAF8;CTDP1;CEBPD;C5AR1;NFE2L3;DPEP1;HSF2BP;S100A10;PAX1
GO_Biological_Process_2023,Sensory Perception Of Mechanical Stimulus (GO:0050954),5/89,0.6526383398915363,0.7928917388761679,0,0,0.9009126340973992,0.3844483826959931,RIPOR2;CEMIP;CDH23;LRP2;GSDME
GO_Biological_Process_2023,Protein-Containing Complex Assembly (GO:0065003),19/328,0.6527599873299162,0.7928917388761679,0,0,0.9299909809538968,0.3966837201143875,TGFB1;SLC2A1;ANO6;CAPG;APOA4;NRG1;MEFV;JCHAIN;CHCHD4;STING1;ZC3H12A;SH3PXD2B;CASP4;MDM2;LPXN;HES1;SOX9;FERMT3;PICALM
GO_Biological_Process_2023,Negative Regulation Of TOR Signaling (GO:0032007),3/54,0.6584283875142226,0.7933987161326486,0,0,0.890443556063202,0.3721159298932529,SESN2;DDIT4;DEPDC5
GO_Biological_Process_2023,Nucleosome Assembly (GO:0006334),3/54,0.6584283875142226,0.7933987161326486,0,0,0.890443556063202,0.3721159298932529,BRD2;SOX9;BAZ1A
GO_Biological_Process_2023,Plasma Membrane Organization (GO:0007009),4/72,0.6594158776517208,0.7933987161326486,0,0,0.8903548463919981,0.3707445323760271,PLSCR1;SNX18;CXCR4;ANO6
GO_Biological_Process_2023,Regulation Of Cellular Localization (GO:0060341),4/72,0.6594158776517208,0.7933987161326486,0,0,0.8903548463919981,0.3707445323760271,GSN;ITGB3;CSNK1E;PICALM
GO_Biological_Process_2023,Response To Ionizing Radiation (GO:0010212),4/72,0.6594158776517208,0.7933987161326486,0,0,0.8903548463919981,0.3707445323760271,CDKN1A;GADD45A;MYC;RHOB
GO_Biological_Process_2023,Chromatin Remodeling (GO:0006338),13/228,0.6614696217637142,0.7933987161326486,0,0,0.9146705110209036,0.3780252911612487,KDM6B;NFAT5;KDM4A;KDM5D;SATB1;SATB2;CHD7;BAZ1A;CHD2;CHD1;PER1;MYC;SOX9
GO_Biological_Process_2023,Positive Regulation Of Proteasomal Protein Catabolic Process (GO:1901800),5/90,0.6623639350760251,0.7933987161326486,0,0,0.89026599294499,0.3667362828435964,ECSCR;MDM2;TRIB3;CSNK1E;TRIB1
GO_Biological_Process_2023,Neural Crest Cell Migration (GO:0001755),2/36,0.6624042660151344,0.7933987161326486,0,0,0.89053212230729,0.3667916898947328,SEMA3D;SEMA4C
GO_Biological_Process_2023,Positive Regulation Of RNA Splicing (GO:0033120),2/36,0.6624042660151344,0.7933987161326486,0,0,0.89053212230729,0.3667916898947328,CIRBP;SLC38A2
GO_Biological_Process_2023,Regulation Of Receptor Internalization (GO:0002090),2/36,0.6624042660151344,0.7933987161326486,0,0,0.89053212230729,0.3667916898947328,MAGI2;SELE
GO_Biological_Process_2023,Regulation Of Trans-Synaptic Signaling (GO:0099177),2/36,0.6624042660151344,0.7933987161326486,0,0,0.89053212230729,0.3667916898947328,GRID1;LRP8
GO_Biological_Process_2023,Rac Protein Signal Transduction (GO:0016601),1/17,0.6629861707722666,0.7933987161326486,0,0,0.946334814216478,0.3889446946355296,EPS8
GO_Biological_Process_2023,Androgen Receptor Signaling Pathway (GO:0030521),1/17,0.6629861707722666,0.7933987161326486,0,0,0.946334814216478,0.3889446946355296,PLPP1
GO_Biological_Process_2023,Aorta Morphogenesis (GO:0035909),1/17,0.6629861707722666,0.7933987161326486,0,0,0.946334814216478,0.3889446946355296,ADAMTS9
GO_Biological_Process_2023,Cellular Response To Alkaloid (GO:0071312),1/17,0.6629861707722666,0.7933987161326486,0,0,0.946334814216478,0.3889446946355296,SLC8A1
GO_Biological_Process_2023,Cellular Response To dsRNA (GO:0071359),1/17,0.6629861707722666,0.7933987161326486,0,0,0.946334814216478,0.3889446946355296,STING1
GO_Biological_Process_2023,Cellular Response To Unfolded Protein (GO:0034620),1/17,0.6629861707722666,0.7933987161326486,0,0,0.946334814216478,0.3889446946355296,HSPB8
GO_Biological_Process_2023,Detection Of Visible Light (GO:0009584),1/17,0.6629861707722666,0.7933987161326486,0,0,0.946334814216478,0.3889446946355296,TULP1
GO_Biological_Process_2023,Embryonic Axis Specification (GO:0000578),1/17,0.6629861707722666,0.7933987161326486,0,0,0.946334814216478,0.3889446946355296,STIL
GO_Biological_Process_2023,Growth Hormone Receptor Signaling Pathway (GO:0060396),1/17,0.6629861707722666,0.7933987161326486,0,0,0.946334814216478,0.3889446946355296,LYN
GO_Biological_Process_2023,Long-Chain fatty-acyl-CoA Biosynthetic Process (GO:0035338),1/17,0.6629861707722666,0.7933987161326486,0,0,0.946334814216478,0.3889446946355296,ELOVL3
GO_Biological_Process_2023,Muscle Tissue Morphogenesis (GO:0060415),1/17,0.6629861707722666,0.7933987161326486,0,0,0.946334814216478,0.3889446946355296,ANKRD1
GO_Biological_Process_2023,ncRNA Metabolic Process (GO:0034660),1/17,0.6629861707722666,0.7933987161326486,0,0,0.946334814216478,0.3889446946355296,TRIM71
GO_Biological_Process_2023,Negative Regulation Of Calcium Ion Transport (GO:0051926),1/17,0.6629861707722666,0.7933987161326486,0,0,0.946334814216478,0.3889446946355296,CD33
GO_Biological_Process_2023,Negative Regulation Of Cellular Senescence (GO:2000773),1/17,0.6629861707722666,0.7933987161326486,0,0,0.946334814216478,0.3889446946355296,MAP3K3
GO_Biological_Process_2023,Negative Regulation Of Oxidative Stress-Induced Intrinsic Apoptotic Signaling Pathway (GO:1902176),1/17,0.6629861707722666,0.7933987161326486,0,0,0.946334814216478,0.3889446946355296,HSPB1
GO_Biological_Process_2023,Negative Regulation Of Ubiquitin-Protein Transferase Activity (GO:0051444),1/17,0.6629861707722666,0.7933987161326486,0,0,0.946334814216478,0.3889446946355296,LIMK1
GO_Biological_Process_2023,Nuclear Envelope Organization (GO:0006998),1/17,0.6629861707722666,0.7933987161326486,0,0,0.946334814216478,0.3889446946355296,DMPK
GO_Biological_Process_2023,Positive Regulation Of Cell Cycle Phase Transition (GO:1901989),1/17,0.6629861707722666,0.7933987161326486,0,0,0.946334814216478,0.3889446946355296,FAM83D
GO_Biological_Process_2023,Positive Regulation Of Peptidyl-Serine Phosphorylation Of STAT Protein (GO:0033141),1/17,0.6629861707722666,0.7933987161326486,0,0,0.946334814216478,0.3889446946355296,LIF
GO_Biological_Process_2023,Positive Regulation Of Small GTPase Mediated Signal Transduction (GO:0051057),1/17,0.6629861707722666,0.7933987161326486,0,0,0.946334814216478,0.3889446946355296,NGF
GO_Biological_Process_2023,Postsynaptic Membrane Organization (GO:0001941),1/17,0.6629861707722666,0.7933987161326486,0,0,0.946334814216478,0.3889446946355296,GPHN
GO_Biological_Process_2023,Protein Localization To Centrosome (GO:0071539),1/17,0.6629861707722666,0.7933987161326486,0,0,0.946334814216478,0.3889446946355296,STIL
GO_Biological_Process_2023,rRNA Transcription (GO:0009303),1/17,0.6629861707722666,0.7933987161326486,0,0,0.946334814216478,0.3889446946355296,ZFP36L1
GO_Biological_Process_2023,Regulation Of Cellular Respiration (GO:0043457),1/17,0.6629861707722666,0.7933987161326486,0,0,0.946334814216478,0.3889446946355296,IFNLR1
GO_Biological_Process_2023,Regulation Of Hematopoietic Progenitor Cell Differentiation (GO:1901532),1/17,0.6629861707722666,0.7933987161326486,0,0,0.946334814216478,0.3889446946355296,FOXC1
GO_Biological_Process_2023,Regulation Of Mitotic Cell Cycle Spindle Assembly Checkpoint (GO:0090266),1/17,0.6629861707722666,0.7933987161326486,0,0,0.946334814216478,0.3889446946355296,DUSP1
GO_Biological_Process_2023,Regulation Of Protein Sumoylation (GO:0033233),1/17,0.6629861707722666,0.7933987161326486,0,0,0.946334814216478,0.3889446946355296,EGR1
GO_Biological_Process_2023,Regulation Of Receptor Recycling (GO:0001919),1/17,0.6629861707722666,0.7933987161326486,0,0,0.946334814216478,0.3889446946355296,RAMP3
GO_Biological_Process_2023,Regulation Of Vacuole Organization (GO:0044088),1/17,0.6629861707722666,0.7933987161326486,0,0,0.946334814216478,0.3889446946355296,C9ORF72
GO_Biological_Process_2023,Regulation Of Viral Transcription (GO:0046782),1/17,0.6629861707722666,0.7933987161326486,0,0,0.946334814216478,0.3889446946355296,ZFP36
GO_Biological_Process_2023,Response To Interferon-Alpha (GO:0035455),1/17,0.6629861707722666,0.7933987161326486,0,0,0.946334814216478,0.3889446946355296,MX2
GO_Biological_Process_2023,Toll-Like Receptor 4 Signaling Pathway (GO:0034142),1/17,0.6629861707722666,0.7933987161326486,0,0,0.946334814216478,0.3889446946355296,TNIP3
GO_Biological_Process_2023,Transepithelial Transport (GO:0070633),1/17,0.6629861707722666,0.7933987161326486,0,0,0.946334814216478,0.3889446946355296,ABCC1
GO_Biological_Process_2023,Positive Regulation Of DNA Metabolic Process (GO:0051054),6/108,0.6662014070538799,0.796978422757902,0,0,0.8901769953723582,0.3615571736514272,DNMT3L;RGCC;MYC;HGF;BAZ1A;EREG
GO_Biological_Process_2023,RNA Stabilization (GO:0043489),2/37,0.6771488362174588,0.8088851881978207,0,0,0.8650421526735189,0.3372489525713584,CIRBP;TENT5C
GO_Biological_Process_2023,Protein Acylation (GO:0043543),2/37,0.6771488362174588,0.8088851881978207,0,0,0.8650421526735189,0.3372489525713584,SPHK1;ZDHHC14
GO_Biological_Process_2023,Regulation Of Phosphoprotein Phosphatase Activity (GO:0043666),2/37,0.6771488362174588,0.8088851881978207,0,0,0.8650421526735189,0.3372489525713584,PPP1R15A;MAGI2
GO_Biological_Process_2023,Ventricular Septum Development (GO:0003281),2/37,0.6771488362174588,0.8088851881978207,0,0,0.8650421526735189,0.3372489525713584,CITED2;HES1
GO_Biological_Process_2023,Mitochondrion Organization (GO:0007005),9/162,0.6794337262314627,0.8088851881978207,0,0,0.8899091343854615,0.3439459499671548,CHCHD4;NOS3;MTFR2;SPATA18;ATP7A;SLC25A33;HK2;SLC25A36;BCL2L1
GO_Biological_Process_2023,Sensory Perception Of Sound (GO:0007605),5/92,0.6812781859413378,0.8088851881978207,0,0,0.8697069617541311,0.333780103647236,RIPOR2;CEMIP;CDH23;LRP2;GSDME
GO_Biological_Process_2023,Adrenergic Receptor Signaling Pathway (GO:0071875),1/18,0.6838818576249628,0.8088851881978207,0,0,0.8906205454718237,0.3384091768774728,AKAP13
GO_Biological_Process_2023,Branching Involved In Ureteric Bud Morphogenesis (GO:0001658),1/18,0.6838818576249628,0.8088851881978207,0,0,0.8906205454718237,0.3384091768774728,MYC
GO_Biological_Process_2023,Cell Junction Maintenance (GO:0034331),1/18,0.6838818576249628,0.8088851881978207,0,0,0.8906205454718237,0.3384091768774728,CD177
GO_Biological_Process_2023,Glycerolipid Catabolic Process (GO:0046503),1/18,0.6838818576249628,0.8088851881978207,0,0,0.8906205454718237,0.3384091768774728,ENPP6
GO_Biological_Process_2023,Heart Trabecula Morphogenesis (GO:0061384),1/18,0.6838818576249628,0.8088851881978207,0,0,0.8906205454718237,0.3384091768774728,NRG1
GO_Biological_Process_2023,Membrane Repolarization (GO:0086009),1/18,0.6838818576249628,0.8088851881978207,0,0,0.8906205454718237,0.3384091768774728,KCNE4
GO_Biological_Process_2023,Myoblast Fusion (GO:0007520),1/18,0.6838818576249628,0.8088851881978207,0,0,0.8906205454718237,0.3384091768774728,ADAMTS15
GO_Biological_Process_2023,Negative Regulation Of Amyloid Precursor Protein Catabolic Process (GO:1902992),1/18,0.6838818576249628,0.8088851881978207,0,0,0.8906205454718237,0.3384091768774728,PICALM
GO_Biological_Process_2023,Negative Regulation Of Monoatomic Ion Transport (GO:0043271),1/18,0.6838818576249628,0.8088851881978207,0,0,0.8906205454718237,0.3384091768774728,CD33
GO_Biological_Process_2023,Negative Regulation Of Signal Transduction By P53 Class Mediator (GO:1901797),1/18,0.6838818576249628,0.8088851881978207,0,0,0.8906205454718237,0.3384091768774728,MDM2
GO_Biological_Process_2023,Neural Crest Cell Differentiation (GO:0014033),1/18,0.6838818576249628,0.8088851881978207,0,0,0.8906205454718237,0.3384091768774728,NRG1
GO_Biological_Process_2023,Neuromuscular Synaptic Transmission (GO:0007274),1/18,0.6838818576249628,0.8088851881978207,0,0,0.8906205454718237,0.3384091768774728,FCHSD1
GO_Biological_Process_2023,Nucleosome Disassembly (GO:0006337),1/18,0.6838818576249628,0.8088851881978207,0,0,0.8906205454718237,0.3384091768774728,HMGA1
GO_Biological_Process_2023,Positive Regulation Of NLRP3 Inflammasome Complex Assembly (GO:1900227),1/18,0.6838818576249628,0.8088851881978207,0,0,0.8906205454718237,0.3384091768774728,PTPN22
GO_Biological_Process_2023,Positive Regulation Of Chromosome Segregation (GO:0051984),1/18,0.6838818576249628,0.8088851881978207,0,0,0.8906205454718237,0.3384091768774728,RAD18
GO_Biological_Process_2023,Positive Regulation Of Nervous System Process (GO:0031646),1/18,0.6838818576249628,0.8088851881978207,0,0,0.8906205454718237,0.3384091768774728,EGR2
GO_Biological_Process_2023,Positive Regulation Of Osteoclast Differentiation (GO:0045672),1/18,0.6838818576249628,0.8088851881978207,0,0,0.8906205454718237,0.3384091768774728,TNFRSF11A
GO_Biological_Process_2023,Pulmonary Valve Morphogenesis (GO:0003184),1/18,0.6838818576249628,0.8088851881978207,0,0,0.8906205454718237,0.3384091768774728,NOS3
GO_Biological_Process_2023,Regulation Of Adaptive Immune Response (GO:0002819),1/18,0.6838818576249628,0.8088851881978207,0,0,0.8906205454718237,0.3384091768774728,TNFSF4
GO_Biological_Process_2023,Regulation Of Lymphocyte Proliferation (GO:0050670),1/18,0.6838818576249628,0.8088851881978207,0,0,0.8906205454718237,0.3384091768774728,PTPN22
GO_Biological_Process_2023,Regulation Of Mitochondrial Outer Membrane Permeabilization Involved In Apoptotic Signaling Pathway (GO:1901028),1/18,0.6838818576249628,0.8088851881978207,0,0,0.8906205454718237,0.3384091768774728,FZD9
GO_Biological_Process_2023,Regulation Of Oligodendrocyte Differentiation (GO:0048713),1/18,0.6838818576249628,0.8088851881978207,0,0,0.8906205454718237,0.3384091768774728,HES1
GO_Biological_Process_2023,Regulation Of Oxidative Stress-Induced Intrinsic Apoptotic Signaling Pathway (GO:1902175),1/18,0.6838818576249628,0.8088851881978207,0,0,0.8906205454718237,0.3384091768774728,HSPB1
GO_Biological_Process_2023,Regulation Of Peptidyl-Serine Phosphorylation Of STAT Protein (GO:0033139),1/18,0.6838818576249628,0.8088851881978207,0,0,0.8906205454718237,0.3384091768774728,LIF
GO_Biological_Process_2023,Regulation Of Synaptic Vesicle Exocytosis (GO:2000300),1/18,0.6838818576249628,0.8088851881978207,0,0,0.8906205454718237,0.3384091768774728,RIMS3
GO_Biological_Process_2023,Ureteric Bud Development (GO:0001657),1/18,0.6838818576249628,0.8088851881978207,0,0,0.8906205454718237,0.3384091768774728,FOXC1
GO_Biological_Process_2023,Ureteric Bud Morphogenesis (GO:0060675),1/18,0.6838818576249628,0.8088851881978207,0,0,0.8906205454718237,0.3384091768774728,MYC
GO_Biological_Process_2023,Vesicle Transport Along Actin Filament (GO:0030050),1/18,0.6838818576249628,0.8088851881978207,0,0,0.8906205454718237,0.3384091768774728,MYO1E
GO_Biological_Process_2023,G2/M Transition Of Mitotic Cell Cycle (GO:0000086),2/38,0.6913639560018432,0.8163783408794161,0,0,0.8409682924638462,0.3103920491815965,PLK3;BACH1
GO_Biological_Process_2023,Heart Looping (GO:0001947),2/38,0.6913639560018432,0.8163783408794161,0,0,0.8409682924638462,0.3103920491815965,NDRG4;STIL
GO_Biological_Process_2023,mRNA Transcription By RNA Polymerase II (GO:0042789),2/38,0.6913639560018432,0.8163783408794161,0,0,0.8409682924638462,0.3103920491815965,C5AR1;S100A10
GO_Biological_Process_2023,Positive Regulation Of Myoblast Differentiation (GO:0045663),2/38,0.6913639560018432,0.8163783408794161,0,0,0.8409682924638462,0.3103920491815965,RIPOR2;BTG1
GO_Biological_Process_2023,Regulation Of Neurotransmitter Secretion (GO:0046928),2/38,0.6913639560018432,0.8163783408794161,0,0,0.8409682924638462,0.3103920491815965,RIMS3;SLC38A2
GO_Biological_Process_2023,Monoatomic Anion Transport (GO:0006820),3/57,0.6941925731194039,0.8191748566750525,0,0,0.8408396260338008,0.3069114026662777,LRRC8C;ANO6;ANO7
GO_Biological_Process_2023,Striated Muscle Contraction (GO:0006941),3/57,0.6941925731194039,0.8191748566750525,0,0,0.8408396260338008,0.3069114026662777,TNNI3;SCN5A;SLC8A1
GO_Biological_Process_2023,Muscle Contraction (GO:0006936),5/94,0.6994677946939647,0.8211530875362135,0,0,0.8500719319651084,0.3038459084820183,TMOD1;ROCK2;BDKRB2;SCN4A;SLC8A1
GO_Biological_Process_2023,Wnt Signaling Pathway (GO:0016055),4/76,0.7006785581957531,0.8211530875362135,0,0,0.8407107512370671,0.2990458959939215,NR4A2;WNT7B;FZD9;CSNK1E
GO_Biological_Process_2023,DNA Catabolic Process (GO:0006308),1/19,0.7034829345034883,0.8211530875362135,0,0,0.8410967510321307,0.2958235351255672,DNASE1
GO_Biological_Process_2023,RNA Destabilization (GO:0050779),1/19,0.7034829345034883,0.8211530875362135,0,0,0.8410967510321307,0.2958235351255672,ROCK2
GO_Biological_Process_2023,Chondroitin Sulfate Proteoglycan Biosynthetic Process (GO:0050650),1/19,0.7034829345034883,0.8211530875362135,0,0,0.8410967510321307,0.2958235351255672,CHST11
GO_Biological_Process_2023,Dopaminergic Neuron Differentiation (GO:0071542),1/19,0.7034829345034883,0.8211530875362135,0,0,0.8410967510321307,0.2958235351255672,NR4A2
GO_Biological_Process_2023,Embryonic Digestive Tract Development (GO:0048566),1/19,0.7034829345034883,0.8211530875362135,0,0,0.8410967510321307,0.2958235351255672,PDGFRA
GO_Biological_Process_2023,Eye Morphogenesis (GO:0048592),1/19,0.7034829345034883,0.8211530875362135,0,0,0.8410967510321307,0.2958235351255672,ALDH1A3
GO_Biological_Process_2023,Fluid Transport (GO:0042044),1/19,0.7034829345034883,0.8211530875362135,0,0,0.8410967510321307,0.2958235351255672,AQP4
GO_Biological_Process_2023,Gastrulation (GO:0007369),1/19,0.7034829345034883,0.8211530875362135,0,0,0.8410967510321307,0.2958235351255672,NR4A3
GO_Biological_Process_2023,Glycogen Metabolic Process (GO:0005977),1/19,0.7034829345034883,0.8211530875362135,0,0,0.8410967510321307,0.2958235351255672,NR1D1
GO_Biological_Process_2023,Glycosphingolipid Biosynthetic Process (GO:0006688),1/19,0.7034829345034883,0.8211530875362135,0,0,0.8410967510321307,0.2958235351255672,B4GALT6
GO_Biological_Process_2023,Heme Biosynthetic Process (GO:0006783),1/19,0.7034829345034883,0.8211530875362135,0,0,0.8410967510321307,0.2958235351255672,ALAS2
GO_Biological_Process_2023,Inositol Phosphate-Mediated Signaling (GO:0048016),1/19,0.7034829345034883,0.8211530875362135,0,0,0.8410967510321307,0.2958235351255672,NFAT5
GO_Biological_Process_2023,Insulin Secretion (GO:0030073),1/19,0.7034829345034883,0.8211530875362135,0,0,0.8410967510321307,0.2958235351255672,PDX1
GO_Biological_Process_2023,Intrinsic Apoptotic Signaling Pathway In Response To DNA Damage By P53 Class Mediator (GO:0042771),1/19,0.7034829345034883,0.8211530875362135,0,0,0.8410967510321307,0.2958235351255672,DDIT4
GO_Biological_Process_2023,Mesoderm Development (GO:0007498),1/19,0.7034829345034883,0.8211530875362135,0,0,0.8410967510321307,0.2958235351255672,FOXC2
GO_Biological_Process_2023,Multicellular Organismal-Level Water Homeostasis (GO:0050891),1/19,0.7034829345034883,0.8211530875362135,0,0,0.8410967510321307,0.2958235351255672,AQP4
GO_Biological_Process_2023,Negative Regulation Of Calcium Ion Transmembrane Transport (GO:1903170),1/19,0.7034829345034883,0.8211530875362135,0,0,0.8410967510321307,0.2958235351255672,EPO
GO_Biological_Process_2023,Negative Regulation Of Protein Dephosphorylation (GO:0035308),1/19,0.7034829345034883,0.8211530875362135,0,0,0.8410967510321307,0.2958235351255672,PPP1R15A
GO_Biological_Process_2023,Oligodendrocyte Differentiation (GO:0048709),1/19,0.7034829345034883,0.8211530875362135,0,0,0.8410967510321307,0.2958235351255672,SOX9
GO_Biological_Process_2023,Phosphate Ion Transport (GO:0006817),1/19,0.7034829345034883,0.8211530875362135,0,0,0.8410967510321307,0.2958235351255672,SLC20A1
GO_Biological_Process_2023,Pore Complex Assembly (GO:0046931),1/19,0.7034829345034883,0.8211530875362135,0,0,0.8410967510321307,0.2958235351255672,ANO6
GO_Biological_Process_2023,Positive Regulation Of Axon Extension (GO:0045773),1/19,0.7034829345034883,0.8211530875362135,0,0,0.8410967510321307,0.2958235351255672,LIMK1
GO_Biological_Process_2023,Positive Regulation Of calcineurin-NFAT Signaling Cascade (GO:0070886),1/19,0.7034829345034883,0.8211530875362135,0,0,0.8410967510321307,0.2958235351255672,LMCD1
GO_Biological_Process_2023,Positive Regulation Of Calcineurin-Mediated Signaling (GO:0106058),1/19,0.7034829345034883,0.8211530875362135,0,0,0.8410967510321307,0.2958235351255672,LMCD1
GO_Biological_Process_2023,Protein Heterooligomerization (GO:0051291),1/19,0.7034829345034883,0.8211530875362135,0,0,0.8410967510321307,0.2958235351255672,TMEM120B
GO_Biological_Process_2023,Regulation Of Insulin-Like Growth Factor Receptor Signaling Pathway (GO:0043567),1/19,0.7034829345034883,0.8211530875362135,0,0,0.8410967510321307,0.2958235351255672,IGFBP1
GO_Biological_Process_2023,Regulation Of Transcription Involved In G1/S Transition Of Mitotic Cell Cycle (GO:0000083),1/19,0.7034829345034883,0.8211530875362135,0,0,0.8410967510321307,0.2958235351255672,KLF11
GO_Biological_Process_2023,Skeletal Muscle Contraction (GO:0003009),1/19,0.7034829345034883,0.8211530875362135,0,0,0.8410967510321307,0.2958235351255672,TNNI3
GO_Biological_Process_2023,snRNA Processing (GO:0016180),1/19,0.7034829345034883,0.8211530875362135,0,0,0.8410967510321307,0.2958235351255672,INTS6L
GO_Biological_Process_2023,tRNA Metabolic Process (GO:0006399),1/19,0.7034829345034883,0.8211530875362135,0,0,0.8410967510321307,0.2958235351255672,ZFP36L1
GO_Biological_Process_2023,Water Transport (GO:0006833),1/19,0.7034829345034883,0.8211530875362135,0,0,0.8410967510321307,0.2958235351255672,AQP4
GO_Biological_Process_2023,RNA Transport (GO:0050658),2/39,0.7050585809288482,0.8219140155669082,0,0,0.8181957219952369,0.2859384476587154,ZFP36;ZFP36L1
GO_Biological_Process_2023,Internal Peptidyl-Lysine Acetylation (GO:0018393),2/39,0.7050585809288482,0.8219140155669082,0,0,0.8181957219952369,0.2859384476587154,MORF4L1;NAT8
GO_Biological_Process_2023,Regulation Of Protein Tyrosine Kinase Activity (GO:0061097),2/39,0.7050585809288482,0.8219140155669082,0,0,0.8181957219952369,0.2859384476587154,ACE;LRP8
GO_Biological_Process_2023,Vesicle Cytoskeletal Trafficking (GO:0099518),2/39,0.7050585809288482,0.8219140155669082,0,0,0.8181957219952369,0.2859384476587154,MYO1E;CDR2L
GO_Biological_Process_2023,mRNA Transport (GO:0051028),3/58,0.7054659122568243,0.8221195748926123,0,0,0.8255075022065314,0.2880169473572824,ZFP36;THOC6;ZFP36L1
GO_Biological_Process_2023,Microtubule Cytoskeleton Organization Involved In Mitosis (GO:1902850),3/59,0.7164181970516736,0.8340635797536495,0,0,0.8107229542302358,0.2703689777096894,PLK3;STIL;PLK2
GO_Biological_Process_2023,Positive Regulation Of Proteolysis (GO:0045862),3/59,0.7164181970516736,0.8340635797536495,0,0,0.8107229542302358,0.2703689777096894,CTSL;IL1B;ZC3H12A
GO_Biological_Process_2023,protein-DNA Complex Assembly (GO:0065004),3/59,0.7164181970516736,0.8340635797536495,0,0,0.8107229542302358,0.2703689777096894,BRD2;SOX9;BAZ1A
GO_Biological_Process_2023,Protein Deacetylation (GO:0006476),2/40,0.7182425889371487,0.8354906424862883,0,0,0.7966217078670808,0.2636402808333237,MORF4L1;FLNA
GO_Biological_Process_2023,DNA Unwinding Involved In DNA Replication (GO:0006268),1/20,0.7218695492119518,0.8354906424862883,0,0,0.7967859875860897,0.2596811874672673,HMGA1
GO_Biological_Process_2023,T Cell Mediated Immunity (GO:0002456),1/20,0.7218695492119518,0.8354906424862883,0,0,0.7967859875860897,0.2596811874672673,CRTAM
GO_Biological_Process_2023,Actin Filament-Based Transport (GO:0099515),1/20,0.7218695492119518,0.8354906424862883,0,0,0.7967859875860897,0.2596811874672673,MYO1E
GO_Biological_Process_2023,Anterior/Posterior Axis Specification (GO:0009948),1/20,0.7218695492119518,0.8354906424862883,0,0,0.7967859875860897,0.2596811874672673,DDIT3
GO_Biological_Process_2023,Endothelial Cell Development (GO:0001885),1/20,0.7218695492119518,0.8354906424862883,0,0,0.7967859875860897,0.2596811874672673,PECAM1
GO_Biological_Process_2023,Hydrogen Peroxide Catabolic Process (GO:0042744),1/20,0.7218695492119518,0.8354906424862883,0,0,0.7967859875860897,0.2596811874672673,GPX3
GO_Biological_Process_2023,Intracellular Monoatomic Ion Homeostasis (GO:0006873),1/20,0.7218695492119518,0.8354906424862883,0,0,0.7967859875860897,0.2596811874672673,TESMIN
GO_Biological_Process_2023,Long-Term Memory (GO:0007616),1/20,0.7218695492119518,0.8354906424862883,0,0,0.7967859875860897,0.2596811874672673,SGK1
GO_Biological_Process_2023,Mitochondrial RNA Metabolic Process (GO:0000959),1/20,0.7218695492119518,0.8354906424862883,0,0,0.7967859875860897,0.2596811874672673,SLC25A33
GO_Biological_Process_2023,Myoblast Differentiation (GO:0045445),1/20,0.7218695492119518,0.8354906424862883,0,0,0.7967859875860897,0.2596811874672673,NRG1
GO_Biological_Process_2023,Negative Regulation Of Microtubule Depolymerization (GO:0007026),1/20,0.7218695492119518,0.8354906424862883,0,0,0.7967859875860897,0.2596811874672673,NAV3
GO_Biological_Process_2023,Negative Regulation Of Viral Life Cycle (GO:1903901),1/20,0.7218695492119518,0.8354906424862883,0,0,0.7967859875860897,0.2596811874672673,GSN
GO_Biological_Process_2023,Phosphatidylserine Metabolic Process (GO:0006658),1/20,0.7218695492119518,0.8354906424862883,0,0,0.7967859875860897,0.2596811874672673,PLSCR1
GO_Biological_Process_2023,Pulmonary Valve Development (GO:0003177),1/20,0.7218695492119518,0.8354906424862883,0,0,0.7967859875860897,0.2596811874672673,NOS3
GO_Biological_Process_2023,Regulation Of Calcium Ion Transmembrane Transport (GO:1903169),1/20,0.7218695492119518,0.8354906424862883,0,0,0.7967859875860897,0.2596811874672673,UBASH3B
GO_Biological_Process_2023,Regulation Of Membrane Depolarization (GO:0003254),1/20,0.7218695492119518,0.8354906424862883,0,0,0.7967859875860897,0.2596811874672673,SCN5A
GO_Biological_Process_2023,Regulation Of Spindle Organization (GO:0090224),1/20,0.7218695492119518,0.8354906424862883,0,0,0.7967859875860897,0.2596811874672673,STIL
GO_Biological_Process_2023,Monocarboxylic Acid Metabolic Process (GO:0032787),5/97,0.7253810262180186,0.8392818830656464,0,0,0.8222200690578536,0.2639805025931374,LDHC;SCP2;ACOT2;ME3;AOAH
GO_Biological_Process_2023,Regulation Of Neuron Differentiation (GO:0045664),4/79,0.7291766708342087,0.8433993407536394,0,0,0.8069527665317139,0.2548673400334652,HES1;NGF;CDK5R1;FGFR1
GO_Biological_Process_2023,Negative Regulation Of mRNA Catabolic Process (GO:1902373),2/41,0.7309266321123026,0.8443258304731208,0,0,0.7761540534378044,0.2432794268588298,CIRBP;TENT5C
GO_Biological_Process_2023,Positive Regulation Of Viral Process (GO:0048524),2/41,0.7309266321123026,0.8443258304731208,0,0,0.7761540534378044,0.2432794268588298,CCL5;CD28
GO_Biological_Process_2023,Regulation Of Amide Metabolic Process (GO:0034248),2/41,0.7309266321123026,0.8443258304731208,0,0,0.7761540534378044,0.2432794268588298,PRKCD;PICALM
GO_Biological_Process_2023,Regulation Of Heart Rate By Cardiac Conduction (GO:0086091),2/41,0.7309266321123026,0.8443258304731208,0,0,0.7761540534378044,0.2432794268588298,KCNE4;SCN5A
GO_Biological_Process_2023,Calcium Ion Transmembrane Transport (GO:0070588),4/80,0.7382119630343698,0.8505174921307289,0,0,0.7962923503089708,0.2416940645550536,TRPM2;SLC8B1;SLC8A1;SLC8A2
GO_Biological_Process_2023,Regulation Of Organelle Assembly (GO:1902115),4/80,0.7382119630343698,0.8505174921307289,0,0,0.7962923503089708,0.2416940645550536,STIL;GSN;PLK2;C9ORF72
GO_Biological_Process_2023,Aminoglycan Biosynthetic Process (GO:0006023),1/21,0.7391168913206214,0.8505174921307289,0,0,0.7569063004846527,0.2288121657418789,HS3ST1
GO_Biological_Process_2023,Anaphase-Promoting Complex-Dependent Catabolic Process (GO:0031145),1/21,0.7391168913206214,0.8505174921307289,0,0,0.7569063004846527,0.2288121657418789,CDC16
GO_Biological_Process_2023,Histone H2A Acetylation (GO:0043968),1/21,0.7391168913206214,0.8505174921307289,0,0,0.7569063004846527,0.2288121657418789,MORF4L1
GO_Biological_Process_2023,Mitochondrial Calcium Ion Homeostasis (GO:0051560),1/21,0.7391168913206214,0.8505174921307289,0,0,0.7569063004846527,0.2288121657418789,SLC8B1
GO_Biological_Process_2023,Negative Regulation Of Double-Strand Break Repair Via Homologous Recombination (GO:2000042),1/21,0.7391168913206214,0.8505174921307289,0,0,0.7569063004846527,0.2288121657418789,POLQ
GO_Biological_Process_2023,Outer Dynein Arm Assembly (GO:0036158),1/21,0.7391168913206214,0.8505174921307289,0,0,0.7569063004846527,0.2288121657418789,ODAD2
GO_Biological_Process_2023,Peptide Catabolic Process (GO:0043171),1/21,0.7391168913206214,0.8505174921307289,0,0,0.7569063004846527,0.2288121657418789,DPEP1
GO_Biological_Process_2023,Porphyrin-Containing Compound Biosynthetic Process (GO:0006779),1/21,0.7391168913206214,0.8505174921307289,0,0,0.7569063004846527,0.2288121657418789,ALAS2
GO_Biological_Process_2023,Positive Regulation Of G2/M Transition Of Mitotic Cell Cycle (GO:0010971),1/21,0.7391168913206214,0.8505174921307289,0,0,0.7569063004846527,0.2288121657418789,TNFSF13B
GO_Biological_Process_2023,Protein Processing (GO:0016485),6/117,0.73915442628838,0.8505174921307289,0,0,0.8176059270949781,0.2471200941721374,SRGN;THBD;CTSL;CASP4;CPXM1;LGMN
GO_Biological_Process_2023,Cardiac Ventricle Morphogenesis (GO:0003208),2/42,0.7431220026453601,0.8531520023918827,0,0,0.7567097817299919,0.2246633846921087,TGFB1;TNNI3
GO_Biological_Process_2023,Ceramide Biosynthetic Process (GO:0046513),2/42,0.7431220026453601,0.8531520023918827,0,0,0.7567097817299919,0.2246633846921087,SPTLC2;B4GALT6
GO_Biological_Process_2023,Determination Of Heart Left/Right Asymmetry (GO:0061371),2/42,0.7431220026453601,0.8531520023918827,0,0,0.7567097817299919,0.2246633846921087,NDRG4;STIL
GO_Biological_Process_2023,Lysosome Localization (GO:0032418),2/42,0.7431220026453601,0.8531520023918827,0,0,0.7567097817299919,0.2246633846921087,SPAG9;NR4A3
GO_Biological_Process_2023,Positive Regulation Of Neuron Differentiation (GO:0045666),2/42,0.7431220026453601,0.8531520023918827,0,0,0.7567097817299919,0.2246633846921087,NGF;FGFR1
GO_Biological_Process_2023,Potassium Ion Import Across Plasma Membrane (GO:1990573),2/42,0.7431220026453601,0.8531520023918827,0,0,0.7567097817299919,0.2246633846921087,KCNJ8;FXYD2
GO_Biological_Process_2023,Regulation Of Ubiquitin-Dependent Protein Catabolic Process (GO:2000058),2/42,0.7431220026453601,0.8531520023918827,0,0,0.7567097817299919,0.2246633846921087,LAPTM5;COMMD1
GO_Biological_Process_2023,Regulation Of Protein Binding (GO:0043393),6/118,0.7465071420082082,0.8567619859423453,0,0,0.8102624261383385,0.2368802970324607,CDKN1A;SLPI;STING1;PRKCD;TRIB3;CSNK1E
GO_Biological_Process_2023,Macromolecule Modification (GO:0043412),4/81,0.7470172843606239,0.857071088020458,0,0,0.7859088280140911,0.2292236353634267,CHRM3;LOX;PLAT;FBXL2
GO_Biological_Process_2023,Response To UV (GO:0009411),5/100,0.7496477981941574,0.8598119606100567,0,0,0.7961272711763201,0.2294054944018775,MFAP4;MYC;PRKCD;CIRBP;TNFSF13B
GO_Biological_Process_2023,Neuron Differentiation (GO:0030182),9/173,0.7513847934269067,0.8601909378679314,0,0,0.8297293277810827,0.2371676602328427,NR4A2;ATP8A2;WNT7B;DDIT4;LHX4;IER2;LHX9;RUNX1;CDK5R1
GO_Biological_Process_2023,SCF-dependent Proteasomal Ubiquitin-Dependent Protein Catabolic Process (GO:0031146),2/43,0.7548405134742876,0.8601909378679314,0,0,0.7382140110810971,0.2076217992075801,KIF14;FBXL2
GO_Biological_Process_2023,Glycolipid Biosynthetic Process (GO:0009247),2/43,0.7548405134742876,0.8601909378679314,0,0,0.7382140110810971,0.2076217992075801,PGAP4;B4GALT6
GO_Biological_Process_2023,Learning (GO:0007612),2/43,0.7548405134742876,0.8601909378679314,0,0,0.7382140110810971,0.2076217992075801,SLC8A2;LGMN
GO_Biological_Process_2023,mRNA Catabolic Process (GO:0006402),2/43,0.7548405134742876,0.8601909378679314,0,0,0.7382140110810971,0.2076217992075801,ZFP36;ZFP36L2
GO_Biological_Process_2023,Cellular Response To Topologically Incorrect Protein (GO:0035967),1/22,0.7552954989708587,0.8601909378679314,0,0,0.7208246788214479,0.2022967191886444,HSPB8
GO_Biological_Process_2023,Cytoskeleton-Dependent Intracellular Transport (GO:0030705),1/22,0.7552954989708587,0.8601909378679314,0,0,0.7208246788214479,0.2022967191886444,TUBB2A
GO_Biological_Process_2023,Homologous Chromosome Segregation (GO:0045143),1/22,0.7552954989708587,0.8601909378679314,0,0,0.7208246788214479,0.2022967191886444,MAJIN
GO_Biological_Process_2023,Membrane Protein Ectodomain Proteolysis (GO:0006509),1/22,0.7552954989708587,0.8601909378679314,0,0,0.7208246788214479,0.2022967191886444,MMP7
GO_Biological_Process_2023,Natural Killer Cell Mediated Immunity (GO:0002228),1/22,0.7552954989708587,0.8601909378679314,0,0,0.7208246788214479,0.2022967191886444,TUBB2A
GO_Biological_Process_2023,Organelle Fission (GO:0048285),1/22,0.7552954989708587,0.8601909378679314,0,0,0.7208246788214479,0.2022967191886444,MTFR2
GO_Biological_Process_2023,Oxoacid Metabolic Process (GO:0043436),1/22,0.7552954989708587,0.8601909378679314,0,0,0.7208246788214479,0.2022967191886444,SULT1E1
GO_Biological_Process_2023,peptidyl-L-cysteine S-palmitoylation (GO:0018230),1/22,0.7552954989708587,0.8601909378679314,0,0,0.7208246788214479,0.2022967191886444,ZDHHC14
GO_Biological_Process_2023,peptidyl-S-diacylglycerol-L-cysteine Biosynthetic Process From Peptidyl-Cysteine (GO:0018231),1/22,0.7552954989708587,0.8601909378679314,0,0,0.7208246788214479,0.2022967191886444,ZDHHC14
GO_Biological_Process_2023,Positive Regulation Of Cholesterol Efflux (GO:0010875),1/22,0.7552954989708587,0.8601909378679314,0,0,0.7208246788214479,0.2022967191886444,NFKBIA
GO_Biological_Process_2023,"Positive Regulation Of Synaptic Transmission, Glutamatergic (GO:0051968)",1/22,0.7552954989708587,0.8601909378679314,0,0,0.7208246788214479,0.2022967191886444,CCL2
GO_Biological_Process_2023,Regulation Of Dopamine Secretion (GO:0014059),1/22,0.7552954989708587,0.8601909378679314,0,0,0.7208246788214479,0.2022967191886444,SYT13
GO_Biological_Process_2023,Regulation Of Intracellular Steroid Hormone Receptor Signaling Pathway (GO:0033143),1/22,0.7552954989708587,0.8601909378679314,0,0,0.7208246788214479,0.2022967191886444,KDM5D
GO_Biological_Process_2023,Regulation Of Release Of Sequestered Calcium Ion Into Cytosol By Sarcoplasmic Reticulum (GO:0010880),1/22,0.7552954989708587,0.8601909378679314,0,0,0.7208246788214479,0.2022967191886444,SLC8A1
GO_Biological_Process_2023,snRNA 3'-End Processing (GO:0034472),1/22,0.7552954989708587,0.8601909378679314,0,0,0.7208246788214479,0.2022967191886444,INTS6L
GO_Biological_Process_2023,tRNA Aminoacylation (GO:0043039),1/22,0.7552954989708587,0.8601909378679314,0,0,0.7208246788214479,0.2022967191886444,LARS2
GO_Biological_Process_2023,Vesicle Transport Along Microtubule (GO:0047496),1/22,0.7552954989708587,0.8601909378679314,0,0,0.7208246788214479,0.2022967191886444,CDR2L
GO_Biological_Process_2023,Positive Regulation Of Type I Interferon Production (GO:0032481),3/64,0.7664743120970613,0.8726430187950867,0,0,0.744071303517428,0.197888809753814,STING1;PTPN22;CD14
GO_Biological_Process_2023,Adaptive Immune Response Based On Somatic Recombination Of Immune Receptors Built From Immunoglobulin Superfamily Domains (GO:0002460),1/23,0.7704715461714238,0.8727269996257471,0,0,0.6880232045821707,0.1794038077703479,SLA2
GO_Biological_Process_2023,Artery Development (GO:0060840),1/23,0.7704715461714238,0.8727269996257471,0,0,0.6880232045821707,0.1794038077703479,HES1
GO_Biological_Process_2023,Bile Acid And Bile Salt Transport (GO:0015721),1/23,0.7704715461714238,0.8727269996257471,0,0,0.6880232045821707,0.1794038077703479,SLC10A6
GO_Biological_Process_2023,Cell-Cell Signaling By Wnt (GO:0198738),1/23,0.7704715461714238,0.8727269996257471,0,0,0.6880232045821707,0.1794038077703479,WNT7B
GO_Biological_Process_2023,Cholesterol Efflux (GO:0033344),1/23,0.7704715461714238,0.8727269996257471,0,0,0.6880232045821707,0.1794038077703479,APOA4
GO_Biological_Process_2023,Hepaticobiliary System Development (GO:0061008),1/23,0.7704715461714238,0.8727269996257471,0,0,0.6880232045821707,0.1794038077703479,CITED2
GO_Biological_Process_2023,Long-Chain fatty-acyl-CoA Metabolic Process (GO:0035336),1/23,0.7704715461714238,0.8727269996257471,0,0,0.6880232045821707,0.1794038077703479,ELOVL3
GO_Biological_Process_2023,Negative Regulation Of Oxidative Stress-Induced Cell Death (GO:1903202),1/23,0.7704715461714238,0.8727269996257471,0,0,0.6880232045821707,0.1794038077703479,HSPB1
GO_Biological_Process_2023,Negative Regulation Of Protein Depolymerization (GO:1901880),1/23,0.7704715461714238,0.8727269996257471,0,0,0.6880232045821707,0.1794038077703479,NAV3
GO_Biological_Process_2023,Positive Regulation Of Lamellipodium Assembly (GO:0010592),1/23,0.7704715461714238,0.8727269996257471,0,0,0.6880232045821707,0.1794038077703479,AVIL
GO_Biological_Process_2023,"Positive Regulation Of mRNA Splicing, Via Spliceosome (GO:0048026)",1/23,0.7704715461714238,0.8727269996257471,0,0,0.6880232045821707,0.1794038077703479,CIRBP
GO_Biological_Process_2023,Positive Regulation Of Oxidoreductase Activity (GO:0051353),1/23,0.7704715461714238,0.8727269996257471,0,0,0.6880232045821707,0.1794038077703479,PPM1H
GO_Biological_Process_2023,Potassium Ion Homeostasis (GO:0055075),1/23,0.7704715461714238,0.8727269996257471,0,0,0.6880232045821707,0.1794038077703479,FXYD2
GO_Biological_Process_2023,Protein Targeting To ER (GO:0045047),1/23,0.7704715461714238,0.8727269996257471,0,0,0.6880232045821707,0.1794038077703479,ZFAND2A
GO_Biological_Process_2023,Regulation Of Cholesterol Transport (GO:0032374),1/23,0.7704715461714238,0.8727269996257471,0,0,0.6880232045821707,0.1794038077703479,APOA4
GO_Biological_Process_2023,Translesion Synthesis (GO:0019985),1/23,0.7704715461714238,0.8727269996257471,0,0,0.6880232045821707,0.1794038077703479,TNFSF13B
GO_Biological_Process_2023,Chromosome Organization (GO:0051276),2/45,0.7768961732225825,0.8788854038458903,0,0,0.70380327499013,0.1776741252224657,MYC;DOT1L
GO_Biological_Process_2023,Mitotic Nuclear Division (GO:0140014),2/45,0.7768961732225825,0.8788854038458903,0,0,0.70380327499013,0.1776741252224657,EPS8;CTDP1
GO_Biological_Process_2023,Regulation Of Apoptotic Signaling Pathway (GO:2001233),2/45,0.7768961732225825,0.8788854038458903,0,0,0.70380327499013,0.1776741252224657,NR4A2;CTSL
GO_Biological_Process_2023,Regulation Of Telomerase Activity (GO:0051972),2/45,0.7768961732225825,0.8788854038458903,0,0,0.70380327499013,0.1776741252224657,MYC;KLF4
GO_Biological_Process_2023,Establishment Of Protein Localization To Organelle (GO:0072594),4/85,0.779976825563368,0.8818098863341889,0,0,0.746938571499975,0.18560756527165,SYK;LRRC7;HK2;HK1
GO_Biological_Process_2023,Mitotic Spindle Organization (GO:0007052),4/85,0.779976825563368,0.8818098863341889,0,0,0.746938571499975,0.18560756527165,PLK3;STIL;PLK2;FLNA
GO_Biological_Process_2023,Modulation Of Chemical Synaptic Transmission (GO:0050804),6/123,0.781019520028554,0.8826714961582871,0,0,0.7754278703183812,0.1916509806073657,RIMS3;GRID1;IL1B;AGER;LRP8;SLC8A2
GO_Biological_Process_2023,Dicarboxylic Acid Transport (GO:0006835),1/24,0.7847071126284968,0.8826714961582871,0,0,0.6580740324506568,0.1595465849031097,GJA1
GO_Biological_Process_2023,Ear Morphogenesis (GO:0042471),1/24,0.7847071126284968,0.8826714961582871,0,0,0.6580740324506568,0.1595465849031097,CHD7
GO_Biological_Process_2023,mRNA Polyadenylation (GO:0006378),1/24,0.7847071126284968,0.8826714961582871,0,0,0.6580740324506568,0.1595465849031097,SCAF8
GO_Biological_Process_2023,Natural Killer Cell Mediated Cytotoxicity (GO:0042267),1/24,0.7847071126284968,0.8826714961582871,0,0,0.6580740324506568,0.1595465849031097,TUBB2A
GO_Biological_Process_2023,Neuromuscular Junction Development (GO:0007528),1/24,0.7847071126284968,0.8826714961582871,0,0,0.6580740324506568,0.1595465849031097,GPHN
GO_Biological_Process_2023,Outflow Tract Septum Morphogenesis (GO:0003148),1/24,0.7847071126284968,0.8826714961582871,0,0,0.6580740324506568,0.1595465849031097,LRP2
GO_Biological_Process_2023,Positive Regulation Of ERBB Signaling Pathway (GO:1901186),1/24,0.7847071126284968,0.8826714961582871,0,0,0.6580740324506568,0.1595465849031097,PLAUR
GO_Biological_Process_2023,Positive Regulation Of Cell Cycle G2/M Phase Transition (GO:1902751),1/24,0.7847071126284968,0.8826714961582871,0,0,0.6580740324506568,0.1595465849031097,TNFSF13B
GO_Biological_Process_2023,Regulation Of Actin Nucleation (GO:0051125),1/24,0.7847071126284968,0.8826714961582871,0,0,0.6580740324506568,0.1595465849031097,GSN
GO_Biological_Process_2023,Regulation Of Cytokine Production Involved In Immune Response (GO:0002718),1/24,0.7847071126284968,0.8826714961582871,0,0,0.6580740324506568,0.1595465849031097,LAPTM5
GO_Biological_Process_2023,Regulation Of Execution Phase Of Apoptosis (GO:1900117),1/24,0.7847071126284968,0.8826714961582871,0,0,0.6580740324506568,0.1595465849031097,ZC3H12A
GO_Biological_Process_2023,Regulation Of Proteolysis Involved In Protein Catabolic Process (GO:1903050),1/24,0.7847071126284968,0.8826714961582871,0,0,0.6580740324506568,0.1595465849031097,UBB
GO_Biological_Process_2023,Regulation Of Ruffle Assembly (GO:1900027),1/24,0.7847071126284968,0.8826714961582871,0,0,0.6580740324506568,0.1595465849031097,EPS8
GO_Biological_Process_2023,Response To Copper Ion (GO:0046688),1/24,0.7847071126284968,0.8826714961582871,0,0,0.6580740324506568,0.1595465849031097,IL1A
GO_Biological_Process_2023,Secondary Alcohol Biosynthetic Process (GO:1902653),1/24,0.7847071126284968,0.8826714961582871,0,0,0.6580740324506568,0.1595465849031097,INSIG2
GO_Biological_Process_2023,Cellular Response To Organonitrogen Compound (GO:0071417),5/105,0.7864848351361634,0.8838316230225546,0,0,0.7561183144246353,0.1816058865977535,EGR1;ROCK2;SESN2;SOX9;ZFP36L1
GO_Biological_Process_2023,Lysosomal Transport (GO:0007041),5/105,0.7864848351361634,0.8838316230225546,0,0,0.7561183144246353,0.1816058865977535,CCDC91;LAPTM5;RAB7B;C9ORF72;RHOB
GO_Biological_Process_2023,Antiviral Innate Immune Response (GO:0140374),2/46,0.7872586357072299,0.8838316230225546,0,0,0.6877710002204748,0.164513756933517,CXCL10;STING1
GO_Biological_Process_2023,Cardiac Conduction (GO:0061337),2/46,0.7872586357072299,0.8838316230225546,0,0,0.6877710002204748,0.164513756933517,KCNE4;SCN5A
GO_Biological_Process_2023,Mitotic G2/M Transition Checkpoint (GO:0044818),2/46,0.7872586357072299,0.8838316230225546,0,0,0.6877710002204748,0.164513756933517,CDKN1A;TNFSF13B
GO_Biological_Process_2023,Protein Sumoylation (GO:0016925),2/46,0.7872586357072299,0.8838316230225546,0,0,0.6877710002204748,0.164513756933517,EGR2;MDM2
GO_Biological_Process_2023,Neuron Projection Guidance (GO:0097485),6/124,0.7874768408554428,0.8838316230225546,0,0,0.7688152088745928,0.1836863423510525,NOTCH3;KLF7;SEMA3D;SEMA4C;EMB;CDK5R1
GO_Biological_Process_2023,Bicellular Tight Junction Assembly (GO:0070830),2/47,0.7971947028092756,0.8878703018263304,0,0,0.6724512709961377,0.152415340826176,PECAM1;ESAM
GO_Biological_Process_2023,Positive Regulation Of TOR Signaling (GO:0032008),2/47,0.7971947028092756,0.8878703018263304,0,0,0.6724512709961377,0.152415340826176,SESN2;GPR137B
GO_Biological_Process_2023,Protein Monoubiquitination (GO:0006513),2/47,0.7971947028092756,0.8878703018263304,0,0,0.6724512709961377,0.152415340826176,RAD18;TNFSF13B
GO_Biological_Process_2023,Response To Organonitrogen Compound (GO:0010243),2/47,0.7971947028092756,0.8878703018263304,0,0,0.6724512709961377,0.152415340826176,IL6;IRAK3
GO_Biological_Process_2023,ATP Biosynthetic Process (GO:0006754),1/25,0.7980604370728943,0.8878703018263304,0,0,0.6306206246634356,0.1422496925876112,TGFB1
GO_Biological_Process_2023,RNA Polyadenylation (GO:0043631),1/25,0.7980604370728943,0.8878703018263304,0,0,0.6306206246634356,0.1422496925876112,SCAF8
GO_Biological_Process_2023,Activation Of Protein Kinase B Activity (GO:0032148),1/25,0.7980604370728943,0.8878703018263304,0,0,0.6306206246634356,0.1422496925876112,NRG1
GO_Biological_Process_2023,Cellular Response To Steroid Hormone Stimulus (GO:0071383),1/25,0.7980604370728943,0.8878703018263304,0,0,0.6306206246634356,0.1422496925876112,ACOD1
GO_Biological_Process_2023,Cholesterol Biosynthetic Process (GO:0006695),1/25,0.7980604370728943,0.8878703018263304,0,0,0.6306206246634356,0.1422496925876112,INSIG2
GO_Biological_Process_2023,fatty-acyl-CoA Biosynthetic Process (GO:0046949),1/25,0.7980604370728943,0.8878703018263304,0,0,0.6306206246634356,0.1422496925876112,ELOVL3
GO_Biological_Process_2023,Metanephros Development (GO:0001656),1/25,0.7980604370728943,0.8878703018263304,0,0,0.6306206246634356,0.1422496925876112,WNT7B
GO_Biological_Process_2023,Mitotic Cell Cycle Checkpoint Signaling (GO:0007093),1/25,0.7980604370728943,0.8878703018263304,0,0,0.6306206246634356,0.1422496925876112,PLK3
GO_Biological_Process_2023,Myotube Differentiation (GO:0014902),1/25,0.7980604370728943,0.8878703018263304,0,0,0.6306206246634356,0.1422496925876112,ADAMTS15
GO_Biological_Process_2023,Negative Regulation Of Intrinsic Apoptotic Signaling Pathway In Response To DNA Damage (GO:1902230),1/25,0.7980604370728943,0.8878703018263304,0,0,0.6306206246634356,0.1422496925876112,BCL2L1
GO_Biological_Process_2023,Negative Regulation Of Proteolysis Involved In Protein Catabolic Process (GO:1903051),1/25,0.7980604370728943,0.8878703018263304,0,0,0.6306206246634356,0.1422496925876112,PRKCG
GO_Biological_Process_2023,Negative Regulation Of Response To Endoplasmic Reticulum Stress (GO:1903573),1/25,0.7980604370728943,0.8878703018263304,0,0,0.6306206246634356,0.1422496925876112,BCL2L1
GO_Biological_Process_2023,Negative Regulation Of Response To Wounding (GO:1903035),1/25,0.7980604370728943,0.8878703018263304,0,0,0.6306206246634356,0.1422496925876112,SERPINE1
GO_Biological_Process_2023,Negative Regulation Of Stress Fiber Assembly (GO:0051497),1/25,0.7980604370728943,0.8878703018263304,0,0,0.6306206246634356,0.1422496925876112,ARHGAP6
GO_Biological_Process_2023,Organophosphate Ester Transport (GO:0015748),1/25,0.7980604370728943,0.8878703018263304,0,0,0.6306206246634356,0.1422496925876112,SCP2
GO_Biological_Process_2023,Positive Regulation Of Peptidase Activity (GO:0010952),1/25,0.7980604370728943,0.8878703018263304,0,0,0.6306206246634356,0.1422496925876112,CTSL
GO_Biological_Process_2023,Proteoglycan Metabolic Process (GO:0006029),1/25,0.7980604370728943,0.8878703018263304,0,0,0.6306206246634356,0.1422496925876112,CHST11
GO_Biological_Process_2023,Purine Ribonucleotide Catabolic Process (GO:0009154),1/25,0.7980604370728943,0.8878703018263304,0,0,0.6306206246634356,0.1422496925876112,AMPD3
GO_Biological_Process_2023,Regulation Of Cell Cycle Phase Transition (GO:1901987),1/25,0.7980604370728943,0.8878703018263304,0,0,0.6306206246634356,0.1422496925876112,CDKN1A
GO_Biological_Process_2023,Regulation Of Cell Size (GO:0008361),1/25,0.7980604370728943,0.8878703018263304,0,0,0.6306206246634356,0.1422496925876112,VAV3
GO_Biological_Process_2023,Regulation Of Hippo Signaling (GO:0035330),1/25,0.7980604370728943,0.8878703018263304,0,0,0.6306206246634356,0.1422496925876112,FRMD6
GO_Biological_Process_2023,Regulation Of Postsynapse Organization (GO:0099175),1/25,0.7980604370728943,0.8878703018263304,0,0,0.6306206246634356,0.1422496925876112,CDK5R1
GO_Biological_Process_2023,Regulation Of Synapse Organization (GO:0050807),1/25,0.7980604370728943,0.8878703018263304,0,0,0.6306206246634356,0.1422496925876112,CTTNBP2
GO_Biological_Process_2023,Secretory Granule Organization (GO:0033363),1/25,0.7980604370728943,0.8878703018263304,0,0,0.6306206246634356,0.1422496925876112,SRGN
GO_Biological_Process_2023,Cytoplasmic Microtubule Organization (GO:0031122),2/48,0.8067173858818671,0.8969406986421634,0,0,0.6577976169554673,0.1412830058138067,PLK3;UBASH3A
GO_Biological_Process_2023,Post-Translational Protein Modification (GO:0043687),2/48,0.8067173858818671,0.8969406986421634,0,0,0.6577976169554673,0.1412830058138067,PRKCB;PRKCD
GO_Biological_Process_2023,Proteasomal Protein Catabolic Process (GO:0010498),11/220,0.8083603585356761,0.8970385954942296,0,0,0.7951311503514487,0.1691620305073449,TRIM71;SPSB1;IFI27;DDIT3;ZFAND2A;ENC1;KIF14;MDM2;PMAIP1;NR1D1;TNFSF13B
GO_Biological_Process_2023,Phospholipid Metabolic Process (GO:0006644),3/69,0.8090887764487829,0.8970385954942296,0,0,0.6875183877611062,0.1456484548258376,PLA2G2D;PLPP1;AGPAT4
GO_Biological_Process_2023,Regulation Of Heart Contraction (GO:0008016),3/69,0.8090887764487829,0.8970385954942296,0,0,0.6875183877611062,0.1456484548258376,DMPK;SLC8A1;SLC8A2
GO_Biological_Process_2023,Regulation Of Monoatomic Ion Transmembrane Transporter Activity (GO:0032412),3/69,0.8090887764487829,0.8970385954942296,0,0,0.6875183877611062,0.1456484548258376,CHRM3;FXYD2;STK39
GO_Biological_Process_2023,Regulation Of Translation (GO:0006417),10/202,0.8095062214766424,0.8970385954942296,0,0,0.7869287360998102,0.1663022953289746,TRIM71;BTG2;IL6;ENC1;CIRBP;EIF2AK3;CD28;HSPB1;THBS1;PATL2
GO_Biological_Process_2023,DNA-templated Transcription Elongation (GO:0006354),1/26,0.8105861542875646,0.8970385954942296,0,0,0.6053634894991923,0.1271249076199486,CTDP1
GO_Biological_Process_2023,Cell-Cell Adhesion Mediated By Cadherin (GO:0044331),1/26,0.8105861542875646,0.8970385954942296,0,0,0.6053634894991923,0.1271249076199486,CDH4
GO_Biological_Process_2023,Negative Regulation Of Catalytic Activity (GO:0043086),1/26,0.8105861542875646,0.8970385954942296,0,0,0.6053634894991923,0.1271249076199486,TIMP1
GO_Biological_Process_2023,Negative Regulation Of Protein Polymerization (GO:0032272),1/26,0.8105861542875646,0.8970385954942296,0,0,0.6053634894991923,0.1271249076199486,PRKCD
GO_Biological_Process_2023,Nucleic Acid Phosphodiester Bond Hydrolysis (GO:0090305),1/26,0.8105861542875646,0.8970385954942296,0,0,0.6053634894991923,0.1271249076199486,ZC3H12A
GO_Biological_Process_2023,Organelle Membrane Fusion (GO:0090174),1/26,0.8105861542875646,0.8970385954942296,0,0,0.6053634894991923,0.1271249076199486,STX3
GO_Biological_Process_2023,Protein Targeting To Lysosome (GO:0006622),1/26,0.8105861542875646,0.8970385954942296,0,0,0.6053634894991923,0.1271249076199486,LAPTM5
GO_Biological_Process_2023,Regulation Of Interferon-Alpha Production (GO:0032647),1/26,0.8105861542875646,0.8970385954942296,0,0,0.6053634894991923,0.1271249076199486,HAVCR2
GO_Biological_Process_2023,Regulation Of Nucleotide-Excision Repair (GO:2000819),1/26,0.8105861542875646,0.8970385954942296,0,0,0.6053634894991923,0.1271249076199486,RAD52
GO_Biological_Process_2023,Regulation Of Transcription By RNA Polymerase III (GO:0006359),1/26,0.8105861542875646,0.8970385954942296,0,0,0.6053634894991923,0.1271249076199486,ZFP36L2
GO_Biological_Process_2023,Regulation Of Proteasomal Ubiquitin-Dependent Protein Catabolic Process (GO:0032434),5/109,0.812808091579224,0.8992179042370091,0,0,0.7268809998753273,0.1506535355857592,MDM2;TRIB3;CSNK1E;COMMD1;TRIB1
GO_Biological_Process_2023,Autophagy Of Mitochondrion (GO:0000422),2/49,0.8158397216932182,0.9014509684899608,0,0,0.6437675226612085,0.1310307438216294,SPATA18;SQSTM1
GO_Biological_Process_2023,Interferon-Mediated Signaling Pathway (GO:0140888),2/49,0.8158397216932182,0.9014509684899608,0,0,0.6437675226612085,0.1310307438216294,IFI27;IFNLR1
GO_Biological_Process_2023,Nuclear Export (GO:0051168),2/49,0.8158397216932182,0.9014509684899608,0,0,0.6437675226612085,0.1310307438216294,EGR2;TGFB1
GO_Biological_Process_2023,Positive Regulation Of Nervous System Development (GO:0051962),2/49,0.8158397216932182,0.9014509684899608,0,0,0.6437675226612085,0.1310307438216294,GHRL;LRP2
GO_Biological_Process_2023,Regulation Of Cellular Biosynthetic Process (GO:0031326),3/70,0.8167765200626919,0.9022059698644072,0,0,0.6772206926532387,0.1370625326372342,AVIL;CCL5;PDK4
GO_Biological_Process_2023,DNA Synthesis Involved In DNA Repair (GO:0000731),1/27,0.8223355186259755,0.90302132390924,0,0,0.5820492108860444,0.1138527799142314,TNFSF13B
GO_Biological_Process_2023,GPI Anchor Metabolic Process (GO:0006505),1/27,0.8223355186259755,0.90302132390924,0,0,0.5820492108860444,0.1138527799142314,PGAP4
GO_Biological_Process_2023,T Cell Activation Involved In Immune Response (GO:0002286),1/27,0.8223355186259755,0.90302132390924,0,0,0.5820492108860444,0.1138527799142314,FCER1G
GO_Biological_Process_2023,Cell Surface Receptor Signaling Pathway Involved In Cell-Cell Signaling (GO:1905114),1/27,0.8223355186259755,0.90302132390924,0,0,0.5820492108860444,0.1138527799142314,WNT7B
GO_Biological_Process_2023,Dorsal/Ventral Pattern Formation (GO:0009953),1/27,0.8223355186259755,0.90302132390924,0,0,0.5820492108860444,0.1138527799142314,ANKS1B
GO_Biological_Process_2023,Iron-Sulfur Cluster Assembly (GO:0016226),1/27,0.8223355186259755,0.90302132390924,0,0,0.5820492108860444,0.1138527799142314,HSCB
GO_Biological_Process_2023,Metallo-Sulfur Cluster Assembly (GO:0031163),1/27,0.8223355186259755,0.90302132390924,0,0,0.5820492108860444,0.1138527799142314,HSCB
GO_Biological_Process_2023,Negative Regulation Of Notch Signaling Pathway (GO:0045746),1/27,0.8223355186259755,0.90302132390924,0,0,0.5820492108860444,0.1138527799142314,CHAC1
GO_Biological_Process_2023,Peptidyl-Lysine Methylation (GO:0018022),1/27,0.8223355186259755,0.90302132390924,0,0,0.5820492108860444,0.1138527799142314,SMYD3
GO_Biological_Process_2023,Phospholipid Biosynthetic Process (GO:0008654),1/27,0.8223355186259755,0.90302132390924,0,0,0.5820492108860444,0.1138527799142314,AGPAT4
GO_Biological_Process_2023,Positive Regulation Of Calcium Ion Transmembrane Transporter Activity (GO:1901021),1/27,0.8223355186259755,0.90302132390924,0,0,0.5820492108860444,0.1138527799142314,VMP1
GO_Biological_Process_2023,Positive Regulation Of Response To Wounding (GO:1903036),1/27,0.8223355186259755,0.90302132390924,0,0,0.5820492108860444,0.1138527799142314,HBEGF
GO_Biological_Process_2023,Positive Regulation Of Ubiquitin-Protein Transferase Activity (GO:0051443),1/27,0.8223355186259755,0.90302132390924,0,0,0.5820492108860444,0.1138527799142314,TRIB3
GO_Biological_Process_2023,Regulation Of Androgen Receptor Signaling Pathway (GO:0060765),1/27,0.8223355186259755,0.90302132390924,0,0,0.5820492108860444,0.1138527799142314,KDM5D
GO_Biological_Process_2023,Regulation Of Catecholamine Secretion (GO:0050433),1/27,0.8223355186259755,0.90302132390924,0,0,0.5820492108860444,0.1138527799142314,SYT13
GO_Biological_Process_2023,Regulation Of Chromatin Organization (GO:1902275),1/27,0.8223355186259755,0.90302132390924,0,0,0.5820492108860444,0.1138527799142314,MLLT3
GO_Biological_Process_2023,Regulation Of Peptidase Activity (GO:0052547),1/27,0.8223355186259755,0.90302132390924,0,0,0.5820492108860444,0.1138527799142314,CTSL
GO_Biological_Process_2023,Regulation Of Transcription Regulatory Region DNA Binding (GO:2000677),1/27,0.8223355186259755,0.90302132390924,0,0,0.5820492108860444,0.1138527799142314,TGFB1
GO_Biological_Process_2023,"Synaptic Transmission, Glutamatergic (GO:0035249)",1/27,0.8223355186259755,0.90302132390924,0,0,0.5820492108860444,0.1138527799142314,GRID1
GO_Biological_Process_2023,Axon Guidance (GO:0007411),7/149,0.8230627065448781,0.9031331916178666,0,0,0.7449983994878361,0.1450682403245412,NOTCH3;KLF7;SEMA3D;SEMA4C;PTPRM;EMB;CDK5R1
GO_Biological_Process_2023,Golgi Organization (GO:0007030),6/130,0.8231986719888619,0.9031331916178666,0,0,0.7313790126363707,0.1422954241539192,VMP1;PLK3;RAB30;ATP8B4;TMED6;TMED5
GO_Biological_Process_2023,Regulation Of Cell Cycle Process (GO:0010564),6/130,0.8231986719888619,0.9031331916178666,0,0,0.7313790126363707,0.1422954241539192,PLK3;CDKN2B;MYC;SOX9;ATF5;BCL2L1
GO_Biological_Process_2023,Kidney Development (GO:0001822),3/71,0.8241995790510469,0.9032506700291014,0,0,0.6672258709308966,0.1290031651993665,FOXC1;ZBTB16;PRKX
GO_Biological_Process_2023,Positive Regulation Of Cell-Substrate Adhesion (GO:0010811),3/71,0.8241995790510469,0.9032506700291014,0,0,0.6672258709308966,0.1290031651993665,ENC1;FLNA;S100A10
GO_Biological_Process_2023,Regulation Of Hydrolase Activity (GO:0051336),3/71,0.8241995790510469,0.9032506700291014,0,0,0.6672258709308966,0.1290031651993665,VAV3;RASIP1;GPR137B
GO_Biological_Process_2023,Negative Regulation Of Cell Projection Organization (GO:0031345),2/50,0.8245747195629533,0.9032506700291014,0,0,0.6303220156292104,0.121581248503698,LPAR1;SPRY2
GO_Biological_Process_2023,Positive Regulation Of Transport (GO:0051050),2/50,0.8245747195629533,0.9032506700291014,0,0,0.6303220156292104,0.121581248503698,CEBPB;SGK1
GO_Biological_Process_2023,Synapse Organization (GO:0050808),6/131,0.8286621381005592,0.9070080071168704,0,0,0.7254890510948905,0.1363504149587543,C1QB;C1QA;WNT7B;C5AR1;GPHN;SLC8A2
GO_Biological_Process_2023,Brain Development (GO:0007420),8/169,0.8288217015970989,0.9070080071168704,0,0,0.7507909037241852,0.1409611599461679,NDRG4;ADGRG1;EGR2;DDIT4;CXCR4;TBR1;MFSD2A;CDK5R1
GO_Biological_Process_2023,Axonogenesis (GO:0007409),9/188,0.8301843803173943,0.9070080071168704,0,0,0.759585774628696,0.1413645775741483,NOTCH3;KLF7;SEMA3D;MAP1B;SEMA4C;EMB;B4GALT6;C9ORF72;CDK5R1
GO_Biological_Process_2023,Metaphase Plate Congression (GO:0051310),2/51,0.8329353146719481,0.9070080071168704,0,0,0.6174253048026,0.1128649093745146,KIF14;FAM83D
GO_Biological_Process_2023,Positive Regulation Of Leukocyte Mediated Cytotoxicity (GO:0001912),2/51,0.8329353146719481,0.9070080071168704,0,0,0.6174253048026,0.1128649093745146,CRTAM;PVR
GO_Biological_Process_2023,RNA Phosphodiester Bond Hydrolysis (GO:0090501),1/28,0.8333566123271049,0.9070080071168704,0,0,0.5604619158738706,0.1021686328571828,ZC3H12A
GO_Biological_Process_2023,Establishment Of Endothelial Barrier (GO:0061028),1/28,0.8333566123271049,0.9070080071168704,0,0,0.5604619158738706,0.1021686328571828,PECAM1
GO_Biological_Process_2023,Glycosaminoglycan Metabolic Process (GO:0030203),1/28,0.8333566123271049,0.9070080071168704,0,0,0.5604619158738706,0.1021686328571828,HS3ST1
GO_Biological_Process_2023,Negative Regulation Of G2/M Transition Of Mitotic Cell Cycle (GO:0010972),1/28,0.8333566123271049,0.9070080071168704,0,0,0.5604619158738706,0.1021686328571828,GPR132
GO_Biological_Process_2023,Negative Regulation Of Actin Filament Bundle Assembly (GO:0032232),1/28,0.8333566123271049,0.9070080071168704,0,0,0.5604619158738706,0.1021686328571828,ARHGAP6
GO_Biological_Process_2023,Negative Regulation Of Cytoskeleton Organization (GO:0051494),1/28,0.8333566123271049,0.9070080071168704,0,0,0.5604619158738706,0.1021686328571828,PRKCD
GO_Biological_Process_2023,"Nuclear-Transcribed mRNA Catabolic Process, Nonsense-Mediated Decay (GO:0000184)",1/28,0.8333566123271049,0.9070080071168704,0,0,0.5604619158738706,0.1021686328571828,ZC3H12A
GO_Biological_Process_2023,Phospholipid Catabolic Process (GO:0009395),1/28,0.8333566123271049,0.9070080071168704,0,0,0.5604619158738706,0.1021686328571828,ENPP6
GO_Biological_Process_2023,Positive Regulation Of mRNA Processing (GO:0050685),1/28,0.8333566123271049,0.9070080071168704,0,0,0.5604619158738706,0.1021686328571828,CIRBP
GO_Biological_Process_2023,Regulation Of Calcium Ion-Dependent Exocytosis (GO:0017158),1/28,0.8333566123271049,0.9070080071168704,0,0,0.5604619158738706,0.1021686328571828,SYT13
GO_Biological_Process_2023,Regulation Of Chromosome Segregation (GO:0051983),1/28,0.8333566123271049,0.9070080071168704,0,0,0.5604619158738706,0.1021686328571828,RAD18
GO_Biological_Process_2023,Regulation Of Monoatomic Ion Transport (GO:0043269),1/28,0.8333566123271049,0.9070080071168704,0,0,0.5604619158738706,0.1021686328571828,KCNJ8
GO_Biological_Process_2023,Regulation Of Plasma Membrane Bounded Cell Projection Organization (GO:0120035),1/28,0.8333566123271049,0.9070080071168704,0,0,0.5604619158738706,0.1021686328571828,TBR1
GO_Biological_Process_2023,Regulation Of Protein Transport (GO:0051223),1/28,0.8333566123271049,0.9070080071168704,0,0,0.5604619158738706,0.1021686328571828,RHBDF2
GO_Biological_Process_2023,Transcription By RNA Polymerase III (GO:0006383),1/28,0.8333566123271049,0.9070080071168704,0,0,0.5604619158738706,0.1021686328571828,ZFP36L1
GO_Biological_Process_2023,Transcription Elongation By RNA Polymerase II (GO:0006368),1/28,0.8333566123271049,0.9070080071168704,0,0,0.5604619158738706,0.1021686328571828,CTDP1
GO_Biological_Process_2023,Protein Tetramerization (GO:0051262),3/73,0.8382762078058528,0.9120834679244972,0,0,0.6480929264909847,0.1143285366768159,ALDH1A3;AQP4;MS4A1
GO_Biological_Process_2023,Arachidonic Acid Metabolic Process (GO:0019369),2/52,0.8409343273054936,0.913232626387781,0,0,0.6050444624090542,0.1048189378229333,ALOX12;PTGS2
GO_Biological_Process_2023,Icosanoid Metabolic Process (GO:0006690),2/52,0.8409343273054936,0.913232626387781,0,0,0.6050444624090542,0.1048189378229333,MAPKAPK2;ALOX12
GO_Biological_Process_2023,Neurotransmitter Transport (GO:0006836),2/52,0.8409343273054936,0.913232626387781,0,0,0.6050444624090542,0.1048189378229333,SLC28A2;SLC38A2
GO_Biological_Process_2023,Vesicle Organization (GO:0016050),4/94,0.8416455509836446,0.913232626387781,0,0,0.6719208277103014,0.1158366741285923,SRGN;SQSTM1;S100A10;PICALM
GO_Biological_Process_2023,Negative Regulation Of Canonical Wnt Signaling Pathway (GO:0090090),5/114,0.8419882486910106,0.913232626387781,0,0,0.6933519694288731,0.1192490652819773,IGFBP1;DDIT3;DKKL1;SOX9;MLLT3
GO_Biological_Process_2023,JNK Cascade (GO:0007254),1/29,0.8436945421643787,0.913232626387781,0,0,0.5404165705054235,0.091851776359596,TRIB1
GO_Biological_Process_2023,Alpha-Amino Acid Catabolic Process (GO:1901606),1/29,0.8436945421643787,0.913232626387781,0,0,0.5404165705054235,0.091851776359596,TAT
GO_Biological_Process_2023,Protein K11-linked Ubiquitination (GO:0070979),1/29,0.8436945421643787,0.913232626387781,0,0,0.5404165705054235,0.091851776359596,CDC16
GO_Biological_Process_2023,Protein Acetylation (GO:0006473),1/29,0.8436945421643787,0.913232626387781,0,0,0.5404165705054235,0.091851776359596,SPHK1
GO_Biological_Process_2023,Protein Insertion Into ER Membrane (GO:0045048),1/29,0.8436945421643787,0.913232626387781,0,0,0.5404165705054235,0.091851776359596,EMC8
GO_Biological_Process_2023,Regulation Of Developmental Growth (GO:0048638),1/29,0.8436945421643787,0.913232626387781,0,0,0.5404165705054235,0.091851776359596,MFSD2A
GO_Biological_Process_2023,Regulation Of Monoatomic Ion Transmembrane Transport (GO:0034765),1/29,0.8436945421643787,0.913232626387781,0,0,0.5404165705054235,0.091851776359596,KCNJ8
GO_Biological_Process_2023,Regulation Of Protein Modification By Small Protein Conjugation Or Removal (GO:1903320),1/29,0.8436945421643787,0.913232626387781,0,0,0.5404165705054235,0.091851776359596,EGR1
GO_Biological_Process_2023,Regulation Of Spindle Assembly (GO:0090169),1/29,0.8436945421643787,0.913232626387781,0,0,0.5404165705054235,0.091851776359596,STIL
GO_Biological_Process_2023,Regulation Of Voltage-Gated Calcium Channel Activity (GO:1901385),1/29,0.8436945421643787,0.913232626387781,0,0,0.5404165705054235,0.091851776359596,PDE4B
GO_Biological_Process_2023,Response To Interferon-Beta (GO:0035456),1/29,0.8436945421643787,0.913232626387781,0,0,0.5404165705054235,0.091851776359596,PLSCR1
GO_Biological_Process_2023,Sarcomere Organization (GO:0045214),1/29,0.8436945421643787,0.913232626387781,0,0,0.5404165705054235,0.091851776359596,ANKRD1
GO_Biological_Process_2023,Mitochondrial Transport (GO:0006839),2/53,0.8485844277236897,0.9176882340530572,0,0,0.5931491432466277,0.0973866054684425,PMAIP1;BCL2L1
GO_Biological_Process_2023,Protein Homotetramerization (GO:0051289),2/53,0.8485844277236897,0.9176882340530572,0,0,0.5931491432466277,0.0973866054684425,ALDH1A3;AQP4
GO_Biological_Process_2023,Tight Junction Assembly (GO:0120192),2/53,0.8485844277236897,0.9176882340530572,0,0,0.5931491432466277,0.0973866054684425,PECAM1;ESAM
GO_Biological_Process_2023,Regulation Of DNA Replication (GO:0006275),3/75,0.8513684552712021,0.9204192990006708,0,0,0.6300229234088457,0.1013771629304708,TSPYL2;BAZ1A;EREG
GO_Biological_Process_2023,GPI Anchor Biosynthetic Process (GO:0006506),1/30,0.8533916230759674,0.9206489198324852,0,0,0.5217536627485934,0.0827171165405891,PGAP4
GO_Biological_Process_2023,Embryonic Skeletal System Morphogenesis (GO:0048704),1/30,0.8533916230759674,0.9206489198324852,0,0,0.5217536627485934,0.0827171165405891,PDGFRA
GO_Biological_Process_2023,Homologous Chromosome Pairing At Meiosis (GO:0007129),1/30,0.8533916230759674,0.9206489198324852,0,0,0.5217536627485934,0.0827171165405891,MAJIN
GO_Biological_Process_2023,Phospholipid Dephosphorylation (GO:0046839),1/30,0.8533916230759674,0.9206489198324852,0,0,0.5217536627485934,0.0827171165405891,PLPP1
GO_Biological_Process_2023,Positive Regulation Of JUN Kinase Activity (GO:0043507),1/30,0.8533916230759674,0.9206489198324852,0,0,0.5217536627485934,0.0827171165405891,TNFRSF11A
GO_Biological_Process_2023,Protein Palmitoylation (GO:0018345),1/30,0.8533916230759674,0.9206489198324852,0,0,0.5217536627485934,0.0827171165405891,ZDHHC14
GO_Biological_Process_2023,Response To Amino Acid (GO:0043200),1/30,0.8533916230759674,0.9206489198324852,0,0,0.5217536627485934,0.0827171165405891,SESN2
GO_Biological_Process_2023,Regulation Of Protein Localization (GO:0032880),4/97,0.8586817218142662,0.9260752266475676,0,0,0.6501414827391059,0.0990535716953385,ITGB3;GPC1;CSNK1E;PICALM
GO_Biological_Process_2023,Positive Regulation Of Developmental Process (GO:0051094),11/233,0.861020202557065,0.927930228165024,0,0,0.7480448689732078,0.11193542252699,GJA1;CEBPB;BASP1;FST;ZBTB16;SPIRE1;CCN2;SOX9;LRP8;DCN;FGFR1
GO_Biological_Process_2023,B Cell Proliferation (GO:0042100),1/31,0.8624875512137958,0.927930228165024,0,0,0.5043349488422186,0.0746085705430584,MS4A1
GO_Biological_Process_2023,Cellular Response To cAMP (GO:0071320),1/31,0.8624875512137958,0.927930228165024,0,0,0.5043349488422186,0.0746085705430584,ZFP36L1
GO_Biological_Process_2023,Modulation Of Excitatory Postsynaptic Potential (GO:0098815),1/31,0.8624875512137958,0.927930228165024,0,0,0.5043349488422186,0.0746085705430584,SLC8A2
GO_Biological_Process_2023,Negative Regulation Of Intracellular Steroid Hormone Receptor Signaling Pathway (GO:0033144),1/31,0.8624875512137958,0.927930228165024,0,0,0.5043349488422186,0.0746085705430584,PER1
GO_Biological_Process_2023,Negative Regulation Of Microtubule Polymerization Or Depolymerization (GO:0031111),1/31,0.8624875512137958,0.927930228165024,0,0,0.5043349488422186,0.0746085705430584,NAV3
GO_Biological_Process_2023,Organic Cation Transport (GO:0015695),1/31,0.8624875512137958,0.927930228165024,0,0,0.5043349488422186,0.0746085705430584,SLC7A6
GO_Biological_Process_2023,Positive Regulation Of Lamellipodium Organization (GO:1902745),1/31,0.8624875512137958,0.927930228165024,0,0,0.5043349488422186,0.0746085705430584,AVIL
GO_Biological_Process_2023,"Regulation Of Synaptic Transmission, Glutamatergic (GO:0051966)",2/55,0.8628876416601885,0.9280801198756756,0,0,0.570705144826955,0.0841623393855605,CCL2;SLC38A2
GO_Biological_Process_2023,Cell Morphogenesis Involved In Neuron Differentiation (GO:0048667),3/77,0.8635267169748777,0.9282064589893052,0,0,0.6129296772500656,0.0899354421784065,KLF7;MAP1B;MFSD2A
GO_Biological_Process_2023,Chloride Transport (GO:0006821),3/77,0.8635267169748777,0.9282064589893052,0,0,0.6129296772500656,0.0899354421784065,GABRA5;ANO6;ANO7
GO_Biological_Process_2023,Axon Development (GO:0061564),4/99,0.8691499222760258,0.9309185087900173,0,0,0.6363861069678244,0.0892465622585765,KLF7;CRTAC1;MAP1B;CDK5R1
GO_Biological_Process_2023,Organonitrogen Compound Catabolic Process (GO:1901565),3/78,0.8692713721282254,0.9309185087900173,0,0,0.6047249190938512,0.0847219137160468,SLC16A3;SQSTM1;PLA2G7
GO_Biological_Process_2023,Mitotic DNA Damage Checkpoint Signaling (GO:0044773),2/56,0.8695650904724981,0.9309185087900173,0,0,0.5601065900176652,0.0782816667092702,CDKN1A;TNFSF13B
GO_Biological_Process_2023,Peptide Metabolic Process (GO:0006518),2/56,0.8695650904724981,0.9309185087900173,0,0,0.5601065900176652,0.0782816667092702,ACE;CPXM1
GO_Biological_Process_2023,Positive Regulation Of DNA-templated Transcription Initiation (GO:2000144),2/56,0.8695650904724981,0.9309185087900173,0,0,0.5601065900176652,0.0782816667092702,FOSL1;JUN
GO_Biological_Process_2023,post-Golgi Vesicle-Mediated Transport (GO:0006892),2/56,0.8695650904724981,0.9309185087900173,0,0,0.5601065900176652,0.0782816667092702,EXOC6B;COMMD1
GO_Biological_Process_2023,Regulation Of Cation Channel Activity (GO:2001257),2/56,0.8695650904724981,0.9309185087900173,0,0,0.5601065900176652,0.0782816667092702,EPO;KCNAB1
GO_Biological_Process_2023,'De Novo' Post-Translational Protein Folding (GO:0051084),1/32,0.8710195656843938,0.9309185087900173,0,0,0.4880400229298035,0.0673938561878422,CHCHD4
GO_Biological_Process_2023,Amide Transport (GO:0042886),1/32,0.8710195656843938,0.9309185087900173,0,0,0.4880400229298035,0.0673938561878422,GJA1
GO_Biological_Process_2023,Chromosome Condensation (GO:0030261),1/32,0.8710195656843938,0.9309185087900173,0,0,0.4880400229298035,0.0673938561878422,PHF13
GO_Biological_Process_2023,Female Gamete Generation (GO:0007292),1/32,0.8710195656843938,0.9309185087900173,0,0,0.4880400229298035,0.0673938561878422,GDF9
GO_Biological_Process_2023,Gluconeogenesis (GO:0006094),1/32,0.8710195656843938,0.9309185087900173,0,0,0.4880400229298035,0.0673938561878422,PCK1
GO_Biological_Process_2023,miRNA Processing (GO:0035196),1/32,0.8710195656843938,0.9309185087900173,0,0,0.4880400229298035,0.0673938561878422,TRIM71
GO_Biological_Process_2023,Positive Regulation Of Synapse Assembly (GO:0051965),1/32,0.8710195656843938,0.9309185087900173,0,0,0.4880400229298035,0.0673938561878422,GHRL
GO_Biological_Process_2023,Protein Transmembrane Import Into Intracellular Organelle (GO:0044743),1/32,0.8710195656843938,0.9309185087900173,0,0,0.4880400229298035,0.0673938561878422,CHCHD4
GO_Biological_Process_2023,Purine Ribonucleoside Triphosphate Metabolic Process (GO:0009205),1/32,0.8710195656843938,0.9309185087900173,0,0,0.4880400229298035,0.0673938561878422,CLPX
GO_Biological_Process_2023,Regulation Of Cholesterol Efflux (GO:0010874),1/32,0.8710195656843938,0.9309185087900173,0,0,0.4880400229298035,0.0673938561878422,NFKBIA
GO_Biological_Process_2023,Regulation Of Metaphase/Anaphase Transition Of Cell Cycle (GO:1902099),1/32,0.8710195656843938,0.9309185087900173,0,0,0.4880400229298035,0.0673938561878422,HECW2
GO_Biological_Process_2023,Transition Metal Ion Transport (GO:0000041),1/32,0.8710195656843938,0.9309185087900173,0,0,0.4880400229298035,0.0673938561878422,ATP7A
GO_Biological_Process_2023,Negative Regulation Of Wnt Signaling Pathway (GO:0030178),6/140,0.8719530718860922,0.9316364403610332,0,0,0.6764353415404728,0.0926849494156141,IGFBP1;DDIT3;DKKL1;SOX9;APCDD1;MLLT3
GO_Biological_Process_2023,RNA Catabolic Process (GO:0006401),2/57,0.8759422563975516,0.9350565358484962,0,0,0.5498934372014405,0.0728361943780842,ZFP36;ZFP36L2
GO_Biological_Process_2023,Endosome To Lysosome Transport (GO:0008333),2/57,0.8759422563975516,0.9350565358484962,0,0,0.5498934372014405,0.0728361943780842,RAB7B;RHOB
GO_Biological_Process_2023,Post-Transcriptional Regulation Of Gene Expression (GO:0010608),2/57,0.8759422563975516,0.9350565358484962,0,0,0.5498934372014405,0.0728361943780842,TRIM71;PER1
GO_Biological_Process_2023,Plasma Membrane Bounded Cell Projection Assembly (GO:0120031),13/275,0.8764203017799079,0.9352863130538808,0,0,0.7486862259193305,0.0987588306284649,GSN;AVIL;FBF1;EMP1;ANO6;RHOD;DNMBP;RILPL2;PMP22;FLNA;ALPK1;VCL;MAP4K4
GO_Biological_Process_2023,Glycolipid Metabolic Process (GO:0006664),1/33,0.8790226002734981,0.9361526913593412,0,0,0.4727635298869144,0.0609603374821861,CERK
GO_Biological_Process_2023,ncRNA Catabolic Process (GO:0034661),1/33,0.8790226002734981,0.9361526913593412,0,0,0.4727635298869144,0.0609603374821861,ZC3H12A
GO_Biological_Process_2023,Negative Regulation Of Double-Strand Break Repair (GO:2000780),1/33,0.8790226002734981,0.9361526913593412,0,0,0.4727635298869144,0.0609603374821861,POLQ
GO_Biological_Process_2023,Positive Regulation Of T Cell Mediated Cytotoxicity (GO:0001916),1/33,0.8790226002734981,0.9361526913593412,0,0,0.4727635298869144,0.0609603374821861,PVR
GO_Biological_Process_2023,Positive Regulation Of Establishment Of Protein Localization To Mitochondrion (GO:1903749),1/33,0.8790226002734981,0.9361526913593412,0,0,0.4727635298869144,0.0609603374821861,BBC3
GO_Biological_Process_2023,Regulation Of G0 To G1 Transition (GO:0070316),1/33,0.8790226002734981,0.9361526913593412,0,0,0.4727635298869144,0.0609603374821861,CDKN2B
GO_Biological_Process_2023,Protein Transport (GO:0015031),15/313,0.8790734179609212,0.9361526913593412,0,0,0.7592693117515462,0.0978598377667765,RAMP3;PRKCB;LAPTM5;LRP2;DNAJC27;STX11;VMP1;SNX18;ARL4A;KRT18;RAB31;TXNIP;STX3;TMED6;TMED5
GO_Biological_Process_2023,Regulation Of Cytokinesis (GO:0032465),3/80,0.8801230664944106,0.9369901267285692,0,0,0.5889547345858025,0.0752057108355387,PLK3;KIF14;BCL2L1
GO_Biological_Process_2023,Fatty Acid Metabolic Process (GO:0006631),5/122,0.8808045260840547,0.937435199860392,0,0,0.6456662372383604,0.0819476714965458,ACOT2;ALOX12;AOAH;LPIN2;PPARD
GO_Biological_Process_2023,Inorganic Anion Transport (GO:0015698),2/58,0.8820306807737781,0.938459549439126,0,0,0.540045039842938,0.0677910103673129,ANO6;ANO7
GO_Biological_Process_2023,Activation Of GTPase Activity (GO:0090630),4/102,0.883597931410511,0.9395652936629842,0,0,0.6168057506403372,0.0763316536741336,TIAM2;GPR65;CXCL13;EPHA2
GO_Biological_Process_2023,Sensory Perception Of Light Stimulus (GO:0050953),4/102,0.883597931410511,0.9395652936629842,0,0,0.6168057506403372,0.0763316536741336,RDH12;CDH23;TULP1;GUCY2F
GO_Biological_Process_2023,Spindle Assembly (GO:0051225),3/81,0.8852425064312414,0.9410328794470691,0,0,0.5813729151107792,0.0708656683455918,HAUS8;FLNA;MAPRE3
GO_Biological_Process_2023,DNA Damage Checkpoint Signaling (GO:0000077),1/34,0.8865294266690297,0.9412655216639272,0,0,0.4584128849072306,0.055211687845979,DOT1L
GO_Biological_Process_2023,Embryonic Skeletal System Development (GO:0048706),1/34,0.8865294266690297,0.9412655216639272,0,0,0.4584128849072306,0.055211687845979,PDGFRA
GO_Biological_Process_2023,Purine Nucleotide Metabolic Process (GO:0006163),1/34,0.8865294266690297,0.9412655216639272,0,0,0.4584128849072306,0.055211687845979,CD38
GO_Biological_Process_2023,Smoothened Signaling Pathway (GO:0007224),1/34,0.8865294266690297,0.9412655216639272,0,0,0.4584128849072306,0.055211687845979,STIL
GO_Biological_Process_2023,DNA-templated Transcription Initiation (GO:0006352),2/59,0.8878416286107905,0.9412655216639272,0,0,0.5305422002864882,0.06311430714412,ZFP36L2;ZFP36L1
GO_Biological_Process_2023,Aerobic Respiration (GO:0009060),2/59,0.8878416286107905,0.9412655216639272,0,0,0.5305422002864882,0.06311430714412,ME3;MTFR2
GO_Biological_Process_2023,Cilium Movement (GO:0003341),2/59,0.8878416286107905,0.9412655216639272,0,0,0.5305422002864882,0.06311430714412,ODAD2;CFAP53
GO_Biological_Process_2023,Positive Regulation Of Protein Binding (GO:0032092),2/59,0.8878416286107905,0.9412655216639272,0,0,0.5305422002864882,0.06311430714412,STING1;TRIB3
GO_Biological_Process_2023,Regulation Of Cell Death (GO:0010941),2/59,0.8878416286107905,0.9412655216639272,0,0,0.5305422002864882,0.06311430714412,CCN3;CCN2
GO_Biological_Process_2023,Macroautophagy (GO:0016236),4/104,0.8924403436137095,0.9431252765781356,0,0,0.6044048582995951,0.0687786192058086,SNX18;TGFB1;PIP4K2A;SQSTM1
GO_Biological_Process_2023,protein-DNA Complex Organization (GO:0071824),2/60,0.8933860786699004,0.9431252765781356,0,0,0.5213670448526747,0.0587770711398241,SATB1;MYC
GO_Biological_Process_2023,Response To Light Stimulus (GO:0009416),2/60,0.8933860786699004,0.9431252765781356,0,0,0.5213670448526747,0.0587770711398241,CIRBP;TNFSF13B
GO_Biological_Process_2023,Monoatomic Cation Transmembrane Transport (GO:0098655),13/281,0.8935528498160583,0.9431252765781356,0,0,0.7316872002142631,0.0823512457969881,KCNK7;KCNJ8;ANO6;SLC9C1;SLC8A1;SLC8A2;TRPM2;FXYD2;KCNQ5;SCN4A;SCN5A;KCNN4;KCNK1
GO_Biological_Process_2023,Cellular Response To Amino Acid Stimulus (GO:0071230),1/35,0.8935707874744234,0.9431252765781356,0,0,0.4449063955145871,0.0500651932663864,SESN2
GO_Biological_Process_2023,Glutamate Receptor Signaling Pathway (GO:0007215),1/35,0.8935707874744234,0.9431252765781356,0,0,0.4449063955145871,0.0500651932663864,CDK5R1
GO_Biological_Process_2023,Hexose Biosynthetic Process (GO:0019319),1/35,0.8935707874744234,0.9431252765781356,0,0,0.4449063955145871,0.0500651932663864,PCK1
GO_Biological_Process_2023,Positive Regulation Of Cell Development (GO:0010720),1/35,0.8935707874744234,0.9431252765781356,0,0,0.4449063955145871,0.0500651932663864,LRP2
GO_Biological_Process_2023,Protein Methylation (GO:0006479),1/35,0.8935707874744234,0.9431252765781356,0,0,0.4449063955145871,0.0500651932663864,BHMT
GO_Biological_Process_2023,Regulation Of Axon Extension (GO:0030516),1/35,0.8935707874744234,0.9431252765781356,0,0,0.4449063955145871,0.0500651932663864,LIMK1
GO_Biological_Process_2023,Regulation Of Cellular Senescence (GO:2000772),1/35,0.8935707874744234,0.9431252765781356,0,0,0.4449063955145871,0.0500651932663864,MAP3K3
GO_Biological_Process_2023,Regulation Of mRNA Processing (GO:0050684),1/35,0.8935707874744234,0.9431252765781356,0,0,0.4449063955145871,0.0500651932663864,ZFP36L1
GO_Biological_Process_2023,Regulation Of Postsynaptic Membrane Potential (GO:0060078),1/35,0.8935707874744234,0.9431252765781356,0,0,0.4449063955145871,0.0500651932663864,GABRA5
GO_Biological_Process_2023,Regulatory ncRNA Processing (GO:0070918),1/35,0.8935707874744234,0.9431252765781356,0,0,0.4449063955145871,0.0500651932663864,TRIM71
GO_Biological_Process_2023,tRNA Aminoacylation For Protein Translation (GO:0006418),1/35,0.8935707874744234,0.9431252765781356,0,0,0.4449063955145871,0.0500651932663864,LARS2
GO_Biological_Process_2023,Autophagosome Organization (GO:1905037),2/61,0.8986747156269141,0.947847539695801,0,0,0.5125029116369566,0.0547528073509878,VMP1;STING1
GO_Biological_Process_2023,COPII-coated Vesicle Budding (GO:0090114),1/36,0.9001755223860095,0.947847539695801,0,0,0.4321717055158089,0.0454495577314292,SH2D2A
GO_Biological_Process_2023,Base-Excision Repair (GO:0006284),1/36,0.9001755223860095,0.947847539695801,0,0,0.4321717055158089,0.0454495577314292,POLQ
GO_Biological_Process_2023,Histone Deacetylation (GO:0016575),1/36,0.9001755223860095,0.947847539695801,0,0,0.4321717055158089,0.0454495577314292,MORF4L1
GO_Biological_Process_2023,Positive Regulation Of Double-Strand Break Repair Via Homologous Recombination (GO:1905168),1/36,0.9001755223860095,0.947847539695801,0,0,0.4321717055158089,0.0454495577314292,MORF4L1
GO_Biological_Process_2023,Positive Regulation Of Interferon-Beta Production (GO:0032728),1/36,0.9001755223860095,0.947847539695801,0,0,0.4321717055158089,0.0454495577314292,STING1
GO_Biological_Process_2023,Positive Regulation Of Myeloid Cell Differentiation (GO:0045639),1/36,0.9001755223860095,0.947847539695801,0,0,0.4321717055158089,0.0454495577314292,RAB7B
GO_Biological_Process_2023,Regulation Of T Cell Mediated Cytotoxicity (GO:0001914),1/36,0.9001755223860095,0.947847539695801,0,0,0.4321717055158089,0.0454495577314292,KLRC1
GO_Biological_Process_2023,Inorganic Cation Transmembrane Transport (GO:0098662),13/284,0.9013649143403732,0.9488192044180386,0,0,0.7234699590062785,0.0751288051769325,KCNK7;KCNJ8;ANO6;SLC9C1;SLC8A1;SLC8A2;TRPM2;FXYD2;KCNQ5;SCN4A;SCN5A;KCNN4;KCNK1
GO_Biological_Process_2023,Protein Lipidation (GO:0006497),2/62,0.9037179242839418,0.9502783881565234,0,0,0.503934249528429,0.0510172945161646,PGAP4;ZDHHC14
GO_Biological_Process_2023,Cellular Respiration (GO:0045333),3/85,0.9038191469260556,0.9502783881565234,0,0,0.5528948614728866,0.055912044276502,NR4A3;ME3;MTFR2
GO_Biological_Process_2023,mRNA Metabolic Process (GO:0016071),3/85,0.9038191469260556,0.9502783881565234,0,0,0.5528948614728866,0.055912044276502,ZFP36;ZFP36L2;EREG
GO_Biological_Process_2023,Positive Regulation Of Canonical Wnt Signaling Pathway (GO:0090263),3/85,0.9038191469260556,0.9502783881565234,0,0,0.5528948614728866,0.055912044276502,TGFB1;FZD9;CSNK1E
GO_Biological_Process_2023,Axonemal Dynein Complex Assembly (GO:0070286),1/37,0.9063706853681214,0.9518363143184256,0,0,0.4201444982947406,0.0413031080607435,ODAD2
GO_Biological_Process_2023,Mitochondrion Disassembly (GO:0061726),1/37,0.9063706853681214,0.9518363143184256,0,0,0.4201444982947406,0.0413031080607435,SQSTM1
GO_Biological_Process_2023,Positive Regulation Of Exocytosis (GO:0045921),1/37,0.9063706853681214,0.9518363143184256,0,0,0.4201444982947406,0.0413031080607435,S100A10
GO_Biological_Process_2023,Type I Interferon-Mediated Signaling Pathway (GO:0060337),1/37,0.9063706853681214,0.9518363143184256,0,0,0.4201444982947406,0.0413031080607435,IFI27
GO_Biological_Process_2023,Chromatin Organization (GO:0006325),12/268,0.908844570287676,0.954152750930336,0,0,0.706945293398533,0.0675706718477561,KDM6B;BRD2;PER1;KDM4A;KDM5D;SATB1;MYC;SATB2;CHD7;SOX9;BAZ1A;CHD1
GO_Biological_Process_2023,Positive Regulation Of Wnt Signaling Pathway (GO:0030177),4/109,0.9120130315827673,0.9551204799687876,0,0,0.5754694428378639,0.0530013111511849,TGFB1;FZD9;TNFAIP3;CSNK1E
GO_Biological_Process_2023,RNA 3'-End Processing (GO:0031123),1/38,0.9121816553565352,0.9551204799687876,0,0,0.4087674103829192,0.037572316485656,INTS6L
GO_Biological_Process_2023,Amino Acid Catabolic Process (GO:0009063),1/38,0.9121816553565352,0.9551204799687876,0,0,0.4087674103829192,0.037572316485656,HDC
GO_Biological_Process_2023,Cellular Response To Type I Interferon (GO:0071357),1/38,0.9121816553565352,0.9551204799687876,0,0,0.4087674103829192,0.037572316485656,IFI27
GO_Biological_Process_2023,Membrane Assembly (GO:0071709),1/38,0.9121816553565352,0.9551204799687876,0,0,0.4087674103829192,0.037572316485656,S100A10
GO_Biological_Process_2023,Membrane Fission (GO:0090148),1/38,0.9121816553565352,0.9551204799687876,0,0,0.4087674103829192,0.037572316485656,EXOC6B
GO_Biological_Process_2023,Regulation Of Intracellular Transport (GO:0032386),1/38,0.9121816553565352,0.9551204799687876,0,0,0.4087674103829192,0.037572316485656,MX2
GO_Biological_Process_2023,Regulation Of Telomere Maintenance (GO:0032204),1/38,0.9121816553565352,0.9551204799687876,0,0,0.4087674103829192,0.037572316485656,MYC
GO_Biological_Process_2023,Response To cAMP (GO:0051591),1/38,0.9121816553565352,0.9551204799687876,0,0,0.4087674103829192,0.037572316485656,ZFP36L1
GO_Biological_Process_2023,Autophagosome Assembly (GO:0000045),2/65,0.9174742604475185,0.9580091353086044,0,0,0.4798603893187563,0.0413307368852759,VMP1;STING1
GO_Biological_Process_2023,Cellular Response To Light Stimulus (GO:0071482),2/65,0.9174742604475185,0.9580091353086044,0,0,0.4798603893187563,0.0413307368852759,MYC;PRKCD
GO_Biological_Process_2023,Anterograde Axonal Transport (GO:0008089),1/39,0.9176322400300736,0.9580091353086044,0,0,0.3979891165717201,0.0342105787652589,HSPB1
GO_Biological_Process_2023,Axonal Transport (GO:0098930),1/39,0.9176322400300736,0.9580091353086044,0,0,0.3979891165717201,0.0342105787652589,SYBU
GO_Biological_Process_2023,Histone H4 Acetylation (GO:0043967),1/39,0.9176322400300736,0.9580091353086044,0,0,0.3979891165717201,0.0342105787652589,MORF4L1
GO_Biological_Process_2023,Negative Regulation Of Proteasomal Protein Catabolic Process (GO:1901799),1/39,0.9176322400300736,0.9580091353086044,0,0,0.3979891165717201,0.0342105787652589,PRKCG
GO_Biological_Process_2023,Positive Regulation Of Cytokinesis (GO:0032467),1/39,0.9176322400300736,0.9580091353086044,0,0,0.3979891165717201,0.0342105787652589,KIF14
GO_Biological_Process_2023,Positive Regulation Of Intracellular Transport (GO:0032388),1/39,0.9176322400300736,0.9580091353086044,0,0,0.3979891165717201,0.0342105787652589,PLK3
GO_Biological_Process_2023,Positive Regulation Of Lymphocyte Differentiation (GO:0045621),1/39,0.9176322400300736,0.9580091353086044,0,0,0.3979891165717201,0.0342105787652589,SYK
GO_Biological_Process_2023,Regulation Of Mitotic Spindle Organization (GO:0060236),1/39,0.9176322400300736,0.9580091353086044,0,0,0.3979891165717201,0.0342105787652589,STIL
GO_Biological_Process_2023,RNA Metabolic Process (GO:0016070),4/111,0.9189096271374054,0.9590613967689224,0,0,0.5646524650951606,0.0477512471859634,RNASEL;RBPMS;ZC3H12A;BICD1
GO_Biological_Process_2023,Regulation Of Vesicle-Mediated Transport (GO:0060627),3/89,0.919633928697982,0.9595359578528638,0,0,0.5270659291036351,0.0441573683460512,SPHK1;CD177;PICALM
GO_Biological_Process_2023,Protein Deubiquitination (GO:0016579),4/112,0.9221730659009868,0.9605289986140044,0,0,0.559394212025791,0.0453234425790751,ZC3H12A;TNFAIP3;USP29;OTUD1
GO_Biological_Process_2023,Cell Cycle G2/M Phase Transition (GO:0044839),1/40,0.9227447727623715,0.9605289986140044,0,0,0.3877635557764798,0.0311771988200501,PLK3
GO_Biological_Process_2023,mRNA 3'-End Processing (GO:0031124),1/40,0.9227447727623715,0.9605289986140044,0,0,0.3877635557764798,0.0311771988200501,SCAF8
GO_Biological_Process_2023,Nucleic Acid-Templated Transcription (GO:0097659),1/40,0.9227447727623715,0.9605289986140044,0,0,0.3877635557764798,0.0311771988200501,NR4A2
GO_Biological_Process_2023,Positive Regulation Of Catalytic Activity (GO:0043085),1/40,0.9227447727623715,0.9605289986140044,0,0,0.3877635557764798,0.0311771988200501,ATP7A
GO_Biological_Process_2023,Protein Localization To Cilium (GO:0061512),1/40,0.9227447727623715,0.9605289986140044,0,0,0.3877635557764798,0.0311771988200501,TULP1
GO_Biological_Process_2023,Regulation Of Glycolytic Process (GO:0006110),1/40,0.9227447727623715,0.9605289986140044,0,0,0.3877635557764798,0.0311771988200501,SLC2A6
GO_Biological_Process_2023,Synaptic Vesicle Endocytosis (GO:0048488),1/40,0.9227447727623715,0.9605289986140044,0,0,0.3877635557764798,0.0311771988200501,PICALM
GO_Biological_Process_2023,Endomembrane System Organization (GO:0010256),8/196,0.924136511714444,0.9616964459624872,0,0,0.6420312148918886,0.0506533597838558,VMP1;SRGN;RAB30;ATP8B4;DMPK;EIF2AK3;TMED6;SQSTM1
GO_Biological_Process_2023,DNA Duplex Unwinding (GO:0032508),1/41,0.9275402040415482,0.9638293682288672,0,0,0.3780492730210016,0.0284365407271711,HMGA1
GO_Biological_Process_2023,O-glycan Processing (GO:0016266),1/41,0.9275402040415482,0.9638293682288672,0,0,0.3780492730210016,0.0284365407271711,GALNT6
GO_Biological_Process_2023,Double-Strand Break Repair Via Nonhomologous End Joining (GO:0006303),1/41,0.9275402040415482,0.9638293682288672,0,0,0.3780492730210016,0.0284365407271711,POLQ
GO_Biological_Process_2023,Negative Regulation Of DNA Recombination (GO:0045910),1/41,0.9275402040415482,0.9638293682288672,0,0,0.3780492730210016,0.0284365407271711,POLQ
GO_Biological_Process_2023,Protein Localization To Lysosome (GO:0061462),1/41,0.9275402040415482,0.9638293682288672,0,0,0.3780492730210016,0.0284365407271711,LAPTM5
GO_Biological_Process_2023,DNA Integrity Checkpoint Signaling (GO:0031570),1/42,0.9320381867779708,0.9670915180008158,0,0,0.3688088577170101,0.0259573177420282,DOT1L
GO_Biological_Process_2023,DNA Recombination (GO:0006310),1/42,0.9320381867779708,0.9670915180008158,0,0,0.3688088577170101,0.0259573177420282,RAD52
GO_Biological_Process_2023,Regulation Of Axonogenesis (GO:0050770),1/42,0.9320381867779708,0.9670915180008158,0,0,0.3688088577170101,0.0259573177420282,TIAM2
GO_Biological_Process_2023,Skeletal Muscle Tissue Development (GO:0007519),1/42,0.9320381867779708,0.9670915180008158,0,0,0.3688088577170101,0.0259573177420282,EGR2
GO_Biological_Process_2023,Substantia Nigra Development (GO:0021762),1/42,0.9320381867779708,0.9670915180008158,0,0,0.3688088577170101,0.0259573177420282,BASP1
GO_Biological_Process_2023,Peptidyl-Lysine Modification (GO:0018205),3/94,0.9360514207931364,0.9701758352734569,0,0,0.4979729008855222,0.0329084730584336,EGR2;LOX;MDM2
GO_Biological_Process_2023,Intracellular Steroid Hormone Receptor Signaling Pathway (GO:0030518),1/43,0.9362571570735424,0.9701758352734569,0,0,0.3600084621893992,0.0237119932821681,PLPP1
GO_Biological_Process_2023,Positive Regulation Of Cell Division (GO:0051781),1/43,0.9362571570735424,0.9701758352734569,0,0,0.3600084621893992,0.0237119932821681,KIF14
GO_Biological_Process_2023,Regulation Of Chromosome Organization (GO:0033044),1/43,0.9362571570735424,0.9701758352734569,0,0,0.3600084621893992,0.0237119932821681,MYC
GO_Biological_Process_2023,Protein K48-linked Ubiquitination (GO:0070936),2/70,0.9363736988379668,0.9701758352734569,0,0,0.4444576537162965,0.0292189267364093,IFI27;TNFAIP3
GO_Biological_Process_2023,Protein Maturation (GO:0051604),4/117,0.9367841301382364,0.9703186027828822,0,0,0.5344989430690409,0.0349040677050058,SRGN;CASP4;TSPAN5;CPXM1
GO_Biological_Process_2023,Cell Junction Assembly (GO:0034329),3/95,0.9389387136311382,0.9704823322293956,0,0,0.4925337695230055,0.0310321244303153,VMP1;CDH4;GJA4
GO_Biological_Process_2023,Lipid Biosynthetic Process (GO:0008610),2/71,0.9396251067821184,0.9704823322293956,0,0,0.4379928063454126,0.027275697978589,SCP2;AGPAT4
GO_Biological_Process_2023,Negative Regulation Of Supramolecular Fiber Organization (GO:1902904),2/71,0.9396251067821184,0.9704823322293956,0,0,0.4379928063454126,0.027275697978589,NAV3;PRKCD
GO_Biological_Process_2023,Regulation Of Double-Strand Break Repair Via Homologous Recombination (GO:0010569),2/71,0.9396251067821184,0.9704823322293956,0,0,0.4379928063454126,0.027275697978589,MORF4L1;POLQ
GO_Biological_Process_2023,Autophagosome Maturation (GO:0097352),1/44,0.940214408970766,0.9704823322293956,0,0,0.3516173873840027,0.0216762748993006,VMP1
GO_Biological_Process_2023,Mitotic Spindle Assembly (GO:0090307),1/44,0.940214408970766,0.9704823322293956,0,0,0.3516173873840027,0.0216762748993006,FLNA
GO_Biological_Process_2023,Nucleobase-Containing Compound Catabolic Process (GO:0034655),1/44,0.940214408970766,0.9704823322293956,0,0,0.3516173873840027,0.0216762748993006,DNASE1
GO_Biological_Process_2023,Nucleus Organization (GO:0006997),1/44,0.940214408970766,0.9704823322293956,0,0,0.3516173873840027,0.0216762748993006,DMPK
GO_Biological_Process_2023,Regulation Of DNA Recombination (GO:0000018),1/44,0.940214408970766,0.9704823322293956,0,0,0.3516173873840027,0.0216762748993006,IL7R
GO_Biological_Process_2023,Regulation Of DNA-templated Transcription Elongation (GO:0032784),1/44,0.940214408970766,0.9704823322293956,0,0,0.3516173873840027,0.0216762748993006,SCAF8
GO_Biological_Process_2023,Regulation Of Transport (GO:0051049),1/44,0.940214408970766,0.9704823322293956,0,0,0.3516173873840027,0.0216762748993006,ACTG1
GO_Biological_Process_2023,Regulation Of Viral Entry Into Host Cell (GO:0046596),1/44,0.940214408970766,0.9704823322293956,0,0,0.3516173873840027,0.0216762748993006,GSN
GO_Biological_Process_2023,Protein Polyubiquitination (GO:0000209),9/226,0.9446175336637762,0.9747445063233922,0,0,0.6252894234011465,0.0356259647531865,TRIM71;WSB1;RNF125;IFI27;CDC16;TRAF5;MDM2;TNFAIP3;TNFSF13B
GO_Biological_Process_2023,Regulation Of Canonical Wnt Signaling Pathway (GO:0060828),8/207,0.9471857917841282,0.9770570290370932,0,0,0.6061828231327229,0.0328914891927993,IGFBP1;TGFB1;DDIT3;FZD9;DKKL1;SOX9;CSNK1E;MLLT3
GO_Biological_Process_2023,Intracellular Protein Transmembrane Transport (GO:0065002),1/46,0.9474076446212446,0.9770570290370932,0,0,0.3359540477472626,0.0181501927343414,CHCHD4
GO_Biological_Process_2023,Import Into Nucleus (GO:0051170),2/74,0.9484579853675,0.9778568858409422,0,0,0.4196757387945747,0.0222083111271151,SYK;BACH2
GO_Biological_Process_2023,Regulation Of T Cell Differentiation (GO:0045580),1/47,0.950673122094274,0.9798568321846282,0,0,0.3286331390040036,0.0166239059291028,CRTAM
GO_Biological_Process_2023,Positive Regulation Of Neurogenesis (GO:0050769),2/75,0.9511179570129276,0.9800315023187636,0,0,0.4139046079223928,0.0207437356347837,TIAM2;LRP2
GO_Biological_Process_2023,Regulation Of Organelle Organization (GO:0033043),3/100,0.9516470089156576,0.9802928233663748,0,0,0.4670203182864578,0.0231460415858965,S100A9;SQSTM1;S100A8
GO_Biological_Process_2023,Visual Perception (GO:0007601),3/101,0.9538726038502549,0.9823010986988012,0,0,0.4622300376461264,0.021828885354689,RDH12;TULP1;GUCY2F
GO_Biological_Process_2023,Proton Transmembrane Transport (GO:1902600),1/49,0.9566088071043936,0.9848338861685092,0,0,0.3149064351103931,0.0139694828400021,FXYD2
GO_Biological_Process_2023,Modification-Dependent Protein Catabolic Process (GO:0019941),7/192,0.9570173454814098,0.9849695582904388,0,0,0.5705159705159705,0.0250649133470652,CNOT4;SPSB1;RNF125;UBB;MDM2;SQSTM1;TNFSF13B
GO_Biological_Process_2023,Cytosolic Transport (GO:0016482),4/127,0.958784118882313,0.9861815878332268,0,0,0.4907804219742602,0.0206566240921614,SPAG9;CCDC91;LAPTM5;PIP4K2A
GO_Biological_Process_2023,Mitotic Metaphase Plate Congression (GO:0007080),1/50,0.9593033596736812,0.9861815878332268,0,0,0.3084632883848208,0.0128160095558234,KIF14
GO_Biological_Process_2023,Nucleocytoplasmic Transport (GO:0006913),1/50,0.9593033596736812,0.9861815878332268,0,0,0.3084632883848208,0.0128160095558234,BACH2
GO_Biological_Process_2023,Regulation Of Mitochondrion Organization (GO:0010821),1/50,0.9593033596736812,0.9861815878332268,0,0,0.3084632883848208,0.0128160095558234,SQSTM1
GO_Biological_Process_2023,Protein Import Into Nucleus (GO:0006606),2/79,0.960502951778892,0.9867845090266956,0,0,0.3923190794654012,0.0158097619904435,SYK;CBLB
GO_Biological_Process_2023,Vesicle Fusion (GO:0006906),2/79,0.960502951778892,0.9867845090266956,0,0,0.3923190794654012,0.0158097619904435,PIP4K2A;RAB7B
GO_Biological_Process_2023,Amide Biosynthetic Process (GO:0043604),1/51,0.961830700144312,0.9867845090266956,0,0,0.3022778675282714,0.0117636967400484,SPTLC2
GO_Biological_Process_2023,Cholesterol Transport (GO:0030301),1/51,0.961830700144312,0.9867845090266956,0,0,0.3022778675282714,0.0117636967400484,APOA4
GO_Biological_Process_2023,Positive Regulation Of DNA Recombination (GO:0045911),1/51,0.961830700144312,0.9867845090266956,0,0,0.3022778675282714,0.0117636967400484,MORF4L1
GO_Biological_Process_2023,Regulation Of Smoothened Signaling Pathway (GO:0008589),1/51,0.961830700144312,0.9867845090266956,0,0,0.3022778675282714,0.0117636967400484,RORA
GO_Biological_Process_2023,Regulation Of Synapse Assembly (GO:0051963),1/51,0.961830700144312,0.9867845090266956,0,0,0.3022778675282714,0.0117636967400484,GHRL
GO_Biological_Process_2023,Glycoprotein Biosynthetic Process (GO:0009101),2/80,0.9625639595556204,0.9872521994404764,0,0,0.3872686192815538,0.0147761425957855,CHST11;ATP7A
GO_Biological_Process_2023,Regulation Of Cellular Response To Stress (GO:0080135),3/107,0.9653353614516345,0.9897856308983392,0,0,0.4354228902165795,0.0153615946856262,ROCK2;MAPKAPK2;SLC38A2
GO_Biological_Process_2023,Actin Cytoskeleton Reorganization (GO:0031532),1/53,0.966424576389921,0.9897856308983392,0,0,0.2906207282216975,0.0099252852882113,FLNA
GO_Biological_Process_2023,Endosome Organization (GO:0007032),1/53,0.966424576389921,0.9897856308983392,0,0,0.2906207282216975,0.0099252852882113,SQSTM1
GO_Biological_Process_2023,"Regulation Of Alternative mRNA Splicing, Via Spliceosome (GO:0000381)",1/53,0.966424576389921,0.9897856308983392,0,0,0.2906207282216975,0.0099252852882113,KHDRBS2
GO_Biological_Process_2023,Regulation Of Macromolecule Biosynthetic Process (GO:0010556),1/53,0.966424576389921,0.9897856308983392,0,0,0.2906207282216975,0.0099252852882113,S100A9
GO_Biological_Process_2023,Vesicle-Mediated Transport To The Plasma Membrane (GO:0098876),2/83,0.968145279416303,0.9904962510438584,0,0,0.3728654550535445,0.0120708184652436,EXOC6B;COMMD1
GO_Biological_Process_2023,Endoplasmic Reticulum Organization (GO:0007029),1/54,0.9685099616837952,0.9904962510438584,0,0,0.2851220776053891,0.0091229115513596,EIF2AK3
GO_Biological_Process_2023,Negative Regulation Of Neuron Projection Development (GO:0010977),1/54,0.9685099616837952,0.9904962510438584,0,0,0.2851220776053891,0.0091229115513596,LPAR1
GO_Biological_Process_2023,Protein K63-linked Ubiquitination (GO:0070534),1/54,0.9685099616837952,0.9904962510438584,0,0,0.2851220776053891,0.0091229115513596,TRAF5
GO_Biological_Process_2023,Regulation Of Exocytosis (GO:0017157),1/54,0.9685099616837952,0.9904962510438584,0,0,0.2851220776053891,0.0091229115513596,S100A10
GO_Biological_Process_2023,Positive Regulation Of Double-Strand Break Repair (GO:2000781),2/84,0.9698208022258142,0.9915519204601186,0,0,0.3682985981032001,0.0112861291747442,MORF4L1;SPIRE1
GO_Biological_Process_2023,Epidermis Development (GO:0008544),2/85,0.9714111892570284,0.9923349073906298,0,0,0.3638417858986471,0.0105533876139492,EMP1;CCN2
GO_Biological_Process_2023,Double-Strand Break Repair Via Homologous Recombination (GO:0000724),3/111,0.9714231012500572,0.9923349073906298,0,0,0.4192062207838907,0.0121541163670621,RAD52;MORF4L1;MCMDC2
GO_Biological_Process_2023,Mitotic Sister Chromatid Segregation (GO:0000070),3/111,0.9714231012500572,0.9923349073906298,0,0,0.4192062207838907,0.0121541163670621,KIF14;PHF13;FLNA
GO_Biological_Process_2023,Nucleotide-Excision Repair (GO:0006289),1/56,0.9723004519253124,0.9923766298830476,0,0,0.2747246291672786,0.0077171289446762,COMMD1
GO_Biological_Process_2023,"Positive Regulation Of DNA-templated Transcription, Elongation (GO:0032786)",1/56,0.9723004519253124,0.9923766298830476,0,0,0.2747246291672786,0.0077171289446762,SCAF8
GO_Biological_Process_2023,Regulation Of Stem Cell Population Maintenance (GO:2000036),1/56,0.9723004519253124,0.9923766298830476,0,0,0.2747246291672786,0.0077171289446762,MYC
GO_Biological_Process_2023,Protein Localization To Organelle (GO:0033365),4/137,0.9735068581584678,0.9933230814753404,0,0,0.4536361145779428,0.0121803153713571,PPP1R15A;MDM2;TULP1;BICD1
GO_Biological_Process_2023,Cilium Organization (GO:0044782),8/228,0.974646359409077,0.9942007432321308,0,0,0.5476995790561997,0.014065243993621,ARMC2;GSN;DNMBP;RILPL2;AVIL;FBF1;FLNA;ALPK1
GO_Biological_Process_2023,Protein Modification By Small Protein Removal (GO:0070646),3/114,0.975308752480072,0.9944324034455192,0,0,0.4078107233447039,0.010195752931039,ZC3H12A;TNFAIP3;USP29
GO_Biological_Process_2023,Renal System Development (GO:0072001),1/58,0.9756349631378372,0.9944324034455192,0,0,0.2650568262335969,0.0065380972825422,FOXC1
GO_Biological_Process_2023,Regulation Of Double-Strand Break Repair (GO:2000779),2/88,0.9757117035211444,0.9944324034455192,0,0,0.3510932300577165,0.008632723153156,MORF4L1;SPIRE1
GO_Biological_Process_2023,Positive Regulation Of DNA Repair (GO:0045739),2/89,0.9770008340085355,0.995042045138335,0,0,0.3470390916102175,0.0080748269089256,PRKCG;SPIRE1
GO_Biological_Process_2023,Protein Targeting To Mitochondrion (GO:0006626),1/59,0.9771486225789496,0.995042045138335,0,0,0.260472954152972,0.006021227508706,CHCHD4
GO_Biological_Process_2023,Regulation Of Multicellular Organismal Development (GO:2000026),1/59,0.9771486225789496,0.995042045138335,0,0,0.260472954152972,0.006021227508706,DUSP6
GO_Biological_Process_2023,Mitochondrial Respiratory Chain Complex Assembly (GO:0033108),2/90,0.9782236136602184,0.9958517851878482,0,0,0.3430770926728889,0.0075535253501925,CHCHD4;SLC25A33
GO_Biological_Process_2023,Histone Acetylation (GO:0016573),1/60,0.9785683081733,0.9959178177834644,0,0,0.2560444675666055,0.0055471228675012,MORF4L1
GO_Biological_Process_2023,Membrane Organization (GO:0061024),5/167,0.9799759528821788,0.9970652991159732,0,0,0.4651889869339896,0.0094094918397751,DMPK;EXOC6B;STX11;S100A10;PICALM
GO_Biological_Process_2023,mRNA Export From Nucleus (GO:0006406),1/62,0.9811487157121452,0.9974646819148943,0,0,0.2476230832384332,0.0047125730562071,THOC6
GO_Biological_Process_2023,Protein-Containing Complex Disassembly (GO:0032984),1/62,0.9811487157121452,0.9974646819148943,0,0,0.2476230832384332,0.0047125730562071,MYC
GO_Biological_Process_2023,Protein O-linked Glycosylation (GO:0006493),2/93,0.9815257544110758,0.9974646819148943,0,0,0.3317135572592323,0.0061854712476886,GALNT6;GALNT18
GO_Biological_Process_2023,Phosphatidylinositol Metabolic Process (GO:0046488),1/63,0.9823200353754538,0.9974646819148943,0,0,0.243616134243577,0.0043456543524866,CDS1
GO_Biological_Process_2023,Telomere Organization (GO:0032200),1/63,0.9823200353754538,0.9974646819148943,0,0,0.243616134243577,0.0043456543524866,DOT1L
GO_Biological_Process_2023,"Regulation Of mRNA Splicing, Via Spliceosome (GO:0048024)",2/94,0.9825143136916824,0.9974646819148943,0,0,0.3280904010403852,0.0057876349857286,KHDRBS2;CIRBP
GO_Biological_Process_2023,"Retrograde Transport, Endosome To Golgi (GO:0042147)",2/94,0.9825143136916824,0.9974646819148943,0,0,0.3280904010403852,0.0057876349857286,SPAG9;RAB7B
GO_Biological_Process_2023,Intracellular Protein Transport (GO:0006886),12/325,0.9834040984646416,0.9974646819148943,0,0,0.5764234437613754,0.0096465364640237,EGR2;ARL4A;RAB31;TGFB1;SYK;AP4E1;LAPTM5;STX3;TMED6;DNAJC27;TMED5;STX11
GO_Biological_Process_2023,Protein N-linked Glycosylation (GO:0006487),1/64,0.983418620269415,0.9974646819148943,0,0,0.2397363899787163,0.0040084858417546,GFPT2
GO_Biological_Process_2023,Regulation Of Secretion By Cell (GO:1903530),1/64,0.983418620269415,0.9974646819148943,0,0,0.2397363899787163,0.0040084858417546,RHBDF2
GO_Biological_Process_2023,Recombinational Repair (GO:0000725),2/95,0.983451410182457,0.9974646819148943,0,0,0.3245451621595779,0.0054157004958082,RAD52;MORF4L1
GO_Biological_Process_2023,RNA Export From Nucleus (GO:0006405),1/65,0.9844489833440448,0.9979076991516534,0,0,0.2359778877221324,0.0036985291276411,THOC6
GO_Biological_Process_2023,Fatty Acid Biosynthetic Process (GO:0006633),1/65,0.9844489833440448,0.9979076991516534,0,0,0.2359778877221324,0.0036985291276411,ELOVL3
GO_Biological_Process_2023,Regulation Of DNA Metabolic Process (GO:0051052),3/124,0.9849433183790672,0.9981245074348236,0,0,0.3739067640215036,0.0056726084125214,MYC;BAZ1A;IL7R
GO_Biological_Process_2023,Regulation Of Nucleic Acid-Templated Transcription (GO:1903506),18/452,0.9855392151596688,0.9984440839035756,0,0,0.6225274289790419,0.0090679592848646,CEBPB;FOXC1;BTG1;CHD7;HMGA1;JMJD1C;RORA;BAZ1A;ZBTB11;BACH1;NFIL3;DDIT3;BHLHE40;HCLS1;GTF2IRD1;TESMIN;ATF5;HOXB7
GO_Biological_Process_2023,Protein Secretion (GO:0009306),1/67,0.9863217151377042,0.998952471307652,0,0,0.2288025652322906,0.0031512278311055,PDX1
GO_Biological_Process_2023,Intermediate Filament Organization (GO:0045109),1/68,0.987171779148981,0.9992384923394492,0,0,0.2253755455356497,0.0029098716736701,GFAP
GO_Biological_Process_2023,Neuropeptide Signaling Pathway (GO:0007218),1/68,0.987171779148981,0.9992384923394492,0,0,0.2253755455356497,0.0029098716736701,GALR1
GO_Biological_Process_2023,DNA-templated DNA Replication (GO:0006261),1/69,0.9879690437977906,0.9992384923394492,0,0,0.2220493205359688,0.0026876658603415,HMGA1
GO_Biological_Process_2023,Establishment Of Protein Localization To Membrane (GO:0090150),1/69,0.9879690437977906,0.9992384923394492,0,0,0.2220493205359688,0.0026876658603415,ZDHHC14
GO_Biological_Process_2023,Protein Homooligomerization (GO:0051260),3/129,0.98828870273528,0.9992384923394492,0,0,0.3589728771767607,0.0042288493494451,ALDH1A3;POLQ;AQP4
GO_Biological_Process_2023,Protein Targeting (GO:0006605),3/129,0.98828870273528,0.9992384923394492,0,0,0.3589728771767607,0.0042288493494451,ZFAND2A;AP4E1;ZDHHC14
GO_Biological_Process_2023,Mitochondrial Gene Expression (GO:0140053),2/103,0.9893803806776528,0.9999959651762332,0,0,0.2987105501172591,0.0031891562746092,LARS2;SLC25A33
GO_Biological_Process_2023,Protein Targeting To Membrane (GO:0006612),1/72,0.9900758071926448,0.9999959651762332,0,0,0.2126328244101117,0.0021207500054962,ZDHHC14
GO_Biological_Process_2023,DNA Replication (GO:0006260),1/73,0.9906926736065388,0.9999959651762332,0,0,0.2096683719260456,0.0019605901174563,BAZ1A
GO_Biological_Process_2023,Regulation Of Plasma Membrane Bounded Cell Projection Assembly (GO:0120032),1/75,0.9918138112697246,0.9999959651762332,0,0,0.2039798279701349,0.0016766896197217,EPHA2
GO_Biological_Process_2023,Regulation Of Wnt Signaling Pathway (GO:0030111),2/109,0.992409824652595,0.9999959651762332,0,0,0.2818697632952802,0.0021476016146904,TNFAIP3;APCDD1
GO_Biological_Process_2023,Sensory Perception Of Chemical Stimulus (GO:0007606),2/110,0.9928247390565788,0.9999959651762332,0,0,0.2792448875714842,0.002010877880693,OBP2A;C5AR1
GO_Biological_Process_2023,DNA Metabolic Process (GO:0006259),9/288,0.9938570345792778,0.9999959651762332,0,0,0.484710201940729,0.0029867411546825,RAD52;POLQ;BTG2;GADD45A;DOT1L;CSNK1E;DNASE1;BACH1;RAD18
GO_Biological_Process_2023,Cilium Assembly (GO:0060271),7/243,0.9941030015556408,0.9999959651762332,0,0,0.4459986517719568,0.0026378386877747,GSN;DNMBP;RILPL2;AVIL;FBF1;FLNA;ALPK1
GO_Biological_Process_2023,Histone Modification (GO:0016570),1/81,0.9944302759781204,0.9999959651762332,0,0,0.1886207592891761,0.0010535021632656,MORF4L1
GO_Biological_Process_2023,DNA Repair (GO:0006281),9/291,0.9945282451526272,0.9999959651762332,0,0,0.4794758692267774,0.0026307784809273,RAD52;POLQ;BTG2;GADD45A;DOT1L;CSNK1E;COMMD1;BACH1;RAD18
GO_Biological_Process_2023,Endoplasmic Reticulum To Golgi Vesicle-Mediated Transport (GO:0006888),2/115,0.9945881196483326,0.9999959651762332,0,0,0.2668173786136885,0.0014479052172044,TMED6;TMED5
GO_Biological_Process_2023,Golgi Vesicle Transport (GO:0048193),5/197,0.9946972663919336,0.9999959651762332,0,0,0.391870103997839,0.0020835118197148,CYTH3;SPIRE1;RAB7B;TMED6;TMED5
GO_Biological_Process_2023,Epigenetic Regulation Of Gene Expression (GO:0040029),1/83,0.995101314859308,0.9999959651762332,0,0,0.1840005516371803,0.0009035757460985,DNMT3L
GO_Biological_Process_2023,Anterograde Trans-Synaptic Signaling (GO:0098916),5/199,0.9951615307151526,0.9999959651762332,0,0,0.3877884342261358,0.0018808563390998,CHRM3;CHRNA2;HTR1F;PMP22;PDE7B
GO_Biological_Process_2023,Protein Glycosylation (GO:0006486),3/147,0.9953486027000832,0.9999959651762332,0,0,0.3137978694714131,0.0014630037124249,GALNT6;GALNT18;GFPT2
GO_Biological_Process_2023,Chemical Synaptic Transmission (GO:0007268),8/273,0.9955029798934932,0.9999959651762332,0,0,0.4535904234937081,0.0020444055741925,FCHSD1;CHRM3;CHRNA2;GABRA5;HTR1F;GRID1;PMP22;PDE7B
GO_Biological_Process_2023,Proteasome-Mediated Ubiquitin-Dependent Protein Catabolic Process (GO:0043161),10/319,0.9955544396614346,0.9999959651762332,0,0,0.4858845431732063,0.0021648446011689,TRIM71;SPSB1;IFI27;DDIT3;ZFAND2A;CDC16;KIF14;MDM2;FBXL2;TNFSF13B
GO_Biological_Process_2023,Ubiquitin-Dependent Protein Catabolic Process (GO:0006511),12/367,0.9960987851955008,0.9999959651762332,0,0,0.5070698026791556,0.0019820569548323,CNOT4;TRIM71;SPSB1;RNF125;IFI27;DDIT3;ZFAND2A;KIF14;MDM2;TNFAIP3;SQSTM1;TNFSF13B
GO_Biological_Process_2023,Protein Localization To Nucleus (GO:0034504),2/122,0.9963627590562628,0.9999959651762332,0,0,0.251158717326866,0.0009151901644062,SYK;MDM2
GO_Biological_Process_2023,Endosomal Transport (GO:0016197),4/180,0.9965107259579776,0.9999959651762332,0,0,0.3420132499079867,0.0011954648221404,SPAG9;SNX18;SQSTM1;PICALM
GO_Biological_Process_2023,Protein Stabilization (GO:0050821),5/208,0.9968095222081764,0.9999959651762332,0,0,0.3704162042618422,0.0011836939537528,RASSF2;TNIP2;PRKCD;FLNA;USP29
GO_Biological_Process_2023,rRNA Metabolic Process (GO:0016072),1/91,0.9970687431854586,0.9999959651762332,0,0,0.1675731466523065,0.0004919212545672,ZFP36L1
GO_Biological_Process_2023,Regulation Of DNA Repair (GO:0006282),2/129,0.997561875164646,0.9999959651762332,0,0,0.237226207677961,0.000579093346688,RAD52;MORF4L1
GO_Biological_Process_2023,Mitochondrial Translation (GO:0032543),1/98,0.9981296393129138,0.9999959651762332,0,0,0.155421947604217,0.0002909672925042,LARS2
GO_Biological_Process_2023,Protein Ubiquitination (GO:0016567),14/434,0.998291686290574,0.9999959651762332,0,0,0.4990748299319728,0.0008533054383883,TRIM71;WSB1;MEFV;TNFSF13B;CNOT4;SPSB1;RNF125;UBB;HECW2;ENC1;MDM2;ASB4;FBXL2;RAD18
GO_Biological_Process_2023,Organelle Assembly (GO:0070925),9/322,0.9984109631086728,0.9999959651762332,0,0,0.4312631496921998,0.0006858381101889,VMP1;GSN;DNMBP;RILPL2;STING1;AVIL;FBF1;FLNA;ALPK1
GO_Biological_Process_2023,Double-Strand Break Repair (GO:0006302),3/168,0.9984639837093864,0.9999959651762332,0,0,0.2735510444248308,0.0004205018921685,RAD52;MORF4L1;POLQ
GO_Biological_Process_2023,Regulation Of RNA Splicing (GO:0043484),1/102,0.9985530556910788,0.9999959651762332,0,0,0.1492346326716678,0.0002160905756813,SLC38A2
GO_Biological_Process_2023,RNA Processing (GO:0006396),3/183,0.9993144896428257,0.9999959651762332,0,0,0.2505528586839266,0.0001718154770226,RNASEL;RBPMS;BICD1
GO_Biological_Process_2023,Protein Modification By Small Protein Conjugation (GO:0032446),9/364,0.9997295620436998,0.9999959651762332,0,0,0.3793747852971487,0.000102611217217,CNOT4;EGR2;SPSB1;UBB;HECW2;ENC1;MDM2;FBXL2;MEFV
GO_Biological_Process_2023,Gene Expression (GO:0010467),6/296,0.9998270850364344,0.9999959651762332,0,0,0.3099421092373521,5.359826263060808e-05,RNASEL;RBPMS;CASP4;TSPAN5;BICD1;THOC6
GO_Biological_Process_2023,Detection Of Chemical Stimulus Involved In Sensory Perception Of Smell (GO:0050911),1/139,0.9998633729807846,0.9999959651762332,0,0,0.1090058767062349,1.4894165507218131e-05,OR12D2
GO_Biological_Process_2023,Detection Of Chemical Stimulus Involved In Sensory Perception (GO:0050907),1/141,0.9998794968440664,0.9999959651762332,0,0,0.1074371105469651,1.2947290995688723e-05,OR12D2
GO_Biological_Process_2023,"RNA Splicing, Via Transesterification Reactions With Bulged Adenosine As Nucleophile (GO:0000377)",1/180,0.9999870944777016,0.9999959651762332,0,0,0.0838530338173843,1.0821741807527977e-06,CWC27
GO_Biological_Process_2023,Macromolecule Biosynthetic Process (GO:0009059),1/183,0.9999887453865172,0.9999959651762332,0,0,0.0824575263185925,9.280328098016342e-07,ALAS2
GO_Biological_Process_2023,"mRNA Splicing, Via Spliceosome (GO:0000398)",1/211,0.9999951061379484,0.9999959651762332,0,0,0.0713554888837603,3.4920477371039857e-07,CWC27
GO_Biological_Process_2023,mRNA Processing (GO:0006397),1/214,0.9999953141093942,0.9999959651762332,0,0,0.0703391051749376,3.296021243971626e-07,CWC27
GO_Biological_Process_2023,Sensory Perception Of Smell (GO:0007608),1/230,0.9999959019556104,0.9999959651762332,0,0,0.0653681455510014,2.67882111038582e-07,OR12D2
GO_Biological_Process_2023,Translation (GO:0006412),1/234,0.9999959651762332,0.9999959651762332,0,0,0.0642320785983207,2.59165640168426e-07,LARS2
